num_agents,success,completed,completion_rate,makespan,sum_of_costs,soc_lower_bound,suboptimality,collisions,steps_run,runtime_s,decision_ms_per_step,mean_integrity,proximity_margin,integrity_auc,steps_incoherent,mean_time_to_recoherence,max_time_to_recoherence,blast_radius,tier1_spatial,tier2_temporal,tier3_yield,max_pair_repeats,livelock_override_rate,gradient_agreement,mean_hops_remaining,algorithm,plan_time_s,replan_s,makespan_hops,soc_hops,map,seed,requested_agents,disturbed,protocol,agents_planned,replan_count
25,0,22,0.88,780,5755,2616.0,2.2,2,780,255.359,327.376,1.0,0.9801,764.5,0,0.0,0,0.0,2.0,0.0,1.0,2.0,0.0666,0.6066,40.48,FLOWRRA,0.0,0.0,390.0,2877.5,100_10_5_10_5_2,0,25,0,shared_pool,,
25,1,25,1.0,104,1333,,,0,104,0.3258,0.4808,1.0,0.9615,100.0,0,0.0,0,0.0,,,,,,,,PP,0.3258,0.0,104.0,1333.0,100_10_5_10_5_2,0,25,0,shared_pool,25.0,
25,1,25,1.0,104,1333,,,0,104,0.3073,0.4826,1.0,1.0,104.0,0,0.0,0,0.0,,,,,,,,PIBT,0.3073,0.0,104.0,1333.0,100_10_5_10_5_2,0,25,0,shared_pool,25.0,
25,1,25,1.0,103,1308,,,0,103,6.5568,64.1523,1.0,1.0,,0,0.0,0,0.0,,,,,,,,RHCR-PIBT,0.3075,6.2493,103.0,1308.0,100_10_5_10_5_2,0,25,0,shared_pool,25.0,21.0
25,1,25,1.0,103,1308,,,0,103,8.0199,78.3562,1.0,1.0,,0,0.0,0,0.0,,,,,,,,RHCR-PP,0.4929,7.527,103.0,1308.0,100_10_5_10_5_2,0,25,0,shared_pool,25.0,21.0
25,1,25,1.0,446,2954,2204.0,1.34,0,446,133.343,298.968,1.0,1.0,446.0,0,0.0,0,0.0,0.0,0.0,0.0,0.0,0.0262,0.8233,0.0,FLOWRRA,0.0,0.0,223.0,1477.0,100_10_5_10_5_2,1,25,0,shared_pool,,
25,1,25,1.0,80,1127,,,0,80,0.3113,0.5305,1.0,1.0,80.0,0,0.0,0,0.0,,,,,,,,PP,0.3113,0.0,80.0,1127.0,100_10_5_10_5_2,1,25,0,shared_pool,25.0,
25,1,25,1.0,80,1127,,,0,80,0.3048,0.533,1.0,1.0,80.0,0,0.0,0,0.0,,,,,,,,PIBT,0.3048,0.0,80.0,1127.0,100_10_5_10_5_2,1,25,0,shared_pool,25.0,
25,1,25,1.0,79,1103,,,0,79,5.0458,64.4236,1.0,1.0,,0,0.0,0,0.0,,,,,,,,RHCR-PIBT,0.3045,4.7414,79.0,1103.0,100_10_5_10_5_2,1,25,0,shared_pool,25.0,16.0
25,1,25,1.0,79,1103,,,0,79,5.8276,74.3106,1.0,1.0,,0,0.0,0,0.0,,,,,,,,RHCR-PP,0.4321,5.3954,79.0,1103.0,100_10_5_10_5_2,1,25,0,shared_pool,25.0,16.0
25,0,20,0.8,780,5702,1998.0,2.854,0,780,259.631,332.853,1.0,0.9718,758.0,0,0.0,0,0.0,0.0,0.0,0.0,0.0,0.0918,0.4021,49.3,FLOWRRA,0.0,0.0,390.0,2851.0,100_10_5_10_5_2,2,25,0,shared_pool,,
25,1,25,1.0,172,1132,,,0,172,0.3252,0.2332,1.0,0.9971,171.5,0,0.0,0,0.0,,,,,,,,PP,0.3252,0.0,172.0,1132.0,100_10_5_10_5_2,2,25,0,shared_pool,25.0,
25,1,25,1.0,102,1024,,,0,102,0.3313,0.3729,1.0,0.6324,64.5,0,0.0,0,0.0,,,,,,,,PIBT,0.3313,0.0,102.0,1024.0,100_10_5_10_5_2,2,25,0,shared_pool,25.0,
25,1,25,1.0,101,999,,,0,101,6.6522,66.2113,1.0,0.995,,0,0.0,0,0.0,,,,,,,,RHCR-PIBT,0.2975,6.3547,101.0,999.0,100_10_5_10_5_2,2,25,0,shared_pool,25.0,21.0
25,0,24,0.96,780,1718,,,0,780,52.8363,67.8657,1.0,0.9994,,0,0.0,0,0.0,,,,,,,,RHCR-PP,0.4438,52.3926,780.0,1718.0,100_10_5_10_5_2,2,25,0,shared_pool,25.0,156.0
25,0,20,0.8,780,5774,2240.0,2.578,0,780,258.973,332.01,1.0,1.0,780.0,0,0.0,0,0.0,0.0,0.0,0.0,0.0,0.0939,0.3808,67.2,FLOWRRA,0.0,0.0,390.0,2887.0,100_10_5_10_5_2,3,25,0,shared_pool,,
25,1,25,1.0,101,1145,,,0,101,0.3176,0.4007,1.0,1.0,101.0,0,0.0,0,0.0,,,,,,,,PP,0.3176,0.0,101.0,1145.0,100_10_5_10_5_2,3,25,0,shared_pool,25.0,
25,1,25,1.0,101,1145,,,0,101,0.3502,0.3988,1.0,1.0,101.0,0,0.0,0,0.0,,,,,,,,PIBT,0.3502,0.0,101.0,1145.0,100_10_5_10_5_2,3,25,0,shared_pool,25.0,
25,1,25,1.0,100,1120,,,0,100,6.3624,64.0257,1.0,1.0,,0,0.0,0,0.0,,,,,,,,RHCR-PIBT,0.4097,5.9528,100.0,1120.0,100_10_5_10_5_2,3,25,0,shared_pool,25.0,20.0
25,1,25,1.0,100,1120,,,0,100,8.7438,87.867,1.0,1.0,,0,0.0,0,0.0,,,,,,,,RHCR-PP,0.5109,8.2328,100.0,1120.0,100_10_5_10_5_2,3,25,0,shared_pool,25.0,20.0
25,0,22,0.88,780,5000,2486.0,2.011,1,780,273.183,350.228,1.0,0.9942,775.5,0,0.0,0,0.0,1.0,0.0,0.0,0.0,0.0627,0.6374,41.67,FLOWRRA,0.0,0.0,390.0,2500.0,100_10_5_10_5_2,4,25,0,shared_pool,,
25,1,25,1.0,114,1268,,,0,114,0.318,0.4412,1.0,0.9561,109.0,0,0.0,0,0.0,,,,,,,,PP,0.318,0.0,114.0,1268.0,100_10_5_10_5_2,4,25,0,shared_pool,25.0,
25,1,25,1.0,114,1269,,,0,114,0.3572,0.4172,1.0,0.9868,112.5,0,0.0,0,0.0,,,,,,,,PIBT,0.3572,0.0,114.0,1269.0,100_10_5_10_5_2,4,25,0,shared_pool,25.0,
25,1,25,1.0,113,1244,,,0,113,7.3518,65.4933,1.0,0.9867,,0,0.0,0,0.0,,,,,,,,RHCR-PIBT,0.3449,7.0069,113.0,1244.0,100_10_5_10_5_2,4,25,0,shared_pool,25.0,23.0
25,1,25,1.0,113,1243,,,0,113,9.1228,81.1661,1.0,0.9558,,0,0.0,0,0.0,,,,,,,,RHCR-PP,0.5157,8.6071,113.0,1243.0,100_10_5_10_5_2,4,25,0,shared_pool,25.0,23.0
25,0,22,0.88,780,5141,2152.0,2.389,0,780,268.133,343.753,1.0,1.0,780.0,0,0.0,0,0.0,0.0,0.0,0.0,0.0,0.0754,0.4431,67.5,FLOWRRA,0.0,0.0,390.0,2570.5,100_10_5_10_5_2,5,25,0,shared_pool,,
25,1,25,1.0,180,1205,,,0,180,2.5825,0.2609,1.0,0.9722,175.0,0,0.0,0,0.0,,,,,,,,PP,2.5825,0.0,180.0,1205.0,100_10_5_10_5_2,5,25,0,shared_pool,25.0,
25,1,25,1.0,78,1101,,,0,78,0.3453,0.5424,1.0,0.7115,55.5,0,0.0,0,0.0,,,,,,,,PIBT,0.3453,0.0,78.0,1101.0,100_10_5_10_5_2,5,25,0,shared_pool,25.0,
25,1,25,1.0,77,1076,,,0,77,4.9543,64.8604,1.0,0.974,,0,0.0,0,0.0,,,,,,,,RHCR-PIBT,0.3098,4.6445,77.0,1076.0,100_10_5_10_5_2,5,25,0,shared_pool,25.0,16.0
25,0,24,0.96,780,1781,,,0,780,53.9761,69.3322,1.0,0.9974,,0,0.0,0,0.0,,,,,,,,RHCR-PP,0.5066,53.4695,780.0,1781.0,100_10_5_10_5_2,5,25,0,shared_pool,25.0,156.0
25,0,21,0.84,780,5959,2332.0,2.555,0,780,265.411,340.263,1.0,0.966,753.5,0,0.0,0,0.0,0.0,0.0,0.0,0.0,0.0916,0.6152,37.59,FLOWRRA,0.0,0.0,390.0,2979.5,100_10_5_10_5_2,6,25,0,shared_pool,,
25,1,25,1.0,100,1191,,,0,100,0.3217,0.4299,1.0,1.0,100.0,0,0.0,0,0.0,,,,,,,,PP,0.3217,0.0,100.0,1191.0,100_10_5_10_5_2,6,25,0,shared_pool,25.0,
25,1,25,1.0,100,1191,,,0,100,0.3138,0.4321,1.0,1.0,100.0,0,0.0,0,0.0,,,,,,,,PIBT,0.3138,0.0,100.0,1191.0,100_10_5_10_5_2,6,25,0,shared_pool,25.0,
25,1,25,1.0,99,1166,,,0,99,6.215,63.2107,1.0,1.0,,0,0.0,0,0.0,,,,,,,,RHCR-PIBT,0.3118,5.9032,99.0,1166.0,100_10_5_10_5_2,6,25,0,shared_pool,25.0,20.0
25,1,25,1.0,99,1166,,,0,99,7.7064,78.2834,1.0,1.0,,0,0.0,0,0.0,,,,,,,,RHCR-PP,0.4887,7.2176,99.0,1166.0,100_10_5_10_5_2,6,25,0,shared_pool,25.0,20.0
25,0,19,0.76,780,6586,2460.0,2.677,0,780,254.133,325.804,1.0,1.0,780.0,0,0.0,0,0.0,0.0,0.0,0.0,0.0,0.1118,0.3512,66.75,FLOWRRA,0.0,0.0,390.0,3293.0,100_10_5_10_5_2,7,25,0,shared_pool,,
25,1,25,1.0,100,1255,,,0,100,0.3085,0.4959,1.0,0.99,99.0,0,0.0,0,0.0,,,,,,,,PP,0.3085,0.0,100.0,1255.0,100_10_5_10_5_2,7,25,0,shared_pool,25.0,
25,1,25,1.0,100,1255,,,0,100,0.2968,0.4939,1.0,0.99,99.0,0,0.0,0,0.0,,,,,,,,PIBT,0.2968,0.0,100.0,1255.0,100_10_5_10_5_2,7,25,0,shared_pool,25.0,
25,1,25,1.0,99,1230,,,0,99,5.9623,60.738,1.0,0.9899,,0,0.0,0,0.0,,,,,,,,RHCR-PIBT,0.3031,5.6591,99.0,1230.0,100_10_5_10_5_2,7,25,0,shared_pool,25.0,20.0
25,1,25,1.0,99,1230,,,0,99,7.5178,76.4462,1.0,0.9899,,0,0.0,0,0.0,,,,,,,,RHCR-PP,0.4946,7.0232,99.0,1230.0,100_10_5_10_5_2,7,25,0,shared_pool,25.0,20.0
25,0,23,0.92,780,4214,2154.0,1.956,0,780,241.538,309.657,1.0,1.0,780.0,0,0.0,0,0.0,0.0,0.0,0.0,0.0,0.0477,0.5807,62.0,FLOWRRA,0.0,0.0,390.0,2107.0,100_10_5_10_5_2,8,25,0,shared_pool,,
25,1,25,1.0,108,1102,,,0,108,0.3378,0.3716,1.0,0.9907,107.0,0,0.0,0,0.0,,,,,,,,PP,0.3378,0.0,108.0,1102.0,100_10_5_10_5_2,8,25,0,shared_pool,25.0,
25,1,25,1.0,108,1103,,,0,108,0.3257,0.3704,1.0,0.8981,97.0,0,0.0,0,0.0,,,,,,,,PIBT,0.3257,0.0,108.0,1103.0,100_10_5_10_5_2,8,25,0,shared_pool,25.0,
25,1,25,1.0,107,1078,,,0,107,7.3698,69.2517,1.0,0.8972,,0,0.0,0,0.0,,,,,,,,RHCR-PIBT,0.3234,7.0463,107.0,1078.0,100_10_5_10_5_2,8,25,0,shared_pool,25.0,22.0
25,1,25,1.0,107,1077,,,0,107,9.0497,84.9613,1.0,0.9907,,0,0.0,0,0.0,,,,,,,,RHCR-PP,0.6113,8.4384,107.0,1077.0,100_10_5_10_5_2,8,25,0,shared_pool,25.0,22.0
25,0,24,0.96,780,3464,2218.0,1.562,0,780,257.589,330.235,1.0,1.0,780.0,0,0.0,0,0.0,0.0,0.0,0.0,0.0,0.0294,0.7093,65.5,FLOWRRA,0.0,0.0,390.0,1732.0,100_10_5_10_5_2,9,25,0,shared_pool,,
25,1,25,1.0,96,1134,,,0,96,0.3134,0.4325,1.0,1.0,96.0,0,0.0,0,0.0,,,,,,,,PP,0.3134,0.0,96.0,1134.0,100_10_5_10_5_2,9,25,0,shared_pool,25.0,
25,1,25,1.0,96,1134,,,0,96,0.303,0.434,1.0,1.0,96.0,0,0.0,0,0.0,,,,,,,,PIBT,0.303,0.0,96.0,1134.0,100_10_5_10_5_2,9,25,0,shared_pool,25.0,
25,1,25,1.0,95,1109,,,0,95,5.6731,60.1522,1.0,1.0,,0,0.0,0,0.0,,,,,,,,RHCR-PIBT,0.2982,5.3749,95.0,1109.0,100_10_5_10_5_2,9,25,0,shared_pool,25.0,19.0
25,1,25,1.0,95,1109,,,0,95,7.0411,74.5581,1.0,1.0,,0,0.0,0,0.0,,,,,,,,RHCR-PP,0.4971,6.544,95.0,1109.0,100_10_5_10_5_2,9,25,0,shared_pool,25.0,19.0
25,0,21,0.84,780,7028,3922.0,1.792,0,780,588.478,754.453,1.0,1.0,780.0,0,0.0,0,0.0,0.0,0.0,0.0,0.0,0.0908,0.4932,128.88,FLOWRRA,0.0,0.0,390.0,3514.0,100_20_10_20_10_4,0,25,0,shared_pool,,
25,1,25,1.0,201,1986,,,0,201,3.0428,0.3849,1.0,1.0,201.0,0,0.0,0,0.0,,,,,,,,PP,3.0428,0.0,201.0,1986.0,100_20_10_20_10_4,0,25,0,shared_pool,25.0,
25,1,25,1.0,201,1986,,,0,201,2.9976,0.3862,1.0,0.9701,195.0,0,0.0,0,0.0,,,,,,,,PIBT,2.9976,0.0,201.0,1986.0,100_20_10_20_10_4,0,25,0,shared_pool,25.0,
25,1,25,1.0,200,1961,,,0,200,121.4562,607.6741,1.0,1.0,,0,0.0,0,0.0,,,,,,,,RHCR-PIBT,3.0047,118.4515,200.0,1961.0,100_20_10_20_10_4,0,25,0,shared_pool,25.0,40.0
25,1,25,1.0,200,1964,,,0,200,123.8657,619.7358,1.0,1.0,,0,0.0,0,0.0,,,,,,,,RHCR-PP,3.8332,120.0325,200.0,1964.0,100_20_10_20_10_4,0,25,0,shared_pool,25.0,40.0
25,0,21,0.84,780,6861,3568.0,1.923,0,780,485.932,622.983,1.0,1.0,780.0,0,0.0,0,0.0,0.0,0.0,0.0,0.0,0.093,0.4638,89.38,FLOWRRA,0.0,0.0,390.0,3430.5,100_20_10_20_10_4,1,25,0,shared_pool,,
25,1,25,1.0,148,1809,,,0,148,3.0171,0.4676,1.0,1.0,148.0,0,0.0,0,0.0,,,,,,,,PP,3.0171,0.0,148.0,1809.0,100_20_10_20_10_4,1,25,0,shared_pool,25.0,
25,1,25,1.0,148,1809,,,0,148,2.9591,0.4659,1.0,1.0,148.0,0,0.0,0,0.0,,,,,,,,PIBT,2.9591,0.0,148.0,1809.0,100_20_10_20_10_4,1,25,0,shared_pool,25.0,
25,1,25,1.0,147,1784,,,0,147,89.5575,609.7066,1.0,1.0,,0,0.0,0,0.0,,,,,,,,RHCR-PIBT,2.9611,86.5963,147.0,1784.0,100_20_10_20_10_4,1,25,0,shared_pool,25.0,30.0
25,1,25,1.0,147,1784,,,0,147,93.4983,636.5253,1.0,1.0,,0,0.0,0,0.0,,,,,,,,RHCR-PP,4.3225,89.1758,147.0,1784.0,100_20_10_20_10_4,1,25,0,shared_pool,25.0,30.0
25,0,21,0.84,780,6596,3658.0,1.803,0,780,533.617,684.117,1.0,1.0,780.0,0,0.0,0,0.0,0.0,0.0,0.0,0.0,0.0789,0.6186,59.68,FLOWRRA,0.0,0.0,390.0,3298.0,100_20_10_20_10_4,2,25,0,shared_pool,,
25,1,25,1.0,122,1856,,,0,122,3.0548,0.5979,1.0,1.0,122.0,0,0.0,0,0.0,,,,,,,,PP,3.0548,0.0,122.0,1856.0,100_20_10_20_10_4,2,25,0,shared_pool,25.0,
25,1,25,1.0,122,1854,,,0,122,2.9488,0.5994,1.0,0.9877,120.5,0,0.0,0,0.0,,,,,,,,PIBT,2.9488,0.0,122.0,1854.0,100_20_10_20_10_4,2,25,0,shared_pool,25.0,
25,1,25,1.0,121,1829,,,0,121,75.6483,625.7966,1.0,1.0,,0,0.0,0,0.0,,,,,,,,RHCR-PIBT,2.9955,72.6527,121.0,1829.0,100_20_10_20_10_4,2,25,0,shared_pool,25.0,25.0
25,1,25,1.0,121,1831,,,0,121,78.9474,653.0768,1.0,1.0,,0,0.0,0,0.0,,,,,,,,RHCR-PP,4.0331,74.9143,121.0,1831.0,100_20_10_20_10_4,2,25,0,shared_pool,25.0,25.0
25,0,23,0.92,780,5589,3964.0,1.41,0,780,540.274,692.652,1.0,1.0,780.0,0,0.0,0,0.0,0.0,0.0,0.0,0.0,0.0449,0.6853,104.5,FLOWRRA,0.0,0.0,390.0,2794.5,100_20_10_20_10_4,3,25,0,shared_pool,,
25,1,25,1.0,175,2007,,,0,175,2.9787,0.4465,1.0,1.0,175.0,0,0.0,0,0.0,,,,,,,,PP,2.9787,0.0,175.0,2007.0,100_20_10_20_10_4,3,25,0,shared_pool,25.0,
25,1,25,1.0,175,2007,,,0,175,2.903,0.4472,1.0,1.0,175.0,0,0.0,0,0.0,,,,,,,,PIBT,2.903,0.0,175.0,2007.0,100_20_10_20_10_4,3,25,0,shared_pool,25.0,
25,1,25,1.0,174,1982,,,0,174,103.6963,596.4128,1.0,1.0,,0,0.0,0,0.0,,,,,,,,RHCR-PIBT,2.9556,100.7408,174.0,1982.0,100_20_10_20_10_4,3,25,0,shared_pool,25.0,35.0
25,1,25,1.0,174,1982,,,0,174,106.4654,612.34,1.0,1.0,,0,0.0,0,0.0,,,,,,,,RHCR-PP,3.3867,103.0788,174.0,1982.0,100_20_10_20_10_4,3,25,0,shared_pool,25.0,35.0
25,0,24,0.96,780,4717,3520.0,1.34,0,780,550.589,705.877,1.0,1.0,780.0,0,0.0,0,0.0,0.0,0.0,0.0,0.0,0.0318,0.7426,113.0,FLOWRRA,0.0,0.0,390.0,2358.5,100_20_10_20_10_4,4,25,0,shared_pool,,
25,1,25,1.0,145,1785,,,0,145,2.9757,0.4743,1.0,0.9931,144.0,0,0.0,0,0.0,,,,,,,,PP,2.9757,0.0,145.0,1785.0,100_20_10_20_10_4,4,25,0,shared_pool,25.0,
25,1,25,1.0,145,1785,,,0,145,2.9195,0.4744,1.0,1.0,145.0,0,0.0,0,0.0,,,,,,,,PIBT,2.9195,0.0,145.0,1785.0,100_20_10_20_10_4,4,25,0,shared_pool,25.0,
25,1,25,1.0,144,1761,,,0,144,86.2693,599.5737,1.0,1.0,,0,0.0,0,0.0,,,,,,,,RHCR-PIBT,2.9477,83.3217,144.0,1761.0,100_20_10_20_10_4,4,25,0,shared_pool,25.0,29.0
25,1,25,1.0,144,1761,,,0,144,89.9383,625.0643,1.0,1.0,,0,0.0,0,0.0,,,,,,,,RHCR-PP,4.2485,85.6898,144.0,1761.0,100_20_10_20_10_4,4,25,0,shared_pool,25.0,29.0
25,0,24,0.96,780,5792,3640.0,1.591,0,780,562.232,720.804,1.0,1.0,780.0,0,0.0,0,0.0,0.0,0.0,0.0,0.0,0.0476,0.6785,74.0,FLOWRRA,0.0,0.0,390.0,2896.0,100_20_10_20_10_4,5,25,0,shared_pool,,
25,1,25,1.0,153,1845,,,0,153,3.0155,0.4493,1.0,1.0,153.0,0,0.0,0,0.0,,,,,,,,PP,3.0155,0.0,153.0,1845.0,100_20_10_20_10_4,5,25,0,shared_pool,25.0,
25,1,25,1.0,153,1845,,,0,153,2.9395,0.4489,1.0,1.0,153.0,0,0.0,0,0.0,,,,,,,,PIBT,2.9395,0.0,153.0,1845.0,100_20_10_20_10_4,5,25,0,shared_pool,25.0,
25,1,25,1.0,152,1820,,,0,152,93.0576,612.6777,1.0,1.0,,0,0.0,0,0.0,,,,,,,,RHCR-PIBT,2.9673,90.0903,152.0,1820.0,100_20_10_20_10_4,5,25,0,shared_pool,25.0,31.0
25,1,25,1.0,152,1820,,,0,152,97.2943,640.5655,1.0,1.0,,0,0.0,0,0.0,,,,,,,,RHCR-PP,4.3207,92.9736,152.0,1820.0,100_20_10_20_10_4,5,25,0,shared_pool,25.0,31.0
25,0,18,0.72,780,8504,3826.0,2.223,0,780,475.845,610.05,1.0,1.0,780.0,0,0.0,0,0.0,0.0,0.0,0.0,0.0,0.1178,0.363,87.05,FLOWRRA,0.0,0.0,390.0,4252.0,100_20_10_20_10_4,6,25,0,shared_pool,,
25,1,25,1.0,152,1938,,,0,152,3.0219,0.4943,1.0,1.0,152.0,0,0.0,0,0.0,,,,,,,,PP,3.0219,0.0,152.0,1938.0,100_20_10_20_10_4,6,25,0,shared_pool,25.0,
25,1,25,1.0,152,1938,,,0,152,2.9271,0.4954,1.0,1.0,152.0,0,0.0,0,0.0,,,,,,,,PIBT,2.9271,0.0,152.0,1938.0,100_20_10_20_10_4,6,25,0,shared_pool,25.0,
25,1,25,1.0,151,1913,,,0,151,92.5284,613.2731,1.0,1.0,,0,0.0,0,0.0,,,,,,,,RHCR-PIBT,2.952,89.5764,151.0,1913.0,100_20_10_20_10_4,6,25,0,shared_pool,25.0,31.0
25,1,25,1.0,151,1913,,,0,151,97.1039,643.5864,1.0,1.0,,0,0.0,0,0.0,,,,,,,,RHCR-PP,4.2072,92.8967,151.0,1913.0,100_20_10_20_10_4,6,25,0,shared_pool,25.0,31.0
25,0,22,0.88,780,6260,3774.0,1.659,0,780,516.394,662.036,1.0,1.0,780.0,0,0.0,0,0.0,0.0,0.0,0.0,0.0,0.0705,0.5529,89.83,FLOWRRA,0.0,0.0,390.0,3130.0,100_20_10_20_10_4,7,25,0,shared_pool,,
25,1,25,1.0,163,1912,,,0,163,3.0624,0.465,1.0,0.9908,161.5,0,0.0,0,0.0,,,,,,,,PP,3.0624,0.0,163.0,1912.0,100_20_10_20_10_4,7,25,0,shared_pool,25.0,
25,1,25,1.0,163,1912,,,0,163,2.9951,0.4652,1.0,0.9908,161.5,0,0.0,0,0.0,,,,,,,,PIBT,2.9951,0.0,163.0,1912.0,100_20_10_20_10_4,7,25,0,shared_pool,25.0,
25,1,25,1.0,162,1887,,,0,162,100.3819,620.1122,1.0,0.9907,,0,0.0,0,0.0,,,,,,,,RHCR-PIBT,3.0334,97.3485,162.0,1887.0,100_20_10_20_10_4,7,25,0,shared_pool,25.0,33.0
25,1,25,1.0,162,1887,,,0,162,104.4321,645.128,1.0,0.9907,,0,0.0,0,0.0,,,,,,,,RHCR-PP,4.5989,99.8331,162.0,1887.0,100_20_10_20_10_4,7,25,0,shared_pool,25.0,33.0
25,0,20,0.8,780,8855,4746.0,1.866,0,780,560.964,719.178,1.0,1.0,780.0,0,0.0,0,0.0,0.0,0.0,0.0,0.0,0.1095,0.5404,71.45,FLOWRRA,0.0,0.0,390.0,4427.5,100_20_10_20_10_4,8,25,0,shared_pool,,
25,1,25,1.0,231,2398,,,0,231,3.0596,0.4218,1.0,1.0,231.0,0,0.0,0,0.0,,,,,,,,PP,3.0596,0.0,231.0,2398.0,100_20_10_20_10_4,8,25,0,shared_pool,25.0,
25,1,25,1.0,231,2398,,,0,231,2.9747,0.4241,1.0,0.9913,229.0,0,0.0,0,0.0,,,,,,,,PIBT,2.9747,0.0,231.0,2398.0,100_20_10_20_10_4,8,25,0,shared_pool,25.0,
25,1,25,1.0,230,2373,,,0,230,139.2246,605.7546,1.0,1.0,,0,0.0,0,0.0,,,,,,,,RHCR-PIBT,2.97,136.2546,230.0,2373.0,100_20_10_20_10_4,8,25,0,shared_pool,25.0,46.0
25,1,25,1.0,230,2375,,,0,230,144.384,628.1989,1.0,1.0,,0,0.0,0,0.0,,,,,,,,RHCR-PP,4.1658,140.2181,230.0,2375.0,100_20_10_20_10_4,8,25,0,shared_pool,25.0,46.0
25,0,23,0.92,780,5204,3738.0,1.392,0,780,486.259,623.402,1.0,1.0,780.0,0,0.0,0,0.0,0.0,0.0,0.0,0.0,0.0462,0.6495,136.25,FLOWRRA,0.0,0.0,390.0,2602.0,100_20_10_20_10_4,9,25,0,shared_pool,,
25,1,25,1.0,159,1894,,,0,159,3.019,0.4668,1.0,1.0,159.0,0,0.0,0,0.0,,,,,,,,PP,3.019,0.0,159.0,1894.0,100_20_10_20_10_4,9,25,0,shared_pool,25.0,
25,1,25,1.0,159,1894,,,0,159,2.9531,0.4684,1.0,1.0,159.0,0,0.0,0,0.0,,,,,,,,PIBT,2.9531,0.0,159.0,1894.0,100_20_10_20_10_4,9,25,0,shared_pool,25.0,
25,1,25,1.0,158,1869,,,0,158,95.5219,605.0448,1.0,1.0,,0,0.0,0,0.0,,,,,,,,RHCR-PIBT,2.9638,92.5581,158.0,1869.0,100_20_10_20_10_4,9,25,0,shared_pool,25.0,32.0
25,1,25,1.0,158,1869,,,0,158,100.2051,634.6996,1.0,1.0,,0,0.0,0,0.0,,,,,,,,RHCR-PP,4.4798,95.7253,158.0,1869.0,100_20_10_20_10_4,9,25,0,shared_pool,25.0,32.0
25,0,23,0.92,780,3180,1324.0,2.402,4,780,149.02,191.045,1.0,0.9583,747.5,0,0.0,0,0.0,2.0,2.0,3.0,4.0,0.0254,0.6626,17.21,FLOWRRA,0.0,0.0,390.0,1590.0,25_10_5_10_5_2,0,25,0,shared_pool,,
25,1,25,1.0,45,687,,,0,45,0.165,0.6415,1.0,0.9667,43.5,0,0.0,0,0.0,,,,,,,,PP,0.165,0.0,45.0,687.0,25_10_5_10_5_2,0,25,0,shared_pool,25.0,
25,1,25,1.0,45,687,,,0,45,0.1544,0.6367,1.0,0.9667,43.5,0,0.0,0,0.0,,,,,,,,PIBT,0.1544,0.0,45.0,687.0,25_10_5_10_5_2,0,25,0,shared_pool,25.0,
25,1,25,1.0,44,662,,,0,44,1.3626,31.5977,1.0,0.9659,,0,0.0,0,0.0,,,,,,,,RHCR-PIBT,0.1557,1.207,44.0,662.0,25_10_5_10_5_2,0,25,0,shared_pool,25.0,9.0
25,1,25,1.0,44,662,,,0,44,2.0623,47.5064,1.0,0.9659,,0,0.0,0,0.0,,,,,,,,RHCR-PP,0.4263,1.636,44.0,662.0,25_10_5_10_5_2,0,25,0,shared_pool,25.0,9.0
25,0,22,0.88,780,3592,924.0,3.887,4,780,167.662,214.945,1.0,0.875,682.5,0,0.0,0,0.0,1.0,3.0,2.0,3.0,0.0533,0.6075,6.83,FLOWRRA,0.0,0.0,390.0,1796.0,25_10_5_10_5_2,1,25,0,shared_pool,,
25,1,25,1.0,37,487,,,0,37,0.1655,0.4835,1.0,1.0,37.0,0,0.0,0,0.0,,,,,,,,PP,0.1655,0.0,37.0,487.0,25_10_5_10_5_2,1,25,0,shared_pool,25.0,
25,1,25,1.0,37,487,,,0,37,0.1566,0.4803,1.0,1.0,37.0,0,0.0,0,0.0,,,,,,,,PIBT,0.1566,0.0,37.0,487.0,25_10_5_10_5_2,1,25,0,shared_pool,25.0,
25,1,25,1.0,36,462,,,0,36,1.2195,34.3447,1.0,1.0,,0,0.0,0,0.0,,,,,,,,RHCR-PIBT,0.1579,1.0616,36.0,462.0,25_10_5_10_5_2,1,25,0,shared_pool,25.0,8.0
25,1,25,1.0,36,462,,,0,36,1.4955,42.0158,1.0,1.0,,0,0.0,0,0.0,,,,,,,,RHCR-PP,0.2701,1.2253,36.0,462.0,25_10_5_10_5_2,1,25,0,shared_pool,25.0,8.0
25,0,22,0.88,780,3795,1096.0,3.463,1,780,153.39,196.647,1.0,0.9776,762.5,0,0.0,0,0.0,1.0,0.0,0.0,0.0,0.0589,0.8308,1.24,FLOWRRA,0.0,0.0,390.0,1897.5,25_10_5_10_5_2,2,25,0,shared_pool,,
25,1,25,1.0,48,573,,,0,48,0.1658,0.4568,1.0,0.9062,43.5,0,0.0,0,0.0,,,,,,,,PP,0.1658,0.0,48.0,573.0,25_10_5_10_5_2,2,25,0,shared_pool,25.0,
25,1,25,1.0,48,573,,,0,48,0.1574,0.4548,1.0,0.9062,43.5,0,0.0,0,0.0,,,,,,,,PIBT,0.1574,0.0,48.0,573.0,25_10_5_10_5_2,2,25,0,shared_pool,25.0,
25,1,25,1.0,47,548,,,0,47,1.5046,32.4606,1.0,0.9149,,0,0.0,0,0.0,,,,,,,,RHCR-PIBT,0.1538,1.3509,47.0,548.0,25_10_5_10_5_2,2,25,0,shared_pool,25.0,10.0
25,1,25,1.0,47,548,,,0,47,2.1449,46.091,1.0,0.9149,,0,0.0,0,0.0,,,,,,,,RHCR-PP,0.3992,1.7458,47.0,548.0,25_10_5_10_5_2,2,25,0,shared_pool,25.0,10.0
25,0,22,0.88,780,3513,952.0,3.69,2,780,153.192,196.393,1.0,0.9609,749.5,0,0.0,0,0.0,0.0,2.0,1.0,2.0,0.0219,0.4332,9.05,FLOWRRA,0.0,0.0,390.0,1756.5,25_10_5_10_5_2,3,25,0,shared_pool,,
25,1,25,1.0,44,501,,,0,44,0.1637,0.4199,1.0,1.0,44.0,0,0.0,0,0.0,,,,,,,,PP,0.1637,0.0,44.0,501.0,25_10_5_10_5_2,3,25,0,shared_pool,25.0,
25,1,25,1.0,44,501,,,0,44,0.1565,0.4192,1.0,1.0,44.0,0,0.0,0,0.0,,,,,,,,PIBT,0.1565,0.0,44.0,501.0,25_10_5_10_5_2,3,25,0,shared_pool,25.0,
25,1,25,1.0,43,476,,,0,43,1.3629,32.1051,1.0,1.0,,0,0.0,0,0.0,,,,,,,,RHCR-PIBT,0.1544,1.2084,43.0,476.0,25_10_5_10_5_2,3,25,0,shared_pool,25.0,9.0
25,1,25,1.0,43,476,,,0,43,1.8107,42.5241,1.0,1.0,,0,0.0,0,0.0,,,,,,,,RHCR-PP,0.3659,1.4448,43.0,476.0,25_10_5_10_5_2,3,25,0,shared_pool,25.0,9.0
25,0,24,0.96,780,2304,1148.0,2.007,0,780,135.799,174.095,1.0,0.9968,777.5,0,0.0,0,0.0,0.0,0.0,0.0,0.0,0.0076,0.5829,2.2,FLOWRRA,0.0,0.0,390.0,1152.0,25_10_5_10_5_2,4,25,0,shared_pool,,
25,1,25,1.0,49,599,,,0,49,0.1615,0.4878,1.0,0.9388,46.0,0,0.0,0,0.0,,,,,,,,PP,0.1615,0.0,49.0,599.0,25_10_5_10_5_2,4,25,0,shared_pool,25.0,
25,1,25,1.0,49,599,,,0,49,0.1549,0.4896,1.0,0.9388,46.0,0,0.0,0,0.0,,,,,,,,PIBT,0.1549,0.0,49.0,599.0,25_10_5_10_5_2,4,25,0,shared_pool,25.0,
25,1,25,1.0,48,574,,,0,48,1.4935,31.5949,1.0,0.9479,,0,0.0,0,0.0,,,,,,,,RHCR-PIBT,0.1549,1.3386,48.0,574.0,25_10_5_10_5_2,4,25,0,shared_pool,25.0,10.0
25,1,25,1.0,48,574,,,0,48,2.1878,46.0664,1.0,0.9479,,0,0.0,0,0.0,,,,,,,,RHCR-PP,0.3435,1.8443,48.0,574.0,25_10_5_10_5_2,4,25,0,shared_pool,25.0,10.0
25,1,25,1.0,174,1396,1014.0,1.377,0,174,35.407,203.484,1.0,1.0,174.0,0,0.0,0,0.0,0.0,0.0,0.0,0.0,0.0244,0.8446,0.0,FLOWRRA,0.0,0.0,87.0,698.0,25_10_5_10_5_2,5,25,0,shared_pool,,
25,1,25,1.0,43,532,,,0,43,0.1698,0.4748,1.0,1.0,43.0,0,0.0,0,0.0,,,,,,,,PP,0.1698,0.0,43.0,532.0,25_10_5_10_5_2,5,25,0,shared_pool,25.0,
25,1,25,1.0,43,532,,,0,43,0.1654,0.4752,1.0,1.0,43.0,0,0.0,0,0.0,,,,,,,,PIBT,0.1654,0.0,43.0,532.0,25_10_5_10_5_2,5,25,0,shared_pool,25.0,
25,1,25,1.0,42,507,,,0,42,1.4347,34.6383,1.0,1.0,,0,0.0,0,0.0,,,,,,,,RHCR-PIBT,0.1631,1.2716,42.0,507.0,25_10_5_10_5_2,5,25,0,shared_pool,25.0,9.0
25,1,25,1.0,42,507,,,0,42,1.891,45.4957,1.0,1.0,,0,0.0,0,0.0,,,,,,,,RHCR-PP,0.3702,1.5208,42.0,507.0,25_10_5_10_5_2,5,25,0,shared_pool,25.0,9.0
25,0,22,0.88,780,3708,1134.0,3.27,2,780,142.655,182.885,1.0,0.8635,673.5,0,0.0,0,0.0,2.0,0.0,1.0,2.0,0.044,0.6828,6.68,FLOWRRA,0.0,0.0,390.0,1854.0,25_10_5_10_5_2,6,25,0,shared_pool,,
25,1,25,1.0,47,592,,,0,47,0.1605,0.4849,1.0,0.8191,38.5,0,0.0,0,0.0,,,,,,,,PP,0.1605,0.0,47.0,592.0,25_10_5_10_5_2,6,25,0,shared_pool,25.0,
25,1,25,1.0,47,592,,,0,47,0.1535,0.485,1.0,0.8191,38.5,0,0.0,0,0.0,,,,,,,,PIBT,0.1535,0.0,47.0,592.0,25_10_5_10_5_2,6,25,0,shared_pool,25.0,
25,1,25,1.0,46,567,,,0,46,1.5047,33.1912,1.0,0.8152,,0,0.0,0,0.0,,,,,,,,RHCR-PIBT,0.1544,1.3503,46.0,567.0,25_10_5_10_5_2,6,25,0,shared_pool,25.0,10.0
25,1,25,1.0,46,567,,,0,46,2.1417,47.0461,1.0,0.8152,,0,0.0,0,0.0,,,,,,,,RHCR-PP,0.3802,1.7615,46.0,567.0,25_10_5_10_5_2,6,25,0,shared_pool,25.0,10.0
25,1,25,1.0,132,1599,1088.0,1.47,0,132,26.831,203.255,1.0,1.0,132.0,0,0.0,0,0.0,0.0,0.0,0.0,0.0,0.0461,0.8143,0.0,FLOWRRA,0.0,0.0,66.0,799.5,25_10_5_10_5_2,7,25,0,shared_pool,,
25,1,25,1.0,47,569,,,0,47,0.1625,0.4746,1.0,1.0,47.0,0,0.0,0,0.0,,,,,,,,PP,0.1625,0.0,47.0,569.0,25_10_5_10_5_2,7,25,0,shared_pool,25.0,
25,1,25,1.0,47,569,,,0,47,0.1549,0.476,1.0,1.0,47.0,0,0.0,0,0.0,,,,,,,,PIBT,0.1549,0.0,47.0,569.0,25_10_5_10_5_2,7,25,0,shared_pool,25.0,
25,1,25,1.0,46,544,,,0,46,1.5187,33.4849,1.0,1.0,,0,0.0,0,0.0,,,,,,,,RHCR-PIBT,0.1555,1.3632,46.0,544.0,25_10_5_10_5_2,7,25,0,shared_pool,25.0,10.0
25,1,25,1.0,46,544,,,0,46,2.1384,46.9624,1.0,1.0,,0,0.0,0,0.0,,,,,,,,RHCR-PP,0.467,1.6714,46.0,544.0,25_10_5_10_5_2,7,25,0,shared_pool,25.0,10.0
25,1,25,1.0,162,1973,1402.0,1.407,0,162,32.534,200.823,1.0,1.0,162.0,0,0.0,0,0.0,0.0,0.0,0.0,0.0,0.0316,0.8186,0.0,FLOWRRA,0.0,0.0,81.0,986.5,25_10_5_10_5_2,8,25,0,shared_pool,,
25,1,25,1.0,58,726,,,0,58,0.1661,0.5201,1.0,1.0,58.0,0,0.0,0,0.0,,,,,,,,PP,0.1661,0.0,58.0,726.0,25_10_5_10_5_2,8,25,0,shared_pool,25.0,
25,1,25,1.0,58,726,,,0,58,0.1782,0.5296,1.0,1.0,58.0,0,0.0,0,0.0,,,,,,,,PIBT,0.1782,0.0,58.0,726.0,25_10_5_10_5_2,8,25,0,shared_pool,25.0,
25,1,25,1.0,57,701,,,0,57,1.8435,32.8578,1.0,1.0,,0,0.0,0,0.0,,,,,,,,RHCR-PIBT,0.1564,1.6871,57.0,701.0,25_10_5_10_5_2,8,25,0,shared_pool,25.0,12.0
25,1,25,1.0,57,701,,,0,57,2.806,49.7508,1.0,1.0,,0,0.0,0,0.0,,,,,,,,RHCR-PP,0.4619,2.3441,57.0,701.0,25_10_5_10_5_2,8,25,0,shared_pool,25.0,12.0
25,1,25,1.0,308,1749,1226.0,1.427,0,308,59.189,192.165,1.0,1.0,308.0,0,0.0,0,0.0,0.0,0.0,0.0,0.0,0.0205,0.801,0.0,FLOWRRA,0.0,0.0,154.0,874.5,25_10_5_10_5_2,9,25,0,shared_pool,,
25,1,25,1.0,74,638,,,0,74,0.1644,0.3335,1.0,1.0,74.0,0,0.0,0,0.0,,,,,,,,PP,0.1644,0.0,74.0,638.0,25_10_5_10_5_2,9,25,0,shared_pool,25.0,
25,1,25,1.0,74,638,,,0,74,0.1558,0.333,1.0,1.0,74.0,0,0.0,0,0.0,,,,,,,,PIBT,0.1558,0.0,74.0,638.0,25_10_5_10_5_2,9,25,0,shared_pool,25.0,
25,1,25,1.0,73,613,,,0,73,2.285,31.6332,1.0,1.0,,0,0.0,0,0.0,,,,,,,,RHCR-PIBT,0.1574,2.1276,73.0,613.0,25_10_5_10_5_2,9,25,0,shared_pool,25.0,15.0
25,1,25,1.0,73,613,,,0,73,3.3017,45.5667,1.0,1.0,,0,0.0,0,0.0,,,,,,,,RHCR-PP,0.3463,2.9554,73.0,613.0,25_10_5_10_5_2,9,25,0,shared_pool,25.0,15.0
25,0,19,0.76,780,5800,584.0,9.932,10,780,87.215,111.808,1.0,0.9154,714.0,0,0.0,0,0.0,8.0,2.0,7.0,6.0,0.0855,0.479,8.81,FLOWRRA,0.0,0.0,390.0,2900.0,25_5_2_5_2_1,0,25,0,shared_pool,,
25,1,25,1.0,41,346,,,0,41,0.0279,0.3052,1.0,0.7317,30.0,0,0.0,0,0.0,,,,,,,,PP,0.0279,0.0,41.0,346.0,25_5_2_5_2_1,0,25,0,shared_pool,25.0,
25,1,25,1.0,29,317,,,0,29,0.0587,0.4342,1.0,0.6207,18.0,0,0.0,0,0.0,,,,,,,,PIBT,0.0587,0.0,29.0,317.0,25_5_2_5_2_1,0,25,0,shared_pool,25.0,
25,1,25,1.0,28,292,,,0,28,0.0985,3.8722,1.0,0.8571,,0,0.0,0,0.0,,,,,,,,RHCR-PIBT,0.017,0.0815,28.0,292.0,25_5_2_5_2_1,0,25,0,shared_pool,25.0,6.0
25,0,24,0.96,780,1058,,,0,780,6.9117,8.9545,1.0,0.9949,,0,0.0,0,0.0,,,,,,,,RHCR-PP,0.0736,6.8381,780.0,1058.0,25_5_2_5_2_1,0,25,0,shared_pool,25.0,156.0
25,0,15,0.6,780,8993,628.0,14.32,11,780,84.689,108.568,1.0,0.5071,395.5,0,0.0,0,0.0,6.0,5.0,5.0,5.0,0.0985,0.4432,5.75,FLOWRRA,0.0,0.0,390.0,4496.5,25_5_2_5_2_1,1,25,0,shared_pool,,
25,1,25,1.0,62,411,,,0,62,0.1458,0.2327,1.0,0.8952,55.5,0,0.0,0,0.0,,,,,,,,PP,0.1458,0.0,62.0,411.0,25_5_2_5_2_1,1,25,0,shared_pool,25.0,
25,1,25,1.0,38,340,,,0,38,0.058,0.3397,1.0,0.6711,25.5,0,0.0,0,0.0,,,,,,,,PIBT,0.058,0.0,38.0,340.0,25_5_2_5_2_1,1,25,0,shared_pool,25.0,
25,1,25,1.0,37,316,,,0,37,0.1305,3.8214,1.0,0.9324,,0,0.0,0,0.0,,,,,,,,RHCR-PIBT,0.0169,0.1137,37.0,316.0,25_5_2_5_2_1,1,25,0,shared_pool,25.0,8.0
25,0,24,0.96,780,1073,,,0,780,4.4258,5.7632,1.0,0.9968,,0,0.0,0,0.0,,,,,,,,RHCR-PP,0.0513,4.3746,780.0,1073.0,25_5_2_5_2_1,1,25,0,shared_pool,25.0,156.0
25,0,23,0.92,780,3213,542.0,5.928,1,780,82.209,105.389,1.0,0.9583,747.5,0,0.0,0,0.0,0.0,1.0,0.0,0.0,0.0335,0.5285,7.49,FLOWRRA,0.0,0.0,390.0,1606.5,25_5_2_5_2_1,2,25,0,shared_pool,,
25,1,25,1.0,27,296,,,0,27,0.0267,0.3582,1.0,0.9815,26.5,0,0.0,0,0.0,,,,,,,,PP,0.0267,0.0,27.0,296.0,25_5_2_5_2_1,2,25,0,shared_pool,25.0,
25,1,25,1.0,27,296,,,0,27,0.0179,0.3634,1.0,0.9815,26.5,0,0.0,0,0.0,,,,,,,,PIBT,0.0179,0.0,27.0,296.0,25_5_2_5_2_1,2,25,0,shared_pool,25.0,
25,1,25,1.0,26,273,,,0,26,0.098,4.1103,1.0,1.0,,0,0.0,0,0.0,,,,,,,,RHCR-PIBT,0.0173,0.0807,26.0,273.0,25_5_2_5_2_1,2,25,0,shared_pool,25.0,6.0
25,1,25,1.0,26,273,,,0,26,0.1586,6.4384,1.0,1.0,,0,0.0,0,0.0,,,,,,,,RHCR-PP,0.0766,0.082,26.0,273.0,25_5_2_5_2_1,2,25,0,shared_pool,25.0,6.0
25,0,20,0.8,780,5264,508.0,10.362,3,780,85.657,109.811,1.0,0.9628,751.0,0,0.0,0,0.0,1.0,2.0,1.0,2.0,0.0785,0.4906,6.15,FLOWRRA,0.0,0.0,390.0,2632.0,25_5_2_5_2_1,3,25,0,shared_pool,,
25,1,25,1.0,45,307,,,0,45,0.0532,0.2344,1.0,0.8556,38.5,0,0.0,0,0.0,,,,,,,,PP,0.0532,0.0,45.0,307.0,25_5_2_5_2_1,3,25,0,shared_pool,25.0,
25,1,25,1.0,27,279,,,0,27,0.0578,0.3419,1.0,0.7593,20.5,0,0.0,0,0.0,,,,,,,,PIBT,0.0578,0.0,27.0,279.0,25_5_2_5_2_1,3,25,0,shared_pool,25.0,
25,1,25,1.0,26,254,,,0,26,0.0983,4.0762,1.0,0.9231,,0,0.0,0,0.0,,,,,,,,RHCR-PIBT,0.0176,0.0806,26.0,254.0,25_5_2_5_2_1,3,25,0,shared_pool,25.0,6.0
25,0,24,0.96,780,1012,,,0,780,7.0636,9.1455,1.0,0.9962,,0,0.0,0,0.0,,,,,,,,RHCR-PP,0.0695,6.9941,780.0,1012.0,25_5_2_5_2_1,3,25,0,shared_pool,25.0,156.0
25,0,19,0.76,780,6091,486.0,12.533,6,780,94.765,121.487,1.0,0.5038,393.0,0,0.0,0,0.0,4.0,2.0,2.0,2.0,0.1119,0.5974,5.92,FLOWRRA,0.0,0.0,390.0,3045.5,25_5_2_5_2_1,4,25,0,shared_pool,,
25,1,25,1.0,29,272,,,0,29,0.0228,0.3257,1.0,0.7586,22.0,0,0.0,0,0.0,,,,,,,,PP,0.0228,0.0,29.0,272.0,25_5_2_5_2_1,4,25,0,shared_pool,25.0,
25,1,25,1.0,27,268,,,0,27,0.0587,0.3483,1.0,0.537,14.5,0,0.0,0,0.0,,,,,,,,PIBT,0.0587,0.0,27.0,268.0,25_5_2_5_2_1,4,25,0,shared_pool,25.0,
25,1,25,1.0,26,243,,,0,26,0.0987,4.1062,1.0,0.7885,,0,0.0,0,0.0,,,,,,,,RHCR-PIBT,0.017,0.0817,26.0,243.0,25_5_2_5_2_1,4,25,0,shared_pool,25.0,6.0
25,1,25,1.0,28,245,,,0,28,0.1402,5.3001,1.0,0.8036,,0,0.0,0,0.0,,,,,,,,RHCR-PP,0.0552,0.085,28.0,245.0,25_5_2_5_2_1,4,25,0,shared_pool,25.0,6.0
25,0,17,0.68,780,7424,590.0,12.583,10,780,86.487,110.874,1.0,0.5064,395.0,0,0.0,0,0.0,9.0,1.0,7.0,4.0,0.1325,0.5605,10.82,FLOWRRA,0.0,0.0,390.0,3712.0,25_5_2_5_2_1,5,25,0,shared_pool,,
25,1,25,1.0,29,321,,,0,29,0.0228,0.412,1.0,0.8448,24.5,0,0.0,0,0.0,,,,,,,,PP,0.0228,0.0,29.0,321.0,25_5_2_5_2_1,5,25,0,shared_pool,25.0,
25,1,25,1.0,29,321,,,0,29,0.0174,0.4094,1.0,0.8448,24.5,0,0.0,0,0.0,,,,,,,,PIBT,0.0174,0.0,29.0,321.0,25_5_2_5_2_1,5,25,0,shared_pool,25.0,
25,1,25,1.0,28,297,,,0,28,0.0977,3.8749,1.0,0.8571,,0,0.0,0,0.0,,,,,,,,RHCR-PIBT,0.017,0.0807,28.0,297.0,25_5_2_5_2_1,5,25,0,shared_pool,25.0,6.0
25,1,25,1.0,28,297,,,0,28,0.1115,4.3654,1.0,0.8571,,0,0.0,0,0.0,,,,,,,,RHCR-PP,0.0265,0.085,28.0,297.0,25_5_2_5_2_1,5,25,0,shared_pool,25.0,6.0
25,0,14,0.56,780,9545,612.0,15.596,11,780,95.837,122.861,1.0,0.9192,717.0,0,0.0,0,0.0,7.0,4.0,5.0,4.0,0.1195,0.4072,9.2,FLOWRRA,0.0,0.0,390.0,4772.5,25_5_2_5_2_1,6,25,0,shared_pool,,
25,1,25,1.0,56,383,,,0,56,0.1065,0.2551,1.0,0.8929,50.0,0,0.0,0,0.0,,,,,,,,PP,0.1065,0.0,56.0,383.0,25_5_2_5_2_1,6,25,0,shared_pool,25.0,
25,1,25,1.0,26,332,,,0,26,0.0587,0.4788,1.0,0.5192,13.5,0,0.0,0,0.0,,,,,,,,PIBT,0.0587,0.0,26.0,332.0,25_5_2_5_2_1,6,25,0,shared_pool,25.0,
25,1,25,1.0,25,309,,,0,25,0.0821,3.7134,1.0,0.76,,0,0.0,0,0.0,,,,,,,,RHCR-PIBT,0.0169,0.0652,25.0,309.0,25_5_2_5_2_1,6,25,0,shared_pool,25.0,5.0
25,0,24,0.96,780,1085,,,0,780,4.7067,6.1255,1.0,0.9929,,0,0.0,0,0.0,,,,,,,,RHCR-PP,0.0706,4.6361,780.0,1085.0,25_5_2_5_2_1,6,25,0,shared_pool,25.0,156.0
25,0,20,0.8,780,5178,508.0,10.193,1,780,84.665,108.538,1.0,0.9795,764.0,0,0.0,0,0.0,0.0,1.0,0.0,0.0,0.0912,0.5915,5.16,FLOWRRA,0.0,0.0,390.0,2589.0,25_5_2_5_2_1,7,25,0,shared_pool,,
25,1,25,1.0,28,279,,,0,28,0.0231,0.353,1.0,0.9107,25.5,0,0.0,0,0.0,,,,,,,,PP,0.0231,0.0,28.0,279.0,25_5_2_5_2_1,7,25,0,shared_pool,25.0,
25,1,25,1.0,28,279,,,0,28,0.0172,0.3489,1.0,0.9286,26.0,0,0.0,0,0.0,,,,,,,,PIBT,0.0172,0.0,28.0,279.0,25_5_2_5_2_1,7,25,0,shared_pool,25.0,
25,1,25,1.0,27,255,,,0,27,0.0973,3.9216,1.0,0.963,,0,0.0,0,0.0,,,,,,,,RHCR-PIBT,0.0169,0.0804,27.0,255.0,25_5_2_5_2_1,7,25,0,shared_pool,25.0,6.0
25,1,25,1.0,27,255,,,0,27,0.137,5.3917,1.0,0.963,,0,0.0,0,0.0,,,,,,,,RHCR-PP,0.0382,0.0988,27.0,255.0,25_5_2_5_2_1,7,25,0,shared_pool,25.0,6.0
25,0,16,0.64,780,8499,630.0,13.49,4,780,97.796,125.372,1.0,0.9064,707.0,0,0.0,0,0.0,1.0,3.0,1.0,2.0,0.1045,0.4892,8.27,FLOWRRA,0.0,0.0,390.0,4249.5,25_5_2_5_2_1,8,25,0,shared_pool,,
25,1,25,1.0,50,390,,,0,50,0.0523,0.3013,1.0,0.95,47.5,0,0.0,0,0.0,,,,,,,,PP,0.0523,0.0,50.0,390.0,25_5_2_5_2_1,8,25,0,shared_pool,25.0,
25,1,25,1.0,24,340,,,0,24,0.0575,0.6525,1.0,0.5,12.0,0,0.0,0,0.0,,,,,,,,PIBT,0.0575,0.0,24.0,340.0,25_5_2_5_2_1,8,25,0,shared_pool,25.0,
25,1,25,1.0,23,315,,,0,23,0.0827,4.0969,1.0,0.913,,0,0.0,0,0.0,,,,,,,,RHCR-PIBT,0.0169,0.0657,23.0,315.0,25_5_2_5_2_1,8,25,0,shared_pool,25.0,5.0
25,0,24,0.96,780,1096,,,0,780,3.7802,4.9381,1.0,0.9974,,0,0.0,0,0.0,,,,,,,,RHCR-PP,0.0925,3.6877,780.0,1096.0,25_5_2_5_2_1,8,25,0,shared_pool,25.0,156.0
25,0,20,0.8,780,5158,660.0,7.815,8,780,82.026,105.155,1.0,0.8494,662.5,0,0.0,0,0.0,6.0,2.0,7.0,8.0,0.0316,0.6163,8.53,FLOWRRA,0.0,0.0,390.0,2579.0,25_5_2_5_2_1,9,25,0,shared_pool,,
25,1,25,1.0,29,356,,,0,29,0.0225,0.3983,1.0,0.5862,17.0,0,0.0,0,0.0,,,,,,,,PP,0.0225,0.0,29.0,356.0,25_5_2_5_2_1,9,25,0,shared_pool,25.0,
25,1,25,1.0,29,356,,,0,29,0.0173,0.4016,1.0,0.5862,17.0,0,0.0,0,0.0,,,,,,,,PIBT,0.0173,0.0,29.0,356.0,25_5_2_5_2_1,9,25,0,shared_pool,25.0,
25,1,25,1.0,28,331,,,0,28,0.0977,3.863,1.0,0.5893,,0,0.0,0,0.0,,,,,,,,RHCR-PIBT,0.0169,0.0808,28.0,331.0,25_5_2_5_2_1,9,25,0,shared_pool,25.0,6.0
25,1,25,1.0,28,331,,,0,28,0.1823,6.8884,1.0,0.5893,,0,0.0,0,0.0,,,,,,,,RHCR-PP,0.0851,0.0973,28.0,331.0,25_5_2_5_2_1,9,25,0,shared_pool,25.0,6.0
25,1,25,1.0,238,2486,1868.0,1.331,0,238,69.86,293.523,1.0,1.0,238.0,0,0.0,0,0.0,0.0,0.0,0.0,0.0,0.0303,0.829,0.0,FLOWRRA,0.0,0.0,119.0,1243.0,50_10_10_10_5_2,0,25,0,shared_pool,,
25,1,25,1.0,90,959,,,0,90,0.3175,0.4254,1.0,1.0,90.0,0,0.0,0,0.0,,,,,,,,PP,0.3175,0.0,90.0,959.0,50_10_10_10_5_2,0,25,0,shared_pool,25.0,
25,1,25,1.0,90,959,,,0,90,0.3111,0.4255,1.0,1.0,90.0,0,0.0,0,0.0,,,,,,,,PIBT,0.3111,0.0,90.0,959.0,50_10_10_10_5_2,0,25,0,shared_pool,25.0,
25,1,25,1.0,89,934,,,0,89,5.5017,62.2405,1.0,1.0,,0,0.0,0,0.0,,,,,,,,RHCR-PIBT,0.3051,5.1965,89.0,934.0,50_10_10_10_5_2,0,25,0,shared_pool,25.0,18.0
25,1,25,1.0,89,934,,,0,89,6.8285,77.1561,1.0,1.0,,0,0.0,0,0.0,,,,,,,,RHCR-PP,0.4995,6.329,89.0,934.0,50_10_10_10_5_2,0,25,0,shared_pool,25.0,18.0
25,0,23,0.92,780,3400,1638.0,2.076,0,780,248.759,318.915,1.0,1.0,780.0,0,0.0,0,0.0,0.0,0.0,0.0,0.0,0.0451,0.5641,63.0,FLOWRRA,0.0,0.0,390.0,1700.0,50_10_10_10_5_2,1,25,0,shared_pool,,
25,1,25,1.0,106,844,,,0,106,0.3218,0.3396,1.0,1.0,106.0,0,0.0,0,0.0,,,,,,,,PP,0.3218,0.0,106.0,844.0,50_10_10_10_5_2,1,25,0,shared_pool,25.0,
25,1,25,1.0,106,844,,,0,106,0.3157,0.3402,1.0,1.0,106.0,0,0.0,0,0.0,,,,,,,,PIBT,0.3157,0.0,106.0,844.0,50_10_10_10_5_2,1,25,0,shared_pool,25.0,
25,1,25,1.0,105,819,,,0,105,6.5371,62.5981,1.0,1.0,,0,0.0,0,0.0,,,,,,,,RHCR-PIBT,0.3088,6.2283,105.0,819.0,50_10_10_10_5_2,1,25,0,shared_pool,25.0,21.0
25,1,25,1.0,105,819,,,0,105,7.362,70.4647,1.0,1.0,,0,0.0,0,0.0,,,,,,,,RHCR-PP,0.4783,6.8837,105.0,819.0,50_10_10_10_5_2,1,25,0,shared_pool,25.0,21.0
25,1,25,1.0,216,2019,1608.0,1.256,0,216,75.896,351.365,1.0,1.0,216.0,0,0.0,0,0.0,0.0,0.0,0.0,0.0,0.0233,0.8836,0.0,FLOWRRA,0.0,0.0,108.0,1009.5,50_10_10_10_5_2,2,25,0,shared_pool,,
25,1,25,1.0,87,829,,,0,87,0.3193,0.3768,1.0,0.9195,80.0,0,0.0,0,0.0,,,,,,,,PP,0.3193,0.0,87.0,829.0,50_10_10_10_5_2,2,25,0,shared_pool,25.0,
25,1,25,1.0,87,829,,,0,87,0.3119,0.3769,1.0,0.9195,80.0,0,0.0,0,0.0,,,,,,,,PIBT,0.3119,0.0,87.0,829.0,50_10_10_10_5_2,2,25,0,shared_pool,25.0,
25,1,25,1.0,86,804,,,0,86,5.5181,64.5396,1.0,0.9186,,0,0.0,0,0.0,,,,,,,,RHCR-PIBT,0.3076,5.2105,86.0,804.0,50_10_10_10_5_2,2,25,0,shared_pool,25.0,18.0
25,1,25,1.0,86,804,,,0,86,6.4525,75.4122,1.0,0.9186,,0,0.0,0,0.0,,,,,,,,RHCR-PP,0.5664,5.8861,86.0,804.0,50_10_10_10_5_2,2,25,0,shared_pool,25.0,18.0
25,0,23,0.92,780,3654,1750.0,2.088,1,780,258.413,331.291,1.0,0.9846,768.0,0,0.0,0,0.0,1.0,0.0,0.0,0.0,0.0427,0.913,1.84,FLOWRRA,0.0,0.0,390.0,1827.0,50_10_10_10_5_2,3,25,0,shared_pool,,
25,1,25,1.0,87,900,,,0,87,0.3215,0.4019,1.0,0.9655,84.0,0,0.0,0,0.0,,,,,,,,PP,0.3215,0.0,87.0,900.0,50_10_10_10_5_2,3,25,0,shared_pool,25.0,
25,1,25,1.0,87,900,,,0,87,0.316,0.3998,1.0,0.9655,84.0,0,0.0,0,0.0,,,,,,,,PIBT,0.316,0.0,87.0,900.0,50_10_10_10_5_2,3,25,0,shared_pool,25.0,
25,1,25,1.0,86,875,,,0,86,5.5679,65.1436,1.0,0.9651,,0,0.0,0,0.0,,,,,,,,RHCR-PIBT,0.3109,5.257,86.0,875.0,50_10_10_10_5_2,3,25,0,shared_pool,25.0,18.0
25,1,25,1.0,86,875,,,0,86,6.7344,78.7128,1.0,0.9651,,0,0.0,0,0.0,,,,,,,,RHCR-PP,0.4906,6.2438,86.0,875.0,50_10_10_10_5_2,3,25,0,shared_pool,25.0,18.0
25,0,24,0.96,780,2494,1480.0,1.685,0,780,255.046,326.975,1.0,1.0,780.0,0,0.0,0,0.0,0.0,0.0,0.0,0.0,0.0236,0.6431,59.0,FLOWRRA,0.0,0.0,390.0,1247.0,50_10_10_10_5_2,4,25,0,shared_pool,,
25,1,25,1.0,59,765,,,0,59,0.3235,0.5071,1.0,1.0,59.0,0,0.0,0,0.0,,,,,,,,PP,0.3235,0.0,59.0,765.0,50_10_10_10_5_2,4,25,0,shared_pool,25.0,
25,1,25,1.0,59,765,,,0,59,0.3118,0.5091,1.0,1.0,59.0,0,0.0,0,0.0,,,,,,,,PIBT,0.3118,0.0,59.0,765.0,50_10_10_10_5_2,4,25,0,shared_pool,25.0,
25,1,25,1.0,58,740,,,0,58,3.712,64.5093,1.0,1.0,,0,0.0,0,0.0,,,,,,,,RHCR-PIBT,0.3104,3.4016,58.0,740.0,50_10_10_10_5_2,4,25,0,shared_pool,25.0,12.0
25,1,25,1.0,58,740,,,0,58,4.5194,78.4347,1.0,1.0,,0,0.0,0,0.0,,,,,,,,RHCR-PP,0.4936,4.0258,58.0,740.0,50_10_10_10_5_2,4,25,0,shared_pool,25.0,12.0
25,1,25,1.0,217,2365,1844.0,1.283,0,217,74.657,344.037,1.0,1.0,217.0,0,0.0,0,0.0,0.0,0.0,0.0,0.0,0.0258,0.8584,0.0,FLOWRRA,0.0,0.0,108.5,1182.5,50_10_10_10_5_2,5,25,0,shared_pool,,
25,1,25,1.0,103,989,,,0,103,0.5016,0.3951,1.0,1.0,103.0,0,0.0,0,0.0,,,,,,,,PP,0.5016,0.0,103.0,989.0,50_10_10_10_5_2,5,25,0,shared_pool,25.0,
25,1,25,1.0,72,947,,,0,72,0.3518,0.533,1.0,0.8611,62.0,0,0.0,0,0.0,,,,,,,,PIBT,0.3518,0.0,72.0,947.0,50_10_10_10_5_2,5,25,0,shared_pool,25.0,
25,1,25,1.0,71,922,,,0,71,4.6431,65.9249,1.0,1.0,,0,0.0,0,0.0,,,,,,,,RHCR-PIBT,0.3082,4.3349,71.0,922.0,50_10_10_10_5_2,5,25,0,shared_pool,25.0,15.0
25,0,24,0.96,780,1642,,,0,780,49.0276,62.9844,1.0,1.0,,0,0.0,0,0.0,,,,,,,,RHCR-PP,0.5389,48.4887,780.0,1642.0,50_10_10_10_5_2,5,25,0,shared_pool,25.0,156.0
25,0,24,0.96,780,2844,1614.0,1.762,1,780,246.643,316.202,1.0,0.9699,756.5,0,0.0,0,0.0,1.0,0.0,0.0,0.0,0.0246,0.8474,3.26,FLOWRRA,0.0,0.0,390.0,1422.0,50_10_10_10_5_2,6,25,0,shared_pool,,
25,1,25,1.0,85,833,,,0,85,0.3174,0.3959,1.0,0.9529,81.0,0,0.0,0,0.0,,,,,,,,PP,0.3174,0.0,85.0,833.0,50_10_10_10_5_2,6,25,0,shared_pool,25.0,
25,1,25,1.0,85,833,,,0,85,0.3118,0.3995,1.0,0.9471,80.5,0,0.0,0,0.0,,,,,,,,PIBT,0.3118,0.0,85.0,833.0,50_10_10_10_5_2,6,25,0,shared_pool,25.0,
25,1,25,1.0,84,808,,,0,84,5.2016,62.325,1.0,0.9464,,0,0.0,0,0.0,,,,,,,,RHCR-PIBT,0.3057,4.8959,84.0,808.0,50_10_10_10_5_2,6,25,0,shared_pool,25.0,17.0
25,1,25,1.0,84,808,,,0,84,6.3359,75.8298,1.0,0.9524,,0,0.0,0,0.0,,,,,,,,RHCR-PP,0.5402,5.7957,84.0,808.0,50_10_10_10_5_2,6,25,0,shared_pool,25.0,17.0
25,0,23,0.92,780,3202,1318.0,2.429,0,780,255.092,327.034,1.0,0.9987,779.0,0,0.0,0,0.0,0.0,0.0,0.0,0.0,0.031,0.6999,7.63,FLOWRRA,0.0,0.0,390.0,1601.0,50_10_10_10_5_2,7,25,0,shared_pool,,
25,1,25,1.0,68,684,,,0,68,0.3211,0.3559,1.0,0.9632,65.5,0,0.0,0,0.0,,,,,,,,PP,0.3211,0.0,68.0,684.0,50_10_10_10_5_2,7,25,0,shared_pool,25.0,
25,1,25,1.0,68,684,,,0,68,0.3174,0.3551,1.0,0.8015,54.5,0,0.0,0,0.0,,,,,,,,PIBT,0.3174,0.0,68.0,684.0,50_10_10_10_5_2,7,25,0,shared_pool,25.0,
25,1,25,1.0,67,659,,,0,67,4.3354,65.0615,1.0,0.806,,0,0.0,0,0.0,,,,,,,,RHCR-PIBT,0.3079,4.0275,67.0,659.0,50_10_10_10_5_2,7,25,0,shared_pool,25.0,14.0
25,1,25,1.0,67,659,,,0,67,5.3531,80.2782,1.0,0.806,,0,0.0,0,0.0,,,,,,,,RHCR-PP,0.4628,4.8903,67.0,659.0,50_10_10_10_5_2,7,25,0,shared_pool,25.0,14.0
25,1,25,1.0,200,2099,1734.0,1.21,0,200,67.801,338.999,1.0,0.9575,191.5,0,0.0,0,0.0,0.0,0.0,0.0,0.0,0.0244,0.8914,0.0,FLOWRRA,0.0,0.0,100.0,1049.5,50_10_10_10_5_2,8,25,0,shared_pool,,
25,1,25,1.0,84,892,,,0,84,0.32,0.4038,1.0,1.0,84.0,0,0.0,0,0.0,,,,,,,,PP,0.32,0.0,84.0,892.0,50_10_10_10_5_2,8,25,0,shared_pool,25.0,
25,1,25,1.0,84,892,,,0,84,0.3102,0.4019,1.0,0.994,83.5,0,0.0,0,0.0,,,,,,,,PIBT,0.3102,0.0,84.0,892.0,50_10_10_10_5_2,8,25,0,shared_pool,25.0,
25,1,25,1.0,83,867,,,0,83,5.2175,63.2635,1.0,1.0,,0,0.0,0,0.0,,,,,,,,RHCR-PIBT,0.3105,4.907,83.0,867.0,50_10_10_10_5_2,8,25,0,shared_pool,25.0,17.0
25,1,25,1.0,83,869,,,0,83,6.4268,77.841,1.0,1.0,,0,0.0,0,0.0,,,,,,,,RHCR-PP,0.5273,5.8996,83.0,869.0,50_10_10_10_5_2,8,25,0,shared_pool,25.0,17.0
25,0,23,0.92,780,3940,1930.0,2.041,1,780,238.598,305.887,1.0,0.9455,737.5,0,0.0,0,0.0,1.0,0.0,0.0,0.0,0.0425,0.867,7.56,FLOWRRA,0.0,0.0,390.0,1970.0,50_10_10_10_5_2,9,25,0,shared_pool,,
25,1,25,1.0,89,1051,,,0,89,0.5928,0.46,1.0,0.8652,77.0,0,0.0,0,0.0,,,,,,,,PP,0.5928,0.0,89.0,1051.0,50_10_10_10_5_2,9,25,0,shared_pool,25.0,
25,1,25,1.0,89,990,,,0,89,0.3493,0.4308,1.0,0.809,72.0,0,0.0,0,0.0,,,,,,,,PIBT,0.3493,0.0,89.0,990.0,50_10_10_10_5_2,9,25,0,shared_pool,25.0,
25,1,25,1.0,88,965,,,0,88,5.5102,63.0488,1.0,0.892,,0,0.0,0,0.0,,,,,,,,RHCR-PIBT,0.3086,5.2016,88.0,965.0,50_10_10_10_5_2,9,25,0,shared_pool,25.0,18.0
25,1,25,1.0,88,965,,,0,88,6.9935,79.9137,1.0,0.9091,,0,0.0,0,0.0,,,,,,,,RHCR-PP,0.4912,6.5023,88.0,965.0,50_10_10_10_5_2,9,25,0,shared_pool,25.0,18.0
25,1,25,1.0,243,2555,1494.0,1.71,0,243,53.564,220.42,1.0,1.0,243.0,0,0.0,0,0.0,0.0,0.0,0.0,0.0,0.064,0.7523,0.0,FLOWRRA,0.0,0.0,121.5,1277.5,50_10_2_10_5_2,0,25,0,shared_pool,,
25,1,25,1.0,54,772,,,0,54,0.1536,0.5448,1.0,1.0,54.0,0,0.0,0,0.0,,,,,,,,PP,0.1536,0.0,54.0,772.0,50_10_2_10_5_2,0,25,0,shared_pool,25.0,
25,1,25,1.0,54,772,,,0,54,0.1413,0.5415,1.0,1.0,54.0,0,0.0,0,0.0,,,,,,,,PIBT,0.1413,0.0,54.0,772.0,50_10_2_10_5_2,0,25,0,shared_pool,25.0,
25,1,25,1.0,53,747,,,0,53,1.5339,29.4878,1.0,1.0,,0,0.0,0,0.0,,,,,,,,RHCR-PIBT,0.1393,1.3946,53.0,747.0,50_10_2_10_5_2,0,25,0,shared_pool,25.0,11.0
25,1,25,1.0,53,747,,,0,53,2.633,50.238,1.0,1.0,,0,0.0,0,0.0,,,,,,,,RHCR-PP,0.3093,2.3237,53.0,747.0,50_10_2_10_5_2,0,25,0,shared_pool,25.0,11.0
25,0,23,0.92,780,3625,1246.0,2.909,0,780,159.05,203.903,1.0,0.9923,774.0,0,0.0,0,0.0,0.0,0.0,0.0,0.0,0.0459,0.5727,11.5,FLOWRRA,0.0,0.0,390.0,1812.5,50_10_2_10_5_2,1,25,0,shared_pool,,
25,1,25,1.0,47,648,,,0,47,0.1507,0.5076,1.0,1.0,47.0,0,0.0,0,0.0,,,,,,,,PP,0.1507,0.0,47.0,648.0,50_10_2_10_5_2,1,25,0,shared_pool,25.0,
25,1,25,1.0,47,648,,,0,47,0.1423,0.5117,1.0,1.0,47.0,0,0.0,0,0.0,,,,,,,,PIBT,0.1423,0.0,47.0,648.0,50_10_2_10_5_2,1,25,0,shared_pool,25.0,
25,1,25,1.0,46,623,,,0,46,1.3701,30.2948,1.0,1.0,,0,0.0,0,0.0,,,,,,,,RHCR-PIBT,0.1395,1.2306,46.0,623.0,50_10_2_10_5_2,1,25,0,shared_pool,25.0,10.0
25,1,25,1.0,46,623,,,0,46,2.2228,48.8298,1.0,1.0,,0,0.0,0,0.0,,,,,,,,RHCR-PP,0.3363,1.8865,46.0,623.0,50_10_2_10_5_2,1,25,0,shared_pool,25.0,10.0
25,0,24,0.96,780,2713,1200.0,2.261,0,780,168.977,216.63,1.0,1.0,780.0,0,0.0,0,0.0,0.0,0.0,0.0,0.0,0.0312,0.5514,39.5,FLOWRRA,0.0,0.0,390.0,1356.5,50_10_2_10_5_2,2,25,0,shared_pool,,
25,1,25,1.0,62,625,,,0,62,0.1652,0.3764,1.0,1.0,62.0,0,0.0,0,0.0,,,,,,,,PP,0.1652,0.0,62.0,625.0,50_10_2_10_5_2,2,25,0,shared_pool,25.0,
25,1,25,1.0,62,625,,,0,62,0.148,0.3745,1.0,1.0,62.0,0,0.0,0,0.0,,,,,,,,PIBT,0.148,0.0,62.0,625.0,50_10_2_10_5_2,2,25,0,shared_pool,25.0,
25,1,25,1.0,61,600,,,0,61,1.8264,30.3096,1.0,1.0,,0,0.0,0,0.0,,,,,,,,RHCR-PIBT,0.1462,1.6802,61.0,600.0,50_10_2_10_5_2,2,25,0,shared_pool,25.0,13.0
25,1,25,1.0,61,600,,,0,61,2.5718,42.5376,1.0,1.0,,0,0.0,0,0.0,,,,,,,,RHCR-PP,0.3691,2.2027,61.0,600.0,50_10_2_10_5_2,2,25,0,shared_pool,25.0,13.0
25,0,24,0.96,780,4062,1410.0,2.881,0,780,161.813,207.445,1.0,0.9974,778.0,0,0.0,0,0.0,0.0,0.0,0.0,0.0,0.0527,0.5652,21.25,FLOWRRA,0.0,0.0,390.0,2031.0,50_10_2_10_5_2,3,25,0,shared_pool,,
25,1,25,1.0,54,730,,,0,54,0.1478,0.5263,1.0,1.0,54.0,0,0.0,0,0.0,,,,,,,,PP,0.1478,0.0,54.0,730.0,50_10_2_10_5_2,3,25,0,shared_pool,25.0,
25,1,25,1.0,54,730,,,0,54,0.1452,0.524,1.0,1.0,54.0,0,0.0,0,0.0,,,,,,,,PIBT,0.1452,0.0,54.0,730.0,50_10_2_10_5_2,3,25,0,shared_pool,25.0,
25,1,25,1.0,53,705,,,0,53,1.5161,29.1324,1.0,1.0,,0,0.0,0,0.0,,,,,,,,RHCR-PIBT,0.1414,1.3747,53.0,705.0,50_10_2_10_5_2,3,25,0,shared_pool,25.0,11.0
25,1,25,1.0,53,705,,,0,53,2.6728,50.9609,1.0,1.0,,0,0.0,0,0.0,,,,,,,,RHCR-PP,0.3741,2.2987,53.0,705.0,50_10_2_10_5_2,3,25,0,shared_pool,25.0,11.0
25,0,23,0.92,780,3620,1212.0,2.987,1,780,162.124,207.844,1.0,0.9641,752.0,0,0.0,0,0.0,1.0,0.0,0.0,0.0,0.0179,0.4511,12.0,FLOWRRA,0.0,0.0,390.0,1810.0,50_10_2_10_5_2,4,25,0,shared_pool,,
25,1,25,1.0,57,631,,,0,57,0.1513,0.4087,1.0,0.9737,55.5,0,0.0,0,0.0,,,,,,,,PP,0.1513,0.0,57.0,631.0,50_10_2_10_5_2,4,25,0,shared_pool,25.0,
25,1,25,1.0,57,631,,,0,57,0.1471,0.4122,1.0,0.9737,55.5,0,0.0,0,0.0,,,,,,,,PIBT,0.1471,0.0,57.0,631.0,50_10_2_10_5_2,4,25,0,shared_pool,25.0,
25,1,25,1.0,56,606,,,0,56,1.6687,30.2079,1.0,0.9732,,0,0.0,0,0.0,,,,,,,,RHCR-PIBT,0.1418,1.527,56.0,606.0,50_10_2_10_5_2,4,25,0,shared_pool,25.0,12.0
25,1,25,1.0,56,606,,,0,56,2.6057,46.9436,1.0,0.9732,,0,0.0,0,0.0,,,,,,,,RHCR-PP,0.3501,2.2556,56.0,606.0,50_10_2_10_5_2,4,25,0,shared_pool,25.0,12.0
25,0,23,0.92,780,3271,1152.0,2.839,0,780,172.701,221.404,1.0,1.0,780.0,0,0.0,0,0.0,0.0,0.0,0.0,0.0,0.0466,0.4317,40.25,FLOWRRA,0.0,0.0,390.0,1635.5,50_10_2_10_5_2,5,25,0,shared_pool,,
25,1,25,1.0,49,630,,,0,49,0.1537,0.486,1.0,0.7551,37.0,0,0.0,0,0.0,,,,,,,,PP,0.1537,0.0,49.0,630.0,50_10_2_10_5_2,5,25,0,shared_pool,25.0,
25,1,25,1.0,49,601,,,0,49,0.1853,0.4766,1.0,0.9082,44.5,0,0.0,0,0.0,,,,,,,,PIBT,0.1853,0.0,49.0,601.0,50_10_2_10_5_2,5,25,0,shared_pool,25.0,
25,1,25,1.0,48,576,,,0,48,1.3793,29.1846,1.0,1.0,,0,0.0,0,0.0,,,,,,,,RHCR-PIBT,0.1421,1.2372,48.0,576.0,50_10_2_10_5_2,5,25,0,shared_pool,25.0,10.0
25,1,25,1.0,48,576,,,0,48,2.197,46.2242,1.0,1.0,,0,0.0,0,0.0,,,,,,,,RHCR-PP,0.3348,1.8622,48.0,576.0,50_10_2_10_5_2,5,25,0,shared_pool,25.0,10.0
25,0,23,0.92,780,3702,1200.0,3.085,0,780,152.788,195.875,1.0,1.0,780.0,0,0.0,0,0.0,0.0,0.0,0.0,0.0,0.0552,0.4449,45.75,FLOWRRA,0.0,0.0,390.0,1851.0,50_10_2_10_5_2,6,25,0,shared_pool,,
25,1,25,1.0,44,625,,,0,44,0.1512,0.5357,1.0,1.0,44.0,0,0.0,0,0.0,,,,,,,,PP,0.1512,0.0,44.0,625.0,50_10_2_10_5_2,6,25,0,shared_pool,25.0,
25,1,25,1.0,44,625,,,0,44,0.143,0.5442,1.0,1.0,44.0,0,0.0,0,0.0,,,,,,,,PIBT,0.143,0.0,44.0,625.0,50_10_2_10_5_2,6,25,0,shared_pool,25.0,
25,1,25,1.0,43,600,,,0,43,1.2567,29.752,1.0,1.0,,0,0.0,0,0.0,,,,,,,,RHCR-PIBT,0.142,1.1147,43.0,600.0,50_10_2_10_5_2,6,25,0,shared_pool,25.0,9.0
25,1,25,1.0,43,600,,,0,43,1.9875,46.7566,1.0,1.0,,0,0.0,0,0.0,,,,,,,,RHCR-PP,0.4132,1.5743,43.0,600.0,50_10_2_10_5_2,6,25,0,shared_pool,25.0,9.0
25,1,25,1.0,187,2577,1220.0,2.112,0,187,40.642,217.329,1.0,1.0,187.0,0,0.0,0,0.0,0.0,0.0,0.0,0.0,0.0755,0.6861,0.0,FLOWRRA,0.0,0.0,93.5,1288.5,50_10_2_10_5_2,7,25,0,shared_pool,,
25,1,25,1.0,59,635,,,0,59,0.1465,0.4407,1.0,1.0,59.0,0,0.0,0,0.0,,,,,,,,PP,0.1465,0.0,59.0,635.0,50_10_2_10_5_2,7,25,0,shared_pool,25.0,
25,1,25,1.0,59,635,,,0,59,0.1417,0.4378,1.0,1.0,59.0,0,0.0,0,0.0,,,,,,,,PIBT,0.1417,0.0,59.0,635.0,50_10_2_10_5_2,7,25,0,shared_pool,25.0,
25,1,25,1.0,58,610,,,0,58,1.6432,28.7674,1.0,1.0,,0,0.0,0,0.0,,,,,,,,RHCR-PIBT,0.1425,1.5008,58.0,610.0,50_10_2_10_5_2,7,25,0,shared_pool,25.0,12.0
25,1,25,1.0,58,610,,,0,58,2.1476,37.4695,1.0,1.0,,0,0.0,0,0.0,,,,,,,,RHCR-PP,0.2868,1.8608,58.0,610.0,50_10_2_10_5_2,7,25,0,shared_pool,25.0,12.0
25,0,24,0.96,780,3032,1456.0,2.082,0,780,155.573,199.446,1.0,0.9929,774.5,0,0.0,0,0.0,0.0,0.0,0.0,0.0,0.0204,0.6135,61.0,FLOWRRA,0.0,0.0,390.0,1516.0,50_10_2_10_5_2,8,25,0,shared_pool,,
25,1,25,1.0,66,753,,,0,66,0.171,0.4211,1.0,1.0,66.0,0,0.0,0,0.0,,,,,,,,PP,0.171,0.0,66.0,753.0,50_10_2_10_5_2,8,25,0,shared_pool,25.0,
25,1,25,1.0,66,753,,,0,66,0.1473,0.4243,1.0,1.0,66.0,0,0.0,0,0.0,,,,,,,,PIBT,0.1473,0.0,66.0,753.0,50_10_2_10_5_2,8,25,0,shared_pool,25.0,
25,1,25,1.0,65,728,,,0,65,1.8655,29.1227,1.0,1.0,,0,0.0,0,0.0,,,,,,,,RHCR-PIBT,0.1448,1.7208,65.0,728.0,50_10_2_10_5_2,8,25,0,shared_pool,25.0,13.0
25,1,25,1.0,65,728,,,0,65,2.8636,44.4799,1.0,1.0,,0,0.0,0,0.0,,,,,,,,RHCR-PP,0.4881,2.3755,65.0,728.0,50_10_2_10_5_2,8,25,0,shared_pool,25.0,13.0
25,0,24,0.96,780,2950,1336.0,2.208,0,780,158.771,203.545,1.0,1.0,780.0,0,0.0,0,0.0,0.0,0.0,0.0,0.0,0.0349,0.5444,48.0,FLOWRRA,0.0,0.0,390.0,1475.0,50_10_2_10_5_2,9,25,0,shared_pool,,
25,1,25,1.0,49,693,,,0,49,0.1515,0.5537,1.0,1.0,49.0,0,0.0,0,0.0,,,,,,,,PP,0.1515,0.0,49.0,693.0,50_10_2_10_5_2,9,25,0,shared_pool,25.0,
25,1,25,1.0,49,693,,,0,49,0.1414,0.5639,1.0,1.0,49.0,0,0.0,0,0.0,,,,,,,,PIBT,0.1414,0.0,49.0,693.0,50_10_2_10_5_2,9,25,0,shared_pool,25.0,
25,1,25,1.0,48,668,,,0,48,1.3921,29.5561,1.0,1.0,,0,0.0,0,0.0,,,,,,,,RHCR-PIBT,0.1401,1.252,48.0,668.0,50_10_2_10_5_2,9,25,0,shared_pool,25.0,10.0
25,1,25,1.0,48,668,,,0,48,2.3593,49.7092,1.0,1.0,,0,0.0,0,0.0,,,,,,,,RHCR-PP,0.42,1.9393,48.0,668.0,50_10_2_10_5_2,9,25,0,shared_pool,25.0,10.0
25,1,25,1.0,311,2869,1852.0,1.549,0,311,92.729,298.158,1.0,1.0,311.0,0,0.0,0,0.0,0.0,0.0,0.0,0.0,0.043,0.77,0.0,FLOWRRA,0.0,0.0,155.5,1434.5,50_10_5_10_10_2,0,25,0,shared_pool,,
25,1,25,1.0,96,951,,,0,96,0.2541,0.3707,1.0,0.9948,95.5,0,0.0,0,0.0,,,,,,,,PP,0.2541,0.0,96.0,951.0,50_10_5_10_10_2,0,25,0,shared_pool,25.0,
25,1,25,1.0,96,951,,,0,96,0.2421,0.3668,1.0,0.9948,95.5,0,0.0,0,0.0,,,,,,,,PIBT,0.2421,0.0,96.0,951.0,50_10_5_10_10_2,0,25,0,shared_pool,25.0,
25,1,25,1.0,95,926,,,0,95,4.5438,48.1976,1.0,0.9947,,0,0.0,0,0.0,,,,,,,,RHCR-PIBT,0.2401,4.3036,95.0,926.0,50_10_5_10_10_2,0,25,0,shared_pool,25.0,19.0
25,1,25,1.0,95,926,,,0,95,5.7405,60.804,1.0,0.9947,,0,0.0,0,0.0,,,,,,,,RHCR-PP,0.4134,5.3271,95.0,926.0,50_10_5_10_10_2,0,25,0,shared_pool,25.0,19.0
25,0,21,0.84,780,5658,1672.0,3.384,3,780,207.335,265.807,1.0,0.9404,733.5,0,0.0,0,0.0,3.0,0.0,0.0,0.0,0.0735,0.7192,2.45,FLOWRRA,0.0,0.0,390.0,2829.0,50_10_5_10_10_2,1,25,0,shared_pool,,
25,1,25,1.0,83,861,,,0,83,0.2467,0.371,1.0,0.9819,81.5,0,0.0,0,0.0,,,,,,,,PP,0.2467,0.0,83.0,861.0,50_10_5_10_10_2,1,25,0,shared_pool,25.0,
25,1,25,1.0,83,861,,,0,83,0.2366,0.3715,1.0,0.9819,81.5,0,0.0,0,0.0,,,,,,,,PIBT,0.2366,0.0,83.0,861.0,50_10_5_10_10_2,1,25,0,shared_pool,25.0,
25,1,25,1.0,82,836,,,0,82,3.9821,48.9344,1.0,0.9817,,0,0.0,0,0.0,,,,,,,,RHCR-PIBT,0.2339,3.7481,82.0,836.0,50_10_5_10_10_2,1,25,0,shared_pool,25.0,17.0
25,1,25,1.0,82,836,,,0,82,5.1551,63.245,1.0,0.9817,,0,0.0,0,0.0,,,,,,,,RHCR-PP,0.4345,4.7206,82.0,836.0,50_10_5_10_10_2,1,25,0,shared_pool,25.0,17.0
25,0,23,0.92,780,3369,1502.0,2.243,0,780,216.225,277.204,1.0,0.9981,778.5,0,0.0,0,0.0,0.0,0.0,0.0,0.0,0.0444,0.9062,0.27,FLOWRRA,0.0,0.0,390.0,1684.5,50_10_5_10_10_2,2,25,0,shared_pool,,
25,1,25,1.0,54,776,,,0,54,0.2503,0.5638,1.0,0.9722,52.5,0,0.0,0,0.0,,,,,,,,PP,0.2503,0.0,54.0,776.0,50_10_5_10_10_2,2,25,0,shared_pool,25.0,
25,1,25,1.0,54,777,,,0,54,0.2427,0.563,1.0,0.963,52.0,0,0.0,0,0.0,,,,,,,,PIBT,0.2427,0.0,54.0,777.0,50_10_5_10_10_2,2,25,0,shared_pool,25.0,
25,1,25,1.0,53,752,,,0,53,2.5842,49.322,1.0,0.9623,,0,0.0,0,0.0,,,,,,,,RHCR-PIBT,0.2397,2.3444,53.0,752.0,50_10_5_10_10_2,2,25,0,shared_pool,25.0,11.0
25,1,25,1.0,53,751,,,0,53,3.2743,62.3481,1.0,0.9717,,0,0.0,0,0.0,,,,,,,,RHCR-PP,0.4175,2.8568,53.0,751.0,50_10_5_10_10_2,2,25,0,shared_pool,25.0,11.0
25,0,23,0.92,780,3439,1678.0,2.049,0,780,202.694,259.858,1.0,0.991,773.0,0,0.0,0,0.0,0.0,0.0,0.0,0.0,0.0247,0.6813,31.5,FLOWRRA,0.0,0.0,390.0,1719.5,50_10_5_10_10_2,3,25,0,shared_pool,,
25,1,25,1.0,65,864,,,0,65,0.2561,0.4904,1.0,0.9,58.5,0,0.0,0,0.0,,,,,,,,PP,0.2561,0.0,65.0,864.0,50_10_5_10_10_2,3,25,0,shared_pool,25.0,
25,1,25,1.0,65,864,,,0,65,0.2382,0.4868,1.0,0.9,58.5,0,0.0,0,0.0,,,,,,,,PIBT,0.2382,0.0,65.0,864.0,50_10_5_10_10_2,3,25,0,shared_pool,25.0,
25,1,25,1.0,64,839,,,0,64,3.0185,47.6522,1.0,0.8984,,0,0.0,0,0.0,,,,,,,,RHCR-PIBT,0.2329,2.7856,64.0,839.0,50_10_5_10_10_2,3,25,0,shared_pool,25.0,13.0
25,1,25,1.0,64,839,,,0,64,3.9857,62.7743,1.0,0.8984,,0,0.0,0,0.0,,,,,,,,RHCR-PP,0.4069,3.5788,64.0,839.0,50_10_5_10_10_2,3,25,0,shared_pool,25.0,13.0
25,0,24,0.96,780,2259,1350.0,1.673,0,780,202.985,260.23,1.0,1.0,780.0,0,0.0,0,0.0,0.0,0.0,0.0,0.0,0.0216,0.6844,68.0,FLOWRRA,0.0,0.0,390.0,1129.5,50_10_5_10_10_2,4,25,0,shared_pool,,
25,1,25,1.0,68,700,,,0,68,0.2513,0.3546,1.0,0.9485,64.5,0,0.0,0,0.0,,,,,,,,PP,0.2513,0.0,68.0,700.0,50_10_5_10_10_2,4,25,0,shared_pool,25.0,
25,1,25,1.0,68,700,,,0,68,0.24,0.3501,1.0,0.9485,64.5,0,0.0,0,0.0,,,,,,,,PIBT,0.24,0.0,68.0,700.0,50_10_5_10_10_2,4,25,0,shared_pool,25.0,
25,1,25,1.0,67,676,,,0,67,3.3598,50.499,1.0,0.9478,,0,0.0,0,0.0,,,,,,,,RHCR-PIBT,0.2449,3.1149,67.0,676.0,50_10_5_10_10_2,4,25,0,shared_pool,25.0,14.0
25,1,25,1.0,67,676,,,0,67,3.8468,57.7722,1.0,0.9478,,0,0.0,0,0.0,,,,,,,,RHCR-PP,0.3565,3.4904,67.0,676.0,50_10_5_10_10_2,4,25,0,shared_pool,25.0,14.0
25,1,25,1.0,145,1803,1534.0,1.175,0,145,40.317,278.042,1.0,1.0,145.0,0,0.0,0,0.0,0.0,0.0,0.0,0.0,0.0166,0.9013,0.0,FLOWRRA,0.0,0.0,72.5,901.5,50_10_5_10_10_2,5,25,0,shared_pool,,
25,1,25,1.0,67,792,,,0,67,0.2434,0.475,1.0,1.0,67.0,0,0.0,0,0.0,,,,,,,,PP,0.2434,0.0,67.0,792.0,50_10_5_10_10_2,5,25,0,shared_pool,25.0,
25,1,25,1.0,67,792,,,0,67,0.2373,0.4756,1.0,0.9851,66.0,0,0.0,0,0.0,,,,,,,,PIBT,0.2373,0.0,67.0,792.0,50_10_5_10_10_2,5,25,0,shared_pool,25.0,
25,1,25,1.0,66,767,,,0,66,3.2718,50.0471,1.0,0.9848,,0,0.0,0,0.0,,,,,,,,RHCR-PIBT,0.2332,3.0386,66.0,767.0,50_10_5_10_10_2,5,25,0,shared_pool,25.0,14.0
25,1,25,1.0,66,767,,,0,66,4.1432,63.2526,1.0,0.9848,,0,0.0,0,0.0,,,,,,,,RHCR-PP,0.4199,3.7233,66.0,767.0,50_10_5_10_10_2,5,25,0,shared_pool,25.0,14.0
25,0,22,0.88,780,3956,1488.0,2.659,2,780,220.193,282.291,1.0,0.9673,754.5,0,0.0,0,0.0,2.0,0.0,1.0,2.0,0.0637,0.7323,38.64,FLOWRRA,0.0,0.0,390.0,1978.0,50_10_5_10_10_2,6,25,0,shared_pool,,
25,1,25,1.0,60,769,,,0,60,0.2499,0.4807,1.0,0.9917,59.5,0,0.0,0,0.0,,,,,,,,PP,0.2499,0.0,60.0,769.0,50_10_5_10_10_2,6,25,0,shared_pool,25.0,
25,1,25,1.0,60,769,,,0,60,0.2397,0.481,1.0,0.9917,59.5,0,0.0,0,0.0,,,,,,,,PIBT,0.2397,0.0,60.0,769.0,50_10_5_10_10_2,6,25,0,shared_pool,25.0,
25,1,25,1.0,59,744,,,0,59,2.8574,48.9077,1.0,1.0,,0,0.0,0,0.0,,,,,,,,RHCR-PIBT,0.2415,2.6159,59.0,744.0,50_10_5_10_10_2,6,25,0,shared_pool,25.0,12.0
25,1,25,1.0,59,744,,,0,59,3.5076,59.9382,1.0,1.0,,0,0.0,0,0.0,,,,,,,,RHCR-PP,0.4432,3.0644,59.0,744.0,50_10_5_10_10_2,6,25,0,shared_pool,25.0,12.0
25,1,25,1.0,191,2032,1630.0,1.247,0,191,55.079,288.365,1.0,1.0,191.0,0,0.0,0,0.0,0.0,0.0,0.0,0.0,0.0276,0.8784,0.0,FLOWRRA,0.0,0.0,95.5,1016.0,50_10_5_10_10_2,7,25,0,shared_pool,,
25,1,25,1.0,75,840,,,0,75,0.2522,0.4189,1.0,1.0,75.0,0,0.0,0,0.0,,,,,,,,PP,0.2522,0.0,75.0,840.0,50_10_5_10_10_2,7,25,0,shared_pool,25.0,
25,1,25,1.0,75,840,,,0,75,0.2393,0.4199,1.0,1.0,75.0,0,0.0,0,0.0,,,,,,,,PIBT,0.2393,0.0,75.0,840.0,50_10_5_10_10_2,7,25,0,shared_pool,25.0,
25,1,25,1.0,74,815,,,0,74,3.5147,47.9184,1.0,1.0,,0,0.0,0,0.0,,,,,,,,RHCR-PIBT,0.2341,3.2806,74.0,815.0,50_10_5_10_10_2,7,25,0,shared_pool,25.0,15.0
25,1,25,1.0,74,815,,,0,74,4.4096,60.0184,1.0,1.0,,0,0.0,0,0.0,,,,,,,,RHCR-PP,0.3808,4.0288,74.0,815.0,50_10_5_10_10_2,7,25,0,shared_pool,25.0,15.0
25,0,21,0.84,780,5032,2322.0,2.167,0,780,227.403,291.536,1.0,0.9968,777.5,0,0.0,0,0.0,0.0,0.0,0.0,0.0,0.0381,0.4915,46.27,FLOWRRA,0.0,0.0,390.0,2516.0,50_10_5_10_10_2,8,25,0,shared_pool,,
25,1,25,1.0,118,1186,,,0,118,0.2563,0.3555,1.0,1.0,118.0,0,0.0,0,0.0,,,,,,,,PP,0.2563,0.0,118.0,1186.0,50_10_5_10_10_2,8,25,0,shared_pool,25.0,
25,1,25,1.0,118,1186,,,0,118,0.247,0.3558,1.0,1.0,118.0,0,0.0,0,0.0,,,,,,,,PIBT,0.247,0.0,118.0,1186.0,50_10_5_10_10_2,8,25,0,shared_pool,25.0,
25,1,25,1.0,117,1161,,,0,117,5.7274,49.3152,1.0,1.0,,0,0.0,0,0.0,,,,,,,,RHCR-PIBT,0.2383,5.4892,117.0,1161.0,50_10_5_10_10_2,8,25,0,shared_pool,25.0,24.0
25,1,25,1.0,117,1161,,,0,117,7.4133,63.7271,1.0,1.0,,0,0.0,0,0.0,,,,,,,,RHCR-PP,0.3881,7.0252,117.0,1161.0,50_10_5_10_10_2,8,25,0,shared_pool,25.0,24.0
25,0,24,0.96,780,2559,1412.0,1.812,0,780,212.984,273.049,1.0,1.0,780.0,0,0.0,0,0.0,0.0,0.0,0.0,0.0,0.0168,0.7206,68.0,FLOWRRA,0.0,0.0,390.0,1279.5,50_10_5_10_10_2,9,25,0,shared_pool,,
25,1,25,1.0,71,731,,,0,71,0.2477,0.3637,1.0,1.0,71.0,0,0.0,0,0.0,,,,,,,,PP,0.2477,0.0,71.0,731.0,50_10_5_10_10_2,9,25,0,shared_pool,25.0,
25,1,25,1.0,71,731,,,0,71,0.2393,0.3731,1.0,1.0,71.0,0,0.0,0,0.0,,,,,,,,PIBT,0.2393,0.0,71.0,731.0,50_10_5_10_10_2,9,25,0,shared_pool,25.0,
25,1,25,1.0,70,706,,,0,70,3.3027,47.5473,1.0,1.0,,0,0.0,0,0.0,,,,,,,,RHCR-PIBT,0.2401,3.0626,70.0,706.0,50_10_5_10_10_2,9,25,0,shared_pool,25.0,14.0
25,1,25,1.0,70,706,,,0,70,3.9611,56.9593,1.0,1.0,,0,0.0,0,0.0,,,,,,,,RHCR-PP,0.3355,3.6256,70.0,706.0,50_10_5_10_10_2,9,25,0,shared_pool,25.0,14.0
25,1,25,1.0,221,2045,1198.0,1.707,0,221,51.867,234.686,1.0,1.0,221.0,0,0.0,0,0.0,0.0,0.0,0.0,0.0,0.049,0.7413,0.0,FLOWRRA,0.0,0.0,110.5,1022.5,50_10_5_10_2_2,0,25,0,shared_pool,,
25,1,25,1.0,60,624,,,0,60,0.1991,0.4038,1.0,0.975,58.5,0,0.0,0,0.0,,,,,,,,PP,0.1991,0.0,60.0,624.0,50_10_5_10_2_2,0,25,0,shared_pool,25.0,
25,1,25,1.0,60,624,,,0,60,0.1889,0.4003,1.0,0.975,58.5,0,0.0,0,0.0,,,,,,,,PIBT,0.1889,0.0,60.0,624.0,50_10_5_10_2_2,0,25,0,shared_pool,25.0,
25,1,25,1.0,59,599,,,0,59,2.2373,38.3205,1.0,0.9746,,0,0.0,0,0.0,,,,,,,,RHCR-PIBT,0.1893,2.048,59.0,599.0,50_10_5_10_2_2,0,25,0,shared_pool,25.0,12.0
25,1,25,1.0,59,599,,,0,59,3.2306,55.1604,1.0,0.9746,,0,0.0,0,0.0,,,,,,,,RHCR-PP,0.4666,2.7639,59.0,599.0,50_10_5_10_2_2,0,25,0,shared_pool,25.0,12.0
25,0,22,0.88,780,4270,1126.0,3.792,0,780,182.258,233.657,1.0,0.9942,775.5,0,0.0,0,0.0,0.0,0.0,0.0,0.0,0.0638,0.5998,16.95,FLOWRRA,0.0,0.0,390.0,2135.0,50_10_5_10_2_2,1,25,0,shared_pool,,
25,1,25,1.0,51,588,,,0,51,0.198,0.4347,1.0,1.0,51.0,0,0.0,0,0.0,,,,,,,,PP,0.198,0.0,51.0,588.0,50_10_5_10_2_2,1,25,0,shared_pool,25.0,
25,1,25,1.0,51,588,,,0,51,0.1892,0.432,1.0,1.0,51.0,0,0.0,0,0.0,,,,,,,,PIBT,0.1892,0.0,51.0,588.0,50_10_5_10_2_2,1,25,0,shared_pool,25.0,
25,1,25,1.0,50,563,,,0,50,1.8575,37.574,1.0,1.0,,0,0.0,0,0.0,,,,,,,,RHCR-PIBT,0.1906,1.6669,50.0,563.0,50_10_5_10_2_2,1,25,0,shared_pool,25.0,10.0
25,1,25,1.0,50,563,,,0,50,2.4078,48.5878,1.0,1.0,,0,0.0,0,0.0,,,,,,,,RHCR-PP,0.2838,2.1241,50.0,563.0,50_10_5_10_2_2,1,25,0,shared_pool,25.0,10.0
25,0,24,0.96,780,2633,1272.0,2.07,1,780,167.274,214.448,1.0,0.9949,776.0,0,0.0,0,0.0,1.0,0.0,0.0,0.0,0.0265,0.8397,1.15,FLOWRRA,0.0,0.0,390.0,1316.5,50_10_5_10_2_2,2,25,0,shared_pool,,
25,1,25,1.0,63,661,,,0,63,0.199,0.4183,1.0,0.9841,62.0,0,0.0,0,0.0,,,,,,,,PP,0.199,0.0,63.0,661.0,50_10_5_10_2_2,2,25,0,shared_pool,25.0,
25,1,25,1.0,63,661,,,0,63,0.189,0.4205,1.0,1.0,63.0,0,0.0,0,0.0,,,,,,,,PIBT,0.189,0.0,63.0,661.0,50_10_5_10_2_2,2,25,0,shared_pool,25.0,
25,1,25,1.0,62,636,,,0,62,2.4422,39.8087,1.0,1.0,,0,0.0,0,0.0,,,,,,,,RHCR-PIBT,0.1872,2.255,62.0,636.0,50_10_5_10_2_2,2,25,0,shared_pool,25.0,13.0
25,1,25,1.0,62,636,,,0,62,3.2555,52.9294,1.0,0.9839,,0,0.0,0,0.0,,,,,,,,RHCR-PP,0.3191,2.9364,62.0,636.0,50_10_5_10_2_2,2,25,0,shared_pool,25.0,13.0
25,1,25,1.0,226,2319,1384.0,1.676,0,226,53.114,235.01,1.0,1.0,226.0,0,0.0,0,0.0,0.0,0.0,0.0,0.0,0.0513,0.7581,0.0,FLOWRRA,0.0,0.0,113.0,1159.5,50_10_5_10_2_2,3,25,0,shared_pool,,
25,1,25,1.0,61,717,,,0,61,0.2009,0.4416,1.0,0.9836,60.0,0,0.0,0,0.0,,,,,,,,PP,0.2009,0.0,61.0,717.0,50_10_5_10_2_2,3,25,0,shared_pool,25.0,
25,1,25,1.0,61,717,,,0,61,0.1901,0.4405,1.0,0.9836,60.0,0,0.0,0,0.0,,,,,,,,PIBT,0.1901,0.0,61.0,717.0,50_10_5_10_2_2,3,25,0,shared_pool,25.0,
25,1,25,1.0,60,692,,,0,60,2.2069,37.2192,1.0,0.9833,,0,0.0,0,0.0,,,,,,,,RHCR-PIBT,0.186,2.0209,60.0,692.0,50_10_5_10_2_2,3,25,0,shared_pool,25.0,12.0
25,1,25,1.0,60,692,,,0,60,3.7018,62.139,1.0,0.9833,,0,0.0,0,0.0,,,,,,,,RHCR-PP,0.4619,3.2399,60.0,692.0,50_10_5_10_2_2,3,25,0,shared_pool,25.0,12.0
25,1,25,1.0,201,2160,1246.0,1.734,0,201,44.889,223.323,1.0,1.0,201.0,0,0.0,0,0.0,0.0,0.0,0.0,0.0,0.0539,0.7532,0.0,FLOWRRA,0.0,0.0,100.5,1080.0,50_10_5_10_2_2,4,25,0,shared_pool,,
25,1,25,1.0,53,648,,,0,53,0.2015,0.4448,1.0,1.0,53.0,0,0.0,0,0.0,,,,,,,,PP,0.2015,0.0,53.0,648.0,50_10_5_10_2_2,4,25,0,shared_pool,25.0,
25,1,25,1.0,53,648,,,0,53,0.1926,0.4456,1.0,1.0,53.0,0,0.0,0,0.0,,,,,,,,PIBT,0.1926,0.0,53.0,648.0,50_10_5_10_2_2,4,25,0,shared_pool,25.0,
25,1,25,1.0,52,623,,,0,52,2.0603,40.0593,1.0,1.0,,0,0.0,0,0.0,,,,,,,,RHCR-PIBT,0.1876,1.8727,52.0,623.0,50_10_5_10_2_2,4,25,0,shared_pool,25.0,11.0
25,1,25,1.0,52,623,,,0,52,2.7727,53.7696,1.0,1.0,,0,0.0,0,0.0,,,,,,,,RHCR-PP,0.4116,2.3611,52.0,623.0,50_10_5_10_2_2,4,25,0,shared_pool,25.0,11.0
25,0,24,0.96,780,2917,1258.0,2.319,0,780,165.561,212.25,1.0,1.0,780.0,0,0.0,0,0.0,0.0,0.0,0.0,0.0,0.0351,0.5413,39.5,FLOWRRA,0.0,0.0,390.0,1458.5,50_10_5_10_2_2,5,25,0,shared_pool,,
25,1,25,1.0,46,654,,,0,46,0.1999,0.5336,1.0,1.0,46.0,0,0.0,0,0.0,,,,,,,,PP,0.1999,0.0,46.0,654.0,50_10_5_10_2_2,5,25,0,shared_pool,25.0,
25,1,25,1.0,46,654,,,0,46,0.1871,0.5346,1.0,1.0,46.0,0,0.0,0,0.0,,,,,,,,PIBT,0.1871,0.0,46.0,654.0,50_10_5_10_2_2,5,25,0,shared_pool,25.0,
25,1,25,1.0,45,629,,,0,45,1.6674,37.587,1.0,1.0,,0,0.0,0,0.0,,,,,,,,RHCR-PIBT,0.1866,1.4808,45.0,629.0,50_10_5_10_2_2,5,25,0,shared_pool,25.0,9.0
25,1,25,1.0,45,629,,,0,45,2.6145,58.64,1.0,1.0,,0,0.0,0,0.0,,,,,,,,RHCR-PP,0.4225,2.1921,45.0,629.0,50_10_5_10_2_2,5,25,0,shared_pool,25.0,9.0
25,0,22,0.88,780,4492,1212.0,3.706,2,780,158.48,203.173,1.0,0.9372,731.0,0,0.0,0,0.0,2.0,0.0,0.0,0.0,0.0543,0.5007,21.08,FLOWRRA,0.0,0.0,390.0,2246.0,50_10_5_10_2_2,6,25,0,shared_pool,,
25,1,25,1.0,51,631,,,0,51,0.1992,0.4721,1.0,0.902,46.0,0,0.0,0,0.0,,,,,,,,PP,0.1992,0.0,51.0,631.0,50_10_5_10_2_2,6,25,0,shared_pool,25.0,
25,1,25,1.0,51,631,,,0,51,0.1906,0.4709,1.0,0.8431,43.0,0,0.0,0,0.0,,,,,,,,PIBT,0.1906,0.0,51.0,631.0,50_10_5_10_2_2,6,25,0,shared_pool,25.0,
25,1,25,1.0,50,606,,,0,50,1.8644,37.7562,1.0,0.85,,0,0.0,0,0.0,,,,,,,,RHCR-PIBT,0.1882,1.6763,50.0,606.0,50_10_5_10_2_2,6,25,0,shared_pool,25.0,10.0
25,1,25,1.0,50,607,,,0,50,3.0391,61.2527,1.0,0.86,,0,0.0,0,0.0,,,,,,,,RHCR-PP,0.5094,2.5297,50.0,607.0,50_10_5_10_2_2,6,25,0,shared_pool,25.0,10.0
25,1,25,1.0,182,1962,1166.0,1.683,0,182,42.647,234.316,1.0,1.0,182.0,0,0.0,0,0.0,0.0,0.0,0.0,0.0,0.0382,0.7548,0.0,FLOWRRA,0.0,0.0,91.0,981.0,50_10_5_10_2_2,7,25,0,shared_pool,,
25,1,25,1.0,49,608,,,0,49,0.1971,0.4878,1.0,0.8776,43.0,0,0.0,0,0.0,,,,,,,,PP,0.1971,0.0,49.0,608.0,50_10_5_10_2_2,7,25,0,shared_pool,25.0,
25,1,25,1.0,49,608,,,0,49,0.1876,0.4929,1.0,0.8776,43.0,0,0.0,0,0.0,,,,,,,,PIBT,0.1876,0.0,49.0,608.0,50_10_5_10_2_2,7,25,0,shared_pool,25.0,
25,1,25,1.0,48,583,,,0,48,1.8327,38.6643,1.0,0.875,,0,0.0,0,0.0,,,,,,,,RHCR-PIBT,0.1838,1.6489,48.0,583.0,50_10_5_10_2_2,7,25,0,shared_pool,25.0,10.0
25,1,25,1.0,48,583,,,0,48,2.5217,53.0234,1.0,0.875,,0,0.0,0,0.0,,,,,,,,RHCR-PP,0.4246,2.0971,48.0,583.0,50_10_5_10_2_2,7,25,0,shared_pool,25.0,10.0
25,0,21,0.84,780,5128,1310.0,3.915,2,780,157.63,202.083,1.0,0.9846,768.0,0,0.0,0,0.0,2.0,0.0,0.0,0.0,0.0721,0.631,23.01,FLOWRRA,0.0,0.0,390.0,2564.0,50_10_5_10_2_2,8,25,0,shared_pool,,
25,1,25,1.0,55,680,,,0,55,0.1987,0.4604,1.0,0.9364,51.5,0,0.0,0,0.0,,,,,,,,PP,0.1987,0.0,55.0,680.0,50_10_5_10_2_2,8,25,0,shared_pool,25.0,
25,1,25,1.0,55,680,,,0,55,0.1924,0.4684,1.0,0.9364,51.5,0,0.0,0,0.0,,,,,,,,PIBT,0.1924,0.0,55.0,680.0,50_10_5_10_2_2,8,25,0,shared_pool,25.0,
25,1,25,1.0,54,655,,,0,54,2.0531,38.4803,1.0,0.9444,,0,0.0,0,0.0,,,,,,,,RHCR-PIBT,0.1871,1.866,54.0,655.0,50_10_5_10_2_2,8,25,0,shared_pool,25.0,11.0
25,1,25,1.0,54,655,,,0,54,3.1052,57.9722,1.0,0.9444,,0,0.0,0,0.0,,,,,,,,RHCR-PP,0.5356,2.5696,54.0,655.0,50_10_5_10_2_2,8,25,0,shared_pool,25.0,11.0
25,0,24,0.96,780,3120,1532.0,2.037,0,780,163.578,209.709,1.0,0.9942,775.5,0,0.0,0,0.0,0.0,0.0,0.0,0.0,0.0188,0.7074,5.18,FLOWRRA,0.0,0.0,390.0,1560.0,50_10_5_10_2_2,9,25,0,shared_pool,,
25,1,25,1.0,66,791,,,0,66,0.1985,0.4774,1.0,1.0,66.0,0,0.0,0,0.0,,,,,,,,PP,0.1985,0.0,66.0,791.0,50_10_5_10_2_2,9,25,0,shared_pool,25.0,
25,1,25,1.0,66,791,,,0,66,0.1899,0.4882,1.0,1.0,66.0,0,0.0,0,0.0,,,,,,,,PIBT,0.1899,0.0,66.0,791.0,50_10_5_10_2_2,9,25,0,shared_pool,25.0,
25,1,25,1.0,65,766,,,0,65,2.4218,37.7431,1.0,1.0,,0,0.0,0,0.0,,,,,,,,RHCR-PIBT,0.1863,2.2354,65.0,766.0,50_10_5_10_2_2,9,25,0,shared_pool,25.0,13.0
25,1,25,1.0,65,766,,,0,65,3.6334,56.3854,1.0,1.0,,0,0.0,0,0.0,,,,,,,,RHCR-PP,0.418,3.2154,65.0,766.0,50_10_5_10_2_2,9,25,0,shared_pool,25.0,13.0
25,1,25,1.0,212,1867,1180.0,1.582,0,212,49.198,232.058,1.0,1.0,212.0,0,0.0,0,0.0,0.0,0.0,0.0,0.0,0.0358,0.7611,0.0,FLOWRRA,0.0,0.0,106.0,933.5,50_10_5_10_5_1,0,25,0,shared_pool,,
25,1,25,1.0,47,615,,,0,47,0.2007,0.4926,1.0,0.9787,46.0,0,0.0,0,0.0,,,,,,,,PP,0.2007,0.0,47.0,615.0,50_10_5_10_5_1,0,25,0,shared_pool,25.0,
25,1,25,1.0,47,615,,,0,47,0.1955,0.4894,1.0,0.9787,46.0,0,0.0,0,0.0,,,,,,,,PIBT,0.1955,0.0,47.0,615.0,50_10_5_10_5_1,0,25,0,shared_pool,25.0,
25,1,25,1.0,46,590,,,0,46,1.8764,41.2785,1.0,0.9783,,0,0.0,0,0.0,,,,,,,,RHCR-PIBT,0.1894,1.6871,46.0,590.0,50_10_5_10_5_1,0,25,0,shared_pool,25.0,10.0
25,1,25,1.0,46,590,,,0,46,2.35,51.579,1.0,0.9783,,0,0.0,0,0.0,,,,,,,,RHCR-PP,0.3533,1.9966,46.0,590.0,50_10_5_10_5_1,0,25,0,shared_pool,25.0,10.0
25,1,25,1.0,193,1870,1310.0,1.427,0,193,42.814,221.829,1.0,1.0,193.0,0,0.0,0,0.0,0.0,0.0,0.0,0.0,0.0303,0.8166,0.0,FLOWRRA,0.0,0.0,96.5,935.0,50_10_5_10_5_1,1,25,0,shared_pool,,
25,1,25,1.0,64,680,,,0,64,0.1979,0.4036,1.0,1.0,64.0,0,0.0,0,0.0,,,,,,,,PP,0.1979,0.0,64.0,680.0,50_10_5_10_5_1,1,25,0,shared_pool,25.0,
25,1,25,1.0,64,680,,,0,64,0.1885,0.4045,1.0,1.0,64.0,0,0.0,0,0.0,,,,,,,,PIBT,0.1885,0.0,64.0,680.0,50_10_5_10_5_1,1,25,0,shared_pool,25.0,
25,1,25,1.0,63,655,,,0,63,2.4211,38.8298,1.0,1.0,,0,0.0,0,0.0,,,,,,,,RHCR-PIBT,0.1859,2.2351,63.0,655.0,50_10_5_10_5_1,1,25,0,shared_pool,25.0,13.0
25,1,25,1.0,63,655,,,0,63,2.7447,43.9741,1.0,1.0,,0,0.0,0,0.0,,,,,,,,RHCR-PP,0.2677,2.477,63.0,655.0,50_10_5_10_5_1,1,25,0,shared_pool,25.0,13.0
25,0,23,0.92,780,3493,1408.0,2.481,2,780,154.669,198.287,1.0,0.9417,734.5,0,0.0,0,0.0,1.0,1.0,0.0,0.0,0.0466,0.6653,23.89,FLOWRRA,0.0,0.0,390.0,1746.5,50_10_5_10_5_1,2,25,0,shared_pool,,
25,1,25,1.0,54,729,,,0,54,0.1993,0.5304,1.0,0.8611,46.5,0,0.0,0,0.0,,,,,,,,PP,0.1993,0.0,54.0,729.0,50_10_5_10_5_1,2,25,0,shared_pool,25.0,
25,1,25,1.0,54,729,,,0,54,0.1918,0.53,1.0,0.8611,46.5,0,0.0,0,0.0,,,,,,,,PIBT,0.1918,0.0,54.0,729.0,50_10_5_10_5_1,2,25,0,shared_pool,25.0,
25,1,25,1.0,53,704,,,0,53,2.06,39.3909,1.0,0.8679,,0,0.0,0,0.0,,,,,,,,RHCR-PIBT,0.1921,1.8679,53.0,704.0,50_10_5_10_5_1,2,25,0,shared_pool,25.0,11.0
25,1,25,1.0,53,704,,,0,53,2.9878,56.9035,1.0,0.8679,,0,0.0,0,0.0,,,,,,,,RHCR-PP,0.4132,2.5746,53.0,704.0,50_10_5_10_5_1,2,25,0,shared_pool,25.0,11.0
25,1,25,1.0,180,1897,1438.0,1.319,0,180,44.385,246.577,1.0,1.0,180.0,0,0.0,0,0.0,0.0,0.0,0.0,0.0,0.0433,0.8171,0.0,FLOWRRA,0.0,0.0,90.0,948.5,50_10_5_10_5_1,3,25,0,shared_pool,,
25,1,25,1.0,66,744,,,0,66,0.1967,0.4371,1.0,1.0,66.0,0,0.0,0,0.0,,,,,,,,PP,0.1967,0.0,66.0,744.0,50_10_5_10_5_1,3,25,0,shared_pool,25.0,
25,1,25,1.0,66,744,,,0,66,0.1912,0.4341,1.0,1.0,66.0,0,0.0,0,0.0,,,,,,,,PIBT,0.1912,0.0,66.0,744.0,50_10_5_10_5_1,3,25,0,shared_pool,25.0,
25,1,25,1.0,65,719,,,0,65,2.4468,38.0792,1.0,1.0,,0,0.0,0,0.0,,,,,,,,RHCR-PIBT,0.188,2.2589,65.0,719.0,50_10_5_10_5_1,3,25,0,shared_pool,25.0,13.0
25,1,25,1.0,65,719,,,0,65,3.2954,51.1365,1.0,1.0,,0,0.0,0,0.0,,,,,,,,RHCR-PP,0.3508,2.9446,65.0,719.0,50_10_5_10_5_1,3,25,0,shared_pool,25.0,13.0
25,1,25,1.0,332,2307,1476.0,1.563,0,332,73.076,220.101,1.0,1.0,332.0,0,0.0,0,0.0,0.0,0.0,0.0,0.0,0.0263,0.7937,0.0,FLOWRRA,0.0,0.0,166.0,1153.5,50_10_5_10_5_1,4,25,0,shared_pool,,
25,1,25,1.0,65,763,,,0,65,0.202,0.4516,1.0,1.0,65.0,0,0.0,0,0.0,,,,,,,,PP,0.202,0.0,65.0,763.0,50_10_5_10_5_1,4,25,0,shared_pool,25.0,
25,1,25,1.0,65,763,,,0,65,0.1922,0.458,1.0,1.0,65.0,0,0.0,0,0.0,,,,,,,,PIBT,0.1922,0.0,65.0,763.0,50_10_5_10_5_1,4,25,0,shared_pool,25.0,
25,1,25,1.0,64,738,,,0,64,2.4513,38.7528,1.0,1.0,,0,0.0,0,0.0,,,,,,,,RHCR-PIBT,0.1895,2.2618,64.0,738.0,50_10_5_10_5_1,4,25,0,shared_pool,25.0,13.0
25,1,25,1.0,64,738,,,0,64,3.2745,51.6235,1.0,1.0,,0,0.0,0,0.0,,,,,,,,RHCR-PP,0.3651,2.9094,64.0,738.0,50_10_5_10_5_1,4,25,0,shared_pool,25.0,13.0
25,0,24,0.96,780,3514,1554.0,2.261,0,780,183.27,234.955,1.0,1.0,780.0,0,0.0,0,0.0,0.0,0.0,0.0,0.0,0.0428,0.5435,55.0,FLOWRRA,0.0,0.0,390.0,1757.0,50_10_5_10_5_1,5,25,0,shared_pool,,
25,1,25,1.0,62,802,,,0,62,0.1989,0.5004,1.0,0.879,54.5,0,0.0,0,0.0,,,,,,,,PP,0.1989,0.0,62.0,802.0,50_10_5_10_5_1,5,25,0,shared_pool,25.0,
25,1,25,1.0,62,802,,,0,62,0.1924,0.5139,1.0,0.9274,57.5,0,0.0,0,0.0,,,,,,,,PIBT,0.1924,0.0,62.0,802.0,50_10_5_10_5_1,5,25,0,shared_pool,25.0,
25,1,25,1.0,61,777,,,0,61,2.4143,40.0794,1.0,1.0,,0,0.0,0,0.0,,,,,,,,RHCR-PIBT,0.1853,2.229,61.0,777.0,50_10_5_10_5_1,5,25,0,shared_pool,25.0,13.0
25,1,25,1.0,61,777,,,0,61,3.6417,60.2055,1.0,0.9754,,0,0.0,0,0.0,,,,,,,,RHCR-PP,0.4176,3.2241,61.0,777.0,50_10_5_10_5_1,5,25,0,shared_pool,25.0,13.0
25,0,21,0.84,780,5494,1410.0,3.896,3,780,161.916,207.577,1.0,0.8532,665.5,0,0.0,0,0.0,3.0,0.0,2.0,3.0,0.0946,0.4896,26.03,FLOWRRA,0.0,0.0,390.0,2747.0,50_10_5_10_5_1,6,25,0,shared_pool,,
25,1,25,1.0,85,788,,,0,85,0.4617,0.3349,1.0,0.9882,84.0,0,0.0,0,0.0,,,,,,,,PP,0.4617,0.0,85.0,788.0,50_10_5_10_5_1,6,25,0,shared_pool,25.0,
25,1,25,1.0,60,731,,,0,60,0.2306,0.4713,1.0,0.6333,38.0,0,0.0,0,0.0,,,,,,,,PIBT,0.2306,0.0,60.0,731.0,50_10_5_10_5_1,6,25,0,shared_pool,25.0,
25,1,25,1.0,59,706,,,0,59,2.2812,39.0897,1.0,0.9746,,0,0.0,0,0.0,,,,,,,,RHCR-PIBT,0.1921,2.0891,59.0,706.0,50_10_5_10_5_1,6,25,0,shared_pool,25.0,12.0
25,0,24,0.96,780,1459,,,0,780,31.304,40.2476,1.0,0.9987,,0,0.0,0,0.0,,,,,,,,RHCR-PP,0.4249,30.8791,780.0,1459.0,50_10_5_10_5_1,6,25,0,shared_pool,25.0,156.0
25,0,24,0.96,780,2570,1448.0,1.775,0,780,172.659,221.351,1.0,1.0,780.0,0,0.0,0,0.0,0.0,0.0,0.0,0.0,0.0224,0.6233,45.5,FLOWRRA,0.0,0.0,390.0,1285.0,50_10_5_10_5_1,7,25,0,shared_pool,,
25,1,25,1.0,59,749,,,0,59,0.202,0.5033,1.0,1.0,59.0,0,0.0,0,0.0,,,,,,,,PP,0.202,0.0,59.0,749.0,50_10_5_10_5_1,7,25,0,shared_pool,25.0,
25,1,25,1.0,59,749,,,0,59,0.1887,0.505,1.0,1.0,59.0,0,0.0,0,0.0,,,,,,,,PIBT,0.1887,0.0,59.0,749.0,50_10_5_10_5_1,7,25,0,shared_pool,25.0,
25,1,25,1.0,58,724,,,0,58,2.2248,38.8556,1.0,1.0,,0,0.0,0,0.0,,,,,,,,RHCR-PIBT,0.1865,2.0382,58.0,724.0,50_10_5_10_5_1,7,25,0,shared_pool,25.0,12.0
25,1,25,1.0,58,724,,,0,58,3.078,53.5771,1.0,1.0,,0,0.0,0,0.0,,,,,,,,RHCR-PP,0.3564,2.7216,58.0,724.0,50_10_5_10_5_1,7,25,0,shared_pool,25.0,12.0
25,0,23,0.92,780,3521,1624.0,2.168,2,780,165.339,211.966,1.0,0.5417,422.5,0,0.0,0,0.0,2.0,0.0,1.0,2.0,0.0399,0.8895,18.36,FLOWRRA,0.0,0.0,390.0,1760.5,50_10_5_10_5_1,8,25,0,shared_pool,,
25,1,25,1.0,66,837,,,0,66,0.2025,0.5101,1.0,0.9545,63.0,0,0.0,0,0.0,,,,,,,,PP,0.2025,0.0,66.0,837.0,50_10_5_10_5_1,8,25,0,shared_pool,25.0,
25,1,25,1.0,66,837,,,0,66,0.1922,0.5094,1.0,0.8864,58.5,0,0.0,0,0.0,,,,,,,,PIBT,0.1922,0.0,66.0,837.0,50_10_5_10_5_1,8,25,0,shared_pool,25.0,
25,1,25,1.0,65,812,,,0,65,2.4697,38.5055,1.0,0.8846,,0,0.0,0,0.0,,,,,,,,RHCR-PIBT,0.1895,2.2802,65.0,812.0,50_10_5_10_5_1,8,25,0,shared_pool,25.0,13.0
25,1,25,1.0,65,812,,,0,65,3.3836,52.5714,1.0,0.8846,,0,0.0,0,0.0,,,,,,,,RHCR-PP,0.4394,2.9442,65.0,812.0,50_10_5_10_5_1,8,25,0,shared_pool,25.0,13.0
25,0,22,0.88,780,4042,1556.0,2.598,1,780,184.999,237.171,1.0,0.9808,765.0,0,0.0,0,0.0,0.0,1.0,0.0,0.0,0.0526,0.7185,36.66,FLOWRRA,0.0,0.0,390.0,2021.0,50_10_5_10_5_1,9,25,0,shared_pool,,
25,1,25,1.0,63,803,,,0,63,0.1996,0.4948,1.0,0.9841,62.0,0,0.0,0,0.0,,,,,,,,PP,0.1996,0.0,63.0,803.0,50_10_5_10_5_1,9,25,0,shared_pool,25.0,
25,1,25,1.0,63,803,,,0,63,0.19,0.4884,1.0,0.9841,62.0,0,0.0,0,0.0,,,,,,,,PIBT,0.19,0.0,63.0,803.0,50_10_5_10_5_1,9,25,0,shared_pool,25.0,
25,1,25,1.0,62,778,,,0,62,2.4505,40.0142,1.0,0.9839,,0,0.0,0,0.0,,,,,,,,RHCR-PIBT,0.1883,2.2622,62.0,778.0,50_10_5_10_5_1,9,25,0,shared_pool,25.0,13.0
25,1,25,1.0,62,778,,,0,62,3.4606,56.313,1.0,0.9839,,0,0.0,0,0.0,,,,,,,,RHCR-PP,0.5334,2.9272,62.0,778.0,50_10_5_10_5_1,9,25,0,shared_pool,25.0,13.0
25,0,23,0.92,780,3184,1224.0,2.601,1,780,171.564,219.947,1.0,0.9353,729.5,0,0.0,0,0.0,1.0,0.0,0.0,0.0,0.0428,0.7129,16.0,FLOWRRA,0.0,0.0,390.0,1592.0,50_10_5_10_5_2,0,25,0,shared_pool,,
25,1,25,1.0,40,637,,,0,40,0.2192,0.6193,1.0,0.9625,38.5,0,0.0,0,0.0,,,,,,,,PP,0.2192,0.0,40.0,637.0,50_10_5_10_5_2,0,25,0,shared_pool,25.0,
25,1,25,1.0,40,637,,,0,40,0.208,0.6148,1.0,0.9625,38.5,0,0.0,0,0.0,,,,,,,,PIBT,0.208,0.0,40.0,637.0,50_10_5_10_5_2,0,25,0,shared_pool,25.0,
25,1,25,1.0,39,612,,,0,39,1.6443,42.7692,1.0,0.9744,,0,0.0,0,0.0,,,,,,,,RHCR-PIBT,0.2093,1.435,39.0,612.0,50_10_5_10_5_2,0,25,0,shared_pool,25.0,8.0
25,1,25,1.0,39,612,,,0,39,2.1861,56.6689,1.0,0.9744,,0,0.0,0,0.0,,,,,,,,RHCR-PP,0.4213,1.7648,39.0,612.0,50_10_5_10_5_2,0,25,0,shared_pool,25.0,8.0
25,1,25,1.0,272,1758,1194.0,1.472,0,272,62.295,229.018,1.0,1.0,272.0,0,0.0,0,0.0,0.0,0.0,0.0,0.0,0.0237,0.8015,0.0,FLOWRRA,0.0,0.0,136.0,879.0,50_10_5_10_5_2,1,25,0,shared_pool,,
25,1,25,1.0,54,626,,,0,54,0.2296,0.4128,1.0,1.0,54.0,0,0.0,0,0.0,,,,,,,,PP,0.2296,0.0,54.0,626.0,50_10_5_10_5_2,1,25,0,shared_pool,25.0,
25,1,25,1.0,54,622,,,0,54,0.2496,0.4202,1.0,0.8796,47.5,0,0.0,0,0.0,,,,,,,,PIBT,0.2496,0.0,54.0,622.0,50_10_5_10_5_2,1,25,0,shared_pool,25.0,
25,1,25,1.0,53,597,,,0,53,2.2937,43.6815,1.0,1.0,,0,0.0,0,0.0,,,,,,,,RHCR-PIBT,0.207,2.0867,53.0,597.0,50_10_5_10_5_2,1,25,0,shared_pool,25.0,11.0
25,1,25,1.0,53,601,,,0,53,2.9196,55.5036,1.0,1.0,,0,0.0,0,0.0,,,,,,,,RHCR-PP,0.2991,2.6206,53.0,601.0,50_10_5_10_5_2,1,25,0,shared_pool,25.0,11.0
25,0,23,0.92,780,3299,1422.0,2.32,0,780,173.425,222.333,1.0,0.9981,778.5,0,0.0,0,0.0,0.0,0.0,0.0,0.0,0.0332,0.789,7.48,FLOWRRA,0.0,0.0,390.0,1649.5,50_10_5_10_5_2,2,25,0,shared_pool,,
25,1,25,1.0,82,760,,,0,82,0.2538,0.3686,1.0,1.0,82.0,0,0.0,0,0.0,,,,,,,,PP,0.2538,0.0,82.0,760.0,50_10_5_10_5_2,2,25,0,shared_pool,25.0,
25,1,25,1.0,58,736,,,0,58,0.2495,0.4956,1.0,0.8103,47.0,0,0.0,0,0.0,,,,,,,,PIBT,0.2495,0.0,58.0,736.0,50_10_5_10_5_2,2,25,0,shared_pool,25.0,
25,1,25,1.0,57,711,,,0,57,2.4699,43.8116,1.0,1.0,,0,0.0,0,0.0,,,,,,,,RHCR-PIBT,0.2144,2.2555,57.0,711.0,50_10_5_10_5_2,2,25,0,shared_pool,25.0,12.0
25,0,24,0.96,780,1434,,,0,780,33.2792,42.7816,1.0,1.0,,0,0.0,0,0.0,,,,,,,,RHCR-PP,0.4092,32.8701,780.0,1434.0,50_10_5_10_5_2,2,25,0,shared_pool,25.0,156.0
25,0,23,0.92,780,3275,1212.0,2.702,2,780,169.812,217.701,1.0,0.941,734.0,0,0.0,0,0.0,2.0,0.0,1.0,2.0,0.0425,0.8553,4.11,FLOWRRA,0.0,0.0,390.0,1637.5,50_10_5_10_5_2,3,25,0,shared_pool,,
25,1,25,1.0,63,646,,,0,63,0.2197,0.4118,1.0,0.9444,59.5,0,0.0,0,0.0,,,,,,,,PP,0.2197,0.0,63.0,646.0,50_10_5_10_5_2,3,25,0,shared_pool,25.0,
25,1,25,1.0,61,631,,,0,61,0.2455,0.4112,1.0,0.7459,45.5,0,0.0,0,0.0,,,,,,,,PIBT,0.2455,0.0,61.0,631.0,50_10_5_10_5_2,3,25,0,shared_pool,25.0,
25,1,25,1.0,60,606,,,0,60,2.4632,41.4562,1.0,0.9833,,0,0.0,0,0.0,,,,,,,,RHCR-PIBT,0.2065,2.2568,60.0,606.0,50_10_5_10_5_2,3,25,0,shared_pool,25.0,12.0
25,0,24,0.96,780,1326,,,0,780,33.5528,43.128,1.0,0.9987,,0,0.0,0,0.0,,,,,,,,RHCR-PP,0.407,33.1458,780.0,1326.0,50_10_5_10_5_2,3,25,0,shared_pool,25.0,156.0
25,0,21,0.84,780,4990,1568.0,3.182,0,780,179.676,230.346,1.0,0.9974,778.0,0,0.0,0,0.0,0.0,0.0,0.0,0.0,0.0859,0.4764,37.67,FLOWRRA,0.0,0.0,390.0,2495.0,50_10_5_10_5_2,4,25,0,shared_pool,,
25,1,25,1.0,61,809,,,0,61,0.2168,0.5001,1.0,0.9836,60.0,0,0.0,0,0.0,,,,,,,,PP,0.2168,0.0,61.0,809.0,50_10_5_10_5_2,4,25,0,shared_pool,25.0,
25,1,25,1.0,61,809,,,0,61,0.209,0.4971,1.0,0.9836,60.0,0,0.0,0,0.0,,,,,,,,PIBT,0.209,0.0,61.0,809.0,50_10_5_10_5_2,4,25,0,shared_pool,25.0,
25,1,25,1.0,60,784,,,0,60,2.4784,41.8027,1.0,0.9833,,0,0.0,0,0.0,,,,,,,,RHCR-PIBT,0.2065,2.2718,60.0,784.0,50_10_5_10_5_2,4,25,0,shared_pool,25.0,12.0
25,1,25,1.0,60,784,,,0,60,3.7412,62.8556,1.0,0.9833,,0,0.0,0,0.0,,,,,,,,RHCR-PP,0.4162,3.325,60.0,784.0,50_10_5_10_5_2,4,25,0,shared_pool,25.0,12.0
25,0,23,0.92,780,3365,1442.0,2.334,2,780,168.483,215.997,1.0,0.509,397.0,0,0.0,0,0.0,0.0,2.0,1.0,2.0,0.0455,0.6758,12.33,FLOWRRA,0.0,0.0,390.0,1682.5,50_10_5_10_5_2,5,25,0,shared_pool,,
25,1,25,1.0,60,746,,,0,60,0.2182,0.4525,1.0,0.975,58.5,0,0.0,0,0.0,,,,,,,,PP,0.2182,0.0,60.0,746.0,50_10_5_10_5_2,5,25,0,shared_pool,25.0,
25,1,25,1.0,60,746,,,0,60,0.2114,0.4561,1.0,0.975,58.5,0,0.0,0,0.0,,,,,,,,PIBT,0.2114,0.0,60.0,746.0,50_10_5_10_5_2,5,25,0,shared_pool,25.0,
25,1,25,1.0,59,721,,,0,59,2.4891,42.6406,1.0,0.9746,,0,0.0,0,0.0,,,,,,,,RHCR-PIBT,0.2086,2.2805,59.0,721.0,50_10_5_10_5_2,5,25,0,shared_pool,25.0,12.0
25,1,25,1.0,59,721,,,0,59,3.3445,57.1448,1.0,0.9746,,0,0.0,0,0.0,,,,,,,,RHCR-PP,0.4366,2.9079,59.0,721.0,50_10_5_10_5_2,5,25,0,shared_pool,25.0,12.0
25,0,22,0.88,780,3887,1292.0,3.009,0,780,170.759,218.915,1.0,0.9885,771.0,0,0.0,0,0.0,0.0,0.0,0.0,0.0,0.0465,0.5626,4.13,FLOWRRA,0.0,0.0,390.0,1943.5,50_10_5_10_5_2,6,25,0,shared_pool,,
25,1,25,1.0,77,689,,,0,77,0.2502,0.3596,1.0,0.9805,75.5,0,0.0,0,0.0,,,,,,,,PP,0.2502,0.0,77.0,689.0,50_10_5_10_5_2,6,25,0,shared_pool,25.0,
25,1,25,1.0,59,671,,,0,59,0.2506,0.4437,1.0,0.9576,56.5,0,0.0,0,0.0,,,,,,,,PIBT,0.2506,0.0,59.0,671.0,50_10_5_10_5_2,6,25,0,shared_pool,25.0,
25,1,25,1.0,58,646,,,0,58,2.5515,44.4456,1.0,0.9741,,0,0.0,0,0.0,,,,,,,,RHCR-PIBT,0.2094,2.3421,58.0,646.0,50_10_5_10_5_2,6,25,0,shared_pool,25.0,12.0
25,0,24,0.96,780,1368,,,0,780,35.4333,45.5415,1.0,0.9981,,0,0.0,0,0.0,,,,,,,,RHCR-PP,0.4307,35.0026,780.0,1368.0,50_10_5_10_5_2,6,25,0,shared_pool,25.0,156.0
25,0,23,0.92,780,3355,1432.0,2.343,1,780,162.597,208.451,1.0,0.984,767.5,0,0.0,0,0.0,1.0,0.0,0.0,0.0,0.0217,0.7246,15.12,FLOWRRA,0.0,0.0,390.0,1677.5,50_10_5_10_5_2,7,25,0,shared_pool,,
25,1,25,1.0,77,741,,,0,77,0.2179,0.3388,1.0,0.9545,73.5,0,0.0,0,0.0,,,,,,,,PP,0.2179,0.0,77.0,741.0,50_10_5_10_5_2,7,25,0,shared_pool,25.0,
25,1,25,1.0,77,741,,,0,77,0.2105,0.3444,1.0,0.9545,73.5,0,0.0,0,0.0,,,,,,,,PIBT,0.2105,0.0,77.0,741.0,50_10_5_10_5_2,7,25,0,shared_pool,25.0,
25,1,25,1.0,76,716,,,0,76,3.319,44.015,1.0,0.9539,,0,0.0,0,0.0,,,,,,,,RHCR-PIBT,0.2056,3.1134,76.0,716.0,50_10_5_10_5_2,7,25,0,shared_pool,25.0,16.0
25,1,25,1.0,76,716,,,0,76,4.3452,57.5232,1.0,0.9539,,0,0.0,0,0.0,,,,,,,,RHCR-PP,0.3869,3.9583,76.0,716.0,50_10_5_10_5_2,7,25,0,shared_pool,25.0,16.0
25,0,24,0.96,780,3159,1802.0,1.753,0,780,179.488,230.106,1.0,1.0,780.0,0,0.0,0,0.0,0.0,0.0,0.0,0.0,0.0175,0.749,31.0,FLOWRRA,0.0,0.0,390.0,1579.5,50_10_5_10_5_2,8,25,0,shared_pool,,
25,1,25,1.0,77,926,,,0,77,0.2239,0.4651,1.0,0.9416,72.5,0,0.0,0,0.0,,,,,,,,PP,0.2239,0.0,77.0,926.0,50_10_5_10_5_2,8,25,0,shared_pool,25.0,
25,1,25,1.0,77,926,,,0,77,0.2124,0.4555,1.0,1.0,77.0,0,0.0,0,0.0,,,,,,,,PIBT,0.2124,0.0,77.0,926.0,50_10_5_10_5_2,8,25,0,shared_pool,25.0,
25,1,25,1.0,76,901,,,0,76,3.385,44.9939,1.0,1.0,,0,0.0,0,0.0,,,,,,,,RHCR-PIBT,0.2117,3.1733,76.0,901.0,50_10_5_10_5_2,8,25,0,shared_pool,25.0,16.0
25,1,25,1.0,76,901,,,0,76,4.7221,62.5938,1.0,0.9408,,0,0.0,0,0.0,,,,,,,,RHCR-PP,0.3663,4.3558,76.0,901.0,50_10_5_10_5_2,8,25,0,shared_pool,25.0,16.0
25,0,22,0.88,780,3832,1444.0,2.654,2,780,153.787,197.155,1.0,0.5013,391.0,0,0.0,0,0.0,0.0,2.0,1.0,2.0,0.0604,0.9285,42.44,FLOWRRA,0.0,0.0,390.0,1916.0,50_10_5_10_5_2,9,25,0,shared_pool,,
25,1,25,1.0,97,798,,,0,97,0.5116,0.3192,1.0,0.7062,68.5,0,0.0,0,0.0,,,,,,,,PP,0.5116,0.0,97.0,798.0,50_10_5_10_5_2,9,25,0,shared_pool,25.0,
25,1,25,1.0,97,747,,,0,97,0.2464,0.3155,1.0,0.8763,85.0,0,0.0,0,0.0,,,,,,,,PIBT,0.2464,0.0,97.0,747.0,50_10_5_10_5_2,9,25,0,shared_pool,25.0,
25,1,25,1.0,96,722,,,0,96,4.1551,43.5967,1.0,0.9115,,0,0.0,0,0.0,,,,,,,,RHCR-PIBT,0.2061,3.949,96.0,722.0,50_10_5_10_5_2,9,25,0,shared_pool,25.0,20.0
25,1,25,1.0,96,722,,,0,96,5.2408,54.9116,1.0,0.9115,,0,0.0,0,0.0,,,,,,,,RHCR-PP,0.4605,4.7802,96.0,722.0,50_10_5_10_5_2,9,25,0,shared_pool,25.0,20.0
25,0,24,0.96,780,2688,1530.0,1.757,0,780,167.094,214.216,1.0,1.0,780.0,0,0.0,0,0.0,0.0,0.0,0.0,0.0,0.026,0.7757,3.1,FLOWRRA,0.0,0.0,390.0,1344.0,50_10_5_10_5_4,0,25,0,shared_pool,,
25,1,25,1.0,68,790,,,0,68,0.2561,0.4519,1.0,0.9191,62.5,0,0.0,0,0.0,,,,,,,,PP,0.2561,0.0,68.0,790.0,50_10_5_10_5_4,0,25,0,shared_pool,25.0,
25,1,25,1.0,68,790,,,0,68,0.2474,0.4404,1.0,0.9191,62.5,0,0.0,0,0.0,,,,,,,,PIBT,0.2474,0.0,68.0,790.0,50_10_5_10_5_4,0,25,0,shared_pool,25.0,
25,1,25,1.0,67,765,,,0,67,3.4131,51.379,1.0,0.9179,,0,0.0,0,0.0,,,,,,,,RHCR-PIBT,0.2436,3.1694,67.0,765.0,50_10_5_10_5_4,0,25,0,shared_pool,25.0,14.0
25,1,25,1.0,67,765,,,0,67,4.5818,68.8337,1.0,0.9179,,0,0.0,0,0.0,,,,,,,,RHCR-PP,0.5592,4.0226,67.0,765.0,50_10_5_10_5_4,0,25,0,shared_pool,25.0,14.0
25,0,23,0.92,780,3791,1506.0,2.517,1,780,159.758,204.811,1.0,0.9641,752.0,0,0.0,0,0.0,1.0,0.0,0.0,0.0,0.0272,0.6758,3.1,FLOWRRA,0.0,0.0,390.0,1895.5,50_10_5_10_5_4,1,25,0,shared_pool,,
25,1,25,1.0,67,780,,,0,67,0.2694,0.4517,1.0,0.9851,66.0,0,0.0,0,0.0,,,,,,,,PP,0.2694,0.0,67.0,780.0,50_10_5_10_5_4,1,25,0,shared_pool,25.0,
25,1,25,1.0,67,778,,,0,67,0.2545,0.4527,1.0,0.9403,63.0,0,0.0,0,0.0,,,,,,,,PIBT,0.2545,0.0,67.0,778.0,50_10_5_10_5_4,1,25,0,shared_pool,25.0,
25,1,25,1.0,66,753,,,0,66,3.4434,52.6208,1.0,0.9621,,0,0.0,0,0.0,,,,,,,,RHCR-PIBT,0.2496,3.1938,66.0,753.0,50_10_5_10_5_4,1,25,0,shared_pool,25.0,14.0
25,1,25,1.0,66,755,,,0,66,4.7783,72.8514,1.0,0.9848,,0,0.0,0,0.0,,,,,,,,RHCR-PP,0.603,4.1753,66.0,755.0,50_10_5_10_5_4,1,25,0,shared_pool,25.0,14.0
25,0,24,0.96,780,2914,1694.0,1.72,1,780,162.73,208.621,1.0,0.9718,758.0,0,0.0,0,0.0,1.0,0.0,0.0,0.0,0.0078,0.6555,2.19,FLOWRRA,0.0,0.0,390.0,1457.0,50_10_5_10_5_4,2,25,0,shared_pool,,
25,1,25,1.0,60,872,,,0,60,0.2612,0.5558,1.0,0.8917,53.5,0,0.0,0,0.0,,,,,,,,PP,0.2612,0.0,60.0,872.0,50_10_5_10_5_4,2,25,0,shared_pool,25.0,
25,1,25,1.0,60,872,,,0,60,0.251,0.5569,1.0,0.9,54.0,0,0.0,0,0.0,,,,,,,,PIBT,0.251,0.0,60.0,872.0,50_10_5_10_5_4,2,25,0,shared_pool,25.0,
25,1,25,1.0,59,847,,,0,59,2.9774,51.0202,1.0,0.9068,,0,0.0,0,0.0,,,,,,,,RHCR-PIBT,0.2474,2.73,59.0,847.0,50_10_5_10_5_4,2,25,0,shared_pool,25.0,12.0
25,1,25,1.0,59,847,,,0,59,4.6186,78.8428,1.0,0.8983,,0,0.0,0,0.0,,,,,,,,RHCR-PP,0.5878,4.0309,59.0,847.0,50_10_5_10_5_4,2,25,0,shared_pool,25.0,12.0
25,1,25,1.0,180,1582,1142.0,1.385,0,180,41.546,230.802,1.0,1.0,180.0,0,0.0,0,0.0,0.0,0.0,0.0,0.0,0.0273,0.811,0.0,FLOWRRA,0.0,0.0,90.0,791.0,50_10_5_10_5_4,3,25,0,shared_pool,,
25,1,25,1.0,75,596,,,0,75,0.2591,0.3155,1.0,1.0,75.0,0,0.0,0,0.0,,,,,,,,PP,0.2591,0.0,75.0,596.0,50_10_5_10_5_4,3,25,0,shared_pool,25.0,
25,1,25,1.0,75,596,,,0,75,0.2482,0.3131,1.0,1.0,75.0,0,0.0,0,0.0,,,,,,,,PIBT,0.2482,0.0,75.0,596.0,50_10_5_10_5_4,3,25,0,shared_pool,25.0,
25,1,25,1.0,74,571,,,0,74,3.7001,50.3125,1.0,1.0,,0,0.0,0,0.0,,,,,,,,RHCR-PIBT,0.2456,3.4545,74.0,571.0,50_10_5_10_5_4,3,25,0,shared_pool,25.0,15.0
25,1,25,1.0,74,571,,,0,74,4.3893,59.6301,1.0,1.0,,0,0.0,0,0.0,,,,,,,,RHCR-PP,0.4649,3.9245,74.0,571.0,50_10_5_10_5_4,3,25,0,shared_pool,25.0,15.0
25,1,25,1.0,347,1919,1230.0,1.56,0,347,78.398,225.924,1.0,1.0,347.0,0,0.0,0,0.0,0.0,0.0,0.0,0.0,0.028,0.7598,0.0,FLOWRRA,0.0,0.0,173.5,959.5,50_10_5_10_5_4,4,25,0,shared_pool,,
25,1,25,1.0,56,640,,,0,56,0.2613,0.4283,1.0,1.0,56.0,0,0.0,0,0.0,,,,,,,,PP,0.2613,0.0,56.0,640.0,50_10_5_10_5_4,4,25,0,shared_pool,25.0,
25,1,25,1.0,56,640,,,0,56,0.2538,0.4245,1.0,1.0,56.0,0,0.0,0,0.0,,,,,,,,PIBT,0.2538,0.0,56.0,640.0,50_10_5_10_5_4,4,25,0,shared_pool,25.0,
25,1,25,1.0,55,616,,,0,55,2.7316,50.0898,1.0,1.0,,0,0.0,0,0.0,,,,,,,,RHCR-PIBT,0.2484,2.4832,55.0,616.0,50_10_5_10_5_4,4,25,0,shared_pool,25.0,11.0
25,1,25,1.0,55,616,,,0,55,3.6707,67.1665,1.0,1.0,,0,0.0,0,0.0,,,,,,,,RHCR-PP,0.4389,3.2318,55.0,616.0,50_10_5_10_5_4,4,25,0,shared_pool,25.0,11.0
25,0,24,0.96,780,2294,1314.0,1.746,0,780,162.698,208.58,1.0,1.0,780.0,0,0.0,0,0.0,0.0,0.0,0.0,0.0,0.0208,0.619,40.5,FLOWRRA,0.0,0.0,390.0,1147.0,50_10_5_10_5_4,5,25,0,shared_pool,,
25,1,25,1.0,57,682,,,0,57,0.2621,0.4596,1.0,1.0,57.0,0,0.0,0,0.0,,,,,,,,PP,0.2621,0.0,57.0,682.0,50_10_5_10_5_4,5,25,0,shared_pool,25.0,
25,1,25,1.0,57,682,,,0,57,0.2518,0.4581,1.0,1.0,57.0,0,0.0,0,0.0,,,,,,,,PIBT,0.2518,0.0,57.0,682.0,50_10_5_10_5_4,5,25,0,shared_pool,25.0,
25,1,25,1.0,56,657,,,0,56,2.9487,53.1147,1.0,1.0,,0,0.0,0,0.0,,,,,,,,RHCR-PIBT,0.2467,2.702,56.0,657.0,50_10_5_10_5_4,5,25,0,shared_pool,25.0,12.0
25,1,25,1.0,56,657,,,0,56,3.8312,68.8779,1.0,1.0,,0,0.0,0,0.0,,,,,,,,RHCR-PP,0.4783,3.3529,56.0,657.0,50_10_5_10_5_4,5,25,0,shared_pool,25.0,12.0
25,0,23,0.92,780,3784,1522.0,2.486,1,780,163.733,209.907,1.0,0.9513,742.0,0,0.0,0,0.0,1.0,0.0,0.0,0.0,0.0367,0.7881,25.04,FLOWRRA,0.0,0.0,390.0,1892.0,50_10_5_10_5_4,6,25,0,shared_pool,,
25,1,25,1.0,68,786,,,0,68,0.2628,0.4609,1.0,0.9265,63.0,0,0.0,0,0.0,,,,,,,,PP,0.2628,0.0,68.0,786.0,50_10_5_10_5_4,6,25,0,shared_pool,25.0,
25,1,25,1.0,68,786,,,0,68,0.2485,0.461,1.0,0.8456,57.5,0,0.0,0,0.0,,,,,,,,PIBT,0.2485,0.0,68.0,786.0,50_10_5_10_5_4,6,25,0,shared_pool,25.0,
25,1,25,1.0,67,761,,,0,67,3.4671,52.2044,1.0,0.8881,,0,0.0,0,0.0,,,,,,,,RHCR-PIBT,0.2484,3.2188,67.0,761.0,50_10_5_10_5_4,6,25,0,shared_pool,25.0,14.0
25,1,25,1.0,67,761,,,0,67,4.9249,73.9661,1.0,0.8881,,0,0.0,0,0.0,,,,,,,,RHCR-PP,0.563,4.362,67.0,761.0,50_10_5_10_5_4,6,25,0,shared_pool,25.0,14.0
25,0,24,0.96,780,2622,1440.0,1.821,0,780,166.739,213.761,1.0,1.0,780.0,0,0.0,0,0.0,0.0,0.0,0.0,0.0,0.0278,0.6255,37.5,FLOWRRA,0.0,0.0,390.0,1311.0,50_10_5_10_5_4,7,25,0,shared_pool,,
25,1,25,1.0,62,745,,,0,62,0.2596,0.4722,1.0,1.0,62.0,0,0.0,0,0.0,,,,,,,,PP,0.2596,0.0,62.0,745.0,50_10_5_10_5_4,7,25,0,shared_pool,25.0,
25,1,25,1.0,62,745,,,0,62,0.2496,0.4552,1.0,1.0,62.0,0,0.0,0,0.0,,,,,,,,PIBT,0.2496,0.0,62.0,745.0,50_10_5_10_5_4,7,25,0,shared_pool,25.0,
25,1,25,1.0,61,720,,,0,61,3.1824,52.6269,1.0,1.0,,0,0.0,0,0.0,,,,,,,,RHCR-PIBT,0.2466,2.9358,61.0,720.0,50_10_5_10_5_4,7,25,0,shared_pool,25.0,13.0
25,1,25,1.0,61,720,,,0,61,4.551,75.0753,1.0,1.0,,0,0.0,0,0.0,,,,,,,,RHCR-PP,0.5694,3.9816,61.0,720.0,50_10_5_10_5_4,7,25,0,shared_pool,25.0,13.0
25,0,24,0.96,780,2472,1464.0,1.689,0,780,171.016,219.245,1.0,0.9891,771.5,0,0.0,0,0.0,0.0,0.0,0.0,0.0,0.0214,0.6007,68.0,FLOWRRA,0.0,0.0,390.0,1236.0,50_10_5_10_5_4,8,25,0,shared_pool,,
25,1,25,1.0,77,757,,,0,77,0.2622,0.4008,1.0,1.0,77.0,0,0.0,0,0.0,,,,,,,,PP,0.2622,0.0,77.0,757.0,50_10_5_10_5_4,8,25,0,shared_pool,25.0,
25,1,25,1.0,77,757,,,0,77,0.2556,0.4008,1.0,1.0,77.0,0,0.0,0,0.0,,,,,,,,PIBT,0.2556,0.0,77.0,757.0,50_10_5_10_5_4,8,25,0,shared_pool,25.0,
25,1,25,1.0,76,732,,,0,76,4.04,53.5596,1.0,1.0,,0,0.0,0,0.0,,,,,,,,RHCR-PIBT,0.2532,3.7868,76.0,732.0,50_10_5_10_5_4,8,25,0,shared_pool,25.0,16.0
25,1,25,1.0,76,732,,,0,76,5.0221,66.4859,1.0,1.0,,0,0.0,0,0.0,,,,,,,,RHCR-PP,0.5247,4.4974,76.0,732.0,50_10_5_10_5_4,8,25,0,shared_pool,25.0,16.0
25,1,25,1.0,190,1608,1166.0,1.379,0,190,46.816,246.391,1.0,1.0,190.0,0,0.0,0,0.0,0.0,0.0,0.0,0.0,0.0314,0.8234,0.0,FLOWRRA,0.0,0.0,95.0,804.0,50_10_5_10_5_4,9,25,0,shared_pool,,
25,1,25,1.0,55,608,,,0,55,0.257,0.4237,1.0,1.0,55.0,0,0.0,0,0.0,,,,,,,,PP,0.257,0.0,55.0,608.0,50_10_5_10_5_4,9,25,0,shared_pool,25.0,
25,1,25,1.0,55,608,,,0,55,0.2476,0.4266,1.0,1.0,55.0,0,0.0,0,0.0,,,,,,,,PIBT,0.2476,0.0,55.0,608.0,50_10_5_10_5_4,9,25,0,shared_pool,25.0,
25,1,25,1.0,54,583,,,0,54,2.6776,50.004,1.0,1.0,,0,0.0,0,0.0,,,,,,,,RHCR-PIBT,0.2449,2.4327,54.0,583.0,50_10_5_10_5_4,9,25,0,shared_pool,25.0,11.0
25,1,25,1.0,54,583,,,0,54,3.416,63.6826,1.0,1.0,,0,0.0,0,0.0,,,,,,,,RHCR-PP,0.4268,2.9892,54.0,583.0,50_10_5_10_5_4,9,25,0,shared_pool,25.0,11.0
25,0,23,0.92,780,3336,1692.0,1.972,0,780,192.023,246.176,1.0,0.9974,778.0,0,0.0,0,0.0,0.0,0.0,0.0,0.0,0.0213,0.548,10.05,FLOWRRA,0.0,0.0,390.0,1668.0,50_10_5_20_5_2,0,25,0,shared_pool,,
25,1,25,1.0,73,871,,,0,73,0.5137,0.4782,1.0,0.6849,50.0,0,0.0,0,0.0,,,,,,,,PP,0.5137,0.0,73.0,871.0,50_10_5_20_5_2,0,25,0,shared_pool,25.0,
25,1,25,1.0,73,871,,,0,73,0.5071,0.4757,1.0,0.6849,50.0,0,0.0,0,0.0,,,,,,,,PIBT,0.5071,0.0,73.0,871.0,50_10_5_20_5_2,0,25,0,shared_pool,25.0,
25,1,25,1.0,72,846,,,0,72,7.5477,105.3083,1.0,0.6875,,0,0.0,0,0.0,,,,,,,,RHCR-PIBT,0.4998,7.0479,72.0,846.0,50_10_5_20_5_2,0,25,0,shared_pool,25.0,15.0
25,1,25,1.0,72,846,,,0,72,8.9304,124.5195,1.0,0.6875,,0,0.0,0,0.0,,,,,,,,RHCR-PP,0.7465,8.1839,72.0,846.0,50_10_5_20_5_2,0,25,0,shared_pool,25.0,15.0
25,1,25,1.0,219,2239,1718.0,1.303,0,219,65.836,300.616,1.0,1.0,219.0,0,0.0,0,0.0,0.0,0.0,0.0,0.0,0.0301,0.828,0.0,FLOWRRA,0.0,0.0,109.5,1119.5,50_10_5_20_5_2,1,25,0,shared_pool,,
25,1,25,1.0,86,884,,,0,86,0.5094,0.4073,1.0,0.9767,84.0,0,0.0,0,0.0,,,,,,,,PP,0.5094,0.0,86.0,884.0,50_10_5_20_5_2,1,25,0,shared_pool,25.0,
25,1,25,1.0,86,884,,,0,86,0.4969,0.4047,1.0,1.0,86.0,0,0.0,0,0.0,,,,,,,,PIBT,0.4969,0.0,86.0,884.0,50_10_5_20_5_2,1,25,0,shared_pool,25.0,
25,1,25,1.0,85,859,,,0,85,8.5164,100.5991,1.0,1.0,,0,0.0,0,0.0,,,,,,,,RHCR-PIBT,0.4943,8.0221,85.0,859.0,50_10_5_20_5_2,1,25,0,shared_pool,25.0,17.0
25,1,25,1.0,85,859,,,0,85,10.0464,118.6024,1.0,1.0,,0,0.0,0,0.0,,,,,,,,RHCR-PP,0.727,9.3194,85.0,859.0,50_10_5_20_5_2,1,25,0,shared_pool,25.0,17.0
25,0,24,0.96,780,2856,1776.0,1.608,0,780,223.459,286.479,1.0,1.0,780.0,0,0.0,0,0.0,0.0,0.0,0.0,0.0,0.0271,0.6565,73.0,FLOWRRA,0.0,0.0,390.0,1428.0,50_10_5_20_5_2,2,25,0,shared_pool,,
25,1,25,1.0,75,913,,,0,75,0.5121,0.4991,1.0,1.0,75.0,0,0.0,0,0.0,,,,,,,,PP,0.5121,0.0,75.0,913.0,50_10_5_20_5_2,2,25,0,shared_pool,25.0,
25,1,25,1.0,75,913,,,0,75,0.5009,0.4998,1.0,1.0,75.0,0,0.0,0,0.0,,,,,,,,PIBT,0.5009,0.0,75.0,913.0,50_10_5_20_5_2,2,25,0,shared_pool,25.0,
25,1,25,1.0,74,888,,,0,74,7.51,101.9869,1.0,1.0,,0,0.0,0,0.0,,,,,,,,RHCR-PIBT,0.4929,7.0171,74.0,888.0,50_10_5_20_5_2,2,25,0,shared_pool,25.0,15.0
25,1,25,1.0,74,888,,,0,74,8.998,122.1018,1.0,1.0,,0,0.0,0,0.0,,,,,,,,RHCR-PP,0.7927,8.2052,74.0,888.0,50_10_5_20_5_2,2,25,0,shared_pool,25.0,15.0
25,1,25,1.0,227,2273,1780.0,1.277,0,227,65.298,287.651,1.0,0.9185,208.5,0,0.0,0,0.0,0.0,0.0,0.0,0.0,0.0294,0.8632,0.0,FLOWRRA,0.0,0.0,113.5,1136.5,50_10_5_20_5_2,3,25,0,shared_pool,,
25,1,25,1.0,84,915,,,0,84,0.5051,0.4059,1.0,0.9524,80.0,0,0.0,0,0.0,,,,,,,,PP,0.5051,0.0,84.0,915.0,50_10_5_20_5_2,3,25,0,shared_pool,25.0,
25,1,25,1.0,84,915,,,0,84,0.4917,0.4438,1.0,0.9524,80.0,0,0.0,0,0.0,,,,,,,,PIBT,0.4917,0.0,84.0,915.0,50_10_5_20_5_2,3,25,0,shared_pool,25.0,
25,1,25,1.0,83,890,,,0,83,8.5128,102.9696,1.0,0.9578,,0,0.0,0,0.0,,,,,,,,RHCR-PIBT,0.4886,8.0241,83.0,890.0,50_10_5_20_5_2,3,25,0,shared_pool,25.0,17.0
25,1,25,1.0,83,890,,,0,83,10.2671,124.1179,1.0,0.9578,,0,0.0,0,0.0,,,,,,,,RHCR-PP,0.774,9.4931,83.0,890.0,50_10_5_20_5_2,3,25,0,shared_pool,25.0,17.0
25,1,25,1.0,212,2264,1744.0,1.298,0,212,57.613,271.751,1.0,1.0,212.0,0,0.0,0,0.0,0.0,0.0,0.0,0.0,0.0287,0.845,0.0,FLOWRRA,0.0,0.0,106.0,1132.0,50_10_5_20_5_2,4,25,0,shared_pool,,
25,1,25,1.0,95,897,,,0,95,0.5209,0.3381,1.0,1.0,95.0,0,0.0,0,0.0,,,,,,,,PP,0.5209,0.0,95.0,897.0,50_10_5_20_5_2,4,25,0,shared_pool,25.0,
25,1,25,1.0,95,897,,,0,95,0.5045,0.3374,1.0,1.0,95.0,0,0.0,0,0.0,,,,,,,,PIBT,0.5045,0.0,95.0,897.0,50_10_5_20_5_2,4,25,0,shared_pool,25.0,
25,1,25,1.0,94,873,,,0,94,9.6699,103.2146,1.0,1.0,,0,0.0,0,0.0,,,,,,,,RHCR-PIBT,0.5015,9.1684,94.0,873.0,50_10_5_20_5_2,4,25,0,shared_pool,25.0,19.0
25,1,25,1.0,94,873,,,0,94,10.9896,117.2597,1.0,1.0,,0,0.0,0,0.0,,,,,,,,RHCR-PP,0.7754,10.2143,94.0,873.0,50_10_5_20_5_2,4,25,0,shared_pool,25.0,19.0
25,0,23,0.92,780,3467,1664.0,2.084,0,780,217.104,278.331,1.0,1.0,780.0,0,0.0,0,0.0,0.0,0.0,0.0,0.0,0.0471,0.4771,71.0,FLOWRRA,0.0,0.0,390.0,1733.5,50_10_5_20_5_2,5,25,0,shared_pool,,
25,1,25,1.0,81,857,,,0,81,0.512,0.3927,1.0,0.8765,71.0,0,0.0,0,0.0,,,,,,,,PP,0.512,0.0,81.0,857.0,50_10_5_20_5_2,5,25,0,shared_pool,25.0,
25,1,25,1.0,81,857,,,0,81,0.4954,0.3959,1.0,1.0,81.0,0,0.0,0,0.0,,,,,,,,PIBT,0.4954,0.0,81.0,857.0,50_10_5_20_5_2,5,25,0,shared_pool,25.0,
25,1,25,1.0,80,832,,,0,80,8.032,100.7977,1.0,1.0,,0,0.0,0,0.0,,,,,,,,RHCR-PIBT,0.4918,7.5401,80.0,832.0,50_10_5_20_5_2,5,25,0,shared_pool,25.0,16.0
25,1,25,1.0,80,832,,,0,80,9.3488,117.2605,1.0,0.875,,0,0.0,0,0.0,,,,,,,,RHCR-PP,0.7569,8.5918,80.0,832.0,50_10_5_20_5_2,5,25,0,shared_pool,25.0,16.0
25,0,22,0.88,780,4416,2190.0,2.016,2,780,208.047,266.721,1.0,0.9622,750.5,0,0.0,0,0.0,2.0,0.0,0.0,0.0,0.0473,0.8451,43.19,FLOWRRA,0.0,0.0,390.0,2208.0,50_10_5_20_5_2,6,25,0,shared_pool,,
25,1,25,1.0,141,1144,,,0,141,0.5472,0.3276,1.0,0.9752,137.5,0,0.0,0,0.0,,,,,,,,PP,0.5472,0.0,141.0,1144.0,50_10_5_20_5_2,6,25,0,shared_pool,25.0,
25,1,25,1.0,141,1120,,,0,141,0.5037,0.3149,1.0,0.9291,131.0,0,0.0,0,0.0,,,,,,,,PIBT,0.5037,0.0,141.0,1120.0,50_10_5_20_5_2,6,25,0,shared_pool,25.0,
25,1,25,1.0,140,1095,,,0,140,13.9609,100.04,1.0,0.9286,,0,0.0,0,0.0,,,,,,,,RHCR-PIBT,0.4936,13.4673,140.0,1095.0,50_10_5_20_5_2,6,25,0,shared_pool,25.0,28.0
25,1,25,1.0,140,1095,,,0,140,16.5815,118.766,1.0,1.0,,0,0.0,0,0.0,,,,,,,,RHCR-PP,0.7967,15.7848,140.0,1095.0,50_10_5_20_5_2,6,25,0,shared_pool,25.0,28.0
25,0,24,0.96,780,2724,1630.0,1.671,0,780,201.644,258.511,1.0,1.0,780.0,0,0.0,0,0.0,0.0,0.0,0.0,0.0,0.0247,0.9086,0.31,FLOWRRA,0.0,0.0,390.0,1362.0,50_10_5_20_5_2,7,25,0,shared_pool,,
25,1,25,1.0,73,840,,,0,73,0.5245,0.4287,1.0,1.0,73.0,0,0.0,0,0.0,,,,,,,,PP,0.5245,0.0,73.0,840.0,50_10_5_20_5_2,7,25,0,shared_pool,25.0,
25,1,25,1.0,73,840,,,0,73,0.5023,0.4297,1.0,1.0,73.0,0,0.0,0,0.0,,,,,,,,PIBT,0.5023,0.0,73.0,840.0,50_10_5_20_5_2,7,25,0,shared_pool,25.0,
25,1,25,1.0,72,815,,,0,72,7.5827,105.7475,1.0,1.0,,0,0.0,0,0.0,,,,,,,,RHCR-PIBT,0.4981,7.0846,72.0,815.0,50_10_5_20_5_2,7,25,0,shared_pool,25.0,15.0
25,1,25,1.0,72,815,,,0,72,8.5949,119.8078,1.0,1.0,,0,0.0,0,0.0,,,,,,,,RHCR-PP,0.7176,7.8773,72.0,815.0,50_10_5_20_5_2,7,25,0,shared_pool,25.0,15.0
25,0,23,0.92,780,4298,2346.0,1.832,0,780,224.811,288.213,1.0,1.0,780.0,0,0.0,0,0.0,0.0,0.0,0.0,0.0,0.0461,0.6319,59.5,FLOWRRA,0.0,0.0,390.0,2149.0,50_10_5_20_5_2,8,25,0,shared_pool,,
25,1,25,1.0,88,1198,,,0,88,0.5137,0.5552,1.0,1.0,88.0,0,0.0,0,0.0,,,,,,,,PP,0.5137,0.0,88.0,1198.0,50_10_5_20_5_2,8,25,0,shared_pool,25.0,
25,1,25,1.0,88,1198,,,0,88,0.4945,0.5549,1.0,1.0,88.0,0,0.0,0,0.0,,,,,,,,PIBT,0.4945,0.0,88.0,1198.0,50_10_5_20_5_2,8,25,0,shared_pool,25.0,
25,1,25,1.0,87,1173,,,0,87,9.0224,104.2618,1.0,1.0,,0,0.0,0,0.0,,,,,,,,RHCR-PIBT,0.4987,8.5236,87.0,1173.0,50_10_5_20_5_2,8,25,0,shared_pool,25.0,18.0
25,1,25,1.0,87,1173,,,0,87,11.3174,130.6472,1.0,1.0,,0,0.0,0,0.0,,,,,,,,RHCR-PP,0.8012,10.5162,87.0,1173.0,50_10_5_20_5_2,8,25,0,shared_pool,25.0,18.0
25,1,25,1.0,205,2493,1876.0,1.329,0,205,60.019,292.768,1.0,1.0,205.0,0,0.0,0,0.0,0.0,0.0,0.0,0.0,0.0408,0.84,0.0,FLOWRRA,0.0,0.0,102.5,1246.5,50_10_5_20_5_2,9,25,0,shared_pool,,
25,1,25,1.0,77,963,,,0,77,0.5214,0.497,1.0,1.0,77.0,0,0.0,0,0.0,,,,,,,,PP,0.5214,0.0,77.0,963.0,50_10_5_20_5_2,9,25,0,shared_pool,25.0,
25,1,25,1.0,77,963,,,0,77,0.5074,0.506,1.0,1.0,77.0,0,0.0,0,0.0,,,,,,,,PIBT,0.5074,0.0,77.0,963.0,50_10_5_20_5_2,9,25,0,shared_pool,25.0,
25,1,25,1.0,76,938,,,0,76,8.1784,108.107,1.0,1.0,,0,0.0,0,0.0,,,,,,,,RHCR-PIBT,0.533,7.6454,76.0,938.0,50_10_5_20_5_2,9,25,0,shared_pool,25.0,16.0
25,1,25,1.0,76,938,,,0,76,9.4681,125.0872,1.0,1.0,,0,0.0,0,0.0,,,,,,,,RHCR-PP,0.7448,8.7232,76.0,938.0,50_10_5_20_5_2,9,25,0,shared_pool,25.0,16.0
25,0,21,0.84,780,4788,1358.0,3.526,1,780,166.706,213.718,1.0,0.9846,768.0,0,0.0,0,0.0,1.0,0.0,0.0,0.0,0.0809,0.4651,38.05,FLOWRRA,0.0,0.0,390.0,2394.0,50_10_5_5_5_2,0,25,0,shared_pool,,
25,1,25,1.0,80,704,,,0,80,0.0911,0.3425,1.0,0.9812,78.5,0,0.0,0,0.0,,,,,,,,PP,0.0911,0.0,80.0,704.0,50_10_5_5_5_2,0,25,0,shared_pool,25.0,
25,1,25,1.0,80,704,,,0,80,0.0876,0.3379,1.0,0.9812,78.5,0,0.0,0,0.0,,,,,,,,PIBT,0.0876,0.0,80.0,704.0,50_10_5_5_5_2,0,25,0,shared_pool,25.0,
25,1,25,1.0,79,679,,,0,79,1.2508,16.1691,1.0,0.9873,,0,0.0,0,0.0,,,,,,,,RHCR-PIBT,0.0794,1.1715,79.0,679.0,50_10_5_5_5_2,0,25,0,shared_pool,25.0,16.0
25,1,25,1.0,79,679,,,0,79,1.8184,23.3579,1.0,0.9873,,0,0.0,0,0.0,,,,,,,,RHCR-PP,0.2136,1.6047,79.0,679.0,50_10_5_5_5_2,0,25,0,shared_pool,25.0,16.0
25,0,21,0.84,780,4857,1198.0,4.054,1,780,168.098,215.503,1.0,0.5071,395.5,0,0.0,0,0.0,1.0,0.0,0.0,0.0,0.0872,0.635,15.36,FLOWRRA,0.0,0.0,390.0,2428.5,50_10_5_5_5_2,1,25,0,shared_pool,,
25,1,25,1.0,69,628,,,0,69,0.0936,0.3156,1.0,0.9783,67.5,0,0.0,0,0.0,,,,,,,,PP,0.0936,0.0,69.0,628.0,50_10_5_5_5_2,1,25,0,shared_pool,25.0,
25,1,25,1.0,67,624,,,0,67,0.1229,0.3464,1.0,0.7313,49.0,0,0.0,0,0.0,,,,,,,,PIBT,0.1229,0.0,67.0,624.0,50_10_5_5_5_2,1,25,0,shared_pool,25.0,
25,1,25,1.0,66,600,,,0,66,1.0948,16.9072,1.0,0.9773,,0,0.0,0,0.0,,,,,,,,RHCR-PIBT,0.0794,1.0155,66.0,600.0,50_10_5_5_5_2,1,25,0,shared_pool,25.0,14.0
25,0,24,0.96,780,1316,,,0,780,14.3208,18.4668,1.0,0.9981,,0,0.0,0,0.0,,,,,,,,RHCR-PP,0.1707,14.1501,780.0,1316.0,50_10_5_5_5_2,1,25,0,shared_pool,25.0,156.0
25,0,23,0.92,780,3359,1414.0,2.376,1,780,154.503,198.074,1.0,0.9744,760.0,0,0.0,0,0.0,1.0,0.0,0.0,0.0,0.0451,0.5243,43.5,FLOWRRA,0.0,0.0,390.0,1679.5,50_10_5_5_5_2,2,25,0,shared_pool,,
25,1,25,1.0,67,737,,,0,67,0.0943,0.4122,1.0,0.7313,49.0,0,0.0,0,0.0,,,,,,,,PP,0.0943,0.0,67.0,737.0,50_10_5_5_5_2,2,25,0,shared_pool,25.0,
25,1,25,1.0,67,732,,,0,67,0.1248,0.4155,1.0,0.8358,56.0,0,0.0,0,0.0,,,,,,,,PIBT,0.1248,0.0,67.0,732.0,50_10_5_5_5_2,2,25,0,shared_pool,25.0,
25,1,25,1.0,66,707,,,0,66,1.0832,16.8196,1.0,1.0,,0,0.0,0,0.0,,,,,,,,RHCR-PIBT,0.0841,0.9991,66.0,707.0,50_10_5_5_5_2,2,25,0,shared_pool,25.0,14.0
25,1,25,1.0,66,707,,,0,66,1.9198,29.5009,1.0,1.0,,0,0.0,0,0.0,,,,,,,,RHCR-PP,0.2379,1.6819,66.0,707.0,50_10_5_5_5_2,2,25,0,shared_pool,25.0,14.0
25,0,24,0.96,780,2357,962.0,2.45,0,780,148.578,190.477,1.0,1.0,780.0,0,0.0,0,0.0,0.0,0.0,0.0,0.0,0.0181,0.6148,6.0,FLOWRRA,0.0,0.0,390.0,1178.5,50_10_5_5_5_2,3,25,0,shared_pool,,
25,1,25,1.0,47,506,,,0,47,0.0929,0.4188,1.0,0.9681,45.5,0,0.0,0,0.0,,,,,,,,PP,0.0929,0.0,47.0,506.0,50_10_5_5_5_2,3,25,0,shared_pool,25.0,
25,1,25,1.0,47,506,,,0,47,0.0819,0.4156,1.0,0.9681,45.5,0,0.0,0,0.0,,,,,,,,PIBT,0.0819,0.0,47.0,506.0,50_10_5_5_5_2,3,25,0,shared_pool,25.0,
25,1,25,1.0,46,481,,,0,46,0.7764,17.2848,1.0,0.9674,,0,0.0,0,0.0,,,,,,,,RHCR-PIBT,0.0788,0.6976,46.0,481.0,50_10_5_5_5_2,3,25,0,shared_pool,25.0,10.0
25,1,25,1.0,46,481,,,0,46,1.2159,26.851,1.0,0.9674,,0,0.0,0,0.0,,,,,,,,RHCR-PP,0.2696,0.9463,46.0,481.0,50_10_5_5_5_2,3,25,0,shared_pool,25.0,10.0
25,0,20,0.8,780,5239,1274.0,4.112,1,780,173.713,222.702,1.0,0.9853,768.5,0,0.0,0,0.0,0.0,1.0,0.0,0.0,0.0791,0.7919,24.57,FLOWRRA,0.0,0.0,390.0,2619.5,50_10_5_5_5_2,4,25,0,shared_pool,,
25,1,25,1.0,51,662,,,0,51,0.0889,0.4874,1.0,0.7451,38.0,0,0.0,0,0.0,,,,,,,,PP,0.0889,0.0,51.0,662.0,50_10_5_5_5_2,4,25,0,shared_pool,25.0,
25,1,25,1.0,51,662,,,0,51,0.0842,0.4944,1.0,0.7549,38.5,0,0.0,0,0.0,,,,,,,,PIBT,0.0842,0.0,51.0,662.0,50_10_5_5_5_2,4,25,0,shared_pool,25.0,
25,1,25,1.0,50,637,,,0,50,0.7846,16.178,1.0,0.76,,0,0.0,0,0.0,,,,,,,,RHCR-PIBT,0.0827,0.7019,50.0,637.0,50_10_5_5_5_2,4,25,0,shared_pool,25.0,10.0
25,1,25,1.0,50,637,,,0,50,1.1797,24.0883,1.0,0.75,,0,0.0,0,0.0,,,,,,,,RHCR-PP,0.2149,0.9648,50.0,637.0,50_10_5_5_5_2,4,25,0,shared_pool,25.0,10.0
25,0,24,0.96,780,2479,1362.0,1.82,0,780,166.758,213.786,1.0,1.0,780.0,0,0.0,0,0.0,0.0,0.0,0.0,0.0,0.0062,0.6349,44.0,FLOWRRA,0.0,0.0,390.0,1239.5,50_10_5_5_5_2,5,25,0,shared_pool,,
25,1,25,1.0,81,724,,,0,81,0.108,0.3259,1.0,1.0,81.0,0,0.0,0,0.0,,,,,,,,PP,0.108,0.0,81.0,724.0,50_10_5_5_5_2,5,25,0,shared_pool,25.0,
25,1,25,1.0,63,706,,,0,63,0.1217,0.3999,1.0,0.9683,61.0,0,0.0,0,0.0,,,,,,,,PIBT,0.1217,0.0,63.0,706.0,50_10_5_5_5_2,5,25,0,shared_pool,25.0,
25,1,25,1.0,62,681,,,0,62,1.0139,16.7502,1.0,0.9839,,0,0.0,0,0.0,,,,,,,,RHCR-PIBT,0.0785,0.9354,62.0,681.0,50_10_5_5_5_2,5,25,0,shared_pool,25.0,13.0
25,0,24,0.96,780,1399,,,0,780,13.1714,16.9971,1.0,1.0,,0,0.0,0,0.0,,,,,,,,RHCR-PP,0.1777,12.9938,780.0,1399.0,50_10_5_5_5_2,5,25,0,shared_pool,25.0,156.0
25,0,22,0.88,780,4636,1280.0,3.622,3,780,148.032,189.777,1.0,0.9038,705.0,0,0.0,0,0.0,3.0,0.0,1.0,2.0,0.065,0.725,11.51,FLOWRRA,0.0,0.0,390.0,2318.0,50_10_5_5_5_2,6,25,0,shared_pool,,
25,1,25,1.0,111,714,,,0,111,0.2347,0.2454,1.0,0.9054,100.5,0,0.0,0,0.0,,,,,,,,PP,0.2347,0.0,111.0,714.0,50_10_5_5_5_2,6,25,0,shared_pool,25.0,
25,1,25,1.0,85,665,,,0,85,0.1214,0.3054,1.0,0.7294,62.0,0,0.0,0,0.0,,,,,,,,PIBT,0.1214,0.0,85.0,665.0,50_10_5_5_5_2,6,25,0,shared_pool,25.0,
25,1,25,1.0,84,640,,,0,84,1.3243,16.0561,1.0,0.9167,,0,0.0,0,0.0,,,,,,,,RHCR-PIBT,0.0808,1.2436,84.0,640.0,50_10_5_5_5_2,6,25,0,shared_pool,25.0,17.0
25,0,24,0.96,780,1336,,,0,780,15.1831,19.5741,1.0,0.991,,0,0.0,0,0.0,,,,,,,,RHCR-PP,0.2136,14.9695,780.0,1336.0,50_10_5_5_5_2,6,25,0,shared_pool,25.0,156.0
25,0,22,0.88,780,3682,902.0,4.082,1,780,162.391,208.186,1.0,0.9571,746.5,0,0.0,0,0.0,1.0,0.0,0.0,0.0,0.0488,0.7409,2.56,FLOWRRA,0.0,0.0,390.0,1841.0,50_10_5_5_5_2,7,25,0,shared_pool,,
25,1,25,1.0,48,476,,,0,48,0.0872,0.3438,1.0,0.9896,47.5,0,0.0,0,0.0,,,,,,,,PP,0.0872,0.0,48.0,476.0,50_10_5_5_5_2,7,25,0,shared_pool,25.0,
25,1,25,1.0,48,476,,,0,48,0.0819,0.3418,1.0,0.9896,47.5,0,0.0,0,0.0,,,,,,,,PIBT,0.0819,0.0,48.0,476.0,50_10_5_5_5_2,7,25,0,shared_pool,25.0,
25,1,25,1.0,47,451,,,0,47,0.7703,16.7227,1.0,0.9894,,0,0.0,0,0.0,,,,,,,,RHCR-PIBT,0.0815,0.6887,47.0,451.0,50_10_5_5_5_2,7,25,0,shared_pool,25.0,10.0
25,1,25,1.0,47,451,,,0,47,1.124,24.2547,1.0,0.9894,,0,0.0,0,0.0,,,,,,,,RHCR-PP,0.2049,0.9191,47.0,451.0,50_10_5_5_5_2,7,25,0,shared_pool,25.0,10.0
25,1,25,1.0,245,1991,1242.0,1.603,1,245,50.735,207.073,1.0,0.8776,215.0,0,0.0,0,0.0,1.0,0.0,0.0,0.0,0.032,0.7579,0.0,FLOWRRA,0.0,0.0,122.5,995.5,50_10_5_5_5_2,8,25,0,shared_pool,,
25,1,25,1.0,53,648,,,0,53,0.0905,0.4501,1.0,0.8491,45.0,0,0.0,0,0.0,,,,,,,,PP,0.0905,0.0,53.0,648.0,50_10_5_5_5_2,8,25,0,shared_pool,25.0,
25,1,25,1.0,53,646,,,0,53,0.0844,0.4469,1.0,0.7925,42.0,0,0.0,0,0.0,,,,,,,,PIBT,0.0844,0.0,53.0,646.0,50_10_5_5_5_2,8,25,0,shared_pool,25.0,
25,1,25,1.0,52,621,,,0,52,0.8462,16.7143,1.0,0.8462,,0,0.0,0,0.0,,,,,,,,RHCR-PIBT,0.0799,0.7663,52.0,621.0,50_10_5_5_5_2,8,25,0,shared_pool,25.0,11.0
25,1,25,1.0,52,623,,,0,52,1.4202,27.7559,1.0,0.8462,,0,0.0,0,0.0,,,,,,,,RHCR-PP,0.1698,1.2504,52.0,623.0,50_10_5_5_5_2,8,25,0,shared_pool,25.0,11.0
25,0,16,0.64,780,8319,1300.0,6.399,3,780,144.24,184.916,1.0,0.8872,692.0,0,0.0,0,0.0,1.0,2.0,1.0,2.0,0.1222,0.5776,5.38,FLOWRRA,0.0,0.0,390.0,4159.5,50_10_5_5_5_2,9,25,0,shared_pool,,
25,1,25,1.0,53,677,,,0,53,0.0944,0.4812,1.0,0.9057,48.0,0,0.0,0,0.0,,,,,,,,PP,0.0944,0.0,53.0,677.0,50_10_5_5_5_2,9,25,0,shared_pool,25.0,
25,1,25,1.0,53,675,,,0,53,0.0822,0.49,1.0,0.8491,45.0,0,0.0,0,0.0,,,,,,,,PIBT,0.0822,0.0,53.0,675.0,50_10_5_5_5_2,9,25,0,shared_pool,25.0,
25,1,25,1.0,52,650,,,0,52,0.8672,17.1539,1.0,0.9038,,0,0.0,0,0.0,,,,,,,,RHCR-PIBT,0.0809,0.7862,52.0,650.0,50_10_5_5_5_2,9,25,0,shared_pool,25.0,11.0
25,1,25,1.0,52,652,,,0,52,1.5267,29.8422,1.0,0.9038,,0,0.0,0,0.0,,,,,,,,RHCR-PP,0.2459,1.2808,52.0,652.0,50_10_5_5_5_2,9,25,0,shared_pool,25.0,11.0
25,1,25,1.0,226,2078,1674.0,1.241,0,226,77.393,342.438,1.0,1.0,226.0,0,0.0,0,0.0,0.0,0.0,0.0,0.0,0.0202,0.8576,0.0,FLOWRRA,0.0,0.0,113.0,1039.0,50_20_5_10_5_2,0,25,0,shared_pool,,
25,1,25,1.0,73,862,,,0,73,0.517,0.4708,1.0,1.0,73.0,0,0.0,0,0.0,,,,,,,,PP,0.517,0.0,73.0,862.0,50_20_5_10_5_2,0,25,0,shared_pool,25.0,
25,1,25,1.0,73,862,,,0,73,0.5095,0.4685,1.0,1.0,73.0,0,0.0,0,0.0,,,,,,,,PIBT,0.5095,0.0,73.0,862.0,50_20_5_10_5_2,0,25,0,shared_pool,25.0,
25,1,25,1.0,72,837,,,0,72,7.6527,106.7585,1.0,1.0,,0,0.0,0,0.0,,,,,,,,RHCR-PIBT,0.5008,7.1519,72.0,837.0,50_20_5_10_5_2,0,25,0,shared_pool,25.0,15.0
25,1,25,1.0,72,837,,,0,72,9.0778,126.562,1.0,1.0,,0,0.0,0,0.0,,,,,,,,RHCR-PP,0.7858,8.2919,72.0,837.0,50_20_5_10_5_2,0,25,0,shared_pool,25.0,15.0
25,0,22,0.88,780,4049,1650.0,2.454,1,780,246.084,315.486,1.0,0.9821,766.0,0,0.0,0,0.0,1.0,0.0,0.0,0.0,0.0323,0.7112,17.49,FLOWRRA,0.0,0.0,390.0,2024.5,50_20_5_10_5_2,1,25,0,shared_pool,,
25,1,25,1.0,84,906,,,0,84,0.7872,0.4199,1.0,0.9881,83.0,0,0.0,0,0.0,,,,,,,,PP,0.7872,0.0,84.0,906.0,50_20_5_10_5_2,1,25,0,shared_pool,25.0,
25,1,25,1.0,72,850,,,0,72,0.559,0.501,1.0,0.75,54.0,0,0.0,0,0.0,,,,,,,,PIBT,0.559,0.0,72.0,850.0,50_20_5_10_5_2,1,25,0,shared_pool,25.0,
25,1,25,1.0,71,825,,,0,71,7.6197,107.7944,1.0,1.0,,0,0.0,0,0.0,,,,,,,,RHCR-PIBT,0.5306,7.0891,71.0,825.0,50_20_5_10_5_2,1,25,0,shared_pool,25.0,15.0
25,0,24,0.96,780,1578,,,0,780,82.6239,106.0546,1.0,1.0,,0,0.0,0,0.0,,,,,,,,RHCR-PP,0.7165,81.9074,780.0,1578.0,50_20_5_10_5_2,1,25,0,shared_pool,25.0,156.0
25,1,25,1.0,305,3044,2340.0,1.301,0,305,110.857,363.458,1.0,0.9869,301.0,0,0.0,0,0.0,0.0,0.0,0.0,0.0,0.0316,0.8213,0.0,FLOWRRA,0.0,0.0,152.5,1522.0,50_20_5_10_5_2,2,25,0,shared_pool,,
25,1,25,1.0,111,1195,,,0,111,0.5208,0.4166,1.0,0.964,107.0,0,0.0,0,0.0,,,,,,,,PP,0.5208,0.0,111.0,1195.0,50_20_5_10_5_2,2,25,0,shared_pool,25.0,
25,1,25,1.0,111,1195,,,0,111,0.5063,0.4124,1.0,0.964,107.0,0,0.0,0,0.0,,,,,,,,PIBT,0.5063,0.0,111.0,1195.0,50_20_5_10_5_2,2,25,0,shared_pool,25.0,
25,1,25,1.0,110,1170,,,0,110,11.2522,102.704,1.0,0.9636,,0,0.0,0,0.0,,,,,,,,RHCR-PIBT,0.5121,10.7401,110.0,1170.0,50_20_5_10_5_2,2,25,0,shared_pool,25.0,22.0
25,1,25,1.0,110,1170,,,0,110,13.8301,126.1458,1.0,0.9636,,0,0.0,0,0.0,,,,,,,,RHCR-PP,0.8078,13.0224,110.0,1170.0,50_20_5_10_5_2,2,25,0,shared_pool,25.0,22.0
25,1,25,1.0,210,2040,1576.0,1.294,0,210,74.459,354.559,1.0,1.0,210.0,0,0.0,0,0.0,0.0,0.0,0.0,0.0,0.0286,0.8598,0.0,FLOWRRA,0.0,0.0,105.0,1020.0,50_20_5_10_5_2,3,25,0,shared_pool,,
25,1,25,1.0,71,813,,,0,71,0.5132,0.4401,1.0,1.0,71.0,0,0.0,0,0.0,,,,,,,,PP,0.5132,0.0,71.0,813.0,50_20_5_10_5_2,3,25,0,shared_pool,25.0,
25,1,25,1.0,71,813,,,0,71,0.4979,0.4455,1.0,1.0,71.0,0,0.0,0,0.0,,,,,,,,PIBT,0.4979,0.0,71.0,813.0,50_20_5_10_5_2,3,25,0,shared_pool,25.0,
25,1,25,1.0,70,788,,,0,70,7.0152,100.6598,1.0,1.0,,0,0.0,0,0.0,,,,,,,,RHCR-PIBT,0.4927,6.5225,70.0,788.0,50_20_5_10_5_2,3,25,0,shared_pool,25.0,14.0
25,1,25,1.0,70,788,,,0,70,8.6063,123.3953,1.0,1.0,,0,0.0,0,0.0,,,,,,,,RHCR-PP,0.8959,7.7104,70.0,788.0,50_20_5_10_5_2,3,25,0,shared_pool,25.0,14.0
25,1,25,1.0,228,2068,1538.0,1.345,0,228,71.524,313.694,1.0,1.0,228.0,0,0.0,0,0.0,0.0,0.0,0.0,0.0,0.0289,0.8269,0.0,FLOWRRA,0.0,0.0,114.0,1034.0,50_20_5_10_5_2,4,25,0,shared_pool,,
25,1,25,1.0,75,794,,,0,75,0.5203,0.3919,1.0,1.0,75.0,0,0.0,0,0.0,,,,,,,,PP,0.5203,0.0,75.0,794.0,50_20_5_10_5_2,4,25,0,shared_pool,25.0,
25,1,25,1.0,75,794,,,0,75,0.5062,0.3948,1.0,1.0,75.0,0,0.0,0,0.0,,,,,,,,PIBT,0.5062,0.0,75.0,794.0,50_20_5_10_5_2,4,25,0,shared_pool,25.0,
25,1,25,1.0,74,770,,,0,74,7.6761,104.1233,1.0,1.0,,0,0.0,0,0.0,,,,,,,,RHCR-PIBT,0.506,7.1701,74.0,770.0,50_20_5_10_5_2,4,25,0,shared_pool,25.0,15.0
25,1,25,1.0,74,770,,,0,74,8.4361,114.4009,1.0,1.0,,0,0.0,0,0.0,,,,,,,,RHCR-PP,0.6838,7.7524,74.0,770.0,50_20_5_10_5_2,4,25,0,shared_pool,25.0,15.0
25,0,23,0.92,780,3491,1664.0,2.098,0,780,288.776,370.219,1.0,0.9859,769.0,0,0.0,0,0.0,0.0,0.0,0.0,0.0,0.0338,0.784,16.5,FLOWRRA,0.0,0.0,390.0,1745.5,50_20_5_10_5_2,5,25,0,shared_pool,,
25,1,25,1.0,66,857,,,0,66,0.5183,0.5105,1.0,0.9091,60.0,0,0.0,0,0.0,,,,,,,,PP,0.5183,0.0,66.0,857.0,50_20_5_10_5_2,5,25,0,shared_pool,25.0,
25,1,25,1.0,66,857,,,0,66,0.5018,0.5056,1.0,0.9848,65.0,0,0.0,0,0.0,,,,,,,,PIBT,0.5018,0.0,66.0,857.0,50_20_5_10_5_2,5,25,0,shared_pool,25.0,
25,1,25,1.0,65,832,,,0,65,6.5449,101.1942,1.0,0.9846,,0,0.0,0,0.0,,,,,,,,RHCR-PIBT,0.4968,6.0481,65.0,832.0,50_20_5_10_5_2,5,25,0,shared_pool,25.0,13.0
25,1,25,1.0,65,832,,,0,65,8.0079,123.7067,1.0,0.9077,,0,0.0,0,0.0,,,,,,,,RHCR-PP,0.7766,7.2313,65.0,832.0,50_20_5_10_5_2,5,25,0,shared_pool,25.0,13.0
25,0,21,0.84,780,5299,1882.0,2.816,0,780,275.773,353.549,1.0,0.9487,740.0,0,0.0,0,0.0,0.0,0.0,0.0,0.0,0.0518,0.5639,9.09,FLOWRRA,0.0,0.0,390.0,2649.5,50_20_5_10_5_2,6,25,0,shared_pool,,
25,1,25,1.0,72,966,,,0,72,0.5324,0.545,1.0,0.9444,68.0,0,0.0,0,0.0,,,,,,,,PP,0.5324,0.0,72.0,966.0,50_20_5_10_5_2,6,25,0,shared_pool,25.0,
25,1,25,1.0,72,966,,,0,72,0.5153,0.5431,1.0,0.9444,68.0,0,0.0,0,0.0,,,,,,,,PIBT,0.5153,0.0,72.0,966.0,50_20_5_10_5_2,6,25,0,shared_pool,25.0,
25,1,25,1.0,71,941,,,0,71,7.743,109.6014,1.0,0.9507,,0,0.0,0,0.0,,,,,,,,RHCR-PIBT,0.512,7.231,71.0,941.0,50_20_5_10_5_2,6,25,0,shared_pool,25.0,15.0
25,1,25,1.0,71,941,,,0,71,9.4127,133.1252,1.0,0.9507,,0,0.0,0,0.0,,,,,,,,RHCR-PP,0.8007,8.612,71.0,941.0,50_20_5_10_5_2,6,25,0,shared_pool,25.0,15.0
25,0,22,0.88,780,4238,1752.0,2.419,1,780,244.738,313.76,1.0,0.9538,744.0,0,0.0,0,0.0,0.0,1.0,0.0,0.0,0.0586,0.6071,27.36,FLOWRRA,0.0,0.0,390.0,2119.0,50_20_5_10_5_2,7,25,0,shared_pool,,
25,1,25,1.0,78,901,,,0,78,0.5129,0.456,1.0,0.9359,73.0,0,0.0,0,0.0,,,,,,,,PP,0.5129,0.0,78.0,901.0,50_20_5_10_5_2,7,25,0,shared_pool,25.0,
25,1,25,1.0,78,901,,,0,78,0.4983,0.4533,1.0,0.9744,76.0,0,0.0,0,0.0,,,,,,,,PIBT,0.4983,0.0,78.0,901.0,50_20_5_10_5_2,7,25,0,shared_pool,25.0,
25,1,25,1.0,77,876,,,0,77,8.0863,105.4684,1.0,0.974,,0,0.0,0,0.0,,,,,,,,RHCR-PIBT,0.4926,7.5936,77.0,876.0,50_20_5_10_5_2,7,25,0,shared_pool,25.0,16.0
25,1,25,1.0,77,876,,,0,77,9.4547,123.2497,1.0,0.9351,,0,0.0,0,0.0,,,,,,,,RHCR-PP,0.7473,8.7074,77.0,876.0,50_20_5_10_5_2,7,25,0,shared_pool,25.0,16.0
25,0,24,0.96,780,3303,1798.0,1.837,0,780,284.318,364.504,1.0,1.0,780.0,0,0.0,0,0.0,0.0,0.0,0.0,0.0,0.0364,0.5804,70.5,FLOWRRA,0.0,0.0,390.0,1651.5,50_20_5_10_5_2,8,25,0,shared_pool,,
25,1,25,1.0,70,924,,,0,70,0.5266,0.5046,1.0,1.0,70.0,0,0.0,0,0.0,,,,,,,,PP,0.5266,0.0,70.0,924.0,50_20_5_10_5_2,8,25,0,shared_pool,25.0,
25,1,25,1.0,70,924,,,0,70,0.5115,0.5052,1.0,1.0,70.0,0,0.0,0,0.0,,,,,,,,PIBT,0.5115,0.0,70.0,924.0,50_20_5_10_5_2,8,25,0,shared_pool,25.0,
25,1,25,1.0,69,899,,,0,69,7.1916,104.731,1.0,1.0,,0,0.0,0,0.0,,,,,,,,RHCR-PIBT,0.5082,6.6834,69.0,899.0,50_20_5_10_5_2,8,25,0,shared_pool,25.0,14.0
25,1,25,1.0,69,899,,,0,69,8.7759,127.7006,1.0,1.0,,0,0.0,0,0.0,,,,,,,,RHCR-PP,0.7297,8.0462,69.0,899.0,50_20_5_10_5_2,8,25,0,shared_pool,25.0,14.0
25,0,23,0.92,780,3703,1966.0,1.884,0,780,251.298,322.169,1.0,0.9885,771.0,0,0.0,0,0.0,0.0,0.0,0.0,0.0,0.0096,0.5614,21.0,FLOWRRA,0.0,0.0,390.0,1851.5,50_20_5_10_5_2,9,25,0,shared_pool,,
25,1,25,1.0,88,1008,,,0,88,0.5226,0.4565,1.0,1.0,88.0,0,0.0,0,0.0,,,,,,,,PP,0.5226,0.0,88.0,1008.0,50_20_5_10_5_2,9,25,0,shared_pool,25.0,
25,1,25,1.0,88,1008,,,0,88,0.5094,0.4534,1.0,1.0,88.0,0,0.0,0,0.0,,,,,,,,PIBT,0.5094,0.0,88.0,1008.0,50_20_5_10_5_2,9,25,0,shared_pool,25.0,
25,1,25,1.0,87,983,,,0,87,9.1983,106.1858,1.0,1.0,,0,0.0,0,0.0,,,,,,,,RHCR-PIBT,0.5013,8.697,87.0,983.0,50_20_5_10_5_2,9,25,0,shared_pool,25.0,18.0
25,1,25,1.0,87,983,,,0,87,10.9501,126.3277,1.0,1.0,,0,0.0,0,0.0,,,,,,,,RHCR-PP,0.7605,10.1896,87.0,983.0,50_20_5_10_5_2,9,25,0,shared_pool,25.0,18.0
25,0,22,0.88,780,4306,1438.0,2.994,0,780,138.159,177.12,1.0,0.9904,772.5,0,0.0,0,0.0,0.0,0.0,0.0,0.0,0.0653,0.7589,20.69,FLOWRRA,0.0,0.0,390.0,2153.0,50_5_5_10_5_10,0,25,0,shared_pool,,
25,1,25,1.0,64,744,,,0,64,0.1527,0.4153,1.0,1.0,64.0,0,0.0,0,0.0,,,,,,,,PP,0.1527,0.0,64.0,744.0,50_5_5_10_5_10,0,25,0,shared_pool,25.0,
25,1,25,1.0,64,744,,,0,64,0.1463,0.4143,1.0,1.0,64.0,0,0.0,0,0.0,,,,,,,,PIBT,0.1463,0.0,64.0,744.0,50_5_5_10_5_10,0,25,0,shared_pool,25.0,
25,1,25,1.0,63,719,,,0,63,1.8049,29.0631,1.0,1.0,,0,0.0,0,0.0,,,,,,,,RHCR-PIBT,0.1401,1.6648,63.0,719.0,50_5_5_10_5_10,0,25,0,shared_pool,25.0,13.0
25,1,25,1.0,63,719,,,0,63,2.6896,43.1134,1.0,1.0,,0,0.0,0,0.0,,,,,,,,RHCR-PP,0.3773,2.3122,63.0,719.0,50_5_5_10_5_10,0,25,0,shared_pool,25.0,13.0
25,0,23,0.92,780,3337,1248.0,2.674,1,780,155.828,199.773,1.0,0.9436,736.0,0,0.0,0,0.0,1.0,0.0,0.0,0.0,0.0403,0.7755,3.42,FLOWRRA,0.0,0.0,390.0,1668.5,50_5_5_10_5_10,1,25,0,shared_pool,,
25,1,25,1.0,83,655,,,0,83,0.1633,0.3178,1.0,0.9337,77.5,0,0.0,0,0.0,,,,,,,,PP,0.1633,0.0,83.0,655.0,50_5_5_10_5_10,1,25,0,shared_pool,25.0,
25,1,25,1.0,83,649,,,0,83,0.147,0.3183,1.0,0.9458,78.5,0,0.0,0,0.0,,,,,,,,PIBT,0.147,0.0,83.0,649.0,50_5_5_10_5_10,1,25,0,shared_pool,25.0,
25,1,25,1.0,82,624,,,0,82,2.4253,29.8903,1.0,0.9878,,0,0.0,0,0.0,,,,,,,,RHCR-PIBT,0.1457,2.2796,82.0,624.0,50_5_5_10_5_10,1,25,0,shared_pool,25.0,17.0
25,1,25,1.0,82,624,,,0,82,3.3041,40.6126,1.0,0.9878,,0,0.0,0,0.0,,,,,,,,RHCR-PP,0.406,2.8981,82.0,624.0,50_5_5_10_5_10,1,25,0,shared_pool,25.0,17.0
25,0,23,0.92,780,3123,1026.0,3.044,1,780,165.558,212.247,1.0,0.9436,736.0,0,0.0,0,0.0,0.0,1.0,0.0,0.0,0.0445,0.6603,4.27,FLOWRRA,0.0,0.0,390.0,1561.5,50_5_5_10_5_10,2,25,0,shared_pool,,
25,1,25,1.0,51,538,,,0,51,0.1535,0.3793,1.0,1.0,51.0,0,0.0,0,0.0,,,,,,,,PP,0.1535,0.0,51.0,538.0,50_5_5_10_5_10,2,25,0,shared_pool,25.0,
25,1,25,1.0,51,538,,,0,51,0.1456,0.3766,1.0,1.0,51.0,0,0.0,0,0.0,,,,,,,,PIBT,0.1456,0.0,51.0,538.0,50_5_5_10_5_10,2,25,0,shared_pool,25.0,
25,1,25,1.0,50,513,,,0,50,1.3915,28.2006,1.0,1.0,,0,0.0,0,0.0,,,,,,,,RHCR-PIBT,0.1409,1.2506,50.0,513.0,50_5_5_10_5_10,2,25,0,shared_pool,25.0,10.0
25,1,25,1.0,50,513,,,0,50,1.8638,37.6521,1.0,1.0,,0,0.0,0,0.0,,,,,,,,RHCR-PP,0.332,1.5318,50.0,513.0,50_5_5_10_5_10,2,25,0,shared_pool,25.0,10.0
25,0,23,0.92,780,3064,1194.0,2.566,0,780,146.16,187.378,1.0,1.0,780.0,0,0.0,0,0.0,0.0,0.0,0.0,0.0,0.0178,0.5408,11.35,FLOWRRA,0.0,0.0,390.0,1532.0,50_5_5_10_5_10,3,25,0,shared_pool,,
25,1,25,1.0,80,710,,,0,80,0.467,0.3113,1.0,0.7625,61.0,0,0.0,0,0.0,,,,,,,,PP,0.467,0.0,80.0,710.0,50_5_5_10_5_10,3,25,0,shared_pool,25.0,
25,1,25,1.0,80,622,,,0,80,0.1835,0.295,1.0,0.6312,50.5,0,0.0,0,0.0,,,,,,,,PIBT,0.1835,0.0,80.0,622.0,50_5_5_10_5_10,3,25,0,shared_pool,25.0,
25,1,25,1.0,79,597,,,0,79,2.2724,29.0379,1.0,0.9747,,0,0.0,0,0.0,,,,,,,,RHCR-PIBT,0.1453,2.1271,79.0,597.0,50_5_5_10_5_10,3,25,0,shared_pool,25.0,16.0
25,1,25,1.0,79,597,,,0,79,2.9574,37.7168,1.0,0.9747,,0,0.0,0,0.0,,,,,,,,RHCR-PP,0.2716,2.6858,79.0,597.0,50_5_5_10_5_10,3,25,0,shared_pool,25.0,16.0
25,0,21,0.84,780,4347,1086.0,4.003,0,780,151.135,193.756,1.0,0.9801,764.5,0,0.0,0,0.0,0.0,0.0,0.0,0.0,0.0697,0.8088,16.0,FLOWRRA,0.0,0.0,390.0,2173.5,50_5_5_10_5_10,4,25,0,shared_pool,,
25,1,25,1.0,48,568,,,0,48,0.1536,0.4536,1.0,0.9688,46.5,0,0.0,0,0.0,,,,,,,,PP,0.1536,0.0,48.0,568.0,50_5_5_10_5_10,4,25,0,shared_pool,25.0,
25,1,25,1.0,48,568,,,0,48,0.1426,0.4516,1.0,0.9583,46.0,0,0.0,0,0.0,,,,,,,,PIBT,0.1426,0.0,48.0,568.0,50_5_5_10_5_10,4,25,0,shared_pool,25.0,
25,1,25,1.0,47,543,,,0,47,1.4153,30.5605,1.0,0.9574,,0,0.0,0,0.0,,,,,,,,RHCR-PIBT,0.1417,1.2737,47.0,543.0,50_5_5_10_5_10,4,25,0,shared_pool,25.0,10.0
25,1,25,1.0,47,543,,,0,47,2.1459,46.1121,1.0,0.9681,,0,0.0,0,0.0,,,,,,,,RHCR-PP,0.3277,1.8182,47.0,543.0,50_5_5_10_5_10,4,25,0,shared_pool,25.0,10.0
25,0,24,0.96,780,2012,838.0,2.401,0,780,169.005,216.666,1.0,1.0,780.0,0,0.0,0,0.0,0.0,0.0,0.0,0.0,0.0162,0.585,0.7,FLOWRRA,0.0,0.0,390.0,1006.0,50_5_5_10_5_10,5,25,0,shared_pool,,
25,1,25,1.0,40,444,,,0,40,0.1562,0.4044,1.0,1.0,40.0,0,0.0,0,0.0,,,,,,,,PP,0.1562,0.0,40.0,444.0,50_5_5_10_5_10,5,25,0,shared_pool,25.0,
25,1,25,1.0,40,444,,,0,40,0.143,0.4044,1.0,1.0,40.0,0,0.0,0,0.0,,,,,,,,PIBT,0.143,0.0,40.0,444.0,50_5_5_10_5_10,5,25,0,shared_pool,25.0,
25,1,25,1.0,39,419,,,0,39,1.1215,29.1495,1.0,1.0,,0,0.0,0,0.0,,,,,,,,RHCR-PIBT,0.1418,0.9797,39.0,419.0,50_5_5_10_5_10,5,25,0,shared_pool,25.0,8.0
25,1,25,1.0,39,419,,,0,39,1.5749,40.7774,1.0,1.0,,0,0.0,0,0.0,,,,,,,,RHCR-PP,0.3261,1.2488,39.0,419.0,50_5_5_10_5_10,5,25,0,shared_pool,25.0,8.0
25,1,25,1.0,211,1794,1120.0,1.602,0,211,42.539,201.601,1.0,1.0,211.0,0,0.0,0,0.0,0.0,0.0,0.0,0.0,0.0396,0.7447,0.0,FLOWRRA,0.0,0.0,105.5,897.0,50_5_5_10_5_10,6,25,0,shared_pool,,
25,1,25,1.0,61,585,,,0,61,0.152,0.3557,1.0,1.0,61.0,0,0.0,0,0.0,,,,,,,,PP,0.152,0.0,61.0,585.0,50_5_5_10_5_10,6,25,0,shared_pool,25.0,
25,1,25,1.0,61,585,,,0,61,0.1466,0.356,1.0,1.0,61.0,0,0.0,0,0.0,,,,,,,,PIBT,0.1466,0.0,61.0,585.0,50_5_5_10_5_10,6,25,0,shared_pool,25.0,
25,1,25,1.0,60,560,,,0,60,1.6959,28.617,1.0,1.0,,0,0.0,0,0.0,,,,,,,,RHCR-PIBT,0.144,1.5519,60.0,560.0,50_5_5_10_5_10,6,25,0,shared_pool,25.0,12.0
25,1,25,1.0,60,560,,,0,60,2.2646,38.0997,1.0,1.0,,0,0.0,0,0.0,,,,,,,,RHCR-PP,0.3422,1.9224,60.0,560.0,50_5_5_10_5_10,6,25,0,shared_pool,25.0,12.0
25,1,25,1.0,216,1655,1072.0,1.544,0,216,41.554,192.373,1.0,0.9167,198.0,0,0.0,0,0.0,0.0,0.0,0.0,0.0,0.0287,0.8079,0.0,FLOWRRA,0.0,0.0,108.0,827.5,50_5_5_10_5_10,7,25,0,shared_pool,,
25,1,25,1.0,69,561,,,0,69,0.1498,0.31,1.0,1.0,69.0,0,0.0,0,0.0,,,,,,,,PP,0.1498,0.0,69.0,561.0,50_5_5_10_5_10,7,25,0,shared_pool,25.0,
25,1,25,1.0,69,561,,,0,69,0.1438,0.3113,1.0,1.0,69.0,0,0.0,0,0.0,,,,,,,,PIBT,0.1438,0.0,69.0,561.0,50_5_5_10_5_10,7,25,0,shared_pool,25.0,
25,1,25,1.0,68,536,,,0,68,1.9583,29.1115,1.0,1.0,,0,0.0,0,0.0,,,,,,,,RHCR-PIBT,0.1457,1.8126,68.0,536.0,50_5_5_10_5_10,7,25,0,shared_pool,25.0,14.0
25,1,25,1.0,68,536,,,0,68,2.4671,36.5951,1.0,1.0,,0,0.0,0,0.0,,,,,,,,RHCR-PP,0.2918,2.1753,68.0,536.0,50_5_5_10_5_10,7,25,0,shared_pool,25.0,14.0
25,0,24,0.96,780,2310,994.0,2.324,0,780,166.095,212.936,1.0,0.9994,779.5,0,0.0,0,0.0,0.0,0.0,0.0,0.0,0.0222,0.5182,27.49,FLOWRRA,0.0,0.0,390.0,1155.0,50_5_5_10_5_10,8,25,0,shared_pool,,
25,1,25,1.0,41,522,,,0,41,0.1529,0.4869,1.0,1.0,41.0,0,0.0,0,0.0,,,,,,,,PP,0.1529,0.0,41.0,522.0,50_5_5_10_5_10,8,25,0,shared_pool,25.0,
25,1,25,1.0,41,522,,,0,41,0.1438,0.488,1.0,1.0,41.0,0,0.0,0,0.0,,,,,,,,PIBT,0.1438,0.0,41.0,522.0,50_5_5_10_5_10,8,25,0,shared_pool,25.0,
25,1,25,1.0,40,497,,,0,40,1.1224,28.5367,1.0,1.0,,0,0.0,0,0.0,,,,,,,,RHCR-PIBT,0.1415,0.9809,40.0,497.0,50_5_5_10_5_10,8,25,0,shared_pool,25.0,8.0
25,1,25,1.0,40,497,,,0,40,1.4776,37.4204,1.0,1.0,,0,0.0,0,0.0,,,,,,,,RHCR-PP,0.3064,1.1711,40.0,497.0,50_5_5_10_5_10,8,25,0,shared_pool,25.0,8.0
25,0,23,0.92,780,2732,984.0,2.776,2,780,140.558,180.195,1.0,0.9635,751.5,0,0.0,0,0.0,2.0,0.0,1.0,2.0,0.0154,0.6332,21.08,FLOWRRA,0.0,0.0,390.0,1366.0,50_5_5_10_5_10,9,25,0,shared_pool,,
25,1,25,1.0,46,517,,,0,46,0.1508,0.4075,1.0,0.9239,42.5,0,0.0,0,0.0,,,,,,,,PP,0.1508,0.0,46.0,517.0,50_5_5_10_5_10,9,25,0,shared_pool,25.0,
25,1,25,1.0,46,517,,,0,46,0.1478,0.404,1.0,0.9239,42.5,0,0.0,0,0.0,,,,,,,,PIBT,0.1478,0.0,46.0,517.0,50_5_5_10_5_10,9,25,0,shared_pool,25.0,
25,1,25,1.0,45,492,,,0,45,1.2689,28.5933,1.0,0.9222,,0,0.0,0,0.0,,,,,,,,RHCR-PIBT,0.1434,1.1256,45.0,492.0,50_5_5_10_5_10,9,25,0,shared_pool,25.0,9.0
25,1,25,1.0,45,492,,,0,45,1.8018,40.4416,1.0,0.9222,,0,0.0,0,0.0,,,,,,,,RHCR-PP,0.3565,1.4453,45.0,492.0,50_5_5_10_5_10,9,25,0,shared_pool,25.0,9.0
25,0,18,0.72,780,6844,1186.0,5.771,1,780,156.391,200.495,1.0,0.9308,726.0,0,0.0,0,0.0,0.0,1.0,0.0,0.0,0.0512,0.5424,12.06,FLOWRRA,0.0,0.0,390.0,3422.0,50_5_5_10_5_2,0,25,0,shared_pool,,
25,1,25,1.0,43,618,,,0,43,0.0875,0.5457,1.0,0.9302,40.0,0,0.0,0,0.0,,,,,,,,PP,0.0875,0.0,43.0,618.0,50_5_5_10_5_2,0,25,0,shared_pool,25.0,
25,1,25,1.0,43,618,,,0,43,0.0812,0.5632,1.0,0.8488,36.5,0,0.0,0,0.0,,,,,,,,PIBT,0.0812,0.0,43.0,618.0,50_5_5_10_5_2,0,25,0,shared_pool,25.0,
25,1,25,1.0,42,593,,,0,42,0.6732,16.5734,1.0,0.9405,,0,0.0,0,0.0,,,,,,,,RHCR-PIBT,0.0757,0.5975,42.0,593.0,50_5_5_10_5_2,0,25,0,shared_pool,25.0,9.0
25,1,25,1.0,42,593,,,0,42,1.1662,28.3184,1.0,0.9405,,0,0.0,0,0.0,,,,,,,,RHCR-PP,0.217,0.9492,42.0,593.0,50_5_5_10_5_2,0,25,0,shared_pool,25.0,9.0
25,0,24,0.96,780,2294,1006.0,2.28,0,780,144.201,184.866,1.0,1.0,780.0,0,0.0,0,0.0,0.0,0.0,0.0,0.0,0.0267,0.6848,1.5,FLOWRRA,0.0,0.0,390.0,1147.0,50_5_5_10_5_2,1,25,0,shared_pool,,
25,1,25,1.0,46,528,,,0,46,0.0861,0.4114,1.0,1.0,46.0,0,0.0,0,0.0,,,,,,,,PP,0.0861,0.0,46.0,528.0,50_5_5_10_5_2,1,25,0,shared_pool,25.0,
25,1,25,1.0,46,528,,,0,46,0.0787,0.4112,1.0,1.0,46.0,0,0.0,0,0.0,,,,,,,,PIBT,0.0787,0.0,46.0,528.0,50_5_5_10_5_2,1,25,0,shared_pool,25.0,
25,1,25,1.0,45,503,,,0,45,0.6742,15.3853,1.0,1.0,,0,0.0,0,0.0,,,,,,,,RHCR-PIBT,0.0761,0.5981,45.0,503.0,50_5_5_10_5_2,1,25,0,shared_pool,25.0,9.0
25,1,25,1.0,45,503,,,0,45,0.9874,22.3506,1.0,1.0,,0,0.0,0,0.0,,,,,,,,RHCR-PP,0.1581,0.8293,45.0,503.0,50_5_5_10_5_2,1,25,0,shared_pool,25.0,9.0
25,0,20,0.8,780,5349,1254.0,4.266,0,780,113.165,145.076,1.0,0.9865,769.5,0,0.0,0,0.0,0.0,0.0,0.0,0.0,0.0702,0.4268,17.23,FLOWRRA,0.0,0.0,390.0,2674.5,50_5_5_10_5_2,2,25,0,shared_pool,,
25,1,25,1.0,69,700,,,0,69,0.1583,0.3482,1.0,0.942,65.0,0,0.0,0,0.0,,,,,,,,PP,0.1583,0.0,69.0,700.0,50_5_5_10_5_2,2,25,0,shared_pool,25.0,
25,1,25,1.0,69,652,,,0,69,0.0788,0.3449,1.0,0.9855,68.0,0,0.0,0,0.0,,,,,,,,PIBT,0.0788,0.0,69.0,652.0,50_5_5_10_5_2,2,25,0,shared_pool,25.0,
25,1,25,1.0,68,627,,,0,68,1.0439,15.6758,1.0,0.9926,,0,0.0,0,0.0,,,,,,,,RHCR-PIBT,0.0811,0.9628,68.0,627.0,50_5_5_10_5_2,2,25,0,shared_pool,25.0,14.0
25,1,25,1.0,68,627,,,0,68,1.4397,21.5019,1.0,0.9926,,0,0.0,0,0.0,,,,,,,,RHCR-PP,0.1846,1.2551,68.0,627.0,50_5_5_10_5_2,2,25,0,shared_pool,25.0,14.0
25,0,24,0.96,780,2970,1142.0,2.601,0,780,134.992,173.06,1.0,1.0,780.0,0,0.0,0,0.0,0.0,0.0,0.0,0.0,0.0393,0.5293,38.0,FLOWRRA,0.0,0.0,390.0,1485.0,50_5_5_10_5_2,3,25,0,shared_pool,,
25,1,25,1.0,64,604,,,0,64,0.091,0.3444,1.0,1.0,64.0,0,0.0,0,0.0,,,,,,,,PP,0.091,0.0,64.0,604.0,50_5_5_10_5_2,3,25,0,shared_pool,25.0,
25,1,25,1.0,63,596,,,0,63,0.1195,0.3522,1.0,0.8333,52.5,0,0.0,0,0.0,,,,,,,,PIBT,0.1195,0.0,63.0,596.0,50_5_5_10_5_2,3,25,0,shared_pool,25.0,
25,1,25,1.0,62,571,,,0,62,0.9979,16.4383,1.0,1.0,,0,0.0,0,0.0,,,,,,,,RHCR-PIBT,0.0766,0.9213,62.0,571.0,50_5_5_10_5_2,3,25,0,shared_pool,25.0,13.0
25,0,24,0.96,780,1296,,,0,780,12.5184,16.1554,1.0,1.0,,0,0.0,0,0.0,,,,,,,,RHCR-PP,0.2124,12.3061,780.0,1296.0,50_5_5_10_5_2,3,25,0,shared_pool,25.0,156.0
25,0,24,0.96,780,2964,1188.0,2.495,3,780,139.874,179.319,1.0,0.9051,706.0,0,0.0,0,0.0,2.0,1.0,1.0,2.0,0.0317,0.7891,28.3,FLOWRRA,0.0,0.0,390.0,1482.0,50_5_5_10_5_2,4,25,0,shared_pool,,
25,1,25,1.0,89,703,,,0,89,0.4185,0.298,1.0,1.0,89.0,0,0.0,0,0.0,,,,,,,,PP,0.4185,0.0,89.0,703.0,50_5_5_10_5_2,4,25,0,shared_pool,25.0,
25,1,25,1.0,53,619,,,0,53,0.1201,0.4631,1.0,0.5849,31.0,0,0.0,0,0.0,,,,,,,,PIBT,0.1201,0.0,53.0,619.0,50_5_5_10_5_2,4,25,0,shared_pool,25.0,
25,1,25,1.0,52,594,,,0,52,0.8212,16.2359,1.0,0.8654,,0,0.0,0,0.0,,,,,,,,RHCR-PIBT,0.0783,0.7429,52.0,594.0,50_5_5_10_5_2,4,25,0,shared_pool,25.0,11.0
25,0,23,0.92,780,2070,,,0,780,17.1574,22.1198,1.0,0.9968,,0,0.0,0,0.0,,,,,,,,RHCR-PP,0.2813,16.876,780.0,2070.0,50_5_5_10_5_2,4,25,0,shared_pool,25.0,156.0
25,0,24,0.96,780,2431,1348.0,1.803,0,780,136.285,174.717,1.0,0.9731,759.0,0,0.0,0,0.0,0.0,0.0,0.0,0.0,0.0163,0.6594,3.0,FLOWRRA,0.0,0.0,390.0,1215.5,50_5_5_10_5_2,5,25,0,shared_pool,,
25,1,25,1.0,84,747,,,0,84,0.1136,0.338,1.0,0.9821,82.5,0,0.0,0,0.0,,,,,,,,PP,0.1136,0.0,84.0,747.0,50_5_5_10_5_2,5,25,0,shared_pool,25.0,
25,1,25,1.0,64,700,,,0,64,0.0968,0.4161,1.0,0.7734,49.5,0,0.0,0,0.0,,,,,,,,PIBT,0.0968,0.0,64.0,700.0,50_5_5_10_5_2,5,25,0,shared_pool,25.0,
25,1,25,1.0,63,675,,,0,63,0.9684,15.7781,1.0,0.8413,,0,0.0,0,0.0,,,,,,,,RHCR-PIBT,0.0783,0.8901,63.0,675.0,50_5_5_10_5_2,5,25,0,shared_pool,25.0,13.0
25,0,24,0.96,780,1419,,,0,780,12.1928,15.7435,1.0,0.9872,,0,0.0,0,0.0,,,,,,,,RHCR-PP,0.1689,12.0239,780.0,1419.0,50_5_5_10_5_2,5,25,0,shared_pool,25.0,156.0
25,0,23,0.92,780,3280,1162.0,2.823,1,780,131.051,168.008,1.0,0.9718,758.0,0,0.0,0,0.0,1.0,0.0,0.0,0.0,0.0484,0.453,51.75,FLOWRRA,0.0,0.0,390.0,1640.0,50_5_5_10_5_2,6,25,0,shared_pool,,
25,1,25,1.0,93,645,,,0,93,0.2408,0.2564,1.0,0.957,89.0,0,0.0,0,0.0,,,,,,,,PP,0.2408,0.0,93.0,645.0,50_5_5_10_5_2,6,25,0,shared_pool,25.0,
25,1,25,1.0,59,607,,,0,59,0.1183,0.3703,1.0,0.7203,42.5,0,0.0,0,0.0,,,,,,,,PIBT,0.1183,0.0,59.0,607.0,50_5_5_10_5_2,6,25,0,shared_pool,25.0,
25,1,25,1.0,58,582,,,0,58,0.8882,15.6711,1.0,0.9397,,0,0.0,0,0.0,,,,,,,,RHCR-PIBT,0.0761,0.8121,58.0,582.0,50_5_5_10_5_2,6,25,0,shared_pool,25.0,12.0
25,0,24,0.96,780,1308,,,0,780,13.3856,17.2675,1.0,0.9955,,0,0.0,0,0.0,,,,,,,,RHCR-PP,0.1755,13.2101,780.0,1308.0,50_5_5_10_5_2,6,25,0,shared_pool,25.0,156.0
25,0,23,0.92,780,3321,1050.0,3.163,0,780,132.233,169.522,1.0,0.9635,751.5,0,0.0,0,0.0,0.0,0.0,0.0,0.0,0.0314,0.6128,14.72,FLOWRRA,0.0,0.0,390.0,1660.5,50_5_5_10_5_2,7,25,0,shared_pool,,
25,1,25,1.0,65,552,,,0,65,0.0843,0.3141,1.0,0.9538,62.0,0,0.0,0,0.0,,,,,,,,PP,0.0843,0.0,65.0,552.0,50_5_5_10_5_2,7,25,0,shared_pool,25.0,
25,1,25,1.0,65,550,,,0,65,0.1191,0.336,1.0,0.6923,45.0,0,0.0,0,0.0,,,,,,,,PIBT,0.1191,0.0,65.0,550.0,50_5_5_10_5_2,7,25,0,shared_pool,25.0,
25,1,25,1.0,64,525,,,0,64,0.9872,15.7324,1.0,0.9609,,0,0.0,0,0.0,,,,,,,,RHCR-PIBT,0.0814,0.9058,64.0,525.0,50_5_5_10_5_2,7,25,0,shared_pool,25.0,13.0
25,1,25,1.0,64,527,,,0,64,1.3124,20.8165,1.0,0.9609,,0,0.0,0,0.0,,,,,,,,RHCR-PP,0.1528,1.1597,64.0,527.0,50_5_5_10_5_2,7,25,0,shared_pool,25.0,13.0
25,0,22,0.88,780,3967,1230.0,3.225,2,780,143.608,184.106,1.0,0.5327,415.5,0,0.0,0,0.0,2.0,0.0,1.0,2.0,0.0594,0.7598,5.79,FLOWRRA,0.0,0.0,390.0,1983.5,50_5_5_10_5_2,8,25,0,shared_pool,,
25,1,25,1.0,54,640,,,0,54,0.0823,0.4297,1.0,0.9907,53.5,0,0.0,0,0.0,,,,,,,,PP,0.0823,0.0,54.0,640.0,50_5_5_10_5_2,8,25,0,shared_pool,25.0,
25,1,25,1.0,54,640,,,0,54,0.0784,0.4266,1.0,0.9907,53.5,0,0.0,0,0.0,,,,,,,,PIBT,0.0784,0.0,54.0,640.0,50_5_5_10_5_2,8,25,0,shared_pool,25.0,
25,1,25,1.0,53,615,,,0,53,0.8238,15.9677,1.0,0.9906,,0,0.0,0,0.0,,,,,,,,RHCR-PIBT,0.0751,0.7486,53.0,615.0,50_5_5_10_5_2,8,25,0,shared_pool,25.0,11.0
25,1,25,1.0,53,615,,,0,53,1.428,27.3746,1.0,0.9906,,0,0.0,0,0.0,,,,,,,,RHCR-PP,0.1625,1.2655,53.0,615.0,50_5_5_10_5_2,8,25,0,shared_pool,25.0,11.0
25,0,24,0.96,780,2732,1232.0,2.218,0,780,139.77,179.185,1.0,1.0,780.0,0,0.0,0,0.0,0.0,0.0,0.0,0.0,0.0109,0.5571,0.11,FLOWRRA,0.0,0.0,390.0,1366.0,50_5_5_10_5_2,9,25,0,shared_pool,,
25,1,25,1.0,86,701,,,0,86,0.3675,0.331,1.0,0.9651,83.0,0,0.0,0,0.0,,,,,,,,PP,0.3675,0.0,86.0,701.0,50_5_5_10_5_2,9,25,0,shared_pool,25.0,
25,1,25,1.0,49,642,,,0,49,0.1169,0.5415,1.0,0.7143,35.0,0,0.0,0,0.0,,,,,,,,PIBT,0.1169,0.0,49.0,642.0,50_5_5_10_5_2,9,25,0,shared_pool,25.0,
25,1,25,1.0,48,617,,,0,48,0.7519,16.1814,1.0,0.8958,,0,0.0,0,0.0,,,,,,,,RHCR-PIBT,0.0782,0.6737,48.0,617.0,50_5_5_10_5_2,9,25,0,shared_pool,25.0,10.0
25,0,24,0.96,780,1371,,,0,780,15.4138,19.8763,1.0,0.9962,,0,0.0,0,0.0,,,,,,,,RHCR-PP,0.3008,15.113,780.0,1371.0,50_5_5_10_5_2,9,25,0,shared_pool,25.0,156.0
