episode,map,scen,agents,reward,completed,completion_rate,collisions,recovery_invocations,recovery_forced,recovery_resolved,recovery_wasted,recovery_preemptive,recovery_preemptive_success,risk_steps,risk_steps_acted,warning_steps,intervention_rate,brake_duty_cycle,mean_peer_gap,errors_injected,handovers_completed,retired_recalled,action_override_rate,gradient_agreement,mean_hops_remaining,incomplete_dead_rescued,incomplete_total,hops_dead_rescued,start_hops_dead_rescued,steps_held_dead_rescued,steps_waiting_dead_rescued,start_hops_delivered,steps_held_delivered,steps_waiting_delivered,sep_pairs,tier1_real_escapes,tier1_noop_escapes,tier1_rejected_occupied,tier1_rejected_obstacle,tier2_rejected_obstacle,recurrence_escalations,recurrence_pairs_tracked,doorstep_steps,doorstep_arrived,doorstep_closer,doorstep_idle,doorstep_away,doorstep_overridden,doorstep_peer_within_warning,doorstep_step_in_rate,doorstep_idle_rate,convoy_fleets_exempted,convoy_invocations_skipped,held_pair_invocations_skipped,rwd_term_pos_goal_baseline,rwd_term_neg_goal_baseline,rwd_term_pos_goal_delivery,rwd_term_neg_goal_delivery,rwd_term_pos_goal_progress,rwd_term_neg_goal_progress,rwd_term_pos_goal_final_approach,rwd_term_neg_goal_final_approach,rwd_term_pos_safety_collision,rwd_term_neg_safety_collision,rwd_term_pos_safety_warning,rwd_term_neg_safety_warning,rwd_term_pos_integrity_coherence,rwd_term_neg_integrity_coherence,rwd_term_pos_integrity_recovery_events,rwd_term_neg_integrity_recovery_events,rwd_term_pos_rescue_pickup,rwd_term_neg_rescue_pickup,rwd_term_pos_rescue_rescue_delivery,rwd_term_neg_rescue_rescue_delivery,rwd_term_pos_time_idle,rwd_term_neg_time_idle,rwd_term_pos_time_overtime,rwd_term_neg_time_overtime,rwd_spread_mean_goal,rwd_spread_std_goal,rwd_spread_mean_safety,rwd_spread_std_safety,rwd_spread_mean_integrity,rwd_spread_std_integrity,rwd_spread_mean_rescue,rwd_spread_std_rescue,rwd_spread_mean_time,rwd_spread_std_time,rwd_shadow_pos_safety,rwd_shadow_neg_safety,rwd_shadow_pos_delivery,rwd_shadow_neg_delivery,rwd_shadow_pos_efficiency,rwd_shadow_neg_efficiency,rwd_shadow_mean_safety,rwd_shadow_std_safety,rwd_shadow_mean_delivery,rwd_shadow_std_delivery,rwd_shadow_mean_efficiency,rwd_shadow_std_efficiency,rwd_shadow_freq_safety,rwd_shadow_typical_safety,rwd_shadow_freq_delivery,rwd_shadow_typical_delivery,rwd_shadow_freq_efficiency,rwd_shadow_typical_efficiency,rwd_live_pos_safety,rwd_live_neg_safety,rwd_live_pos_delivery,rwd_live_neg_delivery,rwd_live_pos_efficiency,rwd_live_neg_efficiency,rwd_approach_total,rwd_standoff_pairsteps,rwd_standoff_longest,rwd_standoff_past_cap,rwd_choice_wait,rwd_choice_follow,rwd_choice_reroute,rwd_choice_proceed,choice_n,choice_policy_wait,choice_policy_toward,choice_policy_away,choice_policy_side,choice_exec_wait,choice_exec_toward,choice_exec_away,choice_exec_side,choice_over_rule,choice_over_hold,choice_over_other,choice_policy_wait_share,choice_exec_wait_share,rwd_warnundo_fleetsteps,rwd_warnundo_mismatched,rwd_warnundo_escaped_kept,rwd_warnundo_error,rwd_all_pos_goal,rwd_all_pos_safety,rwd_all_pos_integrity,rwd_all_pos_rescue,rwd_all_pos_time,rwd_all_neg_goal,rwd_all_neg_safety,rwd_all_neg_integrity,rwd_all_neg_rescue,rwd_all_neg_time,rwd_learned_pos_goal,rwd_learned_pos_safety,rwd_learned_pos_integrity,rwd_learned_pos_rescue,rwd_learned_pos_time,rwd_learned_neg_goal,rwd_learned_neg_safety,rwd_learned_neg_integrity,rwd_learned_neg_rescue,rwd_learned_neg_time,held_pair_fleets_exempted,convoy_splats_skipped,orders_total,orders_delivered,orders_undelivered,orders_inherited,orders_inherited_delivered,orders_stranded_in_open_pickups,sep_warning_splats,preempt_window,preempt_watched,preempt_collided_k,preempt_clear_k,preempt_pending,preempt_prevention_rate,preempt_fleets_hit_k,preempt_fleets_watched,conflict_collapses,conflict_repeat_offences,conflict_max_pair_repeat,conflict_evaluations,conflict_pairs_head_on,conflict_warned_head_on,conflict_pairs_blocked,conflict_warned_blocked,conflict_pairs_following,conflict_warned_following,conflict_pairs_contested,conflict_warned_contested,conflict_pairs_sequential,conflict_warned_sequential,conflict_pairs_none,conflict_warned_none,conflict_pairs_unknown,conflict_warned_unknown,conflict_brake_convoy_exempt,corridor_entry_waits,corridor_entry_contests,corridor_meetings,corridor_retreaters,corridor_released,corridor_timeouts,corridor_no_pullover,corridor_claim_waits,corridor_hold_steps,corridor_entry_pullovers,corridor_stopped_waits,corridor_stopped_cycles_left,corridor_count,corridor_orders_open,conflict_holds,conflict_holds_at_cap,conflict_hold_steps,path_views,path_seeing_pct,path_routes_seen_mean,path_shared_pct,path_overlap_mean,path_contested_pct,path_contested_next_pct,path_contested_soonest,loss_safety,loss_delivery,loss_efficiency,qval_safety,qval_delivery,qval_efficiency,loss_recovery,qval_recovery,incomplete_dead_no_pickup,hops_dead_no_pickup,start_hops_dead_no_pickup,steps_held_dead_no_pickup,steps_waiting_dead_no_pickup,incomplete_rescuer_busy,incomplete_dead_rescue_late,hops_rescuer_busy,hops_dead_rescue_late,start_hops_rescuer_busy,start_hops_dead_rescue_late,steps_held_rescuer_busy,steps_held_dead_rescue_late,steps_waiting_rescuer_busy,steps_waiting_dead_rescue_late,incomplete_moving,hops_moving,start_hops_moving,steps_held_moving,steps_waiting_moving,sep_min,sep_mean_nearest,sep_within_collision,sep_within_warning,sep_pct_within_warning,incomplete_yielding,hops_yielding,start_hops_yielding,steps_held_yielding,steps_waiting_yielding
1,25_5_2_5_2_1,25_5_2_5_2_1_StartGoalLocations_Seed8.csv,45,-10329.57438993454,45,1.0,3,82,3,3,31,82,3,183,89,180,0.48633879781420764,0.2948582030214683,5.749825804935916,4,4,2,0.4175722236946727,0.31500132520540686,0.0,4.0,4,9.8,19.0,69.2,73.8,8.59,50.8,38.3,0,93,0,167,0,0,76,16,193,0,85,11,97,0,23,0.4404,0.057,59,7,0,754.6,0.0,4500.0,0.0,3842.375,-2716.475,3.5,0.0,0.0,-300.0,4.489,-1083.564,0.0,-1441.5,620.0,-13236.0,100.0,0.0,0.0,0.0,0.0,-1377.0,0.0,0.0,0.84601,7.76963,-0.18276,1.43532,-1.86291,2.04054,0.01325,0.57544,-0.18248,0.24071,50.46,-7786.576,4600.0,0.0,4891.289,-2627.203,-1.02519,2.31364,0.60959,7.71971,0.30004,1.18168,0.35052,2.96296,0.00649,93.87755,0.9939,1.00247,0.0,-45.7376,65.3409,0.0,219.7643,-233.9129,-22.799,1141,127,1071,2275,29,79,100,2486,424,689,1373,0,2269,134,83,0,66,1816,38,0.17055510860820594,0.912711182622687,2486,184,33,1.041,8913.775,4.163,599.5,100.0,0.0,-2529.775,-1383.238,-14657.0,0.0,-1377.0,8913.775,4.163,599.5,100.0,0.0,-2529.775,-1383.238,-14657.0,0.0,-1377.0,0,52,45,45,0,4,4,0,1572,5,82,0,82,0,1.0,0,1201,85,76,28,2444,941,941,4011,4011,745,197,384,384,4,0,3812,964,0,0,1041,100,4,3,9,8,1,0,62,177,6,36,0,305,0,1109,589,27965,18393,71.26080574131463,3.2211795223926147,41.24938835426521,1.506880391121654,26.754743652476485,8.345566248029142,2.638284901442796,0.0022776102956068313,0.00671831750010147,0.0012814105351550682,0.005317461606519316,0.05678550116326932,-0.015933276921409046,0.0004855612920490234,-0.005859301834244852,,,,,,,,,,,,,,,,,,,,,,,,,,,,,,
2,50_5_5_10_5_2,50_5_5_10_5_2_StartGoalLocations_Seed7.csv,45,4976.194828718901,45,1.0,1,1,1,1,14,1,0,102,1,101,0.00980392156862745,0.07844840063685049,8.407993562902378,5,5,4,0.1463096960926194,0.5493487698986975,0.0,5.0,5,13.8,26.6,0.0,0.2,17.99,0.2,5.9,0,5,0,2,0,0,1,2,175,0,101,11,63,0,2,0.5771,0.0629,0,0,0,691.0,0.0,4500.0,0.0,5841.69,-3331.49,0.0,0.0,0.0,-100.0,2.006,-271.011,0.0,-1679.5,0.0,-576.0,125.0,0.0,0.0,0.0,0.0,-225.5,0.0,0.0,1.1145,8.12801,-0.0534,0.86667,-0.32641,0.59026,0.01809,0.67225,-0.03263,0.1235,0.0,-618.233,4625.0,0.0,7726.707,-2320.478,-0.08947,0.92044,0.66932,8.07015,0.78238,1.39396,0.0699,1.27998,0.00724,92.5,0.9932,1.46396,0.0,-8.9323,65.696,0.0,333.8109,-203.2566,-21.877,77,23,56,191,31,83,60,365,102,176,87,0,191,91,83,0,100,0,14,0.27945205479452057,0.5232876712328767,365,101,22,-7.273,10803.191,1.846,0.0,125.0,0.0,-3101.99,-370.851,-2255.5,0.0,-225.5,10803.191,1.846,0.0,125.0,0.0,-3101.99,-370.851,-2255.5,0.0,-225.5,0,51,45,45,0,5,5,0,141,5,1,0,1,0,1.0,0,4,2,1,2,3000,103,103,409,409,443,203,48,48,4,0,684,4,0,0,1051,0,0,0,1,1,0,0,27,19,1,82,0,710,0,1,0,10,19904,23.90976688102894,1.149611262870351,8.475683279742766,1.2928645677790576,5.86314308681672,1.07516077170418,2.911739502999143,0.0015050198215758427,0.006156062852125615,0.001400008066246907,0.00589326771319611,0.06615799547731877,0.01166940060729712,7.484897612751714e-05,-0.0023268174732802437,,,,,,,,,,,,,,,,,,,,,,,,,,,,,,
3,25_5_2_5_2_1,25_5_2_5_2_1_StartGoalLocations_Seed2.csv,75,-1923.100528985262,75,1.0,6,38,6,6,10,38,2,293,39,287,0.13310580204778158,0.38795488401787614,4.209572313415851,5,5,4,0.3244335708967131,0.4639931922135943,0.0,5.0,5,4.3,11.4,63.6,54.6,7.37,29.1,26.6,0,201,0,107,0,0,33,28,312,0,116,30,166,0,42,0.3718,0.0962,64,1,0,940.1,0.0,7500.0,0.0,4728.051,-2941.028,98.0,0.0,0.0,-600.0,7.269,-1960.993,0.0,-3798.5,225.0,-4884.0,125.0,0.0,0.0,0.0,0.0,-1362.0,0.0,0.0,1.0983,8.94351,-0.27164,1.80696,-0.89964,1.29125,0.0133,0.5764,-0.14488,0.22682,34.884,-6310.988,7625.0,0.0,5873.15,-3117.093,-0.6676,2.13773,0.81108,8.91366,0.29317,1.1271,0.39262,1.71928,0.00851,95.3125,0.99192,0.9641,0.0,-73.0419,108.3097,0.0,275.7744,-245.8873,-95.338,1230,108,1012,2498,349,416,354,3620,749,1462,1409,0,2488,710,422,0,277,1535,139,0.2069060773480663,0.687292817679558,3619,722,147,-15.62,13045.285,5.6,212.5,125.0,0.0,-2720.161,-2559.324,-8670.0,0.0,-1362.0,13045.285,5.6,212.5,125.0,0.0,-2720.161,-2559.324,-8670.0,0.0,-1362.0,0,377,75,75,0,5,5,0,1906,5,38,0,38,0,1.0,0,417,44,35,5,1680,2097,2097,4325,4325,3351,1492,480,480,12,0,4999,756,0,0,1345,32,0,15,24,21,2,0,269,210,9,176,10,305,0,359,0,5150,21196,84.8367616531421,3.5206873540206876,49.419701830534066,1.8098323608374307,34.657482543876206,6.26061521041706,2.5063980397495236,0.0008916534376718724,0.005581671984691639,0.001704458798381633,0.014457952099231381,0.0728732877455297,0.036144198818753165,8.130789150462598e-05,-0.007961362799618482,,,,,,,,,,,,,,,,,,,,,,,,,,,,,,
4,25_5_2_5_2_1,25_5_2_5_2_1_StartGoalLocations_Seed9.csv,25,2407.144390232861,24,0.96,0,3,0,0,8,3,1,63,5,63,0.07936507936507936,0.08337904552934723,7.45010147275208,2,1,0,0.07569939659901262,0.5776193088315963,0.0,1.0,2,11.0,27.0,10.0,6.0,9.57,0.0,1.0,0,7,0,3,0,0,1,2,88,0,49,5,34,0,5,0.5568,0.0568,6,2,0,182.3,0.0,2400.0,0.0,1550.923,-795.463,10.5,0.0,0.0,0.0,2.4,-80.516,0.0,-413.5,72.0,-480.0,25.0,0.0,0.0,0.0,0.0,-66.5,0.0,0.0,1.83668,11.42658,-0.04285,0.17103,-0.45063,1.18977,0.01371,0.58537,-0.03648,0.13003,18.0,-258.674,2425.0,0.0,1819.462,-695.06,-0.13202,0.61987,1.33022,11.41159,0.61679,1.34048,0.13001,1.1674,0.01371,97.0,0.98683,1.39773,0.0,-2.8249,34.446,0.0,89.2242,-49.2551,-4.893,4,1,0,62,44,33,48,188,50,96,42,0,62,93,33,0,17,7,12,0.26595744680851063,0.32978723404255317,188,78,12,0.558,4089.223,2.4,72.0,25.0,0.0,-740.963,-80.516,-893.5,0.0,-66.5,4089.223,2.4,72.0,25.0,0.0,-740.963,-80.516,-893.5,0.0,-66.5,0,33,25,24,1,1,0,0,66,5,3,0,3,0,1.0,0,8,3,1,2,980,127,127,81,81,243,131,60,60,8,0,88,0,0,0,580,1,0,3,4,4,0,0,0,86,1,7,0,305,0,1,0,10,3889,69.4523013628182,1.5923731951129212,34.66186680380561,1.0728208618715285,22.319362303934174,3.7027513499614297,3.172811059907834,0.0009861631320708679,0.00566016796653216,0.0018149978771083513,0.012564506495700513,0.07336808452192618,0.03302006793721598,5.0640717843783266e-05,-0.0055510373454664514,1.0,5.5,12.0,0.0,13.0,,,,,,,,,,,,,,,,,,,,,,,,,
5,25_5_2_5_2_1,25_5_2_5_2_1_StartGoalLocations_Seed1.csv,45,3236.9037612378597,45,1.0,0,0,0,0,9,0,0,74,7,74,0.0945945945945946,0.12811660912926737,6.665245932045686,3,2,3,0.0805523590333717,0.5362485615650172,0.0,2.0,3,5.5,14.0,0.0,4.5,6.79,0.0,1.6,0,0,0,0,0,0,0,0,143,0,95,5,43,0,8,0.6643,0.035,14,7,0,260.7,0.0,4500.0,0.0,2084.154,-1139.154,0.0,0.0,0.0,0.0,3.32,-149.116,0.0,-916.0,0.0,-1348.0,50.0,0.0,0.0,0.0,0.0,-109.0,0.0,0.0,2.18861,13.0406,-0.05592,0.18974,-0.86843,1.32832,0.01918,0.69218,-0.04181,0.13841,0.0,-343.274,4550.0,0.0,2388.288,-998.852,-0.13167,0.47377,1.7453,13.04015,0.53296,1.29987,0.15036,0.8757,0.01803,96.80851,0.98274,1.32207,0.0,-3.6934,64.6307,0.0,119.0945,-71.3231,-11.684,7,1,0,54,39,96,47,237,27,87,123,0,49,88,100,0,30,0,16,0.11392405063291139,0.20675105485232068,237,122,46,-9.522,6763.21,3.32,0.0,50.0,0.0,-1057.51,-149.116,-2264.0,0.0,-109.0,6763.21,3.32,0.0,50.0,0.0,-1057.51,-149.116,-2264.0,0.0,-109.0,0,61,45,45,0,2,2,0,55,5,0,0,0,0,,0,0,0,0,0,864,100,100,62,62,564,244,48,48,0,0,414,18,0,0,782,7,0,3,5,5,0,0,11,69,2,14,1,305,0,0,0,0,6306,71.85220424992072,2.1951004193334804,26.831588962892482,1.2109781487803053,18.28417380272756,4.059625753250872,2.8594969644405897,0.0007397632150430043,0.006459972861598039,0.0020674955034067992,0.013070824333437014,0.0955750948783976,0.0630165972246754,8.774123276217088e-05,-0.012545385527859994,1.0,1.5,7.0,0.0,0.0,,,,,,,,,,,,,,,,,,,,,,,,,
6,50_5_5_10_5_2,50_5_5_10_5_2_StartGoalLocations_Seed8.csv,45,6044.8531248271465,44,0.9777777777777777,0,0,0,0,7,0,0,36,1,36,0.027777777777777776,0.02598752598752599,8.850213768080714,2,1,1,0.04677754677754678,0.6572245322245323,0.0,1.0,2,11.0,47.0,0.0,0.0,19.19,0.0,0.7,0,0,0,0,0,0,0,0,120,0,97,6,17,0,0,0.8083,0.05,2,1,0,384.8,0.0,4400.0,0.0,3941.788,-1303.288,0.0,0.0,0.0,0.0,0.37,-37.817,0.0,-612.0,0.0,-632.0,25.0,0.0,0.0,0.0,0.0,-122.0,0.0,0.0,1.92913,10.63172,-0.00973,0.0803,-0.32328,0.81243,0.0065,0.40296,-0.0317,0.12185,0.0,-111.47,4425.0,0.0,5029.404,-989.734,-0.02897,0.1797,1.14995,10.63885,1.04981,1.30278,0.05379,0.5385,0.01169,98.33333,0.98857,1.58232,0.0,-1.3545,62.8551,0.0,225.245,-81.445,-8.458,10,5,2,23,6,22,25,76,13,40,23,0,23,31,22,0,10,0,0,0.17105263157894737,0.3026315789473684,76,40,8,0.023,8638.051,0.37,0.0,25.0,0.0,-1214.751,-37.817,-1244.0,0.0,-122.0,8638.051,0.37,0.0,25.0,0.0,-1214.751,-37.817,-1244.0,0.0,-122.0,0,10,45,44,1,1,0,0,28,5,0,0,0,0,,0,0,0,0,0,972,108,108,4,4,152,40,0,0,0,0,226,0,0,0,906,1,0,0,0,0,0,0,7,0,0,11,0,710,0,0,0,0,7820,26.73913043478261,1.0267814442850312,6.59846547314578,0.937887609156585,4.283887468030691,0.3836317135549872,3.4656716417910447,0.0005476352331849436,0.005810989750119945,0.002002574255260727,0.014788506423226662,0.10201307097948137,0.07522669293507626,7.638825926183073e-05,-0.013611572277214792,1.0,6.0,11.0,0.0,0.0,,,,,,,,,,,,,,,,,,,,,,,,,
7,50_5_5_10_5_2,50_5_5_10_5_2_StartGoalLocations_Seed5.csv,45,5806.181118734181,44,0.9777777777777777,0,3,0,0,26,3,1,73,3,73,0.0410958904109589,0.041228939544103074,8.776449465476958,5,1,5,0.0402378592666006,0.6602576808721506,0.0,1.0,6,16.0,30.0,0.0,0.0,21.49,0.0,0.7,0,6,0,2,0,0,0,2,438,0,337,20,81,0,0,0.7694,0.0457,0,0,0,504.5,0.0,4400.0,0.0,4960.419,-1970.423,0.0,0.0,0.0,0.0,0.872,-85.187,0.0,-995.5,288.0,-844.0,25.0,0.0,0.0,0.0,0.0,-132.5,0.0,-345.0,1.56482,9.33343,-0.01671,0.1057,-0.30753,1.08951,0.00496,0.35194,-0.09465,0.76748,18.0,-294.065,4425.0,0.0,6467.805,-1721.761,-0.05472,0.39445,0.87711,9.30428,0.94074,1.60172,0.06046,1.02316,0.00892,98.33333,0.99068,1.63857,0.0,-2.7854,62.8551,0.0,281.4525,-137.8813,-9.539,1,1,0,27,38,59,49,174,16,90,68,0,26,88,60,0,14,0,7,0.09195402298850575,0.14942528735632185,174,50,18,-4.251,9731.119,0.872,288.0,25.0,0.0,-1836.623,-85.187,-1839.5,0.0,-477.5,9731.119,0.872,288.0,25.0,0.0,-1836.623,-85.187,-1839.5,0.0,-477.5,0,57,45,44,1,1,1,1,29,5,3,0,3,0,1.0,0,6,3,0,0,3200,20,20,64,64,704,226,36,36,4,0,164,0,0,0,990,8,0,0,1,1,0,0,6,10,1,3,0,710,0,0,0,0,14026,29.751889348353057,1.1341960220464893,15.086268358762299,1.0766658936768052,8.897761300442037,1.4758306003137032,3.12900641025641,0.0006359146835256979,0.0059596924809738995,0.00215546362567693,0.01633442807942629,0.11081123282201588,0.08764813209883869,9.418700319201889e-05,-0.013630451100616482,3.0,2.33,8.67,0.0,0.0,1.0,1.0,0.0,4.15,19.0,21.0,0.0,0.0,0.0,2.0,,,,,,,,,,,,,,,
8,50_5_5_10_5_2,50_5_5_10_5_2_StartGoalLocations_Seed8.csv,45,5463.084565877914,42,0.9333333333333333,2,0,2,2,14,0,0,36,0,34,0.0,0.03559206023271732,9.206075229683941,2,1,1,0.09856262833675565,0.6951859456992927,4.5,1.0,4,9.5,17.0,0.0,0.0,17.43,0.0,0.3,1,4,0,2,0,0,0,2,439,0,372,15,52,0,3,0.8474,0.0342,0,0,0,438.3,0.0,4200.0,0.0,4222.346,-1852.459,21.0,0.0,0.0,-200.0,0.259,-44.361,0.0,-286.0,0.0,-268.0,25.0,0.0,0.0,0.0,0.0,-103.0,0.0,-690.0,1.60374,9.7804,-0.05569,1.50989,-0.1264,0.51111,0.0057,0.37758,-0.18093,1.15125,0.0,-337.616,4225.0,0.0,5098.464,-2147.832,-0.07703,1.55252,0.96395,9.74875,0.6732,1.86378,0.03217,2.39444,0.00981,98.25581,0.98905,1.67158,0.0,-7.2944,60.0142,0.0,238.4769,-147.1691,-11.199,3,1,0,14,1,21,32,68,14,26,28,0,14,33,21,0,6,0,12,0.20588235294117646,0.20588235294117646,68,48,12,-1.486,8756.616,0.0,0.0,25.0,0.0,-1727.429,-244.102,-554.0,0.0,-793.0,8756.616,0.0,0.0,25.0,0.0,-1727.429,-244.102,-554.0,0.0,-793.0,0,18,45,42,3,1,1,1,17,5,0,0,0,0,,0,0,2,0,0,3200,22,22,20,20,268,72,22,22,0,0,220,4,0,0,557,0,0,1,1,0,0,0,8,0,0,4,1,710,0,0,0,0,10854,21.752349364289664,1.047437526471834,9.342177998894417,1.3114398556304048,7.849640685461581,4.459185553712917,1.8333333333333333,0.000617290065420093,0.0064405203840578905,0.0023253605095669627,0.01744219475367572,0.13562689014710486,0.11676289867609739,4.2242445591114116e-05,-0.012979539496591315,,,,,,1.0,1.0,0.0,10.09,7.5,21.0,0.0,0.0,1.0,13.0,1.0,9.0,37.0,0.0,6.0,71.0,71.0,0.0,0.0,0.0,,,,,
9,25_5_2_5_2_1,25_5_2_5_2_1_StartGoalLocations_Seed0.csv,75,5879.945962041616,74,0.9866666666666667,9,1,9,9,7,1,0,147,1,138,0.006802721088435374,0.2004782048924039,5.41976682956887,1,0,0,0.16433823529411765,0.5145220588235294,0.0,,1,,,,,9.26,1.6,4.8,0,23,0,12,0,0,2,10,190,0,149,10,31,0,35,0.7842,0.0526,0,0,0,544.0,0.0,7400.0,0.0,4237.441,-2269.372,35.0,0.0,0.0,-900.0,5.916,-479.039,0.0,-2282.0,0.0,-212.0,0.0,0.0,0.0,0.0,0.0,-200.0,0.0,0.0,1.82851,11.6111,-0.25241,2.87398,-0.45846,0.39426,0.0,0.0,-0.03676,0.1305,0.0,-1874.753,7400.0,0.0,5106.924,-1928.425,-0.34462,2.95456,1.36029,11.58357,0.58428,1.2985,0.16654,2.06926,0.0136,100.0,0.9864,1.3111,0.0,-41.002,105.1136,0.0,244.1395,-141.107,-56.867,132,13,43,316,96,257,214,886,109,376,401,0,314,314,258,0,193,54,68,0.12302483069977427,0.3544018058690745,884,367,96,-11.87,12051.735,4.983,0.0,0.0,0.0,-2104.666,-1378.106,-2494.0,0.0,-200.0,12051.735,4.983,0.0,0.0,0.0,-2104.666,-1378.106,-2494.0,0.0,-200.0,0,107,75,74,1,0,0,0,357,5,1,0,1,0,1.0,0,9,10,4,3,1224,389,389,616,616,1967,427,274,274,16,0,2351,177,0,0,1385,6,3,9,17,16,0,0,66,109,7,77,1,305,0,11,0,115,11421,83.01374660712722,3.2429068663643075,40.84581034935645,1.566819425341888,27.607039663777254,3.5198318886262148,3.101173485569299,0.0008129829403913307,0.00696927643368885,0.0028172273978627487,0.014021128854330848,0.1587856150676612,0.14888743165076948,5.365696355499429e-05,-0.015090366506270358,1.0,5.5,9.0,0.0,8.0,,,,,,,,,,,,,,,,,,,,,,,,,
10,50_5_5_10_5_2,50_5_5_10_5_2_StartGoalLocations_Seed0.csv,75,8709.525267839432,75,1.0,1,2,1,1,8,2,0,110,2,109,0.01818181818181818,0.08999634903249361,7.73725913226191,5,5,4,0.05330412559328222,0.6500547645125958,0.0,5.0,5,9.6,23.1,0.0,1.6,14.51,0.0,1.5,0,6,0,2,0,0,0,2,217,0,160,14,43,0,10,0.7373,0.0645,2,0,0,547.8,0.0,7500.0,0.0,5341.099,-1790.868,28.0,0.0,0.0,-100.0,3.881,-188.387,0.0,-1881.0,0.0,-692.0,125.0,0.0,0.0,0.0,0.0,-184.0,0.0,0.0,2.12231,11.60916,-0.05194,0.96446,-0.4697,0.67555,0.02282,0.75495,-0.03359,0.12516,0.0,-506.253,7625.0,0.0,6974.401,-1247.94,-0.09242,1.02163,1.39193,11.64235,1.04536,1.2697,0.0805,1.14797,0.0146,95.3125,0.98631,1.52181,0.0,-9.1337,108.3097,0.0,306.8057,-112.8496,-34.786,23,5,2,83,38,111,123,355,49,172,134,0,83,161,111,0,47,0,18,0.13802816901408452,0.23380281690140844,355,188,68,-12.753,13291.217,3.721,0.0,125.0,0.0,-1665.185,-288.227,-2573.0,0.0,-184.0,13291.217,3.721,0.0,125.0,0.0,-1665.185,-288.227,-2573.0,0.0,-184.0,0,78,75,75,0,4,4,0,114,5,2,0,2,0,1.0,0,4,3,0,0,1528,83,83,201,201,1204,312,163,163,20,0,696,12,0,0,1140,4,0,1,3,3,0,0,17,17,2,27,0,710,0,0,0,0,12642,40.753045404208194,1.5230978260869565,20.993513684543586,1.6239308831225814,13.225755418446449,3.3459895586141433,2.6363636363636362,0.0007498283166426456,0.006523389094972408,0.0026091346675676357,0.014180501472998498,0.15957667982859136,0.15083308108346,4.685365679530312e-05,-0.016065124859935873,,,,,,,,,,,,,,,,,,,,,,,,,,,,,,
11,50_5_5_10_5_2,50_5_5_10_5_2_StartGoalLocations_Seed5.csv,25,4616.184478357434,25,1.0,0,1,0,0,5,1,1,17,1,17,0.058823529411764705,0.023006743355811186,9.328664695871392,3,3,2,0.02697342324474415,0.728282427608092,0.0,3.0,3,19.67,38.0,0.0,0.0,23.77,0.0,0.0,0,2,0,1,0,0,0,1,86,0,68,6,12,0,0,0.7907,0.0698,0,0,0,252.1,0.0,2500.0,0.0,2775.899,-746.399,3.5,0.0,0.0,0.0,0.0,-15.916,0.0,-160.5,207.0,-216.0,75.0,0.0,0.0,0.0,0.0,-58.5,0.0,0.0,1.8981,9.90092,-0.00631,0.06803,-0.06724,1.0531,0.02975,0.8619,-0.02321,0.10519,15.4,-57.444,2575.0,0.0,3786.504,-496.199,-0.01668,0.29889,1.02142,9.94321,1.30516,1.28049,0.02578,1.12067,0.01111,91.96429,0.98651,1.72204,0.0,-0.5676,36.5767,0.0,158.8228,-45.9942,-3.467,0,0,0,0,5,7,22,34,0,28,6,0,0,27,7,0,1,0,0,0.0,0.0,34,8,4,0.128,5481.299,0.0,207.0,75.0,0.0,-696.199,-15.916,-376.5,0.0,-58.5,5481.299,0.0,207.0,75.0,0.0,-696.199,-15.916,-376.5,0.0,-58.5,0,11,25,25,0,3,3,0,5,5,1,0,1,0,1.0,0,2,1,0,0,1612,0,0,14,14,203,43,9,9,0,0,76,0,0,0,358,0,0,1,1,1,0,0,0,7,0,0,0,710,0,0,0,0,6584,21.962332928311056,1.070539419087137,14.535236938031591,1.2652952123186167,10.34325637910085,1.0024301336573511,3.4919236417033774,0.0007189131062589765,0.006218774751448084,0.002613340900799551,0.013720216239957374,0.16349359518541,0.1601879331225497,4.981675946765242e-05,-0.014587128365056464,,,,,,,,,,,,,,,,,,,,,,,,,,,,,,
12,25_5_2_5_2_1,25_5_2_5_2_1_StartGoalLocations_Seed3.csv,75,5306.913951396942,75,1.0,1,4,1,1,2,4,0,165,4,164,0.024242424242424242,0.3042804570985861,4.403669181350368,2,1,2,0.15824133255858996,0.49564206856478793,0.0,1.0,2,3.0,8.0,0.0,0.0,6.38,1.4,7.8,0,46,0,18,0,0,2,18,219,0,141,17,61,0,26,0.6438,0.0776,7,0,0,516.3,0.0,7500.0,0.0,3440.817,-2039.177,56.0,0.0,0.0,-100.0,8.148,-630.173,0.0,-2362.0,0.0,-796.0,25.0,0.0,0.0,0.0,0.0,-312.0,0.0,0.0,1.83497,11.99269,-0.13985,1.01975,-0.61166,0.68652,0.00484,0.34789,-0.06043,0.16298,0.0,-1579.196,7525.0,0.0,4074.767,-1899.681,-0.30587,1.18546,1.45749,11.96918,0.42128,1.23875,0.25605,1.19455,0.01472,99.01316,0.98547,1.17422,0.0,-23.8871,106.8892,0.0,199.8181,-134.353,-71.327,204,46,107,537,126,323,326,1318,177,617,524,0,538,457,323,0,358,63,63,0.13429438543247343,0.40819423368740515,1318,554,144,-30.83,11361.16,8.138,0.0,25.0,0.0,-1887.22,-730.163,-3158.0,0.0,-312.0,11361.16,8.138,0.0,25.0,0.0,-1887.22,-730.163,-3158.0,0.0,-312.0,0,238,75,75,0,1,1,0,481,5,4,1,3,0,0.75,1,51,5,2,2,960,246,246,796,796,2839,948,780,780,65,0,2838,133,0,0,998,18,4,4,10,8,2,0,50,260,6,85,6,305,0,11,0,110,10777,86.97225572979494,4.008428464739144,47.657047415792896,1.7285436382303248,35.232439454393614,7.6737496520367445,2.65788780616276,0.0006476870730693918,0.006861135982520258,0.0027564537255481505,0.010756489569030237,0.18677052234609923,0.1711176237091422,6.369029566333969e-05,-0.01474927678500535,1.0,5.0,9.0,10.0,8.0,,,,,,,,,,,,,,,,,,,,,,,,,
13,25_5_2_5_2_1,25_5_2_5_2_1_StartGoalLocations_Seed7.csv,75,4467.8344604671,74,0.9866666666666667,7,12,6,7,10,11,3,219,12,212,0.0547945205479452,0.2678632478632479,4.95374557029042,4,4,4,0.25132410729540405,0.5405774816333504,8.5,4.0,5,6.38,11.12,37.0,29.0,6.84,5.7,8.5,0,76,0,38,0,0,9,22,219,0,155,19,45,0,34,0.7078,0.0868,8,0,0,585.3,0.0,7400.0,0.0,3826.292,-2179.08,14.0,0.0,0.0,-700.0,11.569,-709.246,0.0,-2244.0,151.0,-1008.0,100.0,0.0,0.0,0.0,0.0,-435.0,0.0,-345.0,1.64813,11.204,-0.2388,2.44659,-0.52981,0.88208,0.01709,0.65333,-0.13326,0.75074,52.72,-2495.451,7500.0,0.0,4513.532,-2386.816,-0.41735,2.59012,1.28139,11.19,0.36335,1.42348,0.25799,1.68753,0.01333,96.15385,0.98736,1.19404,0.0,-44.281,106.5341,0.0,218.6738,-168.3188,-79.339,311,18,153,811,96,273,278,1463,240,590,633,0,810,380,273,0,223,394,92,0.16404647983595352,0.5536568694463432,1462,434,100,-0.447,11666.223,9.89,147.0,100.0,0.0,-2019.71,-1407.568,-3248.0,0.0,-780.0,11666.223,9.89,147.0,100.0,0.0,-2019.71,-1407.568,-3248.0,0.0,-780.0,0,172,75,74,1,2,2,0,711,5,11,1,10,0,0.9090909090909091,1,73,18,11,5,3200,334,334,1709,1709,2084,677,740,740,32,0,3321,83,0,0,1038,5,2,3,10,9,1,0,70,65,7,112,4,305,0,51,0,615,16172,87.07642839475636,3.305567390995597,47.55750680187979,1.5163925610177056,28.74721741281227,3.6297303982191442,2.6805764680576467,0.0007893790875777995,0.006791322648350615,0.0027257421886315567,0.008657554003842733,0.20344293976202607,0.16974767345003783,5.369189713860578e-05,-0.01726700152619742,,,,,,,,,,,,,,,,1.0,8.5,12.0,30.0,36.0,,,,,,,,,,
14,25_5_2_5_2_1,25_5_2_5_2_1_StartGoalLocations_Seed8.csv,45,4788.068366229534,43,0.9555555555555556,0,4,0,0,2,4,2,83,5,83,0.060240963855421686,0.17674180327868852,6.07893357812198,2,1,0,0.08452868852459017,0.625,0.0,1.0,2,5.0,8.0,0.0,27.0,7.49,0.0,1.5,0,7,0,2,0,0,1,2,105,0,91,3,11,0,4,0.8667,0.0286,2,1,0,195.2,0.0,4300.0,0.0,1629.521,-671.441,0.0,0.0,0.0,0.0,5.2,-92.912,0.0,-558.5,297.0,-256.0,25.0,0.0,0.0,0.0,0.0,-85.0,0.0,0.0,2.79369,14.65429,-0.04493,0.17743,-0.26511,1.41983,0.01281,0.5657,-0.04355,0.14098,33.4,-237.808,4325.0,0.0,1870.368,-621.505,-0.10472,0.58962,2.21568,14.68666,0.63979,1.23442,0.11732,1.18432,0.02254,98.29545,0.97797,1.30533,0.0,-3.7038,61.4347,0.0,93.1155,-43.2252,-16.539,33,10,7,91,21,35,80,227,38,124,65,0,88,104,35,0,67,2,13,0.16740088105726872,0.3876651982378855,227,75,41,-5.803,6077.321,5.2,297.0,25.0,0.0,-624.041,-92.912,-814.5,0.0,-85.0,6077.321,5.2,297.0,25.0,0.0,-624.041,-92.912,-814.5,0.0,-85.0,0,40,45,43,2,1,0,0,73,5,4,0,4,0,1.0,0,8,4,1,2,940,16,16,99,99,658,158,158,158,16,0,506,26,0,0,486,0,0,1,8,7,0,0,11,63,4,21,0,305,0,1,0,10,4055,79.33415536374847,1.9480882810071496,36.49815043156597,1.5289358327756761,23.69913686806412,6.707768187422935,2.857440166493236,0.0008232063446097953,0.006064563877682419,0.0028261446413841654,0.00646188578660045,0.22873786789305667,0.18885176689066785,6.126739743272179e-05,-0.02284182113932168,1.0,1.5,5.0,10.0,33.0,,,,,,,,,,,,,,,,,,,,,,,,,
15,25_5_2_5_2_1,25_5_2_5_2_1_StartGoalLocations_Seed8.csv,45,4169.624642789364,44,0.9777777777777777,1,2,1,1,8,2,1,101,2,100,0.019801980198019802,0.20699015948422125,5.592869129571666,4,3,3,0.15982354937224297,0.6196131659314558,0.0,3.0,4,4.83,20.0,0.0,15.7,8.6,0.0,2.7,0,8,0,3,0,0,0,3,125,0,97,4,24,0,9,0.776,0.032,2,0,0,294.7,0.0,4400.0,0.0,2239.917,-1013.732,14.0,0.0,0.0,-100.0,5.28,-271.54,0.0,-1096.0,63.0,-244.0,75.0,0.0,0.0,0.0,0.0,-197.0,0.0,0.0,2.01387,12.13504,-0.12428,1.31675,-0.43332,0.72233,0.02545,0.79724,-0.06685,0.17016,15.4,-661.717,4475.0,0.0,2681.564,-933.526,-0.21931,1.42362,1.51849,12.15051,0.59316,1.23098,0.17917,1.28242,0.01595,95.21277,0.98507,1.24529,0.0,-11.2786,63.5653,0.0,128.7952,-69.1847,-35.355,40,2,0,145,55,151,154,507,65,257,185,0,143,213,151,0,116,0,32,0.1282051282051282,0.28205128205128205,507,231,78,-17.443,6874.046,4.918,63.0,75.0,0.0,-939.161,-371.178,-1340.0,0.0,-197.0,6874.046,4.918,63.0,75.0,0.0,-939.161,-371.178,-1340.0,0.0,-197.0,0,97,45,44,1,3,3,0,174,5,2,0,2,0,1.0,0,6,3,0,0,1120,136,136,270,270,1221,386,236,236,24,0,822,64,0,0,524,3,2,2,7,6,1,0,19,99,5,40,1,305,0,0,0,0,6824,68.24443141852286,2.354520077302985,29.000586166471276,1.5189995146208284,19.314185228604924,4.542790152403282,2.5174506828528074,0.0008971925580096597,0.006056148597937344,0.002810742099869198,0.0057230667448233625,0.23046557089047773,0.18666919097304344,5.653661751564089e-05,-0.023159246595709452,1.0,2.5,7.0,0.0,7.0,,,,,,,,,,,,,,,,,,,,,,,,,
16,25_5_2_5_2_1,25_5_2_5_2_1_StartGoalLocations_Seed5.csv,75,-4966.970636725426,68,0.9066666666666666,23,29,22,23,0,28,0,798,29,775,0.03634085213032581,0.4258223528296521,3.382925732988087,1,0,0,0.3838144817794605,0.48783719829626127,13.716333339611689,,7,,,,,7.74,12.1,16.5,15,188,0,83,0,0,32,17,197,0,138,9,50,0,26,0.7005,0.0457,2,0,0,1056.5,0.0,6800.0,0.0,4806.389,-2978.629,80.5,0.0,0.0,-2400.0,19.328,-2336.559,0.0,-4913.5,66.0,-1488.0,0.0,0.0,0.0,0.0,0.0,-1609.0,0.0,-2070.0,0.92426,8.04764,-0.4465,3.36378,-0.59967,0.66992,0.0,0.0,-0.34823,1.31245,4.0,-7959.855,6800.0,0.0,6258.357,-4729.23,-0.75304,3.48684,0.64363,7.99682,0.14474,1.67783,0.47544,1.58548,0.00644,100.0,0.99356,1.04674,0.0,-148.3027,96.5909,0.0,274.0684,-375.2535,-164.284,1212,86,814,3497,180,623,676,4979,1366,2099,1514,0,3497,859,623,0,550,1673,533,0.2743522795742117,0.7023498694516971,4961,1375,232,-23.876,12512.758,17.038,66.0,0.0,0.0,-2747.998,-4734.269,-6401.5,0.0,-3679.0,12512.758,17.038,66.0,0.0,0.0,-2747.998,-4734.269,-6401.5,0.0,-3679.0,0,396,75,68,7,0,0,1,2570,5,28,3,25,0,0.8928571428571429,6,184,51,43,14,3200,817,817,6861,6861,4606,1576,2460,2460,52,0,4042,180,0,0,1044,20,4,7,23,19,4,3,182,250,19,294,2,305,0,164,59,3670,22639,94.60223508105481,3.093337068683756,68.40408145236097,2.498713390033509,45.85891602985998,10.199213746190203,2.4254478905798496,0.0011956501239637873,0.006553206523240079,0.0029156666525523177,0.0028395759391822394,0.2611063764616847,0.18916509041562676,9.447041662383527e-05,-0.02614555282285437,,,,,,1.0,1.0,2.0,6.0,2.0,12.0,132.0,65.0,112.0,75.0,1.0,18.5,25.0,225.0,192.0,1.0,6.72,0.0,1.0,6.67,4.0,15.45,12.5,334.8,317.0
17,50_5_5_10_5_2,50_5_5_10_5_2_StartGoalLocations_Seed1.csv,45,5490.678706437349,45,1.0,0,3,0,0,5,3,2,69,4,69,0.057971014492753624,0.1156737998843262,7.603554755569952,0,0,0,0.05668016194331984,0.667727009832273,0.0,,0,,,,,17.33,0.0,2.9,0,8,0,2,0,0,0,2,114,0,93,8,13,0,7,0.8158,0.0702,8,1,0,345.8,0.0,4500.0,0.0,3279.213,-989.511,7.0,0.0,0.0,0.0,1.917,-213.74,0.0,-1052.0,450.0,-668.0,0.0,0.0,0.0,0.0,0.0,-170.0,0.0,0.0,2.0655,11.31797,-0.06126,0.2043,-0.36726,1.38931,0.0,0.0,-0.04916,0.14888,54.0,-450.28,4500.0,0.0,4428.059,-662.437,-0.1146,0.60056,1.30133,11.33312,1.08896,1.24111,0.1096,1.33055,0.01301,100.0,0.98467,1.49501,0.0,-4.9892,63.9205,0.0,187.7836,-66.2578,-11.129,40,9,17,112,81,72,60,326,67,175,84,0,111,143,72,0,49,0,9,0.20552147239263804,0.34049079754601225,326,108,26,-5.543,8061.853,1.917,434.5,0.0,0.0,-919.351,-213.74,-1704.5,0.0,-170.0,8061.853,1.917,434.5,0.0,0.0,-919.351,-213.74,-1704.5,0.0,-170.0,0,89,45,45,0,0,0,0,71,5,3,0,3,0,1.0,0,8,3,0,0,936,54,54,207,207,586,354,26,26,4,0,426,4,0,0,563,5,0,4,7,7,0,0,16,67,3,22,0,710,0,0,0,0,6851,43.94978835206539,1.3610096313517104,20.143044810976498,1.4001630644799898,12.319369435118961,2.174864983214129,2.895734597156398,0.0011589455664676265,0.006297498674760772,0.003040562317165363,0.000759353402486826,0.28561687252969825,0.1909892916934103,9.443516871456229e-05,-0.02918518400297333,,,,,,,,,,,,,,,,,,,,,,,,,,,,,,
18,50_5_5_10_5_2,50_5_5_10_5_2_StartGoalLocations_Seed3.csv,75,8020.801935665309,75,1.0,1,7,1,1,18,7,1,181,8,180,0.04419889502762431,0.12031584582441114,7.547624484107409,4,4,4,0.07587314331593738,0.6544894955171953,0.0,4.0,4,14.12,34.12,8.8,8.5,19.24,1.8,3.3,0,28,0,13,0,0,6,8,370,0,240,33,97,0,3,0.6486,0.0892,6,1,0,747.3,0.0,7500.0,0.0,6946.941,-2371.551,3.5,0.0,0.0,-100.0,4.339,-413.727,0.0,-2907.5,81.0,-1260.0,100.0,0.0,0.0,0.0,0.0,-309.5,0.0,0.0,1.71634,9.97908,-0.06816,0.8394,-0.54684,0.83802,0.01338,0.57824,-0.04142,0.13781,18.0,-1117.35,7600.0,0.0,9490.205,-1652.769,-0.14711,0.96955,1.01699,9.98306,1.04877,1.27471,0.11227,1.35322,0.01057,96.20253,0.98876,1.50805,0.0,-15.6693,107.9545,0.0,397.1681,-153.203,-49.459,75,6,8,289,165,146,181,782,118,454,210,0,289,347,146,0,107,95,50,0.15089514066496162,0.3695652173913043,782,293,63,-4.037,15031.041,4.273,81.0,100.0,0.0,-2204.851,-513.661,-4167.5,0.0,-309.5,15031.041,4.273,81.0,100.0,0.0,-2204.851,-513.661,-4167.5,0.0,-309.5,0,154,75,75,0,3,3,0,239,5,7,0,7,0,1.0,0,32,8,6,4,2016,305,305,457,457,1448,610,143,143,12,0,1308,66,0,0,1247,11,0,3,5,5,0,0,39,47,2,73,0,710,0,12,0,170,16971,42.94973778799128,1.3331046782823432,21.1714100524424,1.741413888001787,14.595486418007189,2.7105061575629015,2.641905530884134,0.0012736699552064353,0.006840878035984046,0.0031242673400796893,-0.0007486309226840329,0.3021820375015811,0.20373968484382782,9.298270305631405e-05,-0.033068159454694344,,,,,,,,,,,,,,,,,,,,,,,,,,,,,,
19,25_5_2_5_2_1,25_5_2_5_2_1_StartGoalLocations_Seed2.csv,25,2986.229932039976,25,1.0,0,0,0,0,8,0,0,5,0,5,0.0,0.012732615083251714,8.369931439578124,1,1,1,0.030362389813907934,0.6248775710088149,0.0,1.0,1,0.5,15.0,0.0,0.0,7.65,0.0,0.2,0,0,0,0,0,0,0,0,61,0,53,2,6,0,5,0.8689,0.0328,0,0,0,102.1,0.0,2500.0,0.0,964.05,-369.6,3.5,0.0,0.0,0.0,0.8,-1.12,0.0,-53.5,0.0,-136.0,25.0,0.0,0.0,0.0,0.0,-49.0,0.0,0.0,3.13423,15.41528,-0.00031,0.02491,-0.1856,0.72427,0.02449,0.78201,-0.04799,0.14728,0.0,-38.36,2525.0,0.0,1103.814,-319.265,-0.03757,0.2427,2.47307,15.47107,0.76841,1.28057,0.0431,0.87182,0.02547,97.11538,0.97551,1.42879,0.0,-0.1635,35.8665,0.0,55.2886,-23.92,-0.607,1,1,0,4,1,2,3,10,2,6,2,0,4,4,2,0,2,0,0,0.2,0.4,10,6,2,1.04,3544.95,0.8,0.0,25.0,0.0,-344.9,-1.12,-189.5,0.0,-49.0,3544.95,0.8,0.0,25.0,0.0,-344.9,-1.12,-189.5,0.0,-49.0,0,0,25,25,0,1,1,0,5,5,0,0,0,0,,0,0,0,0,0,588,0,0,16,16,24,0,4,4,0,0,82,0,0,0,183,0,0,0,0,0,0,0,2,0,0,2,0,305,0,0,0,0,2057,48.51725814292659,1.7384769539078155,7.681088964511424,0.3674050681646677,5.5420515313563445,0.9722897423432183,4.087719298245614,0.0011437210241700111,0.007210427100079603,0.0033638287766450115,-0.0035627817250667936,0.3329242248924411,0.2144589025755318,7.670815083576204e-05,-0.03706017151779058,,,,,,,,,,,,,,,,,,,,,,,,,,,,,,
20,50_5_5_10_5_2,50_5_5_10_5_2_StartGoalLocations_Seed1.csv,45,7195.390585869551,44,0.9777777777777777,0,1,0,0,5,1,1,24,1,24,0.041666666666666664,0.027802425317953267,8.880985160721579,2,1,1,0.015971606033717833,0.7648624667258208,0.0,1.0,2,23.5,36.0,0.0,0.0,21.67,0.0,0.5,0,2,0,1,0,0,0,1,124,0,98,6,20,0,9,0.7903,0.0484,0,0,0,338.1,0.0,4400.0,0.0,3797.482,-765.982,0.0,0.0,0.0,0.0,0.8,-28.509,0.0,-305.5,405.0,-552.0,25.0,0.0,0.0,0.0,0.0,-119.0,0.0,0.0,2.29802,11.28373,-0.0082,0.07163,-0.13384,1.32605,0.00739,0.42989,-0.0352,0.1279,18.0,-77.439,4425.0,0.0,5261.298,-502.479,-0.01758,0.27365,1.30878,11.34068,1.40752,1.21726,0.0423,0.66741,0.01331,98.33333,0.98669,1.72775,0.0,-0.8113,62.8551,0.0,216.999,-50.5704,-4.829,3,2,0,9,3,14,22,48,4,28,16,0,9,25,14,0,6,0,0,0.08333333333333333,0.1875,48,30,12,-1.27,8483.522,0.8,405.0,25.0,0.0,-713.922,-28.509,-857.5,0.0,-119.0,8483.522,0.8,405.0,25.0,0.0,-713.922,-28.509,-857.5,0.0,-119.0,0,14,45,44,1,1,1,0,9,5,1,0,1,0,1.0,0,2,1,0,0,772,8,8,16,16,112,56,4,4,0,0,218,9,0,0,368,1,1,0,1,1,0,0,3,22,1,2,0,710,0,0,0,0,6938,20.337272989334103,1.3012048192771084,3.1997693859901988,1.266666685004492,1.9313923320841742,0.14413375612568463,3.41044776119403,0.0012158796507059934,0.007138577599918055,0.0032552206162556312,-0.0037606169504248344,0.33363769492954787,0.21608321708409897,7.377948785466721e-05,-0.03615093901946446,1.0,8.5,76.0,0.0,0.0,,,,,,,,,,,,,,,,,,,,,,,,,
21,25_5_2_5_2_1,25_5_2_5_2_1_StartGoalLocations_Seed0.csv,25,2782.383962213993,25,1.0,0,0,0,0,9,0,0,3,0,3,0.0,0.02178649237472767,8.181985060373941,0,0,0,0.013071895424836602,0.6612200435729847,0.0,,0,,,,,8.04,0.0,0.2,0,0,0,0,0,0,0,0,60,0,54,2,4,0,0,0.9,0.0333,0,0,0,91.8,0.0,2500.0,0.0,878.226,-312.726,0.0,0.0,0.0,0.0,0.32,-2.736,0.0,-25.0,0.0,-304.0,0.0,0.0,0.0,0.0,0.0,-43.5,0.0,0.0,3.43932,16.22094,-0.00263,0.03806,-0.35839,1.09991,0.0,0.0,-0.04739,0.14645,0.0,-41.736,2500.0,0.0,1007.065,-268.719,-0.04546,0.19841,2.72331,16.2762,0.8043,1.25692,0.08932,0.50898,0.02723,100.0,0.97277,1.42865,0.0,-0.1104,35.5114,0.0,50.1843,-20.3558,-0.788,2,1,0,4,0,0,2,6,3,3,0,0,4,2,0,0,1,0,0,0.5,0.6666666666666666,6,2,2,0.32,3449.126,0.32,0.0,0.0,0.0,-291.826,-2.736,-329.0,0.0,-43.5,3449.126,0.32,0.0,0.0,0.0,-291.826,-2.736,-329.0,0.0,-43.5,0,2,25,25,0,0,0,0,1,5,0,0,0,0,,0,0,0,0,0,432,0,0,4,4,36,8,0,0,0,0,58,0,0,0,206,0,0,0,0,0,0,0,0,0,0,2,0,305,0,0,0,0,1786,38.24188129899216,1.5841874084919474,1.9036954087346025,0.9058823607423726,1.1758118701007838,0.22396416573348266,3.0,0.001129757296237383,0.007132881273584509,0.003309694228745583,-0.003656358976008455,0.3376686244651123,0.2176514270680922,8.08466951706645e-05,-0.03398138032881198,,,,,,,,,,,,,,,,,,,,,,,,,,,,,,
22,50_5_5_10_5_2,50_5_5_10_5_2_StartGoalLocations_Seed8.csv,75,8358.661924034357,75,1.0,0,5,0,0,4,5,1,83,5,83,0.060240963855421686,0.08088688154383084,7.922179357387512,1,1,0,0.04475467049887087,0.6858961198932457,0.0,1.0,1,21.89,33.0,10.0,16.0,15.92,1.1,1.9,0,21,0,8,0,0,2,10,183,0,153,12,18,0,3,0.8361,0.0656,0,0,0,487.1,0.0,7500.0,0.0,4801.579,-1321.245,0.0,0.0,0.0,0.0,4.0,-168.272,0.0,-1740.5,261.0,-1244.0,25.0,0.0,0.0,0.0,0.0,-246.0,0.0,0.0,2.35423,12.27828,-0.03372,0.14899,-0.55913,1.1704,0.00513,0.35817,-0.0505,0.15067,18.0,-416.019,7525.0,0.0,6125.377,-1024.379,-0.08171,0.44358,1.54486,12.31723,1.04722,1.22444,0.07083,1.25803,0.0156,99.01316,0.9846,1.49077,0.0,-4.8733,106.8892,0.0,274.376,-89.5569,-17.154,56,18,23,136,28,73,65,304,43,157,104,0,136,94,74,0,51,49,4,0.14144736842105263,0.4473684210526316,304,139,44,-6.253,12696.782,4.0,261.0,25.0,0.0,-1229.348,-168.272,-2984.5,0.0,-246.0,12696.782,4.0,261.0,25.0,0.0,-1229.348,-168.272,-2984.5,0.0,-246.0,0,56,75,75,0,1,1,0,108,5,5,0,5,0,1.0,0,23,5,2,2,876,79,79,296,296,800,223,50,50,4,0,385,8,0,0,855,1,0,1,3,3,0,0,13,22,2,28,0,710,0,10,0,100,10393,37.55412296738189,1.3925185754547784,17.319349562205332,1.4461666862832174,10.487828346002116,1.8762628692389107,2.8220183486238533,0.001042831610794818,0.0070359677408043655,0.003214712135629839,-0.002994314519987898,0.3293333698625434,0.22114645917666012,7.029611706498747e-05,-0.03514009310978733,,,,,,,,,,,,,,,,,,,,,,,,,,,,,,
23,25_5_2_5_2_1,25_5_2_5_2_1_StartGoalLocations_Seed9.csv,25,2736.78286164999,24,0.96,0,3,0,0,4,3,1,39,3,39,0.07692307692307693,0.07126436781609195,7.070611098762673,2,1,1,0.038314176245210725,0.6283524904214559,0.0,1.0,2,10.83,15.0,0.0,3.0,9.67,0.0,1.1,0,9,0,4,0,0,0,3,74,0,53,10,11,0,0,0.7162,0.1351,0,0,0,130.5,0.0,2400.0,0.0,1207.473,-472.171,0.0,0.0,0.0,0.0,0.858,-44.377,0.0,-310.0,216.0,-364.0,25.0,0.0,0.0,0.0,0.0,-52.5,0.0,0.0,2.50253,13.41815,-0.03335,0.15827,-0.35096,1.61275,0.01916,0.69178,-0.04023,0.136,26.0,-137.586,2425.0,0.0,1388.271,-419.384,-0.08551,0.62487,1.85824,13.45117,0.74244,1.27945,0.08889,1.41022,0.01916,97.0,0.98161,1.41113,0.0,-1.385,34.446,0.0,68.9985,-29.9812,-5.006,4,1,0,24,8,25,30,87,13,45,29,0,24,38,25,0,15,0,5,0.14942528735632185,0.27586206896551724,87,37,7,0.567,3705.173,0.858,216.0,25.0,0.0,-439.371,-44.377,-674.0,0.0,-52.5,3705.173,0.858,216.0,25.0,0.0,-439.371,-44.377,-674.0,0.0,-52.5,0,13,25,24,1,1,1,0,33,5,3,0,3,0,1.0,0,9,3,0,0,532,24,24,74,74,329,49,30,30,4,0,59,8,0,0,346,0,0,2,2,2,0,0,5,0,0,10,0,305,0,0,0,0,2744,63.265306122448976,2.0149769585253456,20.11661807580175,1.3662590763018723,13.119533527696793,1.8221574344023324,2.863888888888889,0.001044727411373655,0.007069220568606616,0.003219793127023412,-0.0031261220815189915,0.33528317298207966,0.22065340217791105,6.956082847351437e-05,-0.03554371343855571,1.0,2.0,28.0,0.0,0.0,,,,,,,,,,,,,,,,,,,,,,,,,
24,50_5_5_10_5_2,50_5_5_10_5_2_StartGoalLocations_Seed7.csv,45,6789.36791536212,44,0.9777777777777777,0,0,0,0,5,0,0,6,0,6,0.0,0.015593220338983051,8.932084017284845,1,0,0,0.014915254237288136,0.768135593220339,0.0,,1,,,,,20.45,0.0,0.1,0,0,0,0,0,0,0,0,112,0,90,15,7,0,0,0.8036,0.1339,0,0,0,295.0,0.0,4400.0,0.0,3302.331,-533.331,0.0,0.0,0.0,0.0,0.8,-6.432,0.0,-122.0,0.0,-384.0,0.0,0.0,0.0,0.0,0.0,-163.0,0.0,0.0,2.53017,12.04948,-0.00191,0.03971,-0.17153,0.7155,0.0,0.0,-0.05525,0.15676,0.0,-30.96,4400.0,0.0,4278.894,-417.866,-0.01049,0.08848,1.49153,12.12138,1.30882,1.13195,0.03661,0.28667,0.01492,100.0,0.98508,1.61623,0.0,-0.3123,62.5,0.0,188.7047,-39.7904,-4.711,0,0,0,1,2,1,8,12,1,10,1,0,1,10,1,0,0,0,0,0.08333333333333333,0.08333333333333333,12,8,6,-0.672,7961.331,0.8,0.0,0.0,0.0,-497.331,-6.432,-506.0,0.0,-163.0,7961.331,0.8,0.0,0.0,0.0,-497.331,-6.432,-506.0,0.0,-163.0,0,4,45,44,1,0,0,0,2,5,0,0,0,0,,0,0,0,0,0,628,0,0,8,8,164,16,0,0,0,0,156,0,0,0,410,0,0,2,2,2,0,0,0,28,0,0,0,710,0,0,0,0,5799,23.072943610967407,1.04559043348281,6.897740989825832,1.0730000162497162,3.517847904811174,0.0,3.8627450980392157,0.0010393354097837442,0.008220502804181759,0.0036481575221772406,-0.00423373744590764,0.39878849884507,0.23848766240344685,7.997879695079058e-05,-0.03815907877009765,1.0,5.0,50.0,0.0,0.0,,,,,,,,,,,,,,,,,,,,,,,,,
25,25_5_2_5_2_1,25_5_2_5_2_1_StartGoalLocations_Seed9.csv,45,4484.394550919533,45,1.0,0,3,0,0,8,3,2,98,3,98,0.030612244897959183,0.2306927411335764,5.3181544587752025,1,1,1,0.12263838249917136,0.5449121644017235,0.0,1.0,1,4.5,19.0,0.0,63.0,9.01,0.0,4.4,0,8,0,4,0,0,0,4,134,0,93,9,32,0,7,0.694,0.0672,2,0,0,301.7,0.0,4500.0,0.0,2244.131,-1005.534,17.5,0.0,0.0,0.0,6.655,-222.559,0.0,-1110.5,265.0,-312.0,25.0,0.0,0.0,0.0,0.0,-225.0,0.0,0.0,2.00789,12.12839,-0.07156,0.2212,-0.38366,1.00449,0.00829,0.45507,-0.07458,0.17812,34.771,-478.237,4525.0,0.0,2735.532,-901.977,-0.14699,0.56416,1.49983,12.12899,0.60774,1.21742,0.14849,1.14511,0.01525,98.36957,0.98508,1.22393,0.0,-6.6475,64.2756,0.0,129.2361,-70.3162,-31.51,63,18,23,112,48,100,144,406,56,205,145,0,112,194,100,0,96,0,39,0.13793103448275862,0.27586206896551724,406,213,67,-4.938,6989.332,6.655,265.0,25.0,0.0,-931.533,-222.559,-1422.5,0.0,-225.0,6989.332,6.655,265.0,25.0,0.0,-931.533,-222.559,-1422.5,0.0,-225.0,0,107,45,45,0,1,1,0,92,5,3,0,3,0,1.0,0,8,3,0,0,1228,64,64,187,187,1009,425,107,107,4,0,1102,28,0,0,423,2,0,6,12,10,1,0,17,139,6,34,0,305,0,0,0,0,6273,77.20388968595569,2.727441668387363,37.047664594293,1.4636187841747077,24.549657261278494,2.136139008448908,3.15,0.0009555176113002573,0.007449226514572817,0.0034453343267852885,-0.0042835659055956345,0.39781457642002294,0.23721406766568412,8.10879500665433e-05,-0.03873560513318167,,,,,,,,,,,,,,,,,,,,,,,,,,,,,,
26,50_5_5_10_5_2,50_5_5_10_5_2_StartGoalLocations_Seed5.csv,75,11182.367543518543,75,1.0,0,5,0,0,14,5,3,33,6,33,0.18181818181818182,0.031564678543764525,8.743849044618083,5,4,5,0.023237800154918668,0.7023625096824168,0.0,4.0,5,16.88,40.0,0.0,0.0,16.29,0.0,0.3,0,10,0,3,0,0,0,3,258,0,192,28,38,0,0,0.7442,0.1085,2,1,0,516.4,0.0,7500.0,0.0,5389.493,-1402.943,28.0,0.0,0.0,0.0,0.8,-49.882,0.0,-574.5,1692.0,-1780.0,100.0,0.0,0.0,0.0,0.0,-237.0,0.0,0.0,2.32977,11.92703,-0.0095,0.08318,-0.12829,2.0958,0.01936,0.69552,-0.04589,0.14436,50.4,-175.968,7600.0,0.0,6886.238,-1060.639,-0.02432,0.40186,1.47173,11.98142,1.12812,1.2405,0.04415,0.99284,0.0153,96.20253,0.98509,1.56219,0.0,-1.2939,107.9545,0.0,309.571,-93.711,-11.382,3,2,0,6,12,21,27,66,3,40,23,0,6,39,21,0,4,0,2,0.045454545454545456,0.09090909090909091,66,40,22,-6.514,13338.094,0.8,1692.0,100.0,0.0,-1307.144,-49.882,-2354.5,0.0,-237.0,13338.094,0.8,1692.0,100.0,0.0,-1307.144,-49.882,-2354.5,0.0,-237.0,0,15,75,75,0,4,4,0,18,5,5,0,5,0,1.0,0,10,5,0,0,1512,11,11,20,20,196,60,7,7,0,0,457,31,0,0,678,0,0,2,2,2,0,0,6,0,0,3,0,710,0,0,0,0,12620,25.435816164817748,1.0862928348909657,5.903328050713154,1.3653691462222362,4.421553090332805,0.6656101426307448,2.761648745519713,0.001045429046431434,0.007441751498152458,0.003425849225278451,-0.004089669338754517,0.39376075187372783,0.2405316893543516,7.451410372971348e-05,-0.038110731445528845,1.0,4.0,6.0,0.0,0.0,,,,,,,,,,,,,,,,,,,,,,,,,
27,25_5_2_5_2_1,25_5_2_5_2_1_StartGoalLocations_Seed4.csv,25,3288.7291328907013,25,1.0,0,1,0,0,7,1,1,4,1,4,0.25,0.012354152367879203,7.9240831834613745,0,0,0,0.018531228551818806,0.5991763898421414,0.0,,0,,,,,10.96,0.0,0.1,0,2,0,1,0,0,0,1,63,0,51,5,7,0,0,0.8095,0.0794,0,0,0,145.7,0.0,2500.0,0.0,1318.988,-540.938,0.0,0.0,0.0,0.0,0.0,-5.021,0.0,-34.5,180.0,-184.0,0.0,0.0,0.0,0.0,0.0,-91.5,0.0,0.0,2.34986,12.97817,-0.00345,0.04466,-0.02642,1.27599,0.0,0.0,-0.0628,0.1657,18.0,-41.55,2500.0,0.0,1550.355,-460.204,-0.01616,0.41195,1.71585,12.9862,0.74822,1.29346,0.02471,1.65418,0.01716,100.0,0.98284,1.40402,0.0,-0.1242,35.5114,0.0,75.3708,-36.1393,-1.26,0,0,0,0,1,4,5,10,0,6,4,0,0,6,4,0,0,0,0,0.0,0.0,10,8,6,-2.47,3928.488,0.0,180.0,0.0,0.0,-504.738,-5.021,-218.5,0.0,-91.5,3928.488,0.0,180.0,0.0,0.0,-504.738,-5.021,-218.5,0.0,-91.5,0,2,25,25,0,0,0,0,1,5,1,0,1,0,1.0,0,2,1,0,0,784,0,0,9,9,71,7,0,0,0,0,60,0,0,0,269,0,0,0,0,0,0,0,2,0,0,0,0,305,0,0,0,0,2856,50.87535014005602,1.58086717136958,13.130252100840336,0.7652666775683562,6.897759103641457,0.0,3.6395939086294415,0.0007875107390942986,0.007576297804694243,0.0035763487210307195,-0.003682276961598643,0.4010607198793061,0.24660356167931946,9.747216458612345e-05,-0.03761597029503663,,,,,,,,,,,,,,,,,,,,,,,,,,,,,,
28,25_5_2_5_2_1,25_5_2_5_2_1_StartGoalLocations_Seed2.csv,45,3522.9149146080017,44,0.9777777777777777,3,2,3,3,41,2,0,67,2,64,0.029850746268656716,0.08951866846603689,7.518086357530687,5,5,5,0.18758434547908232,0.6041385515069726,12.5,5.0,6,10.4,17.2,2.0,4.2,9.63,0.5,2.1,0,10,0,5,0,0,2,4,218,0,160,15,43,0,20,0.7339,0.0688,2,0,0,444.6,0.0,4400.0,0.0,3195.402,-1781.196,0.0,0.0,0.0,-300.0,5.417,-155.308,0.0,-814.0,0.0,-828.0,125.0,0.0,0.0,0.0,0.0,-424.0,0.0,-345.0,1.40774,9.94527,-0.10119,1.83816,-0.36932,0.83671,0.02812,0.83791,-0.17296,0.85466,0.0,-767.469,4525.0,0.0,3829.941,-1856.842,-0.17262,1.91954,1.01777,9.93138,0.44379,1.53418,0.09379,1.84045,0.01102,92.34694,0.98965,1.29245,0.0,-13.0826,64.2756,0.0,181.5373,-144.6684,-25.232,27,10,7,78,23,53,84,239,31,144,64,0,78,108,53,0,40,23,21,0.1297071129707113,0.3263598326359833,239,123,39,-1.922,7917.102,4.841,0.0,125.0,0.0,-1658.296,-454.732,-1642.0,0.0,-769.0,7917.102,4.841,0.0,125.0,0.0,-1658.296,-454.732,-1642.0,0.0,-769.0,0,65,45,44,1,5,5,0,62,5,2,0,2,0,1.0,0,6,5,2,2,3200,27,27,188,188,622,258,37,37,4,0,539,4,0,0,487,0,0,3,4,4,0,0,22,42,1,20,0,305,0,4,0,40,14980,34.47263017356475,2.084817970565453,11.835781041388518,1.369966177272968,8.504672897196262,2.116154873164219,2.8838304552590266,0.0009703089334857396,0.007518047974444926,0.003693211551581044,-0.006022138885355161,0.4316880460083485,0.26447098022326826,8.795003884074504e-05,-0.0382200543070212,,,,,,,,,,,,,,,,1.0,12.5,15.0,10.0,14.0,,,,,,,,,,
29,50_5_5_10_5_2,50_5_5_10_5_2_StartGoalLocations_Seed1.csv,25,4381.199964091182,25,1.0,0,0,0,0,23,0,0,0,0,0,0.0,0.0,9.787170263788969,5,4,5,0.019184652278177457,0.6678657074340527,0.0,4.0,5,6.5,21.5,0.0,0.0,16.57,0.0,0.0,0,0,0,0,0,0,0,0,136,0,90,18,28,0,0,0.6618,0.1324,0,0,0,250.2,0.0,2500.0,0.0,2565.0,-507.0,0.0,0.0,0.0,0.0,0.0,0.0,0.0,0.0,0.0,-316.0,100.0,0.0,0.0,0.0,0.0,-211.0,0.0,0.0,1.92174,9.92185,0.0,0.0,-0.1263,0.69946,0.03997,0.9988,-0.08433,0.18723,0.0,-92.0,2600.0,0.0,3428.235,-414.34,-0.03677,0.26044,1.03917,9.99197,1.20459,1.20456,0.03157,1.16456,0.01159,89.65517,0.98921,1.55256,0.0,0.0,36.9318,0.0,146.5714,-41.0286,0.0,0,0,0,0,0,0,0,0,0,0,0,0,0,0,0,0,0,0,0,,,0,0,0,0.0,5281.4,0.0,0.0,100.0,0.0,-473.2,0.0,-316.0,0.0,-211.0,5281.4,0.0,0.0,100.0,0.0,-473.2,0.0,-316.0,0.0,-211.0,0,0,25,25,0,3,3,0,0,5,0,0,0,0,,0,0,0,0,0,2000,0,0,0,0,0,0,0,0,0,0,0,0,0,0,89,0,0,0,0,0,0,0,0,0,0,0,0,710,0,0,0,0,8457,11.552560009459619,1.0,3.5237081707461275,1.03393457422733,2.3176067163296676,1.2533995506680855,1.7346938775510203,0.0008631813458123361,0.007561473174020648,0.003869599321857095,-0.006834845824458171,0.47233560574054717,0.27581416007876397,8.765559995117656e-05,-0.03456663001608103,1.0,33.5,40.0,0.0,0.0,,,,,,,,,,,,,,,,,,,,,,,,,
30,25_5_2_5_2_1,25_5_2_5_2_1_StartGoalLocations_Seed9.csv,25,3081.7778811231256,25,1.0,0,0,0,0,28,0,0,13,0,13,0.0,0.01574028529267093,8.476458433573901,4,2,4,0.05558288243974422,0.5405804230201673,0.0,2.0,4,1.75,12.5,0.0,0.0,10.07,0.0,0.1,0,0,0,0,0,0,0,0,199,0,131,19,49,0,4,0.6583,0.0955,0,0,0,203.3,0.0,2500.0,0.0,1763.271,-913.821,3.5,0.0,0.0,0.0,0.0,-8.472,0.0,-132.5,0.0,-280.0,50.0,0.0,0.0,0.0,0.0,-103.5,0.0,0.0,1.74926,11.05583,-0.00417,0.05513,-0.2029,0.73643,0.02459,0.78374,-0.05091,0.15121,0.0,-131.296,2550.0,0.0,2044.42,-807.64,-0.06458,0.41454,1.2543,11.04593,0.60835,1.36902,0.04624,1.39677,0.01328,94.44444,0.98574,1.42318,0.0,-0.3971,36.2216,0.0,100.9583,-58.1326,-1.621,1,1,0,5,2,7,14,29,3,18,8,0,5,17,7,0,2,0,0,0.10344827586206896,0.1724137931034483,29,10,4,-1.176,4408.771,0.0,0.0,50.0,0.0,-852.521,-8.472,-412.5,0.0,-103.5,4408.771,0.0,0.0,50.0,0.0,-852.521,-8.472,-412.5,0.0,-103.5,0,4,25,25,0,2,2,0,8,5,0,0,0,0,,0,0,0,0,0,2200,0,0,20,20,116,16,18,18,4,0,66,0,0,0,374,0,0,1,1,1,0,0,1,0,0,1,0,305,0,0,0,0,6958,40.500143719459615,1.2526614620298084,14.21385455590687,1.0231610327150156,9.499856280540385,0.9485484334578902,3.060514372163389,0.000935296234939332,0.007665211624381217,0.003982871760275553,-0.007271103576671707,0.4906431767615405,0.2797132282094522,8.060660551233344e-05,-0.03053305364425548,2.0,5.0,6.72,0.0,0.5,,,,,,,,,,,,,,,,,,,,,,,,,
31,25_5_2_5_2_1,25_5_2_5_2_1_StartGoalLocations_Seed3.csv,25,3091.1159586310387,25,1.0,0,0,0,0,2,0,0,24,0,24,0.0,0.08063241106719368,7.039865640877735,0,0,0,0.04426877470355731,0.6300395256916996,0.0,,0,,,,,10.76,0.0,1.2,0,0,0,0,0,0,0,0,86,0,53,17,16,0,1,0.6163,0.1977,0,0,0,126.5,0.0,2500.0,0.0,1146.607,-377.107,3.5,0.0,0.0,0.0,0.0,-38.384,0.0,-167.5,0.0,-24.0,0.0,0.0,0.0,0.0,0.0,-78.5,0.0,0.0,2.68735,13.88255,-0.03034,0.14374,-0.15138,0.34522,0.0,0.0,-0.06206,0.16485,0.0,-67.2,2500.0,0.0,1359.893,-335.842,-0.05312,0.25015,1.97628,13.91843,0.80953,1.22503,0.04585,1.15862,0.01976,100.0,0.98024,1.36753,0.0,-0.8825,35.5114,0.0,65.7204,-26.0347,-4.27,7,2,0,18,7,12,19,56,4,37,15,0,18,26,12,0,16,0,0,0.07142857142857142,0.32142857142857145,56,24,16,-5.184,3750.607,0.0,0.0,0.0,0.0,-351.107,-38.384,-191.5,0.0,-78.5,3750.607,0.0,0.0,0.0,0.0,-351.107,-38.384,-191.5,0.0,-78.5,0,12,25,25,0,0,0,0,14,5,0,0,0,0,,0,0,0,0,0,520,8,8,38,38,172,48,0,0,0,0,186,14,0,0,226,0,0,1,2,2,0,0,4,11,1,9,0,305,0,0,0,0,2478,61.94511702986279,1.4403908794788274,12.590799031476998,1.146474375317876,6.45682001614205,0.0,3.70625,0.0008480582010144225,0.007448569076279035,0.003940013346548837,-0.007484762905649124,0.4961662173271179,0.28599883707670065,8.639409139644927e-05,-0.030286478623747826,,,,,,,,,,,,,,,,,,,,,,,,,,,,,,
32,50_5_5_10_5_2,50_5_5_10_5_2_StartGoalLocations_Seed5.csv,25,3413.4999281466007,25,1.0,0,0,0,0,15,0,0,0,0,0,0.0,0.0,9.72924791086351,0,0,0,0.002785515320334262,0.7181058495821727,0.0,,0,,,,,20.84,0.0,0.0,0,0,0,0,0,0,0,0,63,0,53,5,5,0,0,0.8413,0.0794,0,0,0,179.5,0.0,2500.0,0.0,1911.0,-385.5,0.0,0.0,0.0,0.0,0.0,0.0,0.0,0.0,0.0,-672.0,0.0,0.0,0.0,0.0,0.0,-119.5,0.0,0.0,2.34262,11.669,0.0,0.0,-0.37437,1.16505,0.0,0.0,-0.06657,0.16987,0.0,-60.0,2500.0,0.0,2468.36,-311.31,-0.03343,0.18068,1.39276,11.71904,1.2017,1.19176,0.09359,0.35714,0.01393,100.0,0.98607,1.57044,0.0,0.0,35.5114,0.0,109.2,-28.8571,0.0,0,0,0,0,0,0,0,0,0,0,0,0,0,0,0,0,0,0,0,,,0,0,0,0.0,4564.8,0.0,0.0,0.0,0.0,-359.8,0.0,-672.0,0.0,-119.5,4564.8,0.0,0.0,0.0,0.0,-359.8,0.0,-672.0,0.0,-119.5,0,0,25,25,0,0,0,0,0,5,0,0,0,0,,0,0,0,0,0,696,0,0,0,0,0,0,0,0,0,0,12,0,0,0,138,0,0,0,0,0,0,0,0,0,0,0,0,710,0,0,0,0,3544,6.433408577878104,1.0,2.793453724604966,0.5010101087767669,1.693002257336343,0.0,3.8,0.0007919671653357439,0.0072892811162739825,0.00437871448899052,-0.008147248362014392,0.5260791718617253,0.3103508461138298,0.0001077267679752315,-0.02899541516906057,,,,,,,,,,,,,,,,,,,,,,,,,,,,,,
33,25_5_2_5_2_1,25_5_2_5_2_1_StartGoalLocations_Seed0.csv,75,5846.354870855808,74,0.9866666666666667,3,5,3,3,42,5,3,116,6,113,0.05172413793103448,0.19521490578022443,5.861194228434396,0,0,0,0.20876561507516408,0.538005504975651,10.0,,1,,,,,6.84,1.1,4.6,0,26,0,12,0,0,1,9,257,0,143,47,67,0,58,0.5564,0.1829,6,1,0,472.3,0.0,7400.0,0.0,3002.284,-1602.128,14.0,0.0,0.0,-300.0,3.145,-333.745,0.0,-1791.0,513.0,-676.0,0.0,0.0,0.0,0.0,0.0,-510.5,0.0,-345.0,1.96622,12.43496,-0.13352,1.79042,-0.41372,1.23255,0.0,0.0,-0.18113,0.84172,51.4,-1233.544,7400.0,0.0,3557.443,-1900.993,-0.2503,1.9337,1.5668,12.41874,0.35072,1.46194,0.15604,1.74348,0.01567,100.0,0.98433,1.17411,0.0,-19.96,105.1136,0.0,172.0067,-140.0835,-46.127,124,10,30,319,59,150,150,679,150,272,257,0,318,210,151,0,136,58,52,0.22091310751104565,0.4683357879234168,679,269,62,-8.956,10773.603,3.014,496.5,0.0,0.0,-1487.147,-633.615,-2450.5,0.0,-855.5,10773.603,3.014,496.5,0.0,0.0,-1487.147,-633.615,-2450.5,0.0,-855.5,0,58,75,74,1,0,0,0,288,5,5,0,5,0,1.0,0,21,8,1,2,3200,440,440,458,458,823,230,191,191,0,0,1788,77,0,0,630,10,1,2,3,2,0,0,40,44,1,94,1,305,0,9,0,90,10805,76.52012956964369,2.57970488630866,23.424340583063398,1.318046243573568,15.650161962054604,3.192966219342897,2.6333530455351863,0.0007980799788015247,0.007143730156240053,0.004184490256302524,-0.008002032051736023,0.5343587235733867,0.3070783827267587,0.00011266719135392123,-0.029577710095618385,,,,,,,,,,,,,,,,1.0,10.0,3.0,10.0,34.0,,,,,,,,,,
34,25_5_2_5_2_1,25_5_2_5_2_1_StartGoalLocations_Seed1.csv,75,1456.349837899208,71,0.9466666666666667,7,26,7,7,17,26,6,532,27,525,0.05075187969924812,0.2665927670777331,4.770053978245956,2,2,2,0.2512813409059427,0.5107355589416817,10.125,2.0,6,9.5,18.0,23.5,48.5,6.48,1.7,5.9,6,84,0,37,0,0,11,15,246,0,155,24,67,0,48,0.6301,0.0976,6,1,0,721.9,0.0,7100.0,0.0,4224.952,-2775.828,10.5,0.0,0.0,-700.0,11.165,-732.84,0.0,-2791.0,270.0,-1880.0,50.0,0.0,0.0,0.0,0.0,-672.5,0.0,-1380.0,1.28571,9.9175,-0.19694,2.20631,-0.60964,1.09719,0.00693,0.41606,-0.28432,1.2902,131.0,-2826.355,7150.0,0.0,4980.828,-3888.488,-0.37337,2.36556,0.99044,9.87642,0.15131,1.76899,0.27954,1.46549,0.01011,97.94521,0.99016,1.24081,0.0,-50.9656,101.5625,0.0,236.8354,-270.714,-86.619,366,27,153,981,79,435,423,1919,396,970,553,0,981,503,435,0,404,205,235,0.20635747785304848,0.5112037519541428,1914,615,124,-4.819,11854.988,9.726,270.0,50.0,0.0,-2573.464,-1431.4,-4671.0,0.0,-2052.5,11854.988,9.726,270.0,50.0,0.0,-2573.464,-1431.4,-4671.0,0.0,-2052.5,0,155,75,71,4,2,1,0,1050,5,26,0,26,0,1.0,0,90,33,12,5,3200,971,971,1967,1967,3093,613,1191,1191,16,0,2507,96,0,0,732,2,1,9,15,13,2,0,68,461,6,113,0,305,0,38,0,435,16593,77.33984210209124,2.9567521234317775,51.991803772675226,2.288943167530705,39.8421020912433,10.853974567588743,2.351686582967781,0.0008554927357215547,0.007364666336798109,0.004371053280483466,-0.009622685461654328,0.6002689103409647,0.31690453879535196,0.00011240382040341502,-0.027833117978589145,,,,,,,,,,,,,,,,4.0,10.12,9.25,49.0,122.5,5.5,12.25,0.0,0.0,0.0,,,,,
35,25_5_2_5_2_1,25_5_2_5_2_1_StartGoalLocations_Seed0.csv,75,2513.3146462738514,73,0.9733333333333334,7,26,6,7,33,25,3,338,27,331,0.07988165680473373,0.2294778773652013,4.908103288152781,3,3,2,0.25426621160409557,0.513509670079636,12.75,3.0,5,9.5,15.33,49.0,60.7,7.74,3.5,6.1,1,115,0,50,0,0,10,27,256,0,147,34,75,0,33,0.5742,0.1328,8,1,0,703.2,0.0,7300.0,0.0,4339.96,-2585.471,14.0,0.0,0.0,-700.0,8.383,-819.757,0.0,-2583.5,192.0,-2032.0,75.0,0.0,0.0,0.0,0.0,-708.5,0.0,-690.0,1.3896,10.17766,-0.21493,2.23758,-0.62905,1.06174,0.01067,0.51626,-0.19888,0.93086,54.559,-2932.605,7375.0,0.0,5342.874,-2904.754,-0.40928,2.39436,1.04878,10.1478,0.34672,1.52302,0.24758,1.71577,0.01081,97.03947,0.98948,1.18534,0.0,-46.9285,104.7585,0.0,246.0644,-224.9222,-91.646,287,26,132,850,100,320,368,1642,273,718,651,0,850,470,322,0,372,284,146,0.16626065773447016,0.5176613885505481,1638,571,101,-5.328,12170.633,7.546,192.0,75.0,0.0,-2398.944,-1518.92,-4615.5,0.0,-1398.5,12170.633,7.546,192.0,75.0,0.0,-2398.944,-1518.92,-4615.5,0.0,-1398.5,0,163,75,73,2,3,3,0,738,5,25,1,24,0,0.96,2,112,32,11,4,3200,739,739,1737,1737,2035,642,376,376,32,0,1832,156,0,0,916,20,0,4,10,9,1,0,65,192,6,189,0,305,0,47,0,575,18768,79.24126172208014,2.8054061323292094,47.02685421994885,1.9197272598138173,34.85187553282182,3.367433930093777,2.8423788411557864,0.0010279064642577395,0.007312895641662181,0.004836174010124523,-0.009835631275200285,0.6533984861522913,0.32156820464879277,0.00014152270458680504,-0.02901532291114563,,,,,,,,,,,,,,,,2.0,12.75,12.0,52.5,67.5,5.5,5.5,0.0,0.0,0.0,,,,,
36,50_5_5_10_5_2,50_5_5_10_5_2_StartGoalLocations_Seed1.csv,75,9424.815336078405,74,0.9866666666666667,1,3,1,1,5,3,2,108,3,107,0.027777777777777776,0.0815313718539525,8.253855893139466,4,3,2,0.04874158099964552,0.5941155618574974,0.0,3.0,4,13.5,34.33,0.0,3.3,15.46,0.1,2.0,0,9,0,4,0,0,1,3,220,0,161,28,31,0,5,0.7318,0.1273,2,0,0,564.2,0.0,7400.0,0.0,5074.823,-1477.708,10.5,0.0,0.0,-100.0,3.53,-191.529,0.0,-1791.5,839.0,-520.0,75.0,0.0,0.0,0.0,0.0,-461.5,0.0,0.0,2.05101,11.36141,-0.05105,0.95048,-0.26099,1.24202,0.01329,0.57633,-0.0818,0.18495,36.0,-500.086,7475.0,0.0,6799.931,-1131.149,-0.08226,1.03929,1.32488,11.39018,1.00475,1.23665,0.06239,1.52297,0.01365,97.07792,0.98688,1.4244,0.0,-8.3224,106.179,0.0,290.5899,-110.8119,-22.958,53,6,7,106,21,92,103,323,63,154,106,0,106,125,92,0,46,1,4,0.19504643962848298,0.3281733746130031,323,158,59,-10.414,12945.629,3.274,803.5,75.0,0.0,-1373.813,-291.273,-2276.0,0.0,-461.5,12945.629,3.274,803.5,75.0,0.0,-1373.813,-291.273,-2276.0,0.0,-461.5,0,59,75,74,1,3,2,0,119,5,3,0,3,0,1.0,0,8,4,1,2,1216,81,81,203,203,728,236,74,74,0,0,576,117,0,0,589,3,2,1,2,2,0,0,23,5,1,30,0,710,0,1,0,10,12438,32.0147933751407,1.327724761426419,13.330117382215791,1.6055639564925839,9.511175430133463,1.2461810580479176,2.9839391377852915,0.0009974161678530293,0.00731415781315024,0.004908449692026663,-0.009867629932398958,0.6600531431797304,0.32729678145168645,0.00014385779172698676,-0.030357680562270905,1.0,28.5,38.0,0.0,7.0,,,,,,,,,,,,,,,,,,,,,,,,,
37,25_5_2_5_2_1,25_5_2_5_2_1_StartGoalLocations_Seed1.csv,25,2678.6083201617002,25,1.0,0,5,0,0,40,5,3,55,5,55,0.09090909090909091,0.10976253298153034,7.599194552590161,3,2,2,0.1266490765171504,0.48601583113456465,0.0,2.0,3,2.75,6.5,0.0,11.5,9.32,1.5,3.8,0,11,0,7,0,0,3,4,109,0,75,10,24,0,2,0.6881,0.0917,0,0,0,189.5,0.0,2500.0,0.0,1482.746,-771.097,0.0,0.0,0.0,0.0,3.2,-75.241,0.0,-330.5,279.0,-532.0,50.0,0.0,0.0,0.0,0.0,-117.0,0.0,0.0,1.7948,11.43748,-0.03802,0.17369,-0.30792,1.56218,0.02639,0.81175,-0.06174,0.1645,69.64,-354.676,2550.0,0.0,1799.956,-628.777,-0.15042,0.92396,1.34565,11.43569,0.61804,1.2883,0.11082,2.02055,0.01425,94.44444,0.98522,1.30087,0.0,-2.2618,36.2216,0.0,84.7283,-50.7484,-11.081,35,10,13,64,4,31,37,136,16,69,51,0,64,41,31,0,38,12,5,0.11764705882352941,0.47058823529411764,136,54,15,2.495,4119.146,3.2,279.0,50.0,0.0,-717.997,-75.241,-862.5,0.0,-117.0,4119.146,3.2,279.0,50.0,0.0,-717.997,-75.241,-862.5,0.0,-117.0,0,17,25,25,0,2,2,0,53,5,5,0,5,0,1.0,0,14,5,3,2,2500,30,30,76,76,177,66,78,78,0,0,427,31,0,0,229,0,0,0,1,1,0,0,15,14,1,25,0,305,0,4,0,40,6701,43.45620056707954,1.3643543956043955,11.938516639307567,1.3556718949542848,8.103268168930011,1.2833905387255633,2.7421731123388584,0.0008039346693491097,0.0071379267789423466,0.004902053805440665,-0.011257018977403641,0.7050183228492737,0.3286442214012146,0.00015136822102940643,-0.034843817828595636,1.0,13.0,17.0,0.0,0.0,,,,,,,,,,,,,,,,,,,,,,,,,
38,50_5_5_10_5_2,50_5_5_10_5_2_StartGoalLocations_Seed2.csv,45,5468.365658968687,45,1.0,0,2,0,0,14,2,2,31,2,31,0.06451612903225806,0.028831087433406455,8.504175233938073,0,0,0,0.012221874020683171,0.6471325603259166,0.0,,0,,,,,16.33,0.0,0.4,0,4,0,2,0,0,0,2,133,0,95,22,16,0,0,0.7143,0.1654,0,0,0,319.1,0.0,4500.0,0.0,3062.98,-932.08,0.0,0.0,0.0,0.0,0.0,-32.634,0.0,-251.5,477.0,-1456.0,0.0,0.0,0.0,0.0,0.0,-218.5,0.0,0.0,2.178,11.77172,-0.01023,0.08887,-0.38562,1.74963,0.0,0.0,-0.06847,0.1719,36.0,-137.274,4500.0,0.0,3936.542,-712.78,-0.03174,0.4029,1.41022,11.79122,1.01027,1.26547,0.11971,0.4536,0.0141,100.0,0.9859,1.47785,0.0,-1.1876,63.9205,0.0,175.0274,-65.7474,-8.733,2,1,0,15,7,20,22,64,15,30,19,0,15,29,20,0,8,0,5,0.234375,0.234375,64,26,4,0.64,7818.618,0.0,477.0,0.0,0.0,-868.618,-32.634,-1707.5,0.0,-218.5,7818.618,0.0,477.0,0.0,0.0,-868.618,-32.634,-1707.5,0.0,-218.5,0,4,45,45,0,0,0,0,28,5,2,0,2,0,1.0,0,4,2,0,0,924,80,80,12,12,115,15,4,4,0,0,447,15,0,0,365,0,0,2,2,2,0,0,1,2,0,3,0,710,0,0,0,0,6301,29.852404380257102,1.177565124933546,7.53848595461038,1.2573947536729668,5.491191874305666,0.5078558958895414,3.2745664739884393,0.0008209638145628906,0.007162715118878332,0.004918998644538063,-0.011683005498907655,0.7162539499662656,0.32792155631692893,0.00014437949274201953,-0.03261351236041426,,,,,,,,,,,,,,,,,,,,,,,,,,,,,,
39,50_5_5_10_5_2,50_5_5_10_5_2_StartGoalLocations_Seed9.csv,25,3281.402118206024,25,1.0,0,1,0,0,18,1,0,17,1,17,0.058823529411764705,0.04843968327899394,8.916337022017366,0,0,0,0.03912435957149511,0.6450861667442943,0.0,,0,,,,,20.72,0.0,1.3,0,2,0,1,0,0,0,1,68,0,52,9,7,0,0,0.7647,0.1324,0,0,0,214.7,0.0,2500.0,0.0,2067.499,-545.647,0.0,0.0,0.0,0.0,0.0,-28.15,0.0,-156.5,0.0,-612.0,0.0,0.0,0.0,0.0,0.0,-158.5,0.0,0.0,1.97324,10.71183,-0.01311,0.10252,-0.35794,1.02397,0.0,0.0,-0.07382,0.17738,0.0,-121.514,2500.0,0.0,2682.719,-455.524,-0.0566,0.28786,1.16442,10.7278,1.03735,1.24734,0.07825,0.7233,0.01164,100.0,0.98836,1.47891,0.0,-0.5754,35.5114,0.0,118.1428,-40.237,-3.735,8,1,0,16,4,5,9,34,3,21,10,0,16,13,5,0,13,0,0,0.08823529411764706,0.47058823529411764,34,20,8,-2.636,4744.839,0.0,0.0,0.0,0.0,-508.287,-28.15,-768.5,0.0,-158.5,4744.839,0.0,0.0,0.0,0.0,-508.287,-28.15,-768.5,0.0,-158.5,0,6,25,25,0,0,0,0,10,5,1,0,1,0,1.0,0,2,1,0,0,868,4,4,9,9,24,24,0,0,0,0,233,29,0,0,139,0,0,1,2,2,0,0,7,12,1,11,0,710,0,0,0,0,4252,18.03857008466604,1.0221642764015646,0.18814675446848542,1.1000000052154064,0.14111006585136407,0.0,3.0,0.0006856558922102056,0.006958785930365186,0.004882318625432623,-0.011472012669551895,0.7050433227543458,0.3378269031025847,0.00014795811280802918,-0.032278918753451055,,,,,,,,,,,,,,,,,,,,,,,,,,,,,,
40,50_5_5_10_5_2,50_5_5_10_5_2_StartGoalLocations_Seed4.csv,25,4365.042489796877,25,1.0,0,1,0,0,22,1,1,35,2,35,0.05714285714285714,0.03376304481276857,8.976942403833144,5,4,5,0.029158993247391036,0.6663597298956415,0.0,4.0,5,18.62,48.75,0.0,3.2,25.15,0.0,0.5,0,2,0,0,0,0,0,1,93,0,59,20,14,0,0,0.6344,0.2151,4,1,0,325.8,0.0,2500.0,0.0,3323.067,-898.947,0.0,0.0,0.0,0.0,0.0,-42.378,0.0,-301.5,153.0,-620.0,100.0,0.0,0.0,0.0,0.0,-174.0,0.0,0.0,1.61139,8.73966,-0.01301,0.08673,-0.23588,1.07106,0.03069,0.87544,-0.05341,0.15444,18.0,-198.828,2600.0,0.0,4656.222,-604.59,-0.0555,0.39682,0.79804,8.76725,1.24359,1.27534,0.06568,1.01321,0.0089,89.65517,0.99202,1.62773,0.0,-1.5029,36.9318,0.0,189.8895,-61.3112,-5.548,6,2,0,22,9,30,31,92,10,51,31,0,22,40,30,0,15,0,0,0.10869565217391304,0.2391304347826087,92,50,10,-1.55,6087.525,0.0,144.5,100.0,0.0,-837.605,-42.378,-913.0,0.0,-174.0,6087.525,0.0,144.5,100.0,0.0,-837.605,-42.378,-913.0,0.0,-174.0,0,9,25,25,0,4,4,0,37,5,1,0,1,0,1.0,0,2,1,0,0,1576,100,100,24,24,87,35,8,8,4,0,156,16,0,0,338,0,0,0,1,1,0,0,4,8,1,5,0,710,0,0,0,0,9039,22.004646531695983,1.090497737556561,9.27093705055869,1.1467780586963336,7.179997787365859,0.7522956079212302,3.3451463790446843,0.0008358191975562223,0.006485153899674639,0.004811514689596512,-0.012714352014328018,0.7100458592932841,0.35257445268219495,0.00018515111317120607,-0.03958602445223723,1.0,9.5,21.0,0.0,8.0,,,,,,,,,,,,,,,,,,,,,,,,,
41,50_5_5_10_5_2,50_5_5_10_5_2_StartGoalLocations_Seed2.csv,75,8691.386922091246,75,1.0,0,1,0,0,13,1,1,91,3,91,0.03296703296703297,0.07794830371567044,8.201260277486869,1,1,1,0.04402261712439418,0.6597334410339257,0.0,1.0,1,11.0,45.0,0.0,0.0,15.0,0.0,1.6,0,6,0,3,0,0,0,3,223,0,167,24,32,0,4,0.7489,0.1076,4,2,0,495.2,0.0,7500.0,0.0,4684.563,-1290.663,42.0,0.0,0.0,0.0,2.8,-173.013,0.0,-1701.0,351.0,-904.0,25.0,0.0,0.0,0.0,0.0,-340.5,0.0,0.0,2.30838,12.1825,-0.03437,0.14784,-0.45517,1.18516,0.00505,0.35523,-0.06876,0.1722,54.0,-406.291,7525.0,0.0,5994.823,-1056.349,-0.07114,0.46699,1.51959,12.21765,0.99727,1.2374,0.08421,1.10382,0.01535,99.01316,0.98485,1.4458,0.0,-5.234,106.8892,0.0,270.0894,-93.2093,-25.025,31,6,4,106,46,82,84,319,28,184,107,0,106,131,82,0,83,0,13,0.0877742946708464,0.3322884012539185,319,184,41,-10.422,12631.864,2.8,351.0,25.0,0.0,-1200.763,-173.013,-2605.0,0.0,-340.5,12631.864,2.8,351.0,25.0,0.0,-1200.763,-173.013,-2605.0,0.0,-340.5,0,54,75,75,0,1,1,0,104,5,1,0,1,0,1.0,0,6,1,0,0,1156,140,140,213,213,615,215,52,52,0,0,358,21,0,0,546,3,2,4,4,4,0,0,20,69,0,34,1,710,0,0,0,0,9911,31.3994551508425,1.2046915167095116,13.177277772172333,1.184800935290172,8.253455756230451,1.3318534961154274,2.871638141809291,0.0008659345758542101,0.006331370233890043,0.004671222411875958,-0.012791713379052787,0.7056971340855925,0.3560498249572041,0.0001461257660402159,-0.04098652507690874,,,,,,,,,,,,,,,,,,,,,,,,,,,,,,
42,25_5_2_5_2_1,25_5_2_5_2_1_StartGoalLocations_Seed2.csv,75,5022.9334881827235,75,1.0,8,10,8,8,39,10,3,130,10,122,0.07692307692307693,0.22034216958074826,5.518256965577098,5,3,4,0.16181168953204286,0.5404999060327006,0.0,3.0,5,7.39,11.0,8.3,25.0,7.41,1.4,5.2,0,46,0,24,0,0,4,16,483,0,322,48,113,0,31,0.6667,0.0994,10,0,0,532.1,0.0,7500.0,0.0,3738.728,-2129.302,0.0,0.0,0.0,-800.0,6.859,-499.618,0.0,-1847.0,261.0,-1416.0,75.0,0.0,0.0,0.0,0.0,-314.5,0.0,-84.333,1.81198,11.81616,-0.24295,2.74074,-0.56418,1.1667,0.0141,0.59345,-0.07495,0.32413,49.578,-2064.418,7575.0,0.0,4308.392,-2022.032,-0.37866,2.86581,1.4236,11.80155,0.42969,1.27182,0.19094,2.0807,0.01466,97.11538,0.98365,1.20948,0.0,-38.4955,107.5994,0.0,212.4226,-143.2459,-66.897,140,10,22,352,65,232,241,893,118,460,315,0,350,311,232,0,205,47,46,0.13213885778275475,0.3919372900335946,892,379,108,-17.418,11616.691,5.868,261.0,75.0,0.0,-1975.165,-1298.626,-3263.0,0.0,-398.833,11616.691,5.868,261.0,75.0,0.0,-1975.165,-1298.626,-3263.0,0.0,-398.833,0,134,75,75,0,3,3,0,342,5,10,0,10,0,1.0,0,36,18,6,3,3096,283,283,654,654,1773,535,318,318,34,0,1543,134,0,0,721,5,0,4,8,8,0,0,108,84,4,125,0,305,0,12,0,125,14919,62.638246531268855,3.178598180845372,33.447281989409475,1.5824223652965426,22.736108318251894,5.067363764327368,2.5421580188679247,0.0007492000690862879,0.006248127276833514,0.004886572998563352,-0.013013640387363983,0.7315289868710885,0.3578187375490672,0.0001668649430331015,-0.04322408013483774,2.0,1.25,3.08,0.0,8.5,,,,,,,,,,,,,,,,,,,,,,,,,
43,50_5_5_10_5_2,50_5_5_10_5_2_StartGoalLocations_Seed4.csv,75,6769.134438812733,74,0.9866666666666667,2,7,2,2,16,7,1,152,8,150,0.05263157894736842,0.07190661478599222,7.794064982521859,2,1,1,0.07452932939162907,0.6366889684145013,0.0,1.0,2,1.5,9.0,0.0,0.0,18.45,1.0,2.3,0,19,0,8,0,0,5,5,211,0,157,28,26,0,1,0.7441,0.1327,4,1,0,642.7,0.0,7400.0,0.0,5806.052,-1694.304,63.0,0.0,0.0,-200.0,3.2,-193.013,0.0,-2359.5,414.0,-2604.0,25.0,0.0,0.0,0.0,0.0,-534.0,0.0,0.0,1.90096,10.66242,-0.06065,1.24937,-0.70787,1.35035,0.00389,0.31182,-0.08309,0.18612,18.0,-746.753,7425.0,0.0,7620.738,-1349.933,-0.11339,1.34023,1.15528,10.67248,0.9757,1.25308,0.11576,1.02789,0.01167,99.0,0.98833,1.41226,0.0,-12.247,105.4687,0.0,335.3744,-127.3317,-19.071,73,10,24,199,26,76,99,400,79,199,122,0,199,125,76,0,83,55,21,0.1975,0.4975,400,174,36,-4.06,13795.33,2.4,391.0,25.0,0.0,-1577.882,-392.213,-4940.5,0.0,-534.0,13795.33,2.4,391.0,25.0,0.0,-1577.882,-392.213,-4940.5,0.0,-534.0,0,69,75,74,1,1,1,0,128,5,7,0,7,0,1.0,0,20,9,5,3,1176,52,52,314,314,672,273,150,150,4,0,506,6,0,0,833,1,0,4,7,7,0,0,22,111,3,41,0,710,0,9,0,100,13233,40.29320637799441,1.3240810202550637,17.53192775636666,1.3862931246949552,10.073301594498602,1.0655180231240082,2.9692423105776444,0.0007845109317082572,0.006121822445951149,0.005026702407183645,-0.013354903229569294,0.7361098615085186,0.36699163913726807,0.00017048485250331836,-0.045338074727376707,1.0,10.0,31.0,25.0,57.0,,,,,,,,,,,,,,,,,,,,,,,,,
44,50_5_5_10_5_2,50_5_5_10_5_2_StartGoalLocations_Seed2.csv,75,10625.920553952456,75,1.0,0,1,0,0,9,1,1,30,1,30,0.03333333333333333,0.02197346600331675,8.557226113208985,5,5,5,0.022180762852404643,0.6859452736318408,0.0,5.0,5,6.3,36.2,0.0,0.0,13.39,0.0,0.5,0,2,0,1,0,0,0,1,238,0,186,20,32,0,0,0.7815,0.084,0,0,0,482.4,0.0,7500.0,0.0,4851.529,-1215.529,0.0,0.0,0.0,0.0,0.8,-36.779,0.0,-687.0,432.0,-512.0,125.0,0.0,0.0,0.0,0.0,-314.5,0.0,0.0,2.40846,12.32971,-0.00746,0.07337,-0.159,1.1298,0.02591,0.80444,-0.06519,0.16837,18.0,-111.58,7625.0,0.0,6082.846,-1000.917,-0.0194,0.25314,1.58064,12.39444,1.05347,1.21347,0.03213,0.836,0.01658,95.3125,0.98425,1.49195,0.0,-1.2735,108.3097,0.0,277.2302,-87.4302,-7.682,8,2,0,18,12,19,27,76,11,43,22,0,18,39,19,0,8,0,4,0.14473684210526316,0.23684210526315788,76,22,16,-4.399,12752.129,0.8,432.0,125.0,0.0,-1133.729,-36.779,-1199.0,0.0,-314.5,12752.129,0.8,432.0,125.0,0.0,-1133.729,-36.779,-1199.0,0.0,-314.5,0,12,75,75,0,5,5,0,24,5,1,0,1,0,1.0,0,2,1,0,0,1080,11,11,61,61,404,48,28,28,0,0,128,0,0,0,557,0,0,3,3,3,0,0,7,23,0,10,0,710,0,0,0,0,10971,29.6873575790721,1.0865827448572305,9.406617445993984,1.2358042798366022,5.778871570504056,0.3281378178835111,3.3753943217665614,0.0008861557635571916,0.0061360506668548895,0.0051711069894264695,-0.013636151842634987,0.7396929875568107,0.36562742392222086,0.0001826153295109247,-0.0451182132276396,,,,,,,,,,,,,,,,,,,,,,,,,,,,,,
45,50_5_5_10_5_2,50_5_5_10_5_2_StartGoalLocations_Seed6.csv,75,9615.428524941206,75,1.0,1,10,1,1,11,10,5,128,10,127,0.078125,0.049925760950259836,8.46892316785448,2,2,1,0.07051401002041195,0.6769344961959547,0.0,2.0,2,17.5,33.0,7.5,38.0,16.12,0.5,1.3,0,18,0,4,0,0,4,3,265,0,160,41,64,0,3,0.6038,0.1547,2,0,0,538.9,0.0,7500.0,0.0,5184.89,-1503.57,3.5,0.0,0.0,-100.0,1.699,-55.99,0.0,-1909.5,2102.0,-1828.0,50.0,0.0,0.0,0.0,0.0,-368.5,0.0,0.0,2.17549,11.69289,-0.02863,0.9659,-0.30349,2.15012,0.00928,0.48153,-0.06838,0.1718,88.0,-420.398,7550.0,0.0,6621.177,-1197.681,-0.06168,1.10998,1.401,11.72355,1.0064,1.25164,0.05752,1.63999,0.01429,98.05195,0.9859,1.47165,0.0,-7.0405,107.2443,0.0,296.4794,-106.9754,-6.491,69,31,51,190,11,28,47,276,26,164,86,0,190,58,28,0,147,24,5,0.09420289855072464,0.6884057971014492,276,46,12,1.107,13125.79,1.6,2064.5,50.0,0.0,-1402.07,-155.891,-3700.0,0.0,-368.5,13125.79,1.6,2064.5,50.0,0.0,-1402.07,-155.891,-3700.0,0.0,-368.5,0,15,75,75,0,2,2,0,118,5,10,0,10,0,1.0,0,20,11,4,4,1348,15,15,95,95,234,58,363,363,0,0,313,10,0,0,758,0,0,4,5,4,1,0,4,201,1,7,0,710,0,4,0,55,11386,31.819778675566486,1.1305547888490202,9.467767433690497,1.8105055928931801,6.244510802740208,2.669945547163183,2.1744022503516174,0.0007795543321341833,0.006449242162543075,0.005254992581655214,-0.013522621354734862,0.768077634208634,0.38288210955854696,0.0002793164131679304,-0.051024695651782595,,,,,,,,,,,,,,,,,,,,,,,,,,,,,,
46,50_5_5_10_5_2,50_5_5_10_5_2_StartGoalLocations_Seed4.csv,45,6758.065545558929,44,0.9777777777777777,0,0,0,0,12,0,0,30,1,30,0.03333333333333333,0.009150991357397052,9.100360378251805,4,3,2,0.009659379766141332,0.7165734621250636,0.0,3.0,4,10.0,27.67,0.0,1.7,23.23,0.0,0.1,0,0,0,0,0,0,0,0,168,0,107,26,35,0,0,0.6369,0.1548,2,1,0,393.4,0.0,4400.0,0.0,4235.297,-948.797,3.5,0.0,0.0,0.0,1.04,-10.374,0.0,-416.5,0.0,-772.0,75.0,0.0,0.0,0.0,0.0,-202.5,0.0,0.0,2.05475,10.48824,-0.00237,0.04324,-0.30211,0.88097,0.01906,0.69011,-0.05147,0.15195,0.0,-95.454,4475.0,0.0,5627.117,-749.095,-0.02426,0.16395,1.13752,10.53699,1.23996,1.24701,0.05745,0.42236,0.01195,95.21277,0.98882,1.63913,0.0,-0.9376,63.5653,0.0,242.217,-65.7884,-1.158,2,1,0,7,4,18,37,66,5,41,20,0,7,41,18,0,2,0,0,0.07575757575757576,0.10606060606060606,66,14,6,-0.88,8968.497,1.04,0.0,75.0,0.0,-885.097,-10.374,-1188.5,0.0,-202.5,8968.497,1.04,0.0,75.0,0.0,-885.097,-10.374,-1188.5,0.0,-202.5,0,3,45,44,1,3,3,0,28,5,0,0,0,0,,0,0,0,0,0,1088,0,0,14,14,124,12,96,96,8,0,86,6,0,0,557,0,0,0,0,0,0,0,0,0,0,2,0,710,0,0,0,0,9030,28.33887043189369,1.0703399765533412,12.6578073089701,1.358355224575792,9.047619047619047,1.1738648947951273,2.788249694002448,0.0008317999471367276,0.0064314433822052226,0.005207604349433335,-0.013630347709883662,0.7658359204583308,0.3899752525064875,0.00021854890223949042,-0.04891125823547447,1.0,5.0,29.0,0.0,0.0,,,,,,,,,,,,,,,,,,,,,,,,,
47,25_5_2_5_2_1,25_5_2_5_2_1_StartGoalLocations_Seed1.csv,45,3780.0139370560646,45,1.0,3,7,3,3,16,7,2,150,8,147,0.05333333333333334,0.1902296991264963,5.992512742491919,2,2,1,0.14586028460543338,0.5756791720569211,0.0,2.0,2,2.5,5.5,52.5,53.5,8.26,0.2,2.6,0,16,0,9,0,0,5,4,125,0,96,8,21,0,8,0.768,0.064,4,1,0,309.2,0.0,4500.0,0.0,2350.134,-1249.408,0.0,0.0,0.0,-300.0,8.544,-213.956,0.0,-1127.5,342.0,-740.0,50.0,0.0,0.0,0.0,0.0,-149.0,0.0,0.0,1.91136,11.99802,-0.16346,2.2048,-0.49337,1.36228,0.01617,0.63562,-0.04819,0.14755,33.931,-851.977,4550.0,0.0,2780.378,-1070.87,-0.26457,2.32163,1.47154,11.99065,0.55288,1.25993,0.15201,1.88491,0.0152,96.80851,0.98512,1.26436,0.0,-15.902,64.6307,0.0,134.2934,-79.909,-33.94,57,16,14,164,20,121,109,416,67,195,154,0,164,131,121,0,49,64,41,0.16105769230769232,0.3942307692307692,416,215,81,-6.867,7069.123,8.101,326.5,50.0,0.0,-1159.197,-513.513,-1852.0,0.0,-149.0,7069.123,8.101,326.5,50.0,0.0,-1159.197,-513.513,-1852.0,0.0,-149.0,0,78,45,45,0,2,2,0,133,5,7,0,7,0,1.0,0,16,10,6,5,1380,110,110,203,203,895,311,209,209,16,0,678,18,0,0,386,11,0,2,3,3,0,0,42,39,1,41,1,305,0,8,0,120,6686,75.09721806760395,2.5449113722366064,38.13939575231828,1.5082157090459676,26.533054142985343,8.106491175590786,2.5541149943630215,0.000785168425742692,0.006438287945491249,0.0050540927142930635,-0.013348681535031916,0.7655283967653911,0.38849756700405175,0.00022459759768579438,-0.04844594910686863,,,,,,,,,,,,,,,,,,,,,,,,,,,,,,
48,25_5_2_5_2_1,25_5_2_5_2_1_StartGoalLocations_Seed4.csv,75,6650.254144281149,75,1.0,2,5,2,2,1,5,2,106,5,104,0.04716981132075472,0.22361603490591764,4.899800865168073,1,1,1,0.12217071175347696,0.5672211617125715,0.0,1.0,1,1.0,9.0,0.0,4.0,6.0,0.4,3.2,0,31,0,10,0,0,1,11,216,0,146,19,51,0,35,0.6759,0.088,10,0,0,366.7,0.0,7500.0,0.0,2785.373,-1479.783,7.0,0.0,0.0,-200.0,5.896,-334.432,0.0,-1607.5,324.0,-592.0,25.0,0.0,0.0,0.0,0.0,-150.0,0.0,0.0,2.50322,14.15787,-0.14413,1.66166,-0.51145,1.15106,0.00682,0.41279,-0.04091,0.13704,86.4,-1004.866,7525.0,0.0,3234.631,-1327.09,-0.25047,1.83406,2.05209,14.15932,0.52019,1.26514,0.19525,1.52411,0.02073,99.01316,0.97955,1.26997,0.0,-17.1935,106.8892,0.0,159.5642,-93.1305,-47.738,65,8,14,188,93,216,187,688,61,342,285,0,188,284,216,0,147,14,30,0.08866279069767442,0.27325581395348836,688,277,76,-18.07,10550.626,5.48,309.0,25.0,0.0,-1371.336,-534.016,-2184.5,0.0,-150.0,10550.626,5.48,309.0,25.0,0.0,-1371.336,-534.016,-2184.5,0.0,-150.0,0,125,75,75,0,1,1,0,226,5,5,0,5,0,1.0,0,28,7,1,2,636,178,178,366,366,1658,498,322,322,88,0,1091,53,0,0,708,5,0,7,14,13,0,0,47,78,4,73,1,305,0,3,0,30,7339,84.76631693691239,3.448159459893908,46.64123177544624,1.6453111559433387,32.21147295271835,5.777353862924104,2.732656514382403,0.0008422588468174181,0.005937779372054263,0.005335451813953571,-0.012796931261630179,0.7730393600913713,0.4033992629755968,0.00028166759706288284,-0.06055070203875408,,,,,,,,,,,,,,,,,,,,,,,,,,,,,,
49,25_5_2_5_2_1,25_5_2_5_2_1_StartGoalLocations_Seed5.csv,45,3729.440578788519,45,1.0,1,7,1,1,6,7,1,98,7,97,0.07142857142857142,0.19674502712477396,6.141103862810739,1,1,1,0.1005061460592914,0.584237165582068,0.0,1.0,1,7.52,12.0,0.0,3.0,9.02,2.0,4.1,0,27,0,9,0,0,5,5,182,0,109,18,55,0,13,0.5989,0.0989,0,0,0,276.6,0.0,4500.0,0.0,2179.06,-1045.564,3.5,0.0,0.0,-100.0,2.458,-230.614,0.0,-1121.5,135.0,-760.0,25.0,0.0,0.0,0.0,0.0,-134.5,0.0,0.0,2.13796,12.65842,-0.11864,1.35773,-0.63142,1.07104,0.00904,0.47526,-0.04863,0.14815,15.104,-655.54,4525.0,0.0,2563.698,-926.612,-0.23154,1.50619,1.63594,12.65857,0.59186,1.26286,0.16414,1.47719,0.01663,98.36957,0.98373,1.28273,0.0,-9.5028,64.2756,0.0,124.7177,-67.4322,-28.946,59,24,25,161,63,108,68,400,55,215,130,0,160,132,108,0,75,53,10,0.1375,0.4,400,144,38,-10.72,6882.89,2.202,135.0,25.0,0.0,-969.293,-330.358,-1881.5,0.0,-134.5,6882.89,2.202,135.0,25.0,0.0,-969.293,-330.358,-1881.5,0.0,-134.5,0,74,45,45,0,1,1,0,122,5,7,0,7,0,1.0,0,30,8,5,3,640,100,100,290,290,638,296,28,28,0,0,571,78,0,0,499,0,0,2,5,5,0,0,32,9,3,42,0,305,0,9,0,125,5624,68.83001422475107,2.123998966675278,24.022048364153626,1.3294411760352987,14.66927453769559,1.6891891891891893,2.9066666666666667,0.0007089879114801079,0.006044090517389122,0.005669037577172275,-0.01244255733618047,0.7834352068603039,0.40460068862885235,0.00037366985461630977,-0.06492901455931133,,,,,,,,,,,,,,,,,,,,,,,,,,,,,,
50,50_5_5_10_5_2,50_5_5_10_5_2_StartGoalLocations_Seed9.csv,75,8929.094962745905,73,0.9733333333333334,1,6,1,1,43,6,5,123,7,122,0.056910569105691054,0.08087389804522806,8.281851293252844,2,1,1,0.10155202146004982,0.6993676949607205,2.0,1.0,3,14.5,50.0,0.0,0.0,15.53,0.4,1.0,0,12,0,6,0,0,4,3,754,0,541,82,131,0,4,0.7175,0.1088,2,1,0,521.9,0.0,7300.0,0.0,4856.261,-1374.236,14.0,0.0,0.0,-100.0,2.764,-177.094,0.0,-1116.5,1224.0,-1520.0,25.0,0.0,0.0,0.0,0.0,-382.0,0.0,-345.0,2.1686,11.72108,-0.05256,0.98593,-0.27065,1.79922,0.00479,0.34602,-0.1393,0.79698,104.4,-652.766,7325.0,0.0,6138.362,-1559.112,-0.10507,1.17872,1.40353,11.74834,0.87742,1.52688,0.09504,1.52655,0.01418,98.98649,0.98601,1.49582,0.0,-7.758,104.0483,0.0,277.7102,-119.4802,-17.1,68,34,35,173,25,51,49,298,45,179,74,0,173,74,51,0,69,39,32,0.15100671140939598,0.5805369127516778,298,111,41,-2.964,12597.228,2.4,1189.5,25.0,0.0,-1279.303,-276.73,-2602.0,0.0,-727.0,12597.228,2.4,1189.5,25.0,0.0,-1279.303,-276.73,-2602.0,0.0,-727.0,0,38,75,73,2,1,1,1,112,5,6,0,6,0,1.0,0,14,7,4,5,3200,60,60,273,273,481,150,14,14,4,0,641,105,0,0,734,0,0,2,2,2,0,0,45,55,0,39,0,710,0,6,0,100,11969,30.102765477483498,1.1512628365251178,6.007185228506977,1.1509040463430824,3.868326510151224,1.0443646085721447,2.650107991360691,0.0007533811587836681,0.0059391641113325025,0.005492042401747312,-0.012331657002796419,0.7881638614833355,0.4085349657572806,0.00035174592796010984,-0.0638242729398189,,,,,,1.0,1.0,2.0,2.5,0.5,31.0,50.0,20.0,83.0,65.0,,,,,,,,,,,,,,,
51,50_5_5_10_5_2,50_5_5_10_5_2_StartGoalLocations_Seed6.csv,45,4779.835788980126,45,1.0,11,11,11,11,24,11,4,147,11,136,0.07482993197278912,0.07919773720750836,8.315436087405047,3,2,2,0.0877147986663247,0.7304437035137215,0.0,2.0,3,11.75,49.0,5.0,3.5,20.94,4.1,4.0,0,28,0,6,0,0,18,2,157,0,105,23,29,0,0,0.6688,0.1465,4,0,0,389.9,0.0,4500.0,0.0,3904.907,-843.302,0.0,0.0,0.0,-1100.0,1.185,-127.354,0.0,-1297.0,522.0,-960.0,50.0,0.0,0.0,0.0,0.0,-260.5,0.0,0.0,2.03937,10.65246,-0.31448,3.74467,-0.44499,1.46905,0.01282,0.56607,-0.06681,0.17012,89.0,-1632.0,4550.0,0.0,5232.213,-644.893,-0.39574,3.87512,1.16697,10.69453,1.17654,1.19331,0.1249,3.53388,0.01205,96.80851,0.98795,1.52573,0.0,-38.1248,64.6307,0.0,223.1376,-63.0744,-8.679,69,27,44,223,26,45,64,358,25,267,66,0,221,92,45,0,93,116,8,0.06983240223463687,0.61731843575419,358,94,6,-0.17,8737.107,0.8,522.0,50.0,0.0,-785.602,-1226.97,-2257.0,0.0,-260.5,8737.107,0.8,522.0,50.0,0.0,-785.602,-1226.97,-2257.0,0.0,-260.5,0,30,45,45,0,2,2,0,147,5,11,0,11,0,1.0,0,24,22,18,5,1656,104,104,311,311,256,120,171,171,0,0,100,15,0,0,357,0,0,1,2,1,1,0,8,91,1,15,0,710,0,20,0,410,9011,33.692154033958495,1.0092226613965745,15.958273221618022,1.6388734589319194,11.186327821551437,2.8409721451559204,2.5198412698412698,0.0007710858283024973,0.0060308019896060374,0.0059126431869279935,-0.012775756663908273,0.8137543654960134,0.4338791589950018,0.0003419483063827862,-0.0744907638139051,1.0,1.0,8.0,0.0,0.0,,,,,,,,,,,,,,,,,,,,,,,,,
52,25_5_2_5_2_1,25_5_2_5_2_1_StartGoalLocations_Seed3.csv,75,3914.7179585397243,74,0.9866666666666667,6,8,6,6,27,8,1,156,8,150,0.05128205128205128,0.2804018329221008,5.159893622919313,1,1,1,0.24753347427766031,0.55461592670895,11.5,1.0,2,1.5,7.0,0.0,21.0,6.88,5.2,10.0,0,75,0,28,0,0,7,17,278,0,167,24,87,0,17,0.6007,0.0863,14,0,0,567.6,0.0,7400.0,0.0,3330.135,-1884.315,7.0,0.0,0.0,-600.0,6.741,-641.942,0.0,-2086.0,99.0,-1324.0,25.0,0.0,0.0,0.0,0.0,-639.5,0.0,-345.0,1.65969,11.36945,-0.21762,2.30506,-0.58333,0.96618,0.0044,0.3318,-0.17345,0.75037,36.0,-2289.626,7425.0,0.0,3977.491,-2222.476,-0.39704,2.4529,1.30814,11.34779,0.3092,1.38843,0.23027,1.77936,0.01321,99.0,0.98696,1.10674,0.0,-37.5809,105.4687,0.0,189.5506,-162.7895,-66.526,317,42,175,656,105,261,224,1248,183,570,495,0,653,332,263,0,254,254,43,0.1466346153846154,0.5232371794871795,1246,458,109,-12.075,11165.715,6.091,99.0,25.0,0.0,-1745.295,-1241.292,-3410.0,0.0,-984.5,11165.715,6.091,99.0,25.0,0.0,-1745.295,-1241.292,-3410.0,0.0,-984.5,0,156,75,74,1,1,1,0,541,5,8,0,8,0,1.0,0,70,14,7,3,3200,420,420,1382,1382,2144,620,240,240,16,0,2617,155,0,0,844,6,0,10,14,14,0,0,80,228,4,123,2,305,0,36,0,410,12387,73.02010171954468,3.50171365395246,36.13465730201017,1.5224838227366944,22.8707515944135,3.3099216920965526,2.785386516060713,0.0009703110285568073,0.005740035387570969,0.005664503637817688,-0.013372463540290482,0.8211160796880722,0.4409409558027983,0.00032421461837202516,-0.07644217190216296,,,,,,,,,,,,,,,,1.0,11.5,4.0,25.0,30.0,,,,,,,,,,
53,25_5_2_5_2_1,25_5_2_5_2_1_StartGoalLocations_Seed3.csv,25,3058.3527142480016,25,1.0,0,0,0,0,5,0,0,19,0,19,0.0,0.041604754829123326,7.590635639065973,1,1,1,0.01337295690936107,0.6233283803863299,0.0,1.0,1,6.5,18.0,0.0,0.0,9.65,0.0,0.2,0,0,0,0,0,0,0,0,96,0,58,7,31,0,0,0.6042,0.0729,0,0,0,134.6,0.0,2500.0,0.0,1211.142,-486.642,0.0,0.0,0.0,0.0,0.0,-27.747,0.0,-166.5,0.0,-52.0,25.0,0.0,0.0,0.0,0.0,-79.5,0.0,0.0,2.49562,13.48599,-0.02061,0.11985,-0.16233,0.43592,0.01857,0.68117,-0.05906,0.16138,0.0,-64.027,2525.0,0.0,1394.66,-435.822,-0.04757,0.26989,1.87593,13.51594,0.71236,1.28275,0.03789,1.25544,0.01932,97.11538,0.98143,1.38568,0.0,-0.6448,35.8665,0.0,69.2081,-32.351,-3.117,0,0,0,4,15,14,5,38,2,21,15,0,4,20,14,0,2,0,0,0.05263157894736842,0.10526315789473684,38,10,6,-2.72,3812.542,0.0,0.0,25.0,0.0,-453.442,-27.747,-218.5,0.0,-79.5,3812.542,0.0,0.0,25.0,0.0,-453.442,-27.747,-218.5,0.0,-79.5,0,10,25,25,0,1,1,0,9,5,0,0,0,0,,0,0,0,0,0,704,4,4,8,8,108,40,0,0,0,0,136,24,0,0,213,9,0,0,0,0,0,0,0,0,0,2,0,305,0,0,0,0,2853,49.28145811426568,1.5874822190611664,7.570977917981073,1.3354166863589652,4.52155625657203,0.7010164738871364,3.0310077519379846,0.0008724616347370267,0.005471769553630359,0.0058404109043873505,-0.013419082044327462,0.8375884954902258,0.4452619403600693,0.0002636939505216353,-0.08193984194870362,,,,,,,,,,,,,,,,,,,,,,,,,,,,,,
54,50_5_5_10_5_2,50_5_5_10_5_2_StartGoalLocations_Seed9.csv,75,9962.629258930683,75,1.0,0,0,0,0,8,0,0,15,0,15,0.0,0.018374164810690423,8.776251066301873,0,0,0,0.0077951002227171495,0.7458240534521158,0.0,,0,,,,,14.31,0.0,0.2,0,0,0,0,0,0,0,0,238,0,173,20,45,0,0,0.7269,0.084,0,0,0,359.2,0.0,7500.0,0.0,3926.772,-820.272,0.0,0.0,0.0,0.0,0.0,-13.571,0.0,-394.0,0.0,-436.0,0.0,0.0,0.0,0.0,0.0,-159.5,0.0,0.0,3.05281,14.21455,-0.00378,0.04433,-0.23107,0.69784,0.0,0.0,-0.0444,0.14223,0.0,-58.272,7500.0,0.0,4805.802,-703.749,-0.01622,0.12323,2.08797,14.29817,1.142,1.17991,0.0387,0.41922,0.02088,100.0,0.97912,1.56655,0.0,-0.6086,106.5341,0.0,224.387,-55.987,-5.873,1,1,0,2,6,7,15,30,2,21,7,0,2,21,7,0,0,0,0,0.06666666666666667,0.06666666666666667,30,22,12,-2.299,11730.772,0.0,0.0,0.0,0.0,-765.072,-13.571,-830.0,0.0,-159.5,11730.772,0.0,0.0,0.0,0.0,-765.072,-13.571,-830.0,0.0,-159.5,0,9,75,75,0,0,0,0,6,5,0,0,0,0,,0,0,0,0,0,556,0,0,20,20,164,36,4,4,0,0,102,0,0,0,615,6,1,1,1,1,0,0,2,0,0,2,0,710,0,0,0,0,6980,21.4756446991404,1.1227484989993328,7.020057306590258,1.0836734862351904,3.9111747851002865,0.0,3.937728937728938,0.001012967970343047,0.005352225642075105,0.005276754056271032,-0.013738894091396453,0.8348208369968606,0.4554621079842821,0.0003026651748055726,-0.08424951026229549,,,,,,,,,,,,,,,,,,,,,,,,,,,,,,
55,25_5_2_5_2_1,25_5_2_5_2_1_StartGoalLocations_Seed9.csv,45,3654.8297658860683,45,1.0,0,8,0,0,2,8,0,137,8,137,0.058394160583941604,0.27416918429003023,5.250873935541132,0,0,0,0.1574773413897281,0.6042296072507553,0.0,,0,,,,,9.18,4.5,7.4,0,30,0,19,0,0,7,8,115,0,91,2,22,0,6,0.7913,0.0174,0,0,0,264.8,0.0,4500.0,0.0,1955.134,-759.614,7.0,0.0,0.0,0.0,4.236,-377.226,0.0,-1201.5,0.0,-560.0,0.0,0.0,0.0,0.0,0.0,-178.0,0.0,0.0,2.25352,12.91462,-0.14086,0.29778,-0.66522,0.7939,0.0,0.0,-0.06722,0.17056,0.0,-883.296,4500.0,0.0,2423.453,-654.718,-0.33357,0.69655,1.6994,12.92485,0.66795,1.1598,0.27983,1.19203,0.01699,100.0,0.98301,1.18255,0.0,-11.45,63.9205,0.0,112.1219,-53.5779,-33.235,133,17,51,381,60,142,141,726,139,365,222,0,381,203,142,0,127,135,23,0.19146005509641872,0.5247933884297521,726,254,56,-5.194,6668.741,4.236,0.0,0.0,0.0,-701.42,-377.226,-1761.5,0.0,-178.0,6668.741,4.236,0.0,0.0,0.0,-701.42,-377.226,-1761.5,0.0,-178.0,0,114,45,45,0,0,0,0,333,5,8,0,8,0,1.0,0,37,8,7,5,692,84,84,908,908,1040,452,342,342,16,0,415,8,0,0,351,0,0,0,3,3,0,0,36,51,3,95,1,305,0,19,0,225,5304,79.1289592760181,2.3597807958065284,40.44117647058823,2.3051049321334123,27.488687782805428,6.070889894419306,2.50480109739369,0.0007267053198419925,0.005294951732738772,0.005342532447243185,-0.013182175291885185,0.8281411683628325,0.461278980867022,0.00023300260948212387,-0.08257960856520716,,,,,,,,,,,,,,,,,,,,,,,,,,,,,,
56,25_5_2_5_2_1,25_5_2_5_2_1_StartGoalLocations_Seed7.csv,25,3268.9999260008335,25,1.0,0,0,0,0,5,0,0,3,0,3,0.0,0.006557377049180328,8.177049181891269,0,0,0,0.030327868852459017,0.6688524590163935,0.0,,0,,,,,11.28,0.0,0.0,0,0,0,0,0,0,0,0,61,0,50,4,7,0,0,0.8197,0.0656,0,0,0,122.0,0.0,2500.0,0.0,1219.5,-411.0,7.0,0.0,0.0,0.0,0.0,0.0,0.0,-23.5,0.0,-92.0,0.0,0.0,0.0,0.0,0.0,-53.0,0.0,0.0,2.81762,14.12703,0.0,0.0,-0.09467,0.54983,0.0,0.0,-0.04344,0.14083,0.0,-23.0,2500.0,0.0,1435.035,-350.849,-0.01885,0.16144,2.04918,14.16753,0.88868,1.28311,0.02377,0.7931,0.02049,100.0,0.97951,1.49446,0.0,-0.1034,35.5114,0.0,70.0857,-26.5143,-0.548,0,0,0,1,0,1,4,6,1,4,1,0,1,4,1,0,0,0,0,0.16666666666666666,0.16666666666666666,6,0,0,0.0,3821.0,0.0,0.0,0.0,0.0,-383.5,0.0,-115.5,0.0,-53.0,3821.0,0.0,0.0,0.0,0.0,-383.5,0.0,-115.5,0.0,-53.0,0,0,25,25,0,0,0,0,3,5,0,0,0,0,,0,0,0,0,0,540,8,8,4,4,24,0,0,0,0,0,206,0,0,0,291,0,0,2,2,2,0,0,0,9,0,0,0,305,0,0,0,0,2371,58.076760860396455,1.3972403776325344,5.7359763812737246,0.9205882463823346,3.7958667229017293,0.1687051876845213,3.511111111111111,0.0008063129979510214,0.005449769364807892,0.0059159056076573,-0.013134165632504004,0.8410111630404437,0.44260706769095526,0.00024207809404254443,-0.07889695457286305,,,,,,,,,,,,,,,,,,,,,,,,,,,,,,
57,50_5_5_10_5_2,50_5_5_10_5_2_StartGoalLocations_Seed2.csv,75,9790.71728348732,75,1.0,0,1,0,0,8,1,1,62,2,62,0.03225806451612903,0.04784450535758784,8.765197242016272,2,2,1,0.02666334413157239,0.7460752554198854,0.0,2.0,2,8.0,25.5,0.0,3.5,15.1,0.0,0.5,0,4,0,2,0,0,0,2,183,0,153,8,22,0,4,0.8361,0.0437,2,1,0,401.3,0.0,7500.0,0.0,4354.017,-884.793,10.5,0.0,0.0,0.0,0.8,-80.607,0.0,-1014.0,144.0,-528.0,50.0,0.0,0.0,0.0,0.0,-162.5,0.0,0.0,2.83604,13.46703,-0.01989,0.1129,-0.34837,0.9355,0.01246,0.55797,-0.04049,0.13641,33.64,-201.838,7550.0,0.0,5573.175,-668.485,-0.04191,0.38827,1.88139,13.55229,1.2222,1.15575,0.05856,1.00203,0.01919,98.05195,0.98106,1.58538,0.0,-2.3825,107.2443,0.0,249.401,-59.8453,-12.72,10,1,0,28,55,15,40,140,17,104,19,0,28,97,15,0,17,0,8,0.12142857142857143,0.2,140,64,16,-0.609,12206.018,0.8,144.0,50.0,0.0,-824.993,-80.607,-1542.0,0.0,-162.5,12206.018,0.8,144.0,50.0,0.0,-824.993,-80.607,-1542.0,0.0,-162.5,0,38,75,75,0,2,2,0,31,5,1,0,1,0,1.0,0,4,1,0,0,820,12,12,102,102,574,150,11,11,0,0,173,3,0,0,622,0,0,2,2,2,0,0,10,0,0,14,0,710,0,0,0,0,8443,27.288878360772237,1.12109375,11.263768802558332,1.5055993923547235,6.455051521970863,0.5448300367168069,2.9376146788990827,0.0007595025954154752,0.005332797528358131,0.006070987912031208,-0.013315709955172568,0.839287324940286,0.4571291907531459,0.00044133921349761874,-0.09338016651752519,,,,,,,,,,,,,,,,,,,,,,,,,,,,,,
58,50_5_5_10_5_2,50_5_5_10_5_2_StartGoalLocations_Seed9.csv,75,9549.373277708888,75,1.0,0,2,0,0,5,2,2,76,2,76,0.02631578947368421,0.06607039815349106,8.572749110036549,1,1,1,0.016156953260242354,0.7487016733987305,0.0,1.0,1,18.5,27.0,0.0,0.0,14.01,0.0,1.3,0,4,0,2,0,0,0,2,182,0,154,20,8,0,3,0.8462,0.1099,0,0,0,346.6,0.0,7500.0,0.0,3737.112,-631.369,3.5,0.0,0.0,0.0,0.0,-102.97,0.0,-1037.5,675.0,-796.0,25.0,0.0,0.0,0.0,0.0,-170.0,0.0,0.0,3.16095,14.45322,-0.02971,0.13478,-0.33425,1.646,0.00721,0.42458,-0.04905,0.14872,33.4,-217.676,7525.0,0.0,4601.546,-555.398,-0.05317,0.40609,2.17109,14.55522,1.16738,1.11476,0.08598,0.84254,0.02193,99.01316,0.97836,1.52077,0.0,-2.748,106.8892,0.0,213.7493,-45.7925,-8.256,38,12,15,80,26,38,34,178,56,74,48,0,80,60,38,0,27,0,2,0.3146067415730337,0.449438202247191,178,71,15,-4.694,11543.013,0.0,675.0,25.0,0.0,-587.169,-102.97,-1833.5,0.0,-170.0,11543.013,0.0,675.0,25.0,0.0,-587.169,-102.97,-1833.5,0.0,-170.0,0,29,75,75,0,1,1,0,57,5,2,0,2,0,1.0,0,4,2,0,0,812,96,96,132,132,319,115,3,3,0,0,174,4,0,0,374,1,0,0,1,1,0,0,7,22,1,11,0,710,0,0,0,0,7011,25.588361146769362,1.1365663322185062,8.586506917700756,1.398338888515022,5.591213806874911,1.9683354728284126,2.3010204081632653,0.0009102627525038403,0.005445559061788426,0.006071535758031854,-0.014702578063760631,0.8522457254344019,0.4599157063831837,0.0004917652073936776,-0.10030829787180928,,,,,,,,,,,,,,,,,,,,,,,,,,,,,,
59,25_5_2_5_2_1,25_5_2_5_2_1_StartGoalLocations_Seed5.csv,45,3856.7933718264103,45,1.0,2,7,2,2,6,7,2,95,7,93,0.07368421052631578,0.1609697933227345,5.6572008670584575,2,1,2,0.11601112435439015,0.6050854191497815,0.0,1.0,2,5.5,16.0,0.0,3.0,7.73,3.6,3.4,0,30,0,15,0,0,5,7,155,0,100,5,50,0,11,0.6452,0.0323,3,0,0,251.7,0.0,4500.0,0.0,2008.215,-919.813,0.0,0.0,0.0,-200.0,4.008,-153.816,0.0,-936.5,108.0,-692.0,25.0,0.0,0.0,0.0,0.0,-138.0,0.0,0.0,2.32026,13.2499,-0.13898,1.9986,-0.60409,1.14324,0.00993,0.49821,-0.05483,0.15623,44.0,-708.835,4525.0,0.0,2347.48,-824.492,-0.26414,2.1539,1.79778,13.25898,0.60508,1.25295,0.17561,1.70325,0.01828,98.36957,0.98212,1.28316,0.0,-12.2875,64.2756,0.0,114.7551,-60.4465,-24.963,43,10,14,197,24,67,112,400,62,218,120,0,197,134,69,0,49,92,27,0.155,0.4925,399,143,33,3.527,6695.215,3.932,108.0,25.0,0.0,-855.113,-353.74,-1628.5,0.0,-138.0,6695.215,3.932,108.0,25.0,0.0,-855.113,-353.74,-1628.5,0.0,-138.0,0,56,45,45,0,1,1,0,168,5,7,0,7,0,1.0,0,31,9,5,3,912,103,103,274,274,586,215,283,283,60,0,763,28,0,0,507,1,0,1,3,3,0,0,21,31,2,21,0,305,0,14,0,155,5183,77.23326258923403,2.329502872845366,33.76422921088173,1.6061714532013451,21.223229789697086,5.325101292687632,2.550909090909091,0.0009460140876909831,0.005135545822620196,0.005733920876018442,-0.01430688602155434,0.8486191784603554,0.46145839217984885,0.0004218712125102205,-0.10113749644931472,1.0,0.0,7.0,0.0,0.0,,,,,,,,,,,,,,,,,,,,,,,,,
60,50_5_5_10_5_2,50_5_5_10_5_2_StartGoalLocations_Seed6.csv,25,4200.8638882339,25,1.0,0,0,0,0,2,0,0,43,1,43,0.023255813953488372,0.04400440044004401,9.316141276469718,0,0,0,0.0033003300330033004,0.8014301430143014,0.0,,0,,,,,25.96,0.0,1.9,0,0,0,0,0,0,0,0,60,0,51,5,4,0,0,0.85,0.0833,2,1,0,181.8,0.0,2500.0,0.0,2138.065,-228.565,45.5,0.0,0.0,0.0,1.6,-46.036,0.0,-167.0,0.0,-140.0,0.0,0.0,0.0,0.0,0.0,-84.5,0.0,0.0,2.5505,11.55825,-0.02444,0.12746,-0.16887,0.59317,0.0,0.0,-0.04648,0.14519,0.0,-103.996,2500.0,0.0,2892.262,-190.74,-0.0572,0.28492,1.37514,11.64572,1.48599,1.10223,0.05996,0.95409,0.01375,100.0,0.9857,1.72043,0.0,-1.3719,35.5114,0.0,124.7751,-17.8894,-4.057,16,6,6,44,7,15,20,86,41,29,16,0,44,27,15,0,4,0,2,0.47674418604651164,0.5116279069767442,86,44,6,0.56,4849.565,1.6,0.0,0.0,0.0,-212.765,-46.036,-307.0,0.0,-84.5,4849.565,1.6,0.0,0.0,0.0,-212.765,-46.036,-307.0,0.0,-84.5,0,11,25,25,0,0,0,0,32,5,0,0,0,0,,0,0,0,0,0,552,56,56,52,52,160,44,20,20,0,0,8,0,0,0,120,0,0,0,0,0,0,0,0,0,0,4,0,710,0,0,0,0,3580,13.128491620111731,1.0063829787234042,8.994413407821229,1.2760869711174727,5.5027932960893855,1.7877094972067038,2.3197969543147208,0.0009302644124334726,0.0051584183575882426,0.005834123106214447,-0.014049819120597364,0.8409191387287085,0.46460228618504346,0.0003671278994432583,-0.09715254718194836,,,,,,,,,,,,,,,,,,,,,,,,,,,,,,
61,25_5_2_5_2_1,25_5_2_5_2_1_StartGoalLocations_Seed2.csv,75,6336.453821748495,74,0.9866666666666667,3,5,2,3,30,4,2,130,5,127,0.038461538461538464,0.15740135164595595,6.299316703207695,3,3,2,0.17811205580989753,0.6365816437758883,6.0,3.0,4,6.66,10.67,6.7,30.3,7.03,0.0,1.4,0,24,0,11,0,0,2,8,266,0,180,33,53,0,24,0.6767,0.1241,7,0,0,458.7,0.0,7400.0,0.0,3327.519,-1824.876,7.0,0.0,0.0,-400.0,4.522,-344.911,0.0,-1559.0,604.0,-716.0,75.0,0.0,0.0,0.0,0.0,-350.5,0.0,-345.0,2.04237,12.61735,-0.16141,2.0927,-0.36429,1.30608,0.01635,0.63914,-0.15162,0.81614,54.5,-1254.883,7475.0,0.0,3816.689,-2047.301,-0.26169,2.22079,1.62961,12.61264,0.38574,1.51733,0.14214,2.00826,0.01679,97.07792,0.98278,1.3008,0.0,-21.5831,106.179,0.0,189.0868,-142.5643,-40.301,60,25,28,177,94,178,156,609,46,341,222,0,175,255,179,0,107,10,63,0.0755336617405583,0.28735632183908044,608,247,76,-10.006,11062.501,3.885,593.0,75.0,0.0,-1694.157,-744.274,-2264.0,0.0,-695.5,11062.501,3.885,593.0,75.0,0.0,-1694.157,-744.274,-2264.0,0.0,-695.5,0,88,75,74,1,3,3,0,215,5,4,0,4,0,1.0,0,20,7,2,2,3200,311,311,366,366,1258,349,198,198,16,0,1035,18,0,0,841,4,0,2,4,3,0,0,58,74,1,54,1,305,0,2,0,20,14349,60.3317304341766,2.3793461938315814,34.96410899714266,1.579713993003187,28.21799428531605,3.6030385392710294,2.5238330451963447,0.0009677500646876069,0.004810692833852954,0.0059404245254700075,-0.015169054400757886,0.8469449882954359,0.46367841463536025,0.0004352409412058478,-0.10822837479878217,,,,,,,,,,,,,,,,1.0,6.0,4.0,0.0,3.0,,,,,,,,,,
62,50_5_5_10_5_2,50_5_5_10_5_2_StartGoalLocations_Seed6.csv,75,10537.171534001827,75,1.0,0,1,0,0,4,1,1,31,3,31,0.0967741935483871,0.04016590264134468,8.665493701813757,1,1,0,0.018554900676708144,0.7408862693734992,0.0,1.0,1,10.5,23.0,0.0,0.0,18.32,0.0,1.0,0,2,0,1,0,0,0,1,196,0,160,24,12,0,0,0.8163,0.1224,4,2,0,458.1,0.0,7500.0,0.0,5041.699,-1005.199,10.5,0.0,0.0,0.0,0.211,-46.64,0.0,-814.5,531.0,-984.0,25.0,0.0,0.0,0.0,0.0,-179.0,0.0,0.0,2.62063,12.62329,-0.01013,0.08606,-0.27669,1.4208,0.00546,0.36933,-0.03907,0.1342,18.0,-114.847,7525.0,0.0,6549.348,-680.129,-0.02114,0.29388,1.64265,12.6948,1.28121,1.14468,0.02969,0.97682,0.01659,99.01316,0.98341,1.60477,0.0,-1.0747,106.8892,0.0,288.6971,-67.6685,-4.862,24,7,6,23,11,23,15,72,16,28,28,0,22,26,24,0,6,0,0,0.2222222222222222,0.3055555555555556,72,22,14,-3.581,12941.416,0.211,531.0,25.0,0.0,-936.316,-46.64,-1798.5,0.0,-179.0,12941.416,0.211,531.0,25.0,0.0,-936.316,-46.64,-1798.5,0.0,-179.0,0,13,75,75,0,1,1,0,19,5,1,0,1,0,1.0,0,2,1,0,0,684,8,8,30,30,234,52,4,4,4,0,494,41,0,0,831,2,1,1,1,1,0,0,2,12,0,12,0,710,0,0,0,0,9194,28.12703937350446,1.288863109048724,7.058951490102241,1.1825886144545303,4.394170110941919,0.23928649118990647,3.5,0.000962986165166789,0.004654381862618247,0.005838196102409945,-0.01584530004697759,0.8350117332056949,0.47210683407839277,0.00043534264607560596,-0.11688758219368973,,,,,,,,,,,,,,,,,,,,,,,,,,,,,,
63,25_5_2_5_2_1,25_5_2_5_2_1_StartGoalLocations_Seed0.csv,25,2904.3799290657043,24,0.96,0,0,0,0,5,0,0,4,0,4,0.0,0.033066132264529056,7.7342827640220015,1,0,0,0.01002004008016032,0.7114228456913828,0.0,,1,,,,,9.83,0.0,0.1,0,0,0,0,0,0,0,0,69,0,50,3,16,0,3,0.7246,0.0435,0,0,0,99.8,0.0,2400.0,0.0,1041.561,-342.561,0.0,0.0,0.0,0.0,0.0,-1.92,0.0,-48.5,0.0,-224.0,0.0,0.0,0.0,0.0,0.0,-20.0,0.0,0.0,3.20521,15.26132,-0.00192,0.03647,-0.27305,0.92062,0.0,0.0,-0.02004,0.09807,0.0,-25.6,2400.0,0.0,1218.39,-287.329,-0.02565,0.11086,2.40481,15.31985,0.93293,1.27419,0.06413,0.4,0.02405,100.0,0.97595,1.54591,0.0,-0.1719,34.0909,0.0,59.5178,-20.7178,-1.895,0,0,0,1,2,7,4,14,1,6,7,0,1,6,7,0,0,0,0,0.07142857142857142,0.07142857142857142,14,2,2,-0.32,3518.261,0.0,0.0,0.0,0.0,-319.461,-1.92,-272.5,0.0,-20.0,3518.261,0.0,0.0,0.0,0.0,-319.461,-1.92,-272.5,0.0,-20.0,0,0,25,24,1,0,0,0,4,5,0,0,0,0,,0,0,0,0,0,364,0,0,4,4,60,0,16,16,8,0,90,4,0,0,257,0,0,0,0,0,0,0,0,0,0,0,0,305,0,0,0,0,1957,50.28104241185488,1.6117886178861789,10.168625447112928,1.5047738983216297,6.540623403168114,0.40878896269800713,3.3671875,0.0008033260330174036,0.004670580163352437,0.00575479439326695,-0.015687284474312276,0.8335114350685706,0.4672599205603966,0.0005398888248377121,-0.12393423059320711,1.0,4.0,13.0,0.0,0.0,,,,,,,,,,,,,,,,,,,,,,,,,
64,25_5_2_5_2_1,25_5_2_5_2_1_StartGoalLocations_Seed1.csv,25,2665.750648111105,24,0.96,0,1,0,0,2,1,0,55,1,55,0.01818181818181818,0.09992006394884093,6.846960158132726,1,0,0,0.05995203836930456,0.6402877697841727,0.0,,1,,,,,8.96,0.0,1.2,0,2,0,1,0,0,0,1,59,0,48,2,9,0,0,0.8136,0.0339,0,0,0,125.1,0.0,2400.0,0.0,1147.127,-485.627,0.0,0.0,0.0,0.0,0.8,-79.649,0.0,-266.5,0.0,-148.0,0.0,0.0,0.0,0.0,0.0,-27.5,0.0,0.0,2.54724,13.70354,-0.06303,0.21383,-0.33133,0.68553,0.0,0.0,-0.02198,0.10251,0.0,-149.644,2400.0,0.0,1320.228,-410.829,-0.11962,0.3953,1.91847,13.71736,0.72694,1.27872,0.1199,0.99762,0.01918,100.0,0.98082,1.4108,0.0,-1.8959,34.0909,0.0,65.5501,-29.3215,-6.528,17,4,1,44,5,38,32,119,14,60,45,0,43,37,39,0,32,0,7,0.11764705882352941,0.36134453781512604,119,49,7,-3.706,3638.027,0.8,0.0,0.0,0.0,-451.427,-79.649,-414.5,0.0,-27.5,3638.027,0.8,0.0,0.0,0.0,-451.427,-79.649,-414.5,0.0,-27.5,0,15,25,24,1,0,0,0,51,5,1,0,1,0,1.0,0,2,1,0,0,476,88,88,100,100,256,60,18,18,0,0,62,0,0,0,345,5,1,0,0,0,0,0,13,0,0,19,0,305,0,0,0,0,2468,65.27552674230145,2.3320918684047176,25.85089141004862,1.3728840294670677,17.058346839546193,2.512155591572123,2.997624703087886,0.0007735726616405021,0.004658595508183627,0.006080864155821565,-0.01601338165053049,0.8357172558287612,0.4693515527398646,0.0006163928067378167,-0.11904528336364682,1.0,2.5,20.0,0.0,16.0,,,,,,,,,,,,,,,,,,,,,,,,,
65,50_5_5_10_5_2,50_5_5_10_5_2_StartGoalLocations_Seed2.csv,45,6193.917721241713,45,1.0,0,0,0,0,12,0,0,11,0,11,0.0,0.030008110300081103,9.065924949490821,0,0,0,0.009732360097323601,0.7777777777777778,0.0,,0,,,,,17.89,0.0,0.1,0,0,0,0,0,0,0,0,111,0,96,5,10,0,20,0.8649,0.045,0,0,0,246.6,0.0,4500.0,0.0,2835.108,-487.297,0.0,0.0,0.0,0.0,0.0,-10.494,0.0,-203.0,0.0,-600.0,0.0,0.0,0.0,0.0,0.0,-87.0,0.0,0.0,2.87689,13.29584,-0.00426,0.05211,-0.32563,0.95308,0.0,0.0,-0.03528,0.12804,0.0,-68.091,4500.0,0.0,3592.086,-367.36,-0.02761,0.17075,1.82482,13.38476,1.30767,1.11578,0.06894,0.40053,0.01825,100.0,0.98175,1.63546,0.0,-0.4459,63.9205,0.0,162.0062,-32.817,-4.294,1,1,0,2,6,4,11,24,2,18,4,0,2,18,4,0,0,0,0,0.08333333333333333,0.08333333333333333,24,9,3,-1.403,7548.408,0.0,0.0,0.0,0.0,-453.997,-10.494,-803.0,0.0,-87.0,7548.408,0.0,0.0,0.0,0.0,-453.997,-10.494,-803.0,0.0,-87.0,0,6,45,45,0,0,0,0,5,5,0,0,0,0,,0,0,0,0,0,564,16,16,2,2,40,24,0,0,0,0,198,4,0,0,380,0,0,1,1,1,0,0,1,0,0,1,0,710,0,0,0,0,4845,21.32094943240454,1.0503388189738625,3.508771929824561,0.7329411870416473,2.2497420020639836,0.2476780185758514,3.4128440366972477,0.0007246541523105045,0.004651653164244713,0.005846982121678954,-0.015688995308909857,0.8410952032035124,0.46855800371643497,0.0004803597792307681,-0.11819280575670249,,,,,,,,,,,,,,,,,,,,,,,,,,,,,,
66,50_5_5_10_5_2,50_5_5_10_5_2_StartGoalLocations_Seed1.csv,45,6148.884341664612,43,0.9555555555555556,0,0,0,0,13,0,0,18,0,18,0.0,0.024829795754905886,8.869385503987385,2,1,0,0.014016820184221065,0.7861433720464558,0.0,1.0,2,16.0,30.0,0.0,0.0,17.91,0.0,0.2,0,0,0,0,0,0,0,0,155,0,95,36,24,0,2,0.6129,0.2323,0,0,0,249.7,0.0,4300.0,0.0,2895.366,-458.25,0.0,0.0,0.0,0.0,0.0,-22.432,0.0,-273.5,0.0,-476.0,25.0,0.0,0.0,0.0,0.0,-91.0,0.0,0.0,2.79808,12.9202,-0.00898,0.08037,-0.30016,0.85275,0.01001,0.5002,-0.03644,0.12998,0.0,-96.68,4325.0,0.0,3760.264,-319.486,-0.03872,0.25764,1.73208,13.01756,1.37796,1.09291,0.06608,0.58594,0.01762,98.29545,0.98238,1.66317,0.0,-0.7511,61.4347,0.0,165.4495,-31.3857,-2.762,1,1,0,5,12,10,19,46,2,34,10,0,5,31,10,0,3,0,0,0.043478260869565216,0.10869565217391304,46,12,4,-0.752,7414.267,0.0,0.0,25.0,0.0,-427.45,-22.432,-749.5,0.0,-91.0,7414.267,0.0,0.0,25.0,0.0,-427.45,-22.432,-749.5,0.0,-91.0,0,13,45,43,2,1,0,0,10,5,0,0,0,0,,0,0,0,0,0,1100,8,8,4,4,156,52,24,24,0,0,260,4,0,0,370,1,0,1,1,1,0,0,0,11,0,1,0,710,0,0,0,0,5286,24.32841468028755,1.0349922239502334,9.648127128263337,1.1967647210347887,6.394248959515702,0.22701475595913734,3.1775147928994083,0.0007564884657833979,0.004394079263914715,0.006416266699406234,-0.014514656581661917,0.8533752317862077,0.48849614826115695,0.0004372403625430624,-0.1231953545592048,1.0,2.5,15.5,0.0,0.0,,,,,,,,,,,,,,,,,,,,,,,,,
67,50_5_5_10_5_2,50_5_5_10_5_2_StartGoalLocations_Seed1.csv,45,6435.551068991423,44,0.9777777777777777,0,1,0,0,8,1,1,60,1,60,0.016666666666666666,0.065775950668037,8.778172404646016,2,1,1,0.01473107228502912,0.8174032202809182,0.0,1.0,2,15.5,34.0,0.0,0.0,21.76,0.0,0.8,0,2,0,1,0,0,0,1,118,0,91,25,2,0,0,0.7712,0.2119,0,0,0,291.9,0.0,4400.0,0.0,3396.93,-433.38,0.0,0.0,0.0,0.0,0.8,-109.699,0.0,-904.0,306.0,-440.0,25.0,0.0,0.0,0.0,0.0,-98.0,0.0,0.0,2.62263,12.09613,-0.03731,0.1672,-0.3556,1.21243,0.00856,0.46265,-0.03357,0.12514,15.64,-218.117,4425.0,0.0,4741.158,-281.533,-0.06937,0.38115,1.51593,12.19232,1.52779,1.05215,0.07674,1.04356,0.01542,98.33333,0.98493,1.74702,0.0,-2.3111,62.8551,0.0,194.1103,-30.3646,-5.271,15,5,3,36,66,6,44,152,11,130,11,0,36,110,6,0,28,0,0,0.07236842105263158,0.23684210526315788,152,58,10,-2.422,8059.43,0.8,289.0,25.0,0.0,-403.98,-109.699,-1327.0,0.0,-98.0,8059.43,0.8,289.0,25.0,0.0,-403.98,-109.699,-1327.0,0.0,-98.0,0,55,45,44,1,1,1,0,19,5,1,0,1,0,1.0,0,2,1,0,0,996,4,4,75,75,300,220,1,1,0,0,92,0,0,0,277,0,0,1,1,1,0,0,9,0,0,21,1,710,0,0,0,0,6160,20.34090909090909,1.1069433359936154,9.707792207792208,1.770568592181074,5.957792207792208,0.19480519480519481,3.076294277929155,0.0008577738397098549,0.004504856525407917,0.006600820192932544,-0.014901547836715797,0.8533315658569336,0.49215289447681015,0.0005070866155660203,-0.12699739479396238,1.0,12.0,42.0,0.0,16.0,,,,,,,,,,,,,,,,,,,,,,,,,
68,25_5_2_5_2_1,25_5_2_5_2_1_StartGoalLocations_Seed8.csv,75,5054.002041101456,74,0.9866666666666667,4,6,4,4,4,6,0,146,6,142,0.0410958904109589,0.39476418034489924,4.042252446944503,1,0,0,0.2257528556593977,0.6186915887850467,0.0,,1,,,,,6.96,4.7,10.7,0,60,0,26,0,0,5,16,221,0,147,17,57,0,19,0.6652,0.0769,11,0,0,481.5,0.0,7400.0,0.0,3072.688,-1473.708,10.5,0.0,0.0,-400.0,11.227,-885.204,0.0,-2163.5,0.0,-680.0,0.0,0.0,0.0,0.0,0.0,-319.5,0.0,0.0,1.97113,12.30914,-0.26459,2.04869,-0.59055,0.66394,0.0,0.0,-0.06636,0.16963,0.0,-2417.474,7400.0,0.0,3722.546,-1360.973,-0.50207,2.18474,1.53686,12.3014,0.49046,1.1274,0.36677,1.3689,0.01537,100.0,0.98463,1.07225,0.0,-39.3935,105.1136,0.0,176.1822,-102.4691,-77.197,363,39,186,916,203,283,352,1756,252,1057,447,0,912,561,283,0,410,301,86,0.14350797266514806,0.5193621867881549,1756,630,160,-18.503,10850.721,10.313,0.0,0.0,0.0,-1359.742,-1284.29,-2843.5,0.0,-319.5,10850.721,10.313,0.0,0.0,0.0,-1359.742,-1284.29,-2843.5,0.0,-319.5,0,282,75,74,1,0,0,0,721,5,6,0,6,0,1.0,0,57,10,5,4,1004,414,414,1493,1493,2597,1121,814,814,29,0,3153,197,0,0,797,3,0,4,14,14,0,0,142,145,10,221,5,305,0,36,0,415,9669,89.79211914365499,3.9091223220456115,52.901023890784984,2.0738844376508028,36.82904126590133,8.108387630571931,2.434709351305813,0.000877719292533352,0.004437767182554738,0.006478459096561924,-0.015083142880914339,0.8580999780461133,0.4875050171675435,0.0004538881804179994,-0.12397604318432125,1.0,7.5,23.0,40.0,60.0,,,,,,,,,,,,,,,,,,,,,,,,,
69,25_5_2_5_2_1,25_5_2_5_2_1_StartGoalLocations_Seed4.csv,25,1546.5154662132263,24,0.96,3,1,3,3,22,1,0,104,1,101,0.009615384615384616,0.16680672268907562,6.633618791839655,1,1,1,0.2413937867338371,0.5856423173803527,23.5,1.0,2,6.66,14.0,15.0,32.0,9.57,2.0,4.5,0,8,0,4,0,0,1,3,80,0,51,4,25,0,28,0.6375,0.05,0,0,0,238.2,0.0,2400.0,0.0,1631.554,-964.566,35.0,0.0,0.0,-300.0,0.728,-195.401,0.0,-618.0,0.0,-156.0,25.0,0.0,0.0,0.0,0.0,-205.0,0.0,-345.0,1.40226,10.03651,-0.20767,2.50787,-0.32494,0.53489,0.0105,0.51213,-0.2309,1.1106,0.0,-779.909,2425.0,0.0,2095.326,-1022.334,-0.32742,2.60735,1.01805,9.99908,0.45046,1.6913,0.15743,2.07976,0.0105,97.0,0.98992,1.32216,0.0,-14.4103,34.446,0.0,93.5174,-84.8323,-18.273,79,23,41,157,42,59,83,342,47,194,101,0,157,126,59,0,44,73,10,0.13742690058479531,0.4590643274853801,342,139,14,1.236,4237.215,0.064,0.0,25.0,0.0,-897.027,-494.737,-774.0,0.0,-550.0,4237.215,0.064,0.0,25.0,0.0,-897.027,-494.737,-774.0,0.0,-550.0,0,40,25,24,1,1,1,0,164,5,1,0,1,0,1.0,0,5,4,3,3,3200,277,277,256,256,408,160,44,44,0,0,429,84,0,0,347,2,0,1,3,3,0,0,12,8,2,35,0,305,0,6,0,85,5822,42.064582617657166,1.9428338097182523,22.39780144280316,1.2468558434294137,14.170388182755067,2.2500858811405013,2.838787878787879,0.0008650191338733748,0.0043531103795976375,0.006630964435462374,-0.014584482468198984,0.8722050116956234,0.4768309621885419,0.0005249681024452002,-0.11448038047645241,,,,,,,,,,,,,,,,1.0,23.5,13.0,20.0,36.0,,,,,,,,,,
70,25_5_2_5_2_1,25_5_2_5_2_1_StartGoalLocations_Seed3.csv,25,2311.1662902235985,24,0.96,1,1,1,1,22,1,1,37,1,36,0.02702702702702703,0.05091059602649007,8.342230627473617,2,2,2,0.2777317880794702,0.695364238410596,9.5,2.0,3,6.25,20.5,0.0,16.0,9.61,0.0,0.2,0,4,0,2,0,0,0,2,79,0,65,0,14,0,0,0.8228,0.0,0,0,0,241.6,0.0,2400.0,0.0,1670.365,-900.781,0.0,0.0,0.0,-100.0,1.645,-42.662,0.0,-245.0,72.0,-184.0,50.0,0.0,0.0,0.0,0.0,-307.0,0.0,-345.0,1.41191,9.95987,-0.05837,1.4412,-0.14776,0.7757,0.0207,0.719,-0.26987,1.15352,18.0,-284.726,2450.0,0.0,2000.305,-1209.338,-0.1104,1.54337,1.01407,9.94117,0.32739,1.75193,0.05588,2.24242,0.01076,94.23077,0.99007,1.34182,0.0,-4.5345,34.8011,0.0,95.3637,-88.6446,-8.032,4,1,0,24,14,27,28,93,12,47,34,0,24,42,27,0,13,0,5,0.12903225806451613,0.25806451612903225,93,40,16,0.209,4250.365,1.6,72.0,50.0,0.0,-839.181,-142.618,-429.0,0.0,-652.0,4250.365,1.6,72.0,50.0,0.0,-839.181,-142.618,-429.0,0.0,-652.0,0,23,25,24,1,2,2,0,23,5,1,0,1,0,1.0,0,2,2,0,0,3200,4,4,15,15,219,91,72,72,16,0,212,5,0,0,597,0,0,1,2,2,0,0,1,34,1,0,0,305,0,0,0,0,7649,31.781932278729247,1.7034142328259976,12.13230487645444,1.3221982973467172,7.621911360962217,1.1766243953457969,3.3327615780445967,0.0008762346864932625,0.0043574480261304414,0.006476085421454627,-0.013520535948919133,0.8817876966297626,0.4757231747545302,0.0006278492565252236,-0.11924574196804315,,,,,,,,,,,,,,,,1.0,9.5,8.0,0.0,2.0,,,,,,,,,,
71,50_5_5_10_5_2,50_5_5_10_5_2_StartGoalLocations_Seed9.csv,45,6363.885429561138,45,1.0,0,0,0,0,6,0,0,10,0,10,0.0,0.012093023255813953,9.5783662367976,0,0,0,0.0074418604651162795,0.8441860465116279,0.0,,0,,,,,17.98,0.0,0.1,0,0,0,0,0,0,0,0,98,0,92,1,5,0,0,0.9388,0.0102,0,0,0,215.0,0.0,4500.0,0.0,2678.27,-318.77,0.0,0.0,0.0,0.0,0.0,-8.614,0.0,-171.0,0.0,-484.0,0.0,0.0,0.0,0.0,0.0,-47.0,0.0,0.0,3.29047,14.18482,-0.00401,0.04923,-0.30465,0.92055,0.0,0.0,-0.02186,0.10224,0.0,-42.032,4500.0,0.0,3403.301,-221.045,-0.01955,0.10862,2.09302,14.31508,1.48012,1.00358,0.06465,0.30239,0.02093,100.0,0.97907,1.72178,0.0,-0.3533,63.9205,0.0,153.044,-20.9011,-2.119,1,1,0,3,1,5,11,20,0,14,6,0,3,12,5,0,3,0,0,0.0,0.15,20,4,2,-0.582,7371.87,0.0,0.0,0.0,0.0,-297.37,-8.614,-655.0,0.0,-47.0,7371.87,0.0,0.0,0.0,0.0,-297.37,-8.614,-655.0,0.0,-47.0,0,5,45,45,0,0,0,0,5,5,0,0,0,0,,0,0,0,0,0,812,0,0,8,8,80,20,12,12,0,0,44,0,0,0,329,0,0,0,0,0,0,0,1,0,0,2,0,710,0,0,0,0,4210,12.921615201900238,1.0036764705882353,3.3729216152019004,1.5098591788973608,1.7814726840855106,0.0,3.2666666666666666,0.0010394076763332839,0.0044331461411391574,0.006647581860808463,-0.01239533456537891,0.8836143698011126,0.4787137151645322,0.0006962184443137393,-0.12450164773047263,,,,,,,,,,,,,,,,,,,,,,,,,,,,,,
72,50_5_5_10_5_2,50_5_5_10_5_2_StartGoalLocations_Seed7.csv,75,9634.203720211983,75,1.0,0,1,0,0,7,1,0,34,1,34,0.029411764705882353,0.03866745984533016,8.697120680545215,0,0,0,0.009815585960737656,0.8224271267102915,0.0,,0,,,,,15.48,0.0,0.5,0,2,0,1,0,0,0,1,164,0,153,3,8,0,2,0.9329,0.0183,0,0,0,336.2,0.0,7500.0,0.0,3992.417,-614.537,0.0,0.0,0.0,0.0,0.0,-49.376,0.0,-837.0,0.0,-620.0,0.0,0.0,0.0,0.0,0.0,-73.5,0.0,0.0,3.33554,14.65118,-0.01469,0.09915,-0.43337,0.82117,0.0,0.0,-0.02186,0.10224,0.0,-119.44,7500.0,0.0,4936.011,-471.23,-0.03553,0.22852,2.23081,14.76838,1.32801,1.06517,0.05473,0.64913,0.02231,100.0,0.97769,1.64504,0.0,-1.2685,106.5341,0.0,228.1381,-39.3164,-5.508,19,8,5,33,14,16,13,76,19,38,19,0,33,27,16,0,14,0,0,0.25,0.4342105263157895,76,14,6,-3.936,11786.417,0.0,0.0,0.0,0.0,-572.337,-49.376,-1457.0,0.0,-73.5,11786.417,0.0,0.0,0.0,0.0,-572.337,-49.376,-1457.0,0.0,-73.5,0,16,75,75,0,0,0,0,22,5,1,0,1,0,1.0,0,2,1,0,0,528,16,16,63,63,252,64,9,9,0,0,286,0,0,0,719,2,0,1,1,1,0,0,5,0,0,12,0,710,0,0,0,0,6578,26.755852842809364,1.2357954545454546,8.37640620249316,1.1203947531045861,4.393432654302219,0.15202189115232592,3.820069204152249,0.001069300008525302,0.004445710771533689,0.006615076365767781,-0.012492252185686746,0.8821066103198312,0.4824611237554839,0.0005437119049902046,-0.12226012219308001,,,,,,,,,,,,,,,,,,,,,,,,,,,,,,
73,50_5_5_10_5_2,50_5_5_10_5_2_StartGoalLocations_Seed2.csv,75,10554.133701711893,75,1.0,0,1,0,0,5,1,1,18,1,18,0.05555555555555555,0.02824207492795389,8.85779779376489,4,3,4,0.025360230547550433,0.7789625360230548,0.0,3.0,4,5.0,24.33,0.0,0.0,13.3,0.0,0.3,0,4,0,2,0,0,0,2,192,0,168,5,19,0,3,0.875,0.026,0,0,0,347.0,0.0,7500.0,0.0,3898.643,-710.973,0.0,0.0,0.0,0.0,0.0,-29.536,0.0,-482.0,387.0,-296.0,75.0,0.0,0.0,0.0,0.0,-135.0,0.0,0.0,3.18002,14.44421,-0.00851,0.07116,-0.11268,1.18394,0.02161,0.73476,-0.0389,0.13394,36.0,-80.693,7575.0,0.0,4780.616,-577.444,-0.01288,0.36386,2.183,14.55724,1.21129,1.12795,0.02363,1.42309,0.02248,97.11538,0.97839,1.57822,0.0,-0.7872,107.5994,0.0,222.7796,-48.3413,-5.0,6,2,0,7,7,17,21,52,3,30,19,0,7,28,17,0,4,0,0,0.057692307692307696,0.1346153846153846,52,30,18,-6.843,11697.343,0.0,387.0,75.0,0.0,-662.673,-29.536,-778.0,0.0,-135.0,11697.343,0.0,387.0,75.0,0.0,-662.673,-29.536,-778.0,0.0,-135.0,0,15,75,75,0,3,3,0,7,5,1,0,1,0,1.0,0,4,1,0,0,844,0,0,34,34,395,59,3,3,0,0,98,0,0,0,649,0,0,2,2,2,0,0,1,54,0,5,0,710,0,0,0,0,7443,25.44672846970308,1.0527983104540655,10.022840252586322,1.438605919650109,5.7772403600698645,1.0748354158269515,2.772093023255814,0.0007586582795527441,0.004455980186028432,0.006384338000656869,-0.012255526249301377,0.8780488049814487,0.48824985035787827,0.0006393892522261288,-0.12460881485758235,1.0,0.5,3.0,0.0,0.0,,,,,,,,,,,,,,,,,,,,,,,,,
74,50_5_5_10_5_2,50_5_5_10_5_2_StartGoalLocations_Seed4.csv,75,10308.863311707973,75,1.0,2,3,2,2,3,3,3,108,3,106,0.027777777777777776,0.08991268809214192,7.552388400188193,2,2,1,0.020434701839123166,0.7538547278469255,0.0,2.0,2,14.07,53.5,0.0,6.0,18.96,0.0,0.6,0,10,0,5,0,0,0,4,171,0,158,4,9,0,4,0.924,0.0234,2,0,0,538.3,0.0,7500.0,0.0,5806.011,-1210.711,28.0,0.0,0.0,-200.0,4.499,-221.236,0.0,-2075.0,720.0,-448.0,50.0,0.0,0.0,0.0,0.0,-183.0,0.0,0.0,2.35215,11.67061,-0.07742,1.36015,-0.33494,1.21798,0.00929,0.48179,-0.034,0.12587,54.0,-647.781,7550.0,0.0,7949.302,-842.259,-0.11031,1.45756,1.40256,11.72998,1.32028,1.19247,0.07802,1.67091,0.0143,98.05195,0.98607,1.65629,0.0,-11.9235,107.2443,0.0,333.3721,-79.6406,-17.977,16,3,0,48,142,83,110,383,22,267,94,0,47,253,83,0,33,0,14,0.057441253263707574,0.1227154046997389,383,165,38,-3.956,13787.211,2.8,680.0,50.0,0.0,-1125.611,-419.536,-2483.0,0.0,-183.0,13787.211,2.8,680.0,50.0,0.0,-1125.611,-419.536,-2483.0,0.0,-183.0,0,109,75,75,0,2,2,0,82,5,3,0,3,0,1.0,0,6,5,0,0,1120,137,137,71,71,1334,436,73,73,0,0,588,56,0,0,1299,5,0,2,4,4,0,0,9,18,2,16,0,710,0,0,0,0,11099,47.27452923686818,1.487707261292167,21.893864312100188,1.453662573356074,13.794035498693576,0.7027660149563024,3.241672109732201,0.0008614178942090283,0.004291901707516185,0.006553553241038961,-0.01148530339206835,0.8771933742931911,0.4995098879294736,0.0008410086185644364,-0.1369205691319491,,,,,,,,,,,,,,,,,,,,,,,,,,,,,,
75,25_5_2_5_2_1,25_5_2_5_2_1_StartGoalLocations_Seed4.csv,25,3041.455581456423,25,1.0,0,2,0,0,6,2,0,56,3,56,0.05357142857142857,0.13087674714104194,7.449749581506322,5,3,4,0.08259212198221093,0.6499364675984752,0.0,3.0,5,8.0,13.33,0.0,8.3,12.65,0.0,2.0,0,5,0,3,0,0,0,3,75,0,62,4,9,0,0,0.8267,0.0533,2,1,0,157.4,0.0,2500.0,0.0,1477.878,-495.285,3.5,0.0,0.0,0.0,1.461,-91.998,0.0,-345.0,0.0,-188.0,75.0,0.0,0.0,0.0,0.0,-53.5,0.0,0.0,2.3148,12.48124,-0.05752,0.19408,-0.33863,0.71826,0.04765,1.0904,-0.03399,0.12586,0.0,-205.709,2575.0,0.0,1821.366,-394.035,-0.13069,0.49963,1.63596,12.54376,0.90682,1.23669,0.0953,1.37139,0.01779,91.96429,0.98412,1.43021,0.0,-2.3778,36.5767,0.0,84.6502,-31.3592,-10.558,18,5,2,52,11,41,42,146,22,74,50,0,52,53,41,0,34,0,3,0.1506849315068493,0.3561643835616438,146,72,21,-7.828,4103.197,1.461,0.0,75.0,0.0,-459.704,-91.998,-533.0,0.0,-53.5,4103.197,1.461,0.0,75.0,0.0,-459.704,-91.998,-533.0,0.0,-53.5,0,31,25,25,0,3,3,0,44,5,2,0,2,0,1.0,0,5,2,0,0,1424,59,59,95,95,458,124,27,27,0,0,160,0,0,0,309,0,0,0,1,1,0,0,19,26,1,20,0,305,0,0,0,0,5194,58.606083943011164,1.5693166885676741,23.450134770889488,1.7667693194531038,18.405852907200615,3.7928378898729305,3.0376569037656904,0.0007571919295923579,0.004187173555406292,0.006856638188683166,-0.011129991452241044,0.8790644152780597,0.4927879719251997,0.0007631830705393215,-0.14054794377239233,2.0,4.5,12.0,0.0,0.0,,,,,,,,,,,,,,,,,,,,,,,,,
76,50_5_5_10_5_2,50_5_5_10_5_2_StartGoalLocations_Seed1.csv,45,6607.993618607521,45,1.0,1,3,1,1,2,3,1,50,3,49,0.06,0.04006608839322594,8.558398154194519,0,0,0,0.02477291494632535,0.7960363336085879,0.0,,0,,,,,19.11,0.6,1.5,0,6,0,2,0,0,2,1,93,0,90,3,0,0,0,0.9677,0.0323,0,0,0,242.2,0.0,4500.0,0.0,2829.728,-332.814,0.0,0.0,0.0,-100.0,0.099,-75.219,0.0,-243.0,54.0,-160.0,0.0,0.0,0.0,0.0,0.0,-107.0,0.0,0.0,2.9889,13.39422,-0.0723,1.44333,-0.1441,0.70307,0.0,0.0,-0.04418,0.14191,18.0,-259.816,4500.0,0.0,3810.876,-248.881,-0.09984,1.52746,1.85797,13.50351,1.47068,1.09659,0.04624,2.4805,0.01858,100.0,0.98142,1.70793,0.0,-4.4638,63.9205,0.0,161.6987,-25.1322,-2.11,27,18,18,71,10,3,14,98,63,32,3,0,71,24,3,0,10,8,8,0.6428571428571429,0.7244897959183674,98,22,0,1.696,7549.528,0.0,54.0,0.0,0.0,-310.414,-175.12,-403.0,0.0,-107.0,7549.528,0.0,54.0,0.0,0.0,-310.414,-175.12,-403.0,0.0,-107.0,0,9,45,45,0,0,0,0,40,5,3,0,3,0,1.0,0,6,4,2,3,708,0,0,161,161,160,35,0,0,0,0,32,0,0,0,538,0,0,1,1,1,0,0,1,2,0,10,0,710,0,2,0,25,4776,32.60050251256281,1.193320488118176,16.771356783919597,1.2452871584067222,9.317420435510888,0.16750418760469013,3.5640449438202246,0.0009491959971029313,0.004140606911663534,0.006459411499379886,-0.011513388984031597,0.8885640714128139,0.48728945649276345,0.0007182686612842668,-0.13916037067518397,,,,,,,,,,,,,,,,,,,,,,,,,,,,,,
77,25_5_2_5_2_1,25_5_2_5_2_1_StartGoalLocations_Seed4.csv,25,1224.057900160551,23,0.92,4,1,4,4,14,1,0,100,1,96,0.01,0.2470427661510464,6.720729968024992,2,1,1,0.3266696955929123,0.7346660608814175,1.0,1.0,3,7.0,10.0,10.0,12.0,11.5,0.0,2.0,0,9,0,4,0,0,1,3,249,0,181,65,3,0,3,0.7269,0.261,2,0,0,220.1,0.0,2300.0,0.0,1283.901,-468.956,24.5,0.0,0.0,-400.0,2.083,-290.07,0.0,-628.5,0.0,-156.0,25.0,0.0,0.0,0.0,0.0,-343.0,0.0,-345.0,1.52637,10.18019,-0.31258,3.01193,-0.35643,0.54703,0.01136,0.53276,-0.31259,1.21553,0.0,-990.197,2325.0,0.0,1569.232,-1021.321,-0.44988,3.11402,1.05634,10.18165,0.24894,1.69348,0.21036,2.13865,0.0109,96.875,0.98955,1.18942,0.0,-18.7235,33.0256,0.0,74.7658,-66.1118,-15.216,54,13,26,154,112,96,75,438,76,259,103,0,154,188,96,0,65,18,54,0.1735159817351598,0.3515981735159817,438,160,36,-4.79,3790.901,1.662,0.0,25.0,0.0,-431.356,-689.649,-784.5,0.0,-688.0,3790.901,1.662,0.0,25.0,0.0,-431.356,-689.649,-784.5,0.0,-688.0,0,116,25,23,2,1,1,1,103,5,1,0,1,0,1.0,0,4,5,3,3,3200,192,192,181,181,729,462,29,29,0,0,168,16,0,0,220,0,0,2,3,3,0,0,38,6,1,27,0,305,0,3,0,35,7000,52.542857142857144,1.3749320282762372,15.285714285714286,1.5519626372328428,10.3,3.942857142857143,1.9680998613037448,0.0008785724203585233,0.004103404503839556,0.0068273497215704994,-0.011700343257398344,0.8956060015410184,0.4899239270761609,0.0007670317237170821,-0.15071385639254004,,,,,,1.0,1.0,1.0,4.0,1.22,6.0,10.0,15.0,72.0,52.0,,,,,,,,,,,,,,,
78,25_5_2_5_2_1,25_5_2_5_2_1_StartGoalLocations_Seed4.csv,75,6119.764643520117,74,0.9866666666666667,3,3,3,3,18,3,1,200,3,197,0.015,0.2613365155131265,5.618697593092634,0,0,0,0.1963263358778626,0.6490935114503816,10.5,,1,,,,,6.15,0.7,5.3,0,14,0,6,0,0,2,4,218,0,137,12,69,0,33,0.6284,0.055,4,0,0,419.2,0.0,7400.0,0.0,3040.346,-1771.298,17.5,0.0,0.0,-300.0,6.651,-505.634,0.0,-1725.5,351.0,-316.0,0.0,0.0,0.0,0.0,0.0,-151.5,0.0,-345.0,2.17217,13.18747,-0.1906,1.90603,-0.40327,1.00725,0.0,0.0,-0.11844,0.84137,36.0,-1379.992,7400.0,0.0,3486.21,-1932.823,-0.32061,2.02673,1.76527,13.16854,0.37056,1.55784,0.22137,1.52585,0.01765,100.0,0.98235,1.31594,0.0,-23.2676,105.1136,0.0,173.115,-127.9694,-44.58,156,40,80,413,115,177,200,909,113,526,270,0,409,320,180,0,237,70,93,0.12431243124312431,0.44994499449944997,909,353,69,-4.491,10748.006,6.456,331.5,0.0,0.0,-1642.258,-805.439,-2022.0,0.0,-496.5,10748.006,6.456,331.5,0.0,0.0,-1642.258,-805.439,-2022.0,0.0,-496.5,0,150,75,74,1,0,0,0,325,5,3,0,3,0,1.0,0,11,6,3,4,3200,413,413,361,361,1532,597,243,243,0,0,1475,303,0,0,939,6,0,3,5,4,1,0,78,105,2,113,1,305,0,5,0,75,13017,51.256049781055545,3.4760191846522783,19.85864638549589,1.3308607505818169,14.296688945225474,4.847507106092033,2.477700161203654,0.0008005139490023794,0.004060147344134748,0.006659142001881264,-0.010279496203315048,0.9192496263980865,0.49153631562367084,0.0007743886141724943,-0.16826725495047867,,,,,,,,,,,,,,,,1.0,10.5,7.0,25.0,71.0,,,,,,,,,,
79,50_5_5_10_5_2,50_5_5_10_5_2_StartGoalLocations_Seed2.csv,75,9575.890491127968,74,0.9866666666666667,0,0,0,0,0,0,0,44,1,44,0.022727272727272728,0.037783375314861464,9.071992696983088,1,0,0,0.006612090680100755,0.823992443324937,0.0,,1,,,,,14.69,0.0,0.2,0,0,0,0,0,0,0,0,151,0,145,4,2,0,1,0.9603,0.0265,2,1,0,317.6,0.0,7400.0,0.0,3799.098,-525.048,0.0,0.0,0.0,0.0,0.0,-68.259,0.0,-1115.5,0.0,-160.0,0.0,0.0,0.0,0.0,0.0,-72.0,0.0,0.0,3.46085,14.95749,-0.02149,0.12849,-0.40161,0.51596,0.0,0.0,-0.02267,0.10402,0.0,-119.939,7400.0,0.0,4811.29,-334.185,-0.03776,0.24591,2.32997,15.08538,1.40967,1.01645,0.02771,1.36295,0.0233,100.0,0.9767,1.65876,0.0,-1.2947,105.1136,0.0,217.0913,-34.117,-0.408,7,5,2,4,69,17,5,96,2,76,18,0,3,76,17,0,1,0,0,0.020833333333333332,0.03125,96,2,2,-0.32,11480.298,0.0,0.0,0.0,0.0,-488.648,-68.259,-1275.5,0.0,-72.0,11480.298,0.0,0.0,0.0,0.0,-488.648,-68.259,-1275.5,0.0,-72.0,0,33,75,74,1,0,0,0,11,5,0,0,0,0,,0,0,0,0,0,688,0,0,10,10,356,132,0,0,0,0,200,42,0,0,586,0,0,0,0,0,0,0,1,0,0,1,0,710,0,0,0,0,6211,25.229431653517953,1.0523292916400766,7.116406375784898,1.243156125436103,3.687006923200773,0.0,3.650655021834061,0.0008356011968888112,0.004176262120423882,0.006745776466126446,-0.0076841243933517414,0.9409066684717355,0.4922375520474689,0.000788398725870688,-0.17799215148701225,1.0,10.0,51.0,0.0,0.0,,,,,,,,,,,,,,,,,,,,,,,,,
80,25_5_2_5_2_1,25_5_2_5_2_1_StartGoalLocations_Seed3.csv,45,4756.230579972267,45,1.0,0,2,0,0,0,2,0,64,2,64,0.03125,0.15660592255125286,6.284423952120312,0,0,0,0.05979498861047836,0.7004555808656037,0.0,,0,,,,,8.56,0.7,1.8,0,5,0,2,0,0,1,1,136,0,111,8,17,0,18,0.8162,0.0588,0,0,0,175.6,0.0,4500.0,0.0,1642.205,-561.155,17.5,0.0,0.0,0.0,2.191,-141.61,0.0,-733.0,0.0,-108.0,0.0,0.0,0.0,0.0,0.0,-37.5,0.0,0.0,3.28824,15.7475,-0.0794,0.2318,-0.47893,0.47471,0.0,0.0,-0.02136,0.1011,0.0,-273.705,4500.0,0.0,1919.494,-476.264,-0.15587,0.46943,2.56264,15.80181,0.82188,1.22286,0.13497,1.15487,0.02563,100.0,0.97437,1.40021,0.0,-3.7606,63.9205,0.0,94.8403,-34.2089,-11.489,33,10,7,70,57,68,46,243,9,144,90,0,70,105,68,0,43,21,0,0.037037037037037035,0.2880658436213992,243,97,32,-7.214,6294.796,2.191,0.0,0.0,0.0,-520.646,-141.61,-841.0,0.0,-37.5,6294.796,2.191,0.0,0.0,0.0,-520.646,-141.61,-841.0,0.0,-37.5,0,49,45,45,0,0,0,0,84,5,2,0,2,0,1.0,0,6,2,1,2,376,80,80,215,215,616,196,49,49,4,0,248,0,0,0,498,5,0,0,2,2,0,0,16,24,2,22,2,305,0,3,0,30,3425,79.97080291970804,2.0971157356699526,38.627737226277375,1.359920653516676,24.0,2.8613138686131387,2.90632603406326,0.0007775094061295757,0.004088782475012889,0.006636088540619041,-0.0080792890400923,0.9383857465804891,0.48857018288145676,0.000722815399522586,-0.1814051459919899,,,,,,,,,,,,,,,,,,,,,,,,,,,,,,
81,50_5_5_10_5_2,50_5_5_10_5_2_StartGoalLocations_Seed8.csv,25,3946.9599709287286,25,1.0,0,1,0,0,2,1,1,9,2,9,0.2222222222222222,0.013452914798206279,9.343557548808054,1,1,1,0.01195814648729447,0.8587443946188341,0.0,1.0,1,1.5,47.0,0.0,0.0,18.46,0.0,0.1,0,2,0,0,0,0,0,0,55,0,52,3,0,0,0,0.9455,0.0545,2,1,0,133.8,0.0,2500.0,0.0,1714.5,-198.0,3.5,0.0,0.0,0.0,0.0,-11.84,0.0,-84.0,225.0,-348.0,25.0,0.0,0.0,0.0,0.0,-13.0,0.0,0.0,3.10448,13.41528,-0.00885,0.08229,-0.15471,1.61989,0.01868,0.6832,-0.00972,0.06902,18.0,-43.2,2525.0,0.0,2200.518,-129.353,-0.01883,0.45093,1.88714,13.55551,1.54796,0.97827,0.04559,1.00328,0.01943,97.11538,0.98057,1.77582,0.0,-0.2603,35.8665,0.0,98.1714,-12.0571,-0.93,1,1,0,2,11,1,4,18,0,17,1,0,0,17,1,0,0,0,0,0.0,0.0,18,2,2,-0.64,4338.5,0.0,225.0,25.0,0.0,-184.7,-11.84,-432.0,0.0,-13.0,4338.5,0.0,225.0,25.0,0.0,-184.7,-11.84,-432.0,0.0,-13.0,0,3,25,25,0,1,1,0,5,5,1,0,1,0,1.0,0,2,1,0,0,696,0,0,2,2,20,12,4,4,0,0,28,16,0,0,139,0,0,0,0,0,0,0,0,0,0,0,0,710,0,0,0,0,2786,14.752333094041637,1.0802919708029197,2.799712849964106,0.7128205213409203,1.3280689160086145,0.3589375448671931,3.081081081081081,0.0007378976117210207,0.0040606129526471095,0.006774672023395355,-0.00782083468103578,0.9395849375889219,0.4892183591922124,0.0008095258999255957,-0.18053467584581212,,,,,,,,,,,,,,,,,,,,,,,,,,,,,,
82,50_5_5_10_5_2,50_5_5_10_5_2_StartGoalLocations_Seed5.csv,45,5960.424066364765,43,0.9555555555555556,1,1,1,1,0,1,1,121,1,120,0.008264462809917356,0.11365970558028073,8.116448753824262,2,1,0,0.0657309140705238,0.7750770284149264,0.0,1.0,2,4.0,7.0,0.0,1.0,20.65,0.0,1.8,0,6,0,3,0,0,0,3,92,0,89,1,2,0,4,0.9674,0.0109,2,0,0,292.1,0.0,4300.0,0.0,3176.319,-510.764,0.0,0.0,0.0,-100.0,2.2,-227.931,0.0,-1040.5,306.0,-136.0,25.0,0.0,0.0,0.0,0.0,-126.0,0.0,0.0,2.48465,11.97419,-0.11151,1.3236,-0.29801,1.05527,0.00856,0.46249,-0.04314,0.14038,31.04,-506.622,4325.0,0.0,4246.548,-372.287,-0.16281,1.42838,1.48066,12.0512,1.32635,1.09561,0.11195,1.64423,0.01506,98.29545,0.98528,1.60488,0.0,-7.9872,61.4347,0.0,181.504,-36.3865,-11.462,46,38,35,115,68,73,67,323,24,220,79,0,115,135,73,0,95,0,9,0.07430340557275542,0.3560371517027864,323,80,16,-0.649,7730.819,1.816,289.0,25.0,0.0,-473.164,-327.547,-1159.5,0.0,-126.0,7730.819,1.816,289.0,25.0,0.0,-473.164,-327.547,-1159.5,0.0,-126.0,0,68,45,43,2,1,0,0,95,5,1,0,1,0,1.0,0,4,2,0,0,860,116,116,74,74,452,271,14,14,0,0,298,180,0,0,529,1,0,1,1,1,0,0,49,23,0,47,0,710,0,0,0,0,6145,34.74369406021155,1.3035128805620608,18.04719283970708,1.5323602504922436,13.962571196094386,1.855166802278275,2.5524475524475525,0.000789557480946018,0.004131029771510945,0.007057875927624314,-0.008216044513866046,0.9383956972942796,0.48741341198599614,0.0008214574080464148,-0.18550143002770667,1.0,2.0,3.85,0.0,40.0,,,,,,,,,,,,,,,,,,,,,,,,,
83,50_5_5_10_5_2,50_5_5_10_5_2_StartGoalLocations_Seed1.csv,25,3696.2000283002853,24,0.96,0,0,0,0,3,0,0,0,0,0,0.0,0.0,9.677197802197803,1,0,0,0.011904761904761904,0.8397435897435898,0.0,,1,,,,,16.62,0.0,0.0,0,0,0,0,0,0,0,0,47,0,47,0,0,0,0,1.0,0.0,0,0,0,109.2,0.0,2400.0,0.0,1375.5,-85.5,0.0,0.0,0.0,0.0,0.0,0.0,0.0,0.0,0.0,-56.0,0.0,0.0,0.0,0.0,0.0,-47.0,0.0,0.0,3.47912,14.50409,0.0,0.0,-0.05128,0.45,0.0,0.0,-0.04304,0.14024,0.0,-12.0,2400.0,0.0,1732.58,-82.765,-0.01099,0.10995,2.1978,14.66117,1.51082,0.92914,0.01282,0.85714,0.02198,100.0,0.97802,1.69976,0.0,0.0,34.0909,0.0,78.6,-7.5714,0.0,0,0,0,0,0,0,0,0,0,0,0,0,0,0,0,0,0,0,0,,,0,0,0,0.0,3879.0,0.0,0.0,0.0,0.0,-79.8,0.0,-56.0,0.0,-47.0,3879.0,0.0,0.0,0.0,0.0,-79.8,0.0,-56.0,0.0,-47.0,0,0,25,24,1,0,0,0,0,5,0,0,0,0,,0,0,0,0,0,424,0,0,0,0,0,0,0,0,0,0,12,0,0,0,95,0,0,0,0,0,0,0,0,0,0,0,0,710,0,0,0,0,2158,9.406858202038926,1.187192118226601,2.873030583873957,0.7258064649518459,1.6218721037998147,0.0,3.342857142857143,0.0005978144771396952,0.003831499910755259,0.0066100344949243765,-0.006137316677233925,0.9345116542195374,0.5082648995349992,0.0009417189793103322,-0.20007332182436618,1.0,2.0,45.0,0.0,0.0,,,,,,,,,,,,,,,,,,,,,,,,,
84,50_5_5_10_5_2,50_5_5_10_5_2_StartGoalLocations_Seed5.csv,45,6141.950269818306,45,1.0,0,0,0,0,0,0,0,46,1,46,0.021739130434782608,0.0551257253384913,9.233075740489554,0,0,0,0.005802707930367505,0.8868471953578336,0.0,,0,,,,,18.78,0.0,0.2,0,0,0,0,0,0,0,0,91,0,90,1,0,0,0,0.989,0.011,2,1,0,206.8,0.0,4500.0,0.0,2600.934,-133.434,0.0,0.0,0.0,0.0,0.0,-69.85,0.0,-740.5,0.0,-156.0,0.0,0.0,0.0,0.0,0.0,-66.0,0.0,0.0,3.4692,14.42937,-0.03378,0.15643,-0.43351,0.60686,0.0,0.0,-0.03191,0.12222,0.0,-120.584,4500.0,0.0,3327.404,-118.385,-0.05831,0.30126,2.17602,14.58995,1.55175,0.84956,0.04352,1.33982,0.02176,100.0,0.97824,1.70331,0.0,-1.3791,63.9205,0.0,148.6248,-11.3962,-2.303,5,5,2,11,60,2,19,92,1,89,2,0,11,79,2,0,10,0,0,0.010869565217391304,0.11956521739130435,92,22,8,-2.266,7298.734,0.0,0.0,0.0,0.0,-124.434,-69.85,-896.5,0.0,-66.0,7298.734,0.0,0.0,0.0,0.0,-124.434,-69.85,-896.5,0.0,-66.0,0,40,45,45,0,0,0,0,5,5,0,0,0,0,,0,0,0,0,0,416,0,0,22,22,216,160,0,0,0,0,16,0,0,0,248,0,0,0,0,0,0,0,5,0,0,5,0,710,0,0,0,0,4044,14.317507418397627,1.001727115716753,7.220573689416419,1.7979452354093528,3.635014836795252,0.0,2.802721088435374,0.0008652065217714922,0.0039062374316227552,0.007131487762448019,-0.005436319640816341,0.932479668695193,0.4995771205196014,0.0009905140727474086,-0.20086011591439062,,,,,,,,,,,,,,,,,,,,,,,,,,,,,,
85,50_5_5_10_5_2,50_5_5_10_5_2_StartGoalLocations_Seed7.csv,25,4153.199928857386,25,1.0,0,0,0,0,4,0,0,0,0,0,0.0,0.015186028853454821,9.686848901851484,1,1,1,0.0015186028853454822,0.9195140470766895,0.0,1.0,1,8.0,40.0,0.0,0.0,21.62,0.0,0.0,0,0,0,0,0,0,0,0,73,0,50,1,22,0,0,0.6849,0.0137,0,0,0,131.7,0.0,2500.0,0.0,1771.5,-84.0,0.0,0.0,0.0,0.0,0.0,0.0,0.0,0.0,0.0,-172.0,25.0,0.0,0.0,0.0,0.0,-19.0,0.0,0.0,3.27957,13.48395,0.0,0.0,-0.1306,0.71087,0.01898,0.68862,-0.01443,0.0837,0.0,-16.0,2525.0,0.0,2307.435,-69.15,-0.01215,0.12581,1.91724,13.66104,1.69953,0.81156,0.03265,0.37209,0.01974,97.11538,0.98026,1.84089,0.0,-0.0702,35.8665,0.0,101.2286,-5.8857,-2.407,0,0,0,0,0,0,0,0,0,0,0,0,0,0,0,0,0,0,0,,,0,0,0,0.0,4397.6,0.0,0.0,25.0,0.0,-78.4,0.0,-172.0,0.0,-19.0,4397.6,0.0,0.0,25.0,0.0,-78.4,0.0,-172.0,0.0,-19.0,0,0,25,25,0,1,1,0,0,5,0,0,0,0,,0,0,0,0,0,596,0,0,0,0,112,0,0,0,4,0,4,0,0,0,80,0,0,0,0,0,0,0,0,0,0,0,0,710,0,0,0,0,2751,12.395492548164304,1.0,8.21519447473646,1.6106194943453358,4.943656852053799,0.14540167211922936,2.7058823529411766,0.000862692941093779,0.003958284476734448,0.0077440350178954185,-0.005113321964725877,0.9405886942908268,0.498794092027933,0.0010762682027142844,-0.19433543781106105,,,,,,,,,,,,,,,,,,,,,,,,,,,,,,
86,25_5_2_5_2_1,25_5_2_5_2_1_StartGoalLocations_Seed5.csv,45,4863.171535119414,45,1.0,0,0,0,0,1,0,0,59,0,59,0.0,0.12561441835062806,7.104201701903591,2,2,2,0.052976515565264885,0.657018022938285,0.0,2.0,2,2.42,12.0,0.0,12.0,6.97,0.0,1.3,0,0,0,0,0,0,0,0,192,0,133,44,15,0,12,0.6927,0.2292,0,0,0,183.1,0.0,4500.0,0.0,1641.237,-680.107,10.5,0.0,0.0,0.0,1.579,-98.637,0.0,-691.5,0.0,-4.0,50.0,0.0,0.0,0.0,0.0,-49.0,0.0,0.0,3.08833,15.45094,-0.05301,0.19134,-0.37985,0.23084,0.02731,0.8258,-0.02676,0.11254,0.0,-174.7,4550.0,0.0,1880.523,-610.748,-0.09541,0.33276,2.48498,15.5008,0.69349,1.28494,0.08247,1.15695,0.02567,96.80851,0.97324,1.39802,0.0,-2.4001,64.6307,0.0,94.385,-41.6633,-7.322,25,7,4,66,28,25,35,156,15,105,36,0,64,67,25,0,55,0,3,0.09615384615384616,0.41025641025641024,156,59,15,-1.359,6288.066,1.579,0.0,50.0,0.0,-633.336,-98.637,-695.5,0.0,-49.0,6288.066,1.579,0.0,50.0,0.0,-633.336,-98.637,-695.5,0.0,-49.0,0,30,45,45,0,2,2,0,45,5,0,0,0,0,,0,0,0,0,0,924,52,52,68,68,324,120,22,22,0,0,344,44,0,0,496,1,0,0,2,2,0,0,26,14,2,31,0,305,0,0,0,0,3869,59.86042905143448,1.7344559585492227,11.243215301111398,0.8858046073295262,6.720082708710261,1.1889377100025846,2.923076923076923,0.000672134408556634,0.00392559292480285,0.006999241161962479,-0.0049059321128438705,0.9366485538420739,0.5077776871460341,0.000886145933809412,-0.19415986276679226,,,,,,,,,,,,,,,,,,,,,,,,,,,,,,
87,25_5_2_5_2_1,25_5_2_5_2_1_StartGoalLocations_Seed9.csv,75,2632.883486300707,71,0.9466666666666667,6,19,6,6,2,19,8,728,19,722,0.0260989010989011,0.30354609929078014,4.434200116860951,4,4,2,0.3525241066364152,0.7067498581962564,8.166666666666666,4.0,7,9.57,16.75,12.2,48.2,7.57,1.6,8.1,3,58,0,18,0,0,7,9,274,0,160,32,82,0,78,0.5839,0.1168,2,0,0,705.2,0.0,7100.0,0.0,4077.245,-2314.027,38.5,0.0,0.0,-600.0,13.851,-1155.885,0.0,-3297.5,270.0,-428.0,100.0,0.0,0.0,0.0,0.0,-841.5,0.0,-1035.0,1.3623,10.02038,-0.24703,2.0778,-0.49,0.76226,0.01418,0.59524,-0.26609,1.14097,146.0,-3326.53,7200.0,0.0,4942.122,-3266.336,-0.45101,2.22261,1.02099,9.99964,0.23763,1.65307,0.39336,1.25181,0.01064,96.0,0.98993,1.17583,0.0,-59.6891,102.2727,0.0,232.1283,-236.4015,-69.835,371,47,259,1439,223,557,530,2751,230,1922,599,0,1434,761,556,0,890,158,421,0.0836059614685569,0.5212649945474372,2749,487,136,-14.004,11748.139,13.064,270.0,100.0,0.0,-2141.221,-1755.099,-3725.5,0.0,-1876.5,11748.139,13.064,270.0,100.0,0.0,-2141.221,-1755.099,-3725.5,0.0,-1876.5,0,268,75,71,4,4,3,0,1140,5,19,0,19,0,1.0,0,53,25,7,3,3200,275,275,2145,2145,2406,1066,1753,1753,24,0,1842,403,0,0,849,11,0,6,12,7,4,0,156,646,6,301,6,305,0,21,0,245,18917,76.04799915419993,2.3598637564298626,41.222181106940845,1.7581110746626247,29.951895120790823,7.0835756198128665,2.359865866572538,0.00086182942646019,0.003938836464949418,0.0074117324751568955,-0.005472077580954817,0.9408310734480619,0.4983400611579418,0.0011891321828443324,-0.20067038672976195,,,,,,,,,,,,,,,,3.0,8.17,8.0,25.0,94.3,6.0,7.0,0.0,0.0,0.0,,,,,
88,25_5_2_5_2_1,25_5_2_5_2_1_StartGoalLocations_Seed1.csv,25,2965.7999491393566,25,1.0,0,0,0,0,1,0,0,15,0,15,0.0,0.04993429697766097,8.418291727910686,0,0,0,0.009198423127463863,0.7450722733245729,0.0,,0,,,,,8.56,0.0,0.1,0,0,0,0,0,0,0,0,55,0,52,0,3,0,9,0.9455,0.0,0,0,0,76.1,0.0,2500.0,0.0,805.41,-201.81,7.0,0.0,0.0,0.0,0.0,-18.4,0.0,-158.5,0.0,-20.0,0.0,0.0,0.0,0.0,0.0,-24.0,0.0,0.0,4.18752,17.71539,-0.02418,0.12919,-0.23456,0.39274,0.0,0.0,-0.03154,0.12155,0.0,-35.16,2500.0,0.0,933.02,-166.821,-0.0462,0.22019,3.28515,17.82478,1.00683,1.17357,0.04599,1.00457,0.03285,100.0,0.96715,1.49435,0.0,-0.492,35.5114,0.0,46.4234,-12.9034,-1.875,1,1,0,3,13,10,5,32,0,22,10,0,3,19,10,0,3,0,0,0.0,0.09375,32,12,4,-2.24,3374.61,0.0,0.0,0.0,0.0,-187.91,-18.4,-178.5,0.0,-24.0,3374.61,0.0,0.0,0.0,0.0,-187.91,-18.4,-178.5,0.0,-24.0,0,6,25,25,0,0,0,0,9,5,0,0,0,0,,0,0,0,0,0,576,8,8,10,10,48,24,8,8,0,0,32,12,0,0,224,0,0,0,0,0,0,0,2,0,0,1,0,305,0,0,0,0,1469,39.00612661674609,1.7085514834205933,10.347174948944861,0.6700657992378661,6.398910823689585,1.0891763104152485,3.5319148936170213,0.0007798418746713449,0.003968433774490323,0.007664187795146265,-0.005414652382367219,0.946318644616339,0.49451398063037133,0.0011145468037688665,-0.1994708788374232,,,,,,,,,,,,,,,,,,,,,,,,,,,,,,
89,25_5_2_5_2_1,25_5_2_5_2_1_StartGoalLocations_Seed6.csv,25,2890.5417619794607,25,1.0,1,2,1,1,1,2,1,66,2,65,0.030303030303030304,0.18581418581418582,6.894836298697121,0,0,0,0.06693306693306693,0.7232767232767233,0.0,,0,,,,,11.08,0.4,2.7,0,5,0,3,0,0,1,2,50,0,50,0,0,0,2,1.0,0.0,0,0,0,100.1,0.0,2500.0,0.0,1023.672,-220.761,0.0,0.0,0.0,-100.0,1.699,-102.668,0.0,-327.5,99.0,-72.0,0.0,0.0,0.0,0.0,0.0,-11.0,0.0,0.0,3.39961,15.51361,-0.20077,2.24055,-0.3002,1.11861,0.0,0.0,-0.01099,0.07331,18.0,-292.699,2500.0,0.0,1233.678,-174.78,-0.27442,2.36102,2.4975,15.60489,1.05784,1.08171,0.14985,2.07132,0.02498,100.0,0.97502,1.44309,0.0,-5.3027,35.5114,0.0,58.4955,-13.2435,-8.884,18,5,2,55,6,30,53,144,44,55,45,0,55,59,30,0,17,5,16,0.3055555555555556,0.3819444444444444,144,68,22,-1.27,3607.189,1.6,99.0,0.0,0.0,-204.178,-202.569,-399.5,0.0,-11.0,3607.189,1.6,99.0,0.0,0.0,-204.178,-202.569,-399.5,0.0,-11.0,0,38,25,25,0,0,0,0,33,5,2,0,2,0,1.0,0,4,3,1,2,476,40,40,68,68,251,151,8,8,0,0,184,20,0,0,249,1,0,0,0,0,0,0,13,0,0,10,0,305,0,1,0,10,1971,70.01522070015221,1.4797101449275363,15.880263825469305,1.3841853254614547,10.096397767630645,3.145611364789447,2.201005025125628,0.0009024285706395514,0.0038853974332015554,0.008864292037524596,-0.005253708873253742,0.9570515491381413,0.46720478664927123,0.0011915891331487469,-0.19553649707251236,,,,,,,,,,,,,,,,,,,,,,,,,,,,,,
90,25_5_2_5_2_1,25_5_2_5_2_1_StartGoalLocations_Seed8.csv,45,4422.016896784306,44,0.9777777777777777,1,1,1,1,9,1,1,75,1,74,0.013333333333333334,0.18181818181818182,6.036176849712993,1,0,0,0.1387423935091278,0.6807302231237322,0.0,,1,,,,,8.75,0.2,2.6,0,5,0,2,0,0,1,1,111,0,89,2,20,0,2,0.8018,0.018,0,0,0,246.5,0.0,4400.0,0.0,2016.894,-904.82,0.0,0.0,0.0,-100.0,2.048,-172.105,0.0,-963.0,126.0,-112.0,0.0,0.0,0.0,0.0,0.0,-117.5,0.0,0.0,2.33614,13.2372,-0.10956,1.43691,-0.38499,0.79862,0.0,0.0,-0.04767,0.14684,33.4,-467.863,4400.0,0.0,2363.759,-799.102,-0.17625,1.55298,1.78499,13.24057,0.63475,1.25189,0.13428,1.51439,0.01785,100.0,0.98215,1.30643,0.0,-8.0425,62.5,0.0,115.2511,-58.4183,-18.857,26,10,9,107,32,90,89,318,33,171,114,0,107,121,90,0,75,5,19,0.10377358490566038,0.33647798742138363,318,122,42,-8.595,6597.994,2.016,119.0,0.0,0.0,-839.42,-272.073,-1068.0,0.0,-117.5,6597.994,2.016,119.0,0.0,0.0,-839.42,-272.073,-1068.0,0.0,-117.5,0,60,45,44,1,0,0,0,103,5,1,1,0,0,0.0,2,4,2,1,2,1168,99,99,99,99,745,240,133,133,28,0,1139,88,0,0,805,3,0,0,4,4,0,0,25,54,4,31,1,305,0,1,0,10,4863,76.31091918568785,2.565615736998114,32.305161422989926,1.500302376932234,21.283158544108574,3.598601686201933,2.847342995169082,0.0006553946661544415,0.0038866100574473606,0.00822730923122535,-0.005243305754852559,0.9465492749459123,0.4909677910682273,0.0011872983407444475,-0.20768005883142557,1.0,5.5,9.0,0.0,15.0,,,,,,,,,,,,,,,,,,,,,,,,,
91,50_5_5_10_5_2,50_5_5_10_5_2_StartGoalLocations_Seed9.csv,45,5067.808961689472,42,0.9333333333333333,0,0,0,0,1,0,0,123,2,123,0.016260162601626018,0.17600664176006642,7.930045487129525,3,0,0,0.015359070153590702,0.8472395184723952,0.0,,3,,,,,17.29,0.0,0.2,0,0,0,0,0,0,0,0,90,0,86,2,2,0,8,0.9556,0.0222,8,2,0,240.9,0.0,4200.0,0.0,2773.98,-402.6,10.5,0.0,0.0,0.0,0.03,-280.501,0.0,-1172.0,0.0,-292.0,0.0,0.0,0.0,0.0,0.0,-10.5,0.0,0.0,2.8322,12.99208,-0.11643,0.27158,-0.60772,0.6868,0.0,0.0,-0.00436,0.04648,0.0,-507.448,4200.0,0.0,3814.345,-236.497,-0.21065,0.53558,1.74346,13.08841,1.4852,1.01524,0.16231,1.29782,0.01743,100.0,0.98215,1.71211,0.0,-5.7258,59.6591,0.0,159.1132,-23.6057,-3.393,3,2,0,10,282,46,51,390,9,324,57,0,7,337,46,0,4,0,16,0.023076923076923078,0.017948717948717947,390,80,6,-2.023,7195.68,0.03,0.0,0.0,0.0,-372.9,-280.501,-1464.0,0.0,-10.5,7195.68,0.03,0.0,0.0,0.0,-372.9,-280.501,-1464.0,0.0,-10.5,0,185,45,42,3,0,0,0,8,5,0,0,0,0,,0,0,0,0,0,564,0,0,18,18,848,740,18,18,0,0,66,0,0,0,347,0,0,0,0,0,0,0,1,0,0,3,0,710,0,0,0,0,4770,34.54926624737946,1.108616504854369,23.68972746331237,1.7545133071003762,13.375262054507338,0.08385744234800839,2.7868338557993733,0.0005922385228309427,0.0037330230714502275,0.007867457632450982,-0.004988614452092748,0.952137771650409,0.4828208251625088,0.0012974286933284227,-0.2154103198372726,3.0,22.83,51.33,0.0,0.3,,,,,,,,,,,,,,,,,,,,,,,,,
92,50_5_5_10_5_2,50_5_5_10_5_2_StartGoalLocations_Seed5.csv,25,3963.79997754097,24,0.96,0,0,0,0,5,0,0,0,0,0,0.0,0.007052186177715092,9.629055007052186,2,1,0,0.014809590973201692,0.8702397743300423,0.0,1.0,2,17.5,30.0,0.0,0.0,20.3,0.0,0.0,0,0,0,0,0,0,0,0,53,0,48,3,2,0,0,0.9057,0.0566,0,0,0,141.8,0.0,2400.0,0.0,1858.5,-193.5,0.0,0.0,0.0,0.0,0.0,0.0,0.0,0.0,0.0,-256.0,25.0,0.0,0.0,0.0,0.0,-12.0,0.0,0.0,2.96671,12.77517,0.0,0.0,-0.18054,0.83039,0.01763,0.66366,-0.00846,0.0645,0.0,-20.0,2425.0,0.0,2444.445,-113.535,-0.0141,0.11925,1.71016,12.91389,1.6438,0.9333,0.04513,0.3125,0.01763,97.0,0.98307,1.83499,0.0,0.0,34.446,0.0,106.2,-11.7429,0.0,0,0,0,0,0,0,0,0,0,0,0,0,0,0,0,0,0,0,0,,,0,0,0,0.0,4387.4,0.0,0.0,25.0,0.0,-180.6,0.0,-256.0,0.0,-12.0,4387.4,0.0,0.0,25.0,0.0,-180.6,0.0,-256.0,0.0,-12.0,0,0,25,24,1,1,1,0,0,5,0,0,0,0,,0,0,0,0,0,736,0,0,0,0,42,0,0,0,0,0,12,0,0,0,218,0,0,0,0,0,0,0,0,0,0,0,0,710,0,0,0,0,3032,18.238786279683378,1.0,11.279683377308707,0.8141812980283945,6.95910290237467,0.19788918205804748,4.023696682464455,0.0007679321627264195,0.003680012459643995,0.007763317026926771,-0.005455936725796994,0.9495952605553295,0.4955605421539234,0.001251504748759781,-0.22173120016637055,1.0,4.5,50.0,0.0,0.0,,,,,,,,,,,,,,,,,,,,,,,,,
93,50_5_5_10_5_2,50_5_5_10_5_2_StartGoalLocations_Seed2.csv,75,9842.987746298313,75,1.0,0,5,0,0,2,5,3,54,5,54,0.09259259259259259,0.05352199323285143,8.593634544684681,1,1,1,0.029529375576745617,0.8280529067979083,0.0,1.0,1,5.5,23.0,0.0,0.0,14.47,0.5,1.2,0,7,0,3,0,0,3,1,164,0,157,0,7,0,2,0.9573,0.0,0,0,0,325.1,0.0,7500.0,0.0,3833.948,-570.998,24.5,0.0,0.0,0.0,0.8,-101.862,0.0,-1161.0,576.0,-520.0,25.0,0.0,0.0,0.0,0.0,-88.5,0.0,0.0,3.41819,14.8912,-0.03109,0.14445,-0.3399,1.4599,0.00769,0.43839,-0.02722,0.11345,48.744,-222.828,7525.0,0.0,4752.95,-417.883,-0.05355,0.4906,2.31467,15.01775,1.33346,1.05754,0.0609,1.37157,0.02338,99.01316,0.97693,1.6281,0.0,-2.6156,106.8892,0.0,220.4828,-37.6856,-7.714,42,39,36,102,23,10,37,173,43,117,13,0,102,61,10,0,41,18,1,0.24855491329479767,0.5895953757225434,173,38,8,-2.978,11644.72,0.8,576.0,25.0,0.0,-532.17,-101.862,-1681.0,0.0,-88.5,11644.72,0.8,576.0,25.0,0.0,-532.17,-101.862,-1681.0,0.0,-88.5,0,24,75,75,0,1,1,0,58,5,5,0,5,0,1.0,0,10,5,3,3,652,8,8,199,199,266,94,12,12,0,0,292,24,0,0,584,1,0,0,0,0,0,0,3,0,0,41,0,710,0,3,0,40,6531,25.81534221405604,1.0604982206405693,9.294135660695146,1.4196046329850616,4.976267034144848,0.24498545398866942,2.9907692307692306,0.0006411446840189857,0.0037565764662541128,0.007851244470367402,-0.005345462180768686,0.9457248708953155,0.4966856851899551,0.0014468180063891972,-0.22786498444577669,,,,,,,,,,,,,,,,,,,,,,,,,,,,,,
94,25_5_2_5_2_1,25_5_2_5_2_1_StartGoalLocations_Seed1.csv,45,5141.8787969350815,45,1.0,0,2,0,0,2,2,2,52,2,52,0.038461538461538464,0.11353211009174312,7.048267998006366,0,0,0,0.05733944954128441,0.6783256880733946,0.0,,0,,,,,7.73,0.2,1.1,0,5,0,2,0,0,1,2,105,0,90,2,13,0,8,0.8571,0.019,0,0,0,174.4,0.0,4500.0,0.0,1651.887,-682.887,3.5,0.0,0.0,0.0,1.664,-96.685,0.0,-579.0,387.0,-204.0,0.0,0.0,0.0,0.0,0.0,-14.0,0.0,0.0,3.2379,15.81647,-0.05448,0.19988,-0.22706,1.60607,0.0,0.0,-0.00803,0.06284,54.0,-192.247,4500.0,0.0,1920.675,-558.353,-0.07927,0.66627,2.58028,15.85464,0.78115,1.27902,0.09174,1.53904,0.0258,100.0,0.9742,1.45911,0.0,-2.3412,63.9205,0.0,94.5935,-39.8221,-10.304,18,12,9,39,36,29,43,148,0,105,43,0,39,80,29,0,36,3,5,0.0,0.2635135135135135,148,46,20,-4.774,6282.507,1.664,387.0,0.0,0.0,-635.607,-96.685,-783.0,0.0,-14.0,6282.507,1.664,387.0,0.0,0.0,-635.607,-96.685,-783.0,0.0,-14.0,0,28,45,45,0,0,0,0,42,5,2,0,2,0,1.0,0,6,2,1,2,440,28,28,78,78,356,112,22,22,0,0,293,46,0,0,602,0,0,0,0,0,0,0,20,0,0,21,0,305,0,1,0,10,3405,76.8575624082232,1.80741306839893,24.87518355359765,1.0989448219903886,17.53303964757709,2.8193832599118944,3.217755443886097,0.0009961391471733805,0.003723516772416505,0.007122332014312799,-0.005665609780937137,0.9479101181030274,0.5123659009283239,0.001142862323004837,-0.2215734547512098,,,,,,,,,,,,,,,,,,,,,,,,,,,,,,
95,25_5_2_5_2_1,25_5_2_5_2_1_StartGoalLocations_Seed7.csv,75,5800.104156404734,74,0.9866666666666667,6,4,6,6,13,4,1,117,4,111,0.03418803418803419,0.2590662776156732,5.7446937674610705,2,2,2,0.26416666666666666,0.72,9.0,2.0,3,2.5,14.5,9.0,26.5,8.35,1.4,4.9,0,27,0,17,0,0,3,10,223,0,160,1,62,0,11,0.7175,0.0045,6,0,0,480.0,0.0,7400.0,0.0,3326.675,-1417.862,14.0,0.0,0.0,-600.0,6.888,-625.597,0.0,-1726.5,72.0,-388.0,50.0,0.0,0.0,0.0,0.0,-446.5,0.0,-345.0,2.04225,12.3213,-0.2539,2.49995,-0.42552,0.6761,0.01042,0.5102,-0.1649,0.8038,18.0,-1870.009,7450.0,0.0,4000.781,-1760.465,-0.38584,2.6096,1.55208,12.32956,0.46673,1.44758,0.21375,1.84016,0.01583,98.02632,0.98458,1.21905,0.0,-33.6827,105.8239,0.0,189.6958,-125.0492,-49.818,176,36,84,386,226,188,213,1017,79,615,323,0,373,454,190,0,239,71,57,0.0776794493608653,0.3667649950835792,1011,322,98,-6.2,11114.069,5.352,72.0,50.0,0.0,-1311.255,-1224.061,-2114.5,0.0,-791.5,11114.069,5.352,72.0,50.0,0.0,-1311.255,-1224.061,-2114.5,0.0,-791.5,0,230,75,74,1,2,2,0,384,5,4,0,4,0,1.0,0,19,10,4,3,3200,309,309,792,792,2457,917,276,276,38,0,1661,188,0,0,964,6,0,3,5,4,1,0,53,159,2,102,0,305,0,11,0,130,15134,57.94898903132021,2.4687571265678447,34.5513413506013,1.5930125454108008,26.040703052728954,11.338707545923087,2.0784064958132453,0.0007056451510516126,0.003705612143385224,0.007484498640696984,-0.0034486167166073757,0.9716861034929752,0.4922113028168678,0.0013265123481687624,-0.21550412555690854,,,,,,,,,,,,,,,,1.0,9.0,5.0,0.0,2.0,,,,,,,,,,
96,25_5_2_5_2_1,25_5_2_5_2_1_StartGoalLocations_Seed6.csv,45,4600.872082203627,45,1.0,2,0,2,2,3,0,0,87,1,85,0.011494252873563218,0.1566265060240964,6.648604531471137,1,1,1,0.10129406514948684,0.6974564926372155,0.0,1.0,1,12.0,25.0,0.0,0.0,9.0,0.0,2.1,0,4,0,4,0,0,0,2,99,0,93,0,6,0,2,0.9394,0.0,2,1,0,224.1,0.0,4500.0,0.0,1996.644,-833.205,0.0,0.0,0.0,-200.0,2.315,-168.482,0.0,-824.5,0.0,-56.0,25.0,0.0,0.0,0.0,0.0,-65.0,0.0,0.0,2.62719,14.00944,-0.16339,2.11608,-0.3929,0.3745,0.01116,0.52799,-0.029,0.11688,0.0,-513.599,4525.0,0.0,2405.59,-653.013,-0.22918,2.1863,2.01919,14.03585,0.78205,1.25443,0.12762,1.7958,0.02053,98.36957,0.97992,1.39281,0.0,-10.2607,64.2756,0.0,114.094,-51.326,-10.943,43,9,18,69,43,104,67,283,10,142,131,0,68,111,104,0,58,0,8,0.0353356890459364,0.24028268551236748,283,120,39,-13.568,6660.644,2.0,0.0,25.0,0.0,-773.105,-368.167,-880.5,0.0,-65.0,6660.644,2.0,0.0,25.0,0.0,-773.105,-368.167,-880.5,0.0,-65.0,0,53,45,45,0,1,1,0,91,5,0,0,0,0,,0,0,2,0,0,1216,72,72,142,142,918,212,141,141,20,0,367,23,0,0,632,0,0,2,4,4,0,0,35,19,2,31,0,305,0,0,0,0,4931,68.07949705941999,2.4542746499851056,33.15757452849321,1.4798394716051422,21.45609409856013,2.6972216588927194,3.101134215500945,0.0006338573817198554,0.0037306236313031007,0.007966631223864266,-0.0016787223251795741,0.9882271385898715,0.4869017585817921,0.0015429730884582234,-0.21106583132457576,,,,,,,,,,,,,,,,,,,,,,,,,,,,,,
97,25_5_2_5_2_1,25_5_2_5_2_1_StartGoalLocations_Seed0.csv,75,6764.205542176962,74,0.9866666666666667,2,4,2,2,15,4,2,132,4,130,0.030303030303030304,0.1915915915915916,6.236010674501324,0,0,0,0.13629540678474933,0.6724707295106575,1.5,,1,,,,,6.47,0.1,2.2,0,17,0,8,0,0,1,5,534,0,338,40,156,0,53,0.633,0.0749,3,0,0,333.1,0.0,7400.0,0.0,2753.922,-1409.005,31.5,0.0,0.0,-200.0,2.2,-328.511,0.0,-1233.5,288.0,-472.0,0.0,0.0,0.0,0.0,0.0,-56.5,0.0,-345.0,2.73477,14.73391,-0.158,1.74589,-0.42555,1.12603,0.0,0.0,-0.12053,0.94257,36.0,-915.209,7400.0,0.0,3097.31,-1603.619,-0.26395,1.87742,2.22156,14.73839,0.44842,1.65865,0.17202,1.66005,0.02222,100.0,0.97778,1.44333,0.0,-14.4034,105.1136,0.0,157.2908,-101.5813,-21.538,53,11,11,195,77,182,105,562,67,277,218,0,195,184,183,0,71,20,70,0.11921708185053381,0.3469750889679715,562,213,66,-15.602,10414.922,2.136,273.0,0.0,0.0,-1305.405,-528.448,-1690.5,0.0,-401.5,10414.922,2.136,273.0,0.0,0.0,-1305.405,-528.448,-1690.5,0.0,-401.5,0,50,75,74,1,0,0,0,221,5,4,0,4,0,1.0,0,15,6,2,3,3200,476,476,213,213,787,199,83,83,20,0,1015,138,0,0,828,6,1,0,0,0,0,0,38,0,0,41,0,305,0,2,0,25,8161,55.03002083078054,2.965486528612781,20.57345913490994,1.275052130221766,13.160151942163951,3.725033696850876,2.4022346368715084,0.0007979685424470517,0.0034357584628742187,0.007552295458153822,-0.0008100349131082396,1.0074670035392046,0.4667997156642377,0.0016448419321022812,-0.22346756478771568,,,,,,,,,,,,,,,,1.0,1.5,1.0,15.0,24.0,,,,,,,,,,
98,25_5_2_5_2_1,25_5_2_5_2_1_StartGoalLocations_Seed3.csv,25,1294.220315605402,25,1.0,2,12,1,2,4,11,0,202,13,200,0.06435643564356436,0.3343035343035343,5.270413716245837,2,2,2,0.29842061512884455,0.6097256857855362,0.0,2.0,2,7.5,13.5,70.0,59.0,11.3,14.5,15.7,0,20,0,20,0,0,9,7,115,0,111,2,2,0,8,0.9652,0.0174,11,1,0,240.6,0.0,2500.0,0.0,1606.699,-688.554,14.0,0.0,0.0,-200.0,1.714,-370.738,0.0,-974.5,12.0,-632.0,50.0,0.0,0.0,0.0,0.0,-265.0,0.0,0.0,1.52649,10.16267,-0.2365,2.04964,-0.66272,0.92946,0.02078,0.72049,-0.11014,0.20722,2.377,-1185.097,2550.0,0.0,2041.361,-562.694,-0.49157,2.22642,1.05985,10.16382,0.61457,1.14726,0.33791,1.46061,0.01122,94.44444,0.98919,1.09414,0.0,-18.1537,36.2216,0.0,92.6114,-54.4888,-23.171,285,53,205,492,51,148,106,800,16,436,348,0,491,160,149,0,108,380,20,0.02,0.61375,799,190,27,-5.805,4307.902,1.56,12.0,50.0,0.0,-635.157,-570.584,-1606.5,0.0,-265.0,4307.902,1.56,12.0,50.0,0.0,-635.157,-570.584,-1606.5,0.0,-265.0,0,74,25,25,0,2,2,0,680,5,11,2,9,0,0.8181818181818182,4,41,13,10,8,1348,356,356,2026,2026,842,298,332,332,47,0,1209,15,0,0,411,13,1,1,5,3,2,0,153,94,4,65,0,305,0,27,7,590,5416,73.11669128508125,2.5113636363636362,48.28286558345643,2.934108536660913,32.18242245199409,8.290251107828656,2.3562822719449223,0.0008095794127573009,0.0032108908188211503,0.008020279917987589,-0.0005177429702544626,1.0217057470044326,0.44941564549855023,0.0016730946075179524,-0.2300832793779826,,,,,,,,,,,,,,,,,,,,,,,,,,,,,,
99,50_5_5_10_5_2,50_5_5_10_5_2_StartGoalLocations_Seed8.csv,45,6321.675890803337,45,1.0,0,1,0,0,10,1,1,13,2,13,0.15384615384615385,0.019456830158086746,9.118729399520953,2,2,2,0.014187271990271585,0.8204296716659911,0.0,2.0,2,3.0,18.5,0.0,0.0,18.49,0.0,0.2,0,2,0,0,0,0,0,0,136,0,112,2,22,0,0,0.8235,0.0147,2,1,0,246.7,0.0,4500.0,0.0,3015.474,-409.974,0.0,0.0,0.0,0.0,0.8,-9.824,0.0,-230.5,333.0,-1116.0,50.0,0.0,0.0,0.0,0.0,-58.0,0.0,0.0,2.98022,13.27361,-0.00366,0.0524,-0.41082,1.72441,0.02027,0.71153,-0.02351,0.10584,18.0,-76.52,4550.0,0.0,3825.625,-307.168,-0.02372,0.33276,1.84435,13.39824,1.42621,1.05254,0.09323,0.41096,0.01905,96.80851,0.98176,1.70636,0.0,-0.4412,64.6307,0.0,172.3128,-26.7414,-2.133,1,1,0,4,2,4,16,26,3,20,3,0,4,18,4,0,2,0,0,0.11538461538461539,0.15384615384615385,26,12,6,-1.504,7734.574,0.8,333.0,50.0,0.0,-382.374,-9.824,-1346.5,0.0,-58.0,7734.574,0.8,333.0,50.0,0.0,-382.374,-9.824,-1346.5,0.0,-58.0,0,5,45,45,0,2,2,0,8,5,1,0,1,0,1.0,0,2,1,0,0,800,4,4,0,0,104,20,27,27,4,0,176,0,0,0,414,0,0,1,1,1,0,0,2,0,0,1,0,710,0,0,0,0,5241,23.02995611524518,1.028169014084507,3.7397443236023657,1.2505102226776736,2.0606754436176304,0.2671245945430261,2.962962962962963,0.0005704380564384337,0.003189217649633065,0.007663530455902219,-9.708175929517892e-05,1.0220002400875092,0.45015191242098807,0.0017447637271834537,-0.22281033432111144,,,,,,,,,,,,,,,,,,,,,,,,,,,,,,
100,25_5_2_5_2_1,25_5_2_5_2_1_StartGoalLocations_Seed7.csv,75,2791.3373552262783,73,0.9733333333333334,11,40,10,11,45,39,6,354,40,343,0.11299435028248588,0.27722772277227725,5.391593117860391,5,5,4,0.31259370314842577,0.6872563718140929,8.924999237060547,5.0,7,4.41,12.6,56.6,44.8,7.51,4.2,5.2,1,123,0,53,0,0,24,13,677,0,542,8,127,0,69,0.8006,0.0118,28,0,0,667.0,0.0,7300.0,0.0,4183.782,-2199.978,80.5,0.0,0.0,-1100.0,6.385,-951.352,0.0,-2354.5,691.0,-2292.0,125.0,0.0,0.0,0.0,0.0,-674.5,0.0,-690.0,1.50394,10.43538,-0.30659,2.87021,-0.59303,1.4162,0.01874,0.68423,-0.20457,0.95547,129.0,-3715.196,7425.0,0.0,5096.68,-2720.595,-0.53766,3.05188,1.11319,10.42471,0.35623,1.54458,0.28456,2.02539,0.01169,95.19231,0.98861,1.18551,0.0,-60.3422,105.4687,0.0,240.74,-200.7511,-87.236,257,44,143,801,305,354,282,1743,241,968,534,0,801,589,353,0,218,375,132,0.13826735513482502,0.459552495697074,1739,551,120,-10.271,12063.716,4.958,666.5,125.0,0.0,-2032.411,-2049.925,-4622.0,0.0,-1364.5,12063.716,4.958,666.5,125.0,0.0,-2032.411,-2049.925,-4622.0,0.0,-1364.5,0,330,75,73,2,5,5,0,625,5,39,0,39,0,1.0,0,129,50,27,6,3200,549,549,1438,1438,3040,1307,382,382,16,0,1941,169,0,0,1362,6,1,4,11,9,0,0,94,33,7,132,0,305,0,69,8,1155,18962,68.31030482016665,2.4791168069173164,33.0925007910558,1.8667301059222643,22.33414196814682,4.867629996835777,2.633293978748524,0.0007390446061799594,0.002999046416953206,0.008258268063655124,-0.0004574803839875585,1.0211232908815147,0.4528364321612753,0.0025928367752203487,-0.2218372345296666,,,,,,,,,,,,,,,,2.0,8.92,14.5,15.0,21.0,43.85,43.85,0.0,0.0,0.0,,,,,
101,50_5_5_10_5_2,50_5_5_10_5_2_StartGoalLocations_Seed6.csv,75,8833.70734848082,75,1.0,0,4,0,0,7,4,1,81,6,81,0.07407407407407407,0.10249671484888305,8.35026419782816,1,1,1,0.04161191414805081,0.7623740692071835,0.0,1.0,1,5.36,17.0,0.0,1.0,17.59,0.1,1.6,0,19,0,7,0,0,1,7,173,0,152,2,19,0,13,0.8786,0.0116,18,2,0,456.6,0.0,7500.0,0.0,4949.33,-1038.393,42.0,0.0,0.0,0.0,3.2,-255.03,0.0,-1672.0,540.0,-1604.0,25.0,0.0,0.0,0.0,0.0,-113.0,0.0,0.0,2.60831,12.64698,-0.05515,0.20246,-0.59921,1.51186,0.00548,0.36993,-0.02475,0.10845,18.0,-602.575,7525.0,0.0,6431.459,-724.505,-0.12803,0.58317,1.64805,12.71528,1.24988,1.15911,0.08235,1.65047,0.01664,99.01316,0.98314,1.59411,0.0,-5.4957,106.8892,0.0,285.2189,-65.7939,-13.503,40,13,12,91,85,97,87,360,15,226,119,0,86,176,98,0,81,1,7,0.041666666666666664,0.2388888888888889,360,130,28,-4.255,12872.63,3.2,510.0,25.0,0.0,-963.093,-255.03,-3246.0,0.0,-113.0,12872.63,3.2,510.0,25.0,0.0,-963.093,-255.03,-3246.0,0.0,-113.0,0,88,75,75,0,1,1,0,87,5,4,0,4,0,1.0,0,20,4,1,2,1204,140,140,118,118,897,348,42,42,4,0,389,59,0,0,1085,0,0,0,2,2,0,0,48,4,2,45,0,710,0,1,0,10,9295,34.878967186659494,1.1579272054287477,12.296933835395373,1.3430446376820353,7.487896718665949,1.0973641742872513,2.5545977011494254,0.0008068585520717733,0.0029494781441602893,0.008419187773526507,-0.000315393153621312,1.0195292592840732,0.4500393978911034,0.002799202807161004,-0.2177800948784201,,,,,,,,,,,,,,,,,,,,,,,,,,,,,,
102,50_5_5_10_5_2,50_5_5_10_5_2_StartGoalLocations_Seed7.csv,45,4537.542664498091,45,1.0,0,0,0,0,36,0,0,11,0,11,0.0,0.012422360248447204,9.455265638620958,2,1,2,0.009316770186335404,0.8062888198757764,0.0,1.0,2,7.0,39.0,0.0,0.0,17.86,0.0,0.0,0,0,0,0,0,0,0,0,100,0,95,1,4,0,2,0.95,0.01,0,0,0,257.6,0.0,4500.0,0.0,3081.105,-490.455,14.0,0.0,0.0,0.0,0.073,-19.28,0.0,-91.5,0.0,-2672.0,25.0,0.0,0.0,0.0,0.0,-67.0,0.0,0.0,2.85802,13.00719,-0.00746,0.08573,-1.07279,1.73665,0.0097,0.49247,-0.02601,0.11103,0.0,-173.504,4525.0,0.0,3987.804,-323.692,-0.06735,0.30622,1.7566,13.10902,1.4224,1.0864,0.26786,0.25146,0.01786,98.36957,0.98253,1.70348,0.0,-0.3997,64.2756,0.0,176.8632,-31.8546,-2.709,0,0,0,0,0,9,13,22,1,4,17,0,0,13,9,0,0,0,9,0.045454545454545456,0.0,22,16,2,-0.703,7819.405,0.073,0.0,25.0,0.0,-457.155,-19.28,-2763.5,0.0,-67.0,7819.405,0.073,0.0,25.0,0.0,-457.155,-19.28,-2763.5,0.0,-67.0,0,7,45,45,0,1,1,0,4,5,0,0,0,0,,0,0,0,0,0,1208,8,8,0,0,152,28,4,4,0,0,36,4,0,0,355,0,0,0,0,0,0,0,0,0,0,0,0,710,0,0,0,0,5809,11.774832156997762,1.0043859649122806,4.131520055086934,1.63000002472351,3.0986400413152007,0.8607333448097779,2.611111111111111,0.0008020133893947088,0.002872544851937387,0.008804560384546585,0.0020866471088041767,1.0317995100226622,0.4273645286725846,0.0029348896512613686,-0.23392179489925208,1.0,29.5,37.7,0.0,0.0,,,,,,,,,,,,,,,,,,,,,,,,,
103,25_5_2_5_2_1,25_5_2_5_2_1_StartGoalLocations_Seed5.csv,25,1738.7813165187836,24,0.96,1,1,1,1,29,1,0,64,4,63,0.0625,0.11032343819229065,7.632725093974231,2,2,1,0.2583074878156845,0.7368187859991139,11.0,2.0,3,8.25,19.5,0.0,3.0,10.32,0.0,1.3,0,4,0,4,0,0,0,2,61,0,59,0,2,0,2,0.9672,0.0,10,3,0,225.7,0.0,2400.0,0.0,1719.556,-885.448,0.0,0.0,0.0,-100.0,1.784,-138.811,0.0,-532.0,0.0,-480.0,50.0,0.0,0.0,0.0,0.0,-177.0,0.0,-345.0,1.53292,10.29429,-0.10502,1.5004,-0.44838,0.93384,0.02215,0.74387,-0.23128,1.19709,0.0,-497.408,2450.0,0.0,2112.463,-1097.143,-0.22038,1.64791,1.08551,10.2816,0.44985,1.77086,0.10368,2.12567,0.01152,94.23077,0.98937,1.43735,0.0,-5.977,34.8011,0.0,98.0032,-80.1684,-7.013,13,4,1,41,113,17,25,196,14,152,30,0,38,141,17,0,25,0,6,0.07142857142857142,0.19387755102040816,196,53,20,-1.619,4284.356,1.752,0.0,50.0,0.0,-824.548,-238.779,-1012.0,0.0,-522.0,4284.356,1.752,0.0,50.0,0.0,-824.548,-238.779,-1012.0,0.0,-522.0,0,74,25,24,1,1,1,0,25,5,1,0,1,0,1.0,0,2,2,0,0,3200,4,4,61,61,615,296,28,28,4,0,400,12,0,0,445,3,0,0,2,2,0,0,5,75,2,13,0,305,0,0,0,0,7169,33.4077277165574,1.727348643006263,17.01771516250523,1.5920696976487754,10.112986469521552,1.0880178546519739,2.7875862068965516,0.0008884539946257064,0.0028682036031386815,0.00880253212118987,0.0017780769312594202,1.0359488155692815,0.42298925600596704,0.003176738718393608,-0.23452596299815923,,,,,,,,,,,,,,,,1.0,11.0,11.0,0.0,6.0,,,,,,,,,,
104,50_5_5_10_5_2,50_5_5_10_5_2_StartGoalLocations_Seed8.csv,25,4076.789963245392,25,1.0,0,1,0,0,7,1,1,6,1,6,0.16666666666666666,0.012079378774805867,9.696117347638292,0,0,0,0.0,0.9499568593615185,0.0,,0,,,,,21.52,0.0,0.0,0,2,0,1,0,0,0,1,50,0,50,0,0,0,2,1.0,0.0,0,0,0,115.9,0.0,2500.0,0.0,1621.05,-43.5,14.0,0.0,0.0,0.0,0.0,-6.16,0.0,-45.0,162.0,-232.0,0.0,0.0,0.0,0.0,0.0,-9.5,0.0,0.0,3.63024,14.33374,-0.00531,0.05965,-0.09922,1.43814,0.0,0.0,-0.0082,0.06349,18.0,-48.8,2500.0,0.0,2144.988,-31.255,-0.02657,0.4799,2.15703,14.52757,1.82376,0.70997,0.04659,1.23704,0.02157,100.0,0.97843,1.91909,0.0,-0.2124,35.5114,0.0,93.4314,-3.0286,-1.286,0,0,0,1,0,1,10,12,1,10,1,0,1,10,1,0,0,0,0,0.08333333333333333,0.08333333333333333,12,8,2,0.64,4248.05,0.0,162.0,0.0,0.0,-40.6,-6.16,-277.0,0.0,-9.5,4248.05,0.0,162.0,0.0,0.0,-40.6,-6.16,-277.0,0.0,-9.5,0,5,25,25,0,0,0,0,1,5,1,0,1,0,1.0,0,2,1,0,0,432,0,0,5,5,31,19,0,0,0,0,0,0,0,0,131,0,0,0,0,0,0,0,0,0,0,0,0,710,0,0,0,0,2281,5.2170100832968,1.0084033613445378,2.9811486190267424,1.138235313050887,1.5344147303814117,0.17536168347216133,2.914285714285714,0.0008376593579871244,0.0029112259249409866,0.010552126392549663,0.005690845616199012,1.074956786301401,0.3714101756060565,0.0038856327128424135,-0.23074602232211167,,,,,,,,,,,,,,,,,,,,,,,,,,,,,,
105,50_5_5_10_5_2,50_5_5_10_5_2_StartGoalLocations_Seed2.csv,75,8706.543643325567,75,1.0,0,0,0,0,16,0,0,69,2,69,0.028985507246376812,0.08078408078408078,8.375212828554313,1,1,1,0.03267003267003267,0.8134838134838135,0.0,1.0,1,9.5,46.0,0.0,2.0,13.91,0.0,1.0,0,0,0,0,0,0,0,0,171,0,155,9,7,0,0,0.9064,0.0526,4,2,0,336.7,0.0,7500.0,0.0,3835.21,-682.21,0.0,0.0,0.0,0.0,0.0,-169.656,0.0,-1383.5,0.0,-680.0,25.0,0.0,0.0,0.0,0.0,-75.0,0.0,0.0,3.26394,14.65345,-0.05039,0.18561,-0.61286,0.89997,0.00743,0.43078,-0.02228,0.10316,0.0,-373.573,7525.0,0.0,4833.883,-472.565,-0.11095,0.43227,2.23493,14.76282,1.29531,1.07557,0.08346,1.32944,0.02257,99.01316,0.97772,1.61192,0.0,-3.9291,106.8892,0.0,219.1549,-43.2692,-6.768,34,31,28,74,84,45,60,264,4,213,47,0,73,146,45,0,69,0,2,0.015151515151515152,0.2765151515151515,264,44,10,-4.083,11624.411,0.0,0.0,25.0,0.0,-634.71,-169.656,-2063.5,0.0,-75.0,11624.411,0.0,0.0,25.0,0.0,-634.71,-169.656,-2063.5,0.0,-75.0,0,68,75,75,0,1,1,0,60,5,0,0,0,0,,0,0,0,0,0,976,40,40,148,148,504,272,46,46,0,0,348,14,0,0,686,4,2,0,0,0,0,0,34,0,0,35,0,710,0,0,0,0,6798,30.847308031774052,1.084406294706724,12.768461312150633,1.2690092351476443,6.854957340394233,0.23536334215945867,2.776824034334764,0.0009086627713288896,0.002891198032512711,0.009798591569081316,0.00479662949634508,1.0648324218441227,0.39453236719013235,0.0031240906930895002,-0.24004695738558887,,,,,,,,,,,,,,,,,,,,,,,,,,,,,,
106,50_5_5_10_5_2,50_5_5_10_5_2_StartGoalLocations_Seed7.csv,75,9521.479729056358,75,1.0,0,0,0,0,3,0,0,48,3,48,0.0625,0.03825597749648382,8.755260408042018,0,0,0,0.006751054852320675,0.8149085794655415,0.0,,0,,,,,15.59,0.0,0.1,0,0,0,0,0,0,0,0,152,0,148,1,3,0,1,0.9737,0.0066,6,3,0,355.5,0.0,7500.0,0.0,4215.9,-819.9,0.0,0.0,0.0,0.0,0.12,-76.64,0.0,-870.5,0.0,-760.0,0.0,0.0,0.0,0.0,0.0,-23.0,0.0,0.0,3.16498,14.27179,-0.02152,0.12834,-0.45865,0.95635,0.0,0.0,-0.00647,0.05651,0.0,-157.56,7500.0,0.0,5163.722,-635.849,-0.04432,0.28996,2.1097,14.37079,1.27366,1.12868,0.0436,1.01652,0.0211,100.0,0.9789,1.66654,0.0,-1.4477,106.5341,0.0,240.9086,-48.1657,-2.657,4,1,0,10,38,40,7,96,8,44,44,0,10,45,41,0,2,0,1,0.08333333333333333,0.10416666666666667,96,8,8,-1.96,12013.801,0.12,0.0,0.0,0.0,-762.3,-76.64,-1630.5,0.0,-23.0,12013.801,0.12,0.0,0.0,0.0,-762.3,-76.64,-1630.5,0.0,-23.0,0,19,75,75,0,0,0,0,28,5,0,0,0,0,,0,0,0,0,0,488,4,4,0,0,100,76,0,0,0,0,352,110,0,0,892,1,0,0,0,0,0,0,1,0,0,2,0,710,0,0,0,0,7206,25.256730502359144,1.3362637362637362,3.164029975020816,0.608771934713188,1.9150707743547044,0.0,4.601449275362318,0.0006287143125041811,0.0028702441572410163,0.009978765617964453,0.005370323548258519,1.0644926394595475,0.3915645263966967,0.0029497142169303946,-0.22818097163785678,,,,,,,,,,,,,,,,,,,,,,,,,,,,,,
107,25_5_2_5_2_1,25_5_2_5_2_1_StartGoalLocations_Seed0.csv,75,5614.639991432428,74,0.9866666666666667,4,5,4,4,49,5,1,146,6,142,0.0410958904109589,0.2335970218706375,6.046955030967935,0,0,0,0.1365751512331317,0.6063285248953001,21.5,,1,,,,,6.92,0.8,2.7,0,24,0,9,0,0,3,6,212,0,137,2,73,0,38,0.6462,0.0094,9,1,0,429.8,0.0,7400.0,0.0,3306.535,-1891.269,21.0,0.0,0.0,-400.0,3.496,-584.922,0.0,-1666.5,36.0,-612.0,0.0,0.0,0.0,0.0,0.0,-82.5,0.0,-345.0,2.1559,13.02705,-0.22834,2.16657,-0.52175,0.76377,0.0,0.0,-0.09946,0.84082,18.0,-1721.614,7400.0,0.0,4191.521,-1634.149,-0.39637,2.31173,1.72173,13.00803,0.59501,1.49399,0.2194,1.84477,0.01722,100.0,0.98278,1.37918,0.0,-25.9079,105.1136,0.0,187.9258,-130.2821,-42.14,67,10,12,245,199,264,184,898,78,510,310,0,244,389,265,0,145,47,79,0.08685968819599109,0.2717149220489978,896,408,63,-14.312,11015.962,2.888,36.0,0.0,0.0,-1749.896,-984.314,-2278.5,0.0,-427.5,11015.962,2.888,36.0,0.0,0.0,-1749.896,-984.314,-2278.5,0.0,-427.5,0,222,75,74,1,0,0,0,290,5,5,0,5,0,1.0,0,19,9,3,3,3200,583,583,447,447,1885,884,109,109,12,0,1095,45,0,0,1091,8,1,5,6,6,0,0,46,50,1,60,2,305,0,8,0,85,8524,73.04082590333176,3.813202698361709,34.608165180666354,1.8651885828781494,24.084936649460346,5.07977475363679,2.5289819775937654,0.0008398307199286136,0.0027457897157000845,0.00945029482303653,0.004739253182521282,1.0713943261653185,0.3912642160395626,0.0038250774360494687,-0.25955529387574644,,,,,,,,,,,,,,,,1.0,21.5,9.0,25.0,17.0,,,,,,,,,,
108,25_5_2_5_2_1,25_5_2_5_2_1_StartGoalLocations_Seed0.csv,25,3044.792574957013,25,1.0,1,0,1,1,3,0,0,36,0,35,0.0,0.08377760853008377,7.790440392693943,2,2,2,0.057882711348057884,0.7029702970297029,0.0,2.0,2,2.35,24.5,0.0,6.0,9.67,0.0,1.4,0,2,0,1,0,0,0,1,110,0,85,16,9,0,3,0.7727,0.1455,0,0,0,131.3,0.0,2500.0,0.0,1306.354,-469.961,7.0,0.0,0.0,-100.0,0.499,-34.4,0.0,-283.0,0.0,-40.0,50.0,0.0,0.0,0.0,0.0,-23.0,0.0,0.0,2.64638,13.63678,-0.10198,1.95142,-0.246,0.41123,0.03808,0.97497,-0.01752,0.09193,0.0,-181.277,2550.0,0.0,1552.984,-389.647,-0.13806,2.00258,1.94212,13.69613,0.88601,1.29508,0.06093,2.26596,0.02056,94.44444,0.97944,1.5106,0.0,-4.0995,36.2216,0.0,75.0488,-28.1692,-4.614,15,14,11,36,0,16,18,70,6,44,20,0,35,18,17,0,33,0,4,0.08571428571428572,0.5,70,21,5,-0.624,3912.454,0.4,0.0,50.0,0.0,-437.76,-134.301,-323.0,0.0,-23.0,3912.454,0.4,0.0,50.0,0.0,-437.76,-134.301,-323.0,0.0,-23.0,0,8,25,25,0,2,2,0,26,5,0,0,0,0,,0,0,1,0,0,624,24,24,83,83,128,32,0,0,0,0,68,0,0,0,398,0,0,0,2,2,0,0,15,19,2,15,0,305,0,0,0,0,2772,54.14862914862915,1.3784143904063957,13.528138528138529,1.3002833488744994,10.894660894660895,3.1746031746031744,2.5231788079470197,0.0009218638605932192,0.0026479762432595286,0.009306625492918568,0.004316246604829734,1.0685427032220058,0.4066640270444063,0.00373707075143615,-0.26777929301636344,,,,,,,,,,,,,,,,,,,,,,,,,,,,,,
109,25_5_2_5_2_1,25_5_2_5_2_1_StartGoalLocations_Seed5.csv,45,4198.849136441946,44,0.9777777777777777,0,6,0,0,26,6,3,86,6,86,0.06976744186046512,0.18348982785602505,6.492690207206401,1,0,0,0.09546165884194054,0.613849765258216,0.0,,1,,,,,8.68,0.9,3.4,0,16,0,7,0,0,2,5,103,0,83,2,18,0,7,0.8058,0.0194,4,0,0,255.6,0.0,4400.0,0.0,2017.86,-924.517,3.5,0.0,0.0,0.0,0.844,-193.438,0.0,-817.0,567.0,-976.0,0.0,0.0,0.0,0.0,0.0,-135.0,0.0,0.0,2.25056,13.00747,-0.07535,0.23064,-0.47966,1.80261,0.0,0.0,-0.05282,0.15368,69.4,-520.192,4400.0,0.0,2484.403,-784.36,-0.17637,0.79971,1.72144,13.00695,0.66512,1.24101,0.16823,1.37114,0.01721,100.0,0.98279,1.30126,0.0,-4.8579,62.5,0.0,115.5063,-60.5438,-20.126,56,10,20,102,63,68,64,297,3,179,115,0,100,129,68,0,69,31,4,0.010101010101010102,0.3367003367003367,297,89,30,-4.301,6609.6,0.844,538.0,0.0,0.0,-857.157,-193.438,-1764.0,0.0,-135.0,6609.6,0.844,538.0,0.0,0.0,-857.157,-193.438,-1764.0,0.0,-135.0,0,56,45,44,1,0,0,0,92,5,6,0,6,0,1.0,0,18,6,2,2,1104,84,84,200,200,626,223,30,30,0,0,1079,57,0,0,694,0,0,1,4,4,0,0,41,61,3,52,0,305,0,4,0,40,5071,72.25399329520805,2.3447052401746724,26.267008479589826,0.8694819933287352,15.361861565766121,1.6170380595543286,3.2657252888318355,0.0006646199427200042,0.0027019109630086664,0.00962830458909435,0.004836797786801849,1.0720489975334941,0.3935745522055937,0.004220394344251279,-0.28375351528866566,1.0,4.24,5.0,0.0,3.0,,,,,,,,,,,,,,,,,,,,,,,,,
110,25_5_2_5_2_1,25_5_2_5_2_1_StartGoalLocations_Seed7.csv,75,6781.698164105415,75,1.0,2,8,2,2,3,8,2,143,10,141,0.06993006993006994,0.18436317780580075,5.9556203368783445,0,0,0,0.12938209331651954,0.5964691046658259,0.0,,0,,,,,7.29,1.1,3.3,0,22,0,12,0,0,4,5,207,0,140,1,66,0,23,0.6763,0.0048,10,2,0,396.5,0.0,7500.0,0.0,3269.389,-1715.292,24.5,0.0,0.0,-200.0,6.148,-320.047,0.0,-1735.5,409.0,-768.0,0.0,0.0,0.0,0.0,0.0,-85.0,0.0,0.0,2.38968,13.6303,-0.12961,1.60115,-0.52825,1.24697,0.0,0.0,-0.02144,0.10129,54.0,-926.889,7500.0,0.0,3800.719,-1481.745,-0.22015,1.74612,1.89155,13.62267,0.58486,1.30981,0.1425,1.73609,0.01892,100.0,0.98108,1.35796,0.0,-14.8024,106.5341,0.0,188.2223,-102.8738,-36.221,87,12,42,216,56,126,145,547,24,254,269,0,214,207,126,0,144,63,51,0.043875685557586835,0.3912248628884826,547,185,48,1.49,11068.132,5.828,384.5,0.0,0.0,-1593.035,-519.727,-2479.0,0.0,-85.0,11068.132,5.828,384.5,0.0,0.0,-1593.035,-519.727,-2479.0,0.0,-85.0,0,96,75,75,0,0,0,0,183,5,8,0,8,0,1.0,0,22,10,4,2,696,192,192,293,293,1339,383,218,218,12,0,1422,42,0,0,1559,8,0,3,8,8,0,0,59,117,5,69,0,305,0,8,0,80,7849,85.1063829787234,2.8330838323353293,37.55892470378392,1.357182854784304,24.89489106892598,4.319021531405275,2.8705220061412486,0.0008312414147753613,0.0026652262855224825,0.009283064409619433,0.006655079448670409,1.0825355337269005,0.388517642803169,0.004941690671016815,-0.28365557317504253,,,,,,,,,,,,,,,,,,,,,,,,,,,,,,
111,50_5_5_10_5_2,50_5_5_10_5_2_StartGoalLocations_Seed8.csv,75,8048.009900569916,75,1.0,1,11,1,1,79,11,3,102,12,101,0.11764705882352941,0.029331082506857988,8.569479415457721,3,3,3,0.07638742350706901,0.7476260814517831,0.0,3.0,3,12.33,29.0,26.7,3.0,16.06,0.0,0.5,0,22,0,8,0,0,5,5,191,0,158,6,27,0,7,0.8272,0.0314,2,1,0,473.9,0.0,7500.0,0.0,5015.437,-1279.341,3.5,0.0,0.0,-100.0,1.392,-66.378,0.0,-942.5,342.0,-2780.0,75.0,0.0,0.0,0.0,0.0,-195.0,0.0,0.0,2.47172,12.43478,-0.03481,1.03119,-0.71334,1.62707,0.01583,0.62881,-0.04115,0.13741,54.0,-699.779,7575.0,0.0,6477.122,-925.327,-0.13627,1.23342,1.59844,12.49407,1.17151,1.2317,0.1494,1.06466,0.01646,97.11538,0.98417,1.58715,0.0,-6.4237,107.5994,0.0,286.7964,-84.2481,-11.331,16,11,8,90,0,41,85,216,13,144,59,0,90,85,41,0,36,44,19,0.06018518518518518,0.4166666666666667,216,51,11,1.792,12906.437,1.36,342.0,75.0,0.0,-1192.941,-166.346,-3722.5,0.0,-195.0,12906.437,1.36,342.0,75.0,0.0,-1192.941,-166.346,-3722.5,0.0,-195.0,0,19,75,75,0,3,3,0,91,5,11,0,11,0,1.0,0,25,12,5,5,2352,228,228,122,122,462,73,15,15,0,0,300,0,0,0,932,0,0,2,3,2,0,0,13,85,1,20,0,710,0,5,0,80,11528,34.30777238029147,1.436156763590392,19.62179042331714,1.4720380377521776,13.957321304649549,3.6259541984732824,2.415164698570541,0.0009235207970075145,0.0026086312997848633,0.009666293567255596,0.007437554551177614,1.0965021159373174,0.3863701939988298,0.005413694537266912,-0.3251044015355763,,,,,,,,,,,,,,,,,,,,,,,,,,,,,,
112,25_5_2_5_2_1,25_5_2_5_2_1_StartGoalLocations_Seed8.csv,75,612.6927977800369,74,0.9866666666666667,15,35,14,15,37,34,0,405,37,390,0.09135802469135802,0.3802203781798395,4.228855712086656,0,0,0,0.34094616639477976,0.6068515497553018,23.5,,1,,,,,8.54,14.5,16.1,0,176,0,89,0,0,30,25,206,0,140,1,65,0,26,0.6796,0.0049,44,2,0,735.6,0.0,7400.0,0.0,4256.209,-2164.175,14.0,0.0,0.0,-1500.0,13.895,-1482.836,0.0,-3033.0,52.0,-2520.0,0.0,0.0,0.0,0.0,0.0,-814.0,0.0,-345.0,1.39228,10.00825,-0.40361,3.18821,-0.74782,1.02542,0.0,0.0,-0.15756,0.66653,1.72,-5465.264,7400.0,0.0,5593.49,-2114.033,-0.74273,3.35611,1.00598,9.97929,0.47301,1.2661,0.40198,1.84883,0.01006,100.0,0.98994,1.05843,0.0,-89.1508,105.1136,0.0,242.7358,-188.6195,-106.372,747,48,537,1676,365,359,488,2890,301,1688,901,0,1665,865,360,0,443,1070,158,0.1041522491349481,0.5761245674740484,2869,710,115,3.102,12241.828,12.105,52.0,0.0,0.0,-2000.194,-2981.047,-5553.0,0.0,-1159.0,12241.828,12.105,52.0,0.0,0.0,-2000.194,-2981.047,-5553.0,0.0,-1159.0,0,421,75,74,1,0,0,0,1656,5,34,0,34,0,1.0,0,180,49,34,7,3200,696,696,4703,4703,4270,1668,1073,1073,56,0,2392,210,0,0,1291,14,1,5,15,13,2,0,190,202,10,193,5,305,0,130,15,2150,15105,89.02350215160543,3.397412062170001,60.77457795431976,2.7309545614593307,42.939424031777556,8.103277060575968,2.49645390070922,0.0009312054223482847,0.002452704677853035,0.009237124453065917,0.01009808023669052,1.1047472719848157,0.37994514285674086,0.006696562580764294,-0.3532438897807151,,,,,,,,,,,,,,,,1.0,23.5,18.0,208.0,186.0,,,,,,,,,,
113,50_5_5_10_5_2,50_5_5_10_5_2_StartGoalLocations_Seed4.csv,25,3867.4999960660934,25,1.0,0,0,0,0,7,0,0,0,0,0,0.0,0.0,9.840255591054314,0,0,0,0.010862619808306708,0.8511182108626199,0.0,,0,,,,,23.96,0.0,0.0,0,0,0,0,0,0,0,0,50,0,50,0,0,0,0,1.0,0.0,0,0,0,156.5,0.0,2500.0,0.0,1998.0,-238.5,0.0,0.0,0.0,0.0,0.0,0.0,0.0,0.0,0.0,-524.0,0.0,0.0,0.0,0.0,0.0,-24.5,0.0,0.0,2.82173,12.42901,0.0,0.0,-0.33482,1.10779,0.0,0.0,-0.01565,0.08708,0.0,-28.0,2500.0,0.0,2614.305,-169.82,-0.01789,0.11315,1.59744,12.53765,1.56197,1.01382,0.08371,0.21374,0.01597,100.0,0.98403,1.80787,0.0,0.0,35.5114,0.0,114.1714,-15.0286,0.0,0,0,0,0,0,0,0,0,0,0,0,0,0,0,0,0,0,0,0,,,0,0,0,0.0,4638.6,0.0,0.0,0.0,0.0,-222.6,0.0,-524.0,0.0,-24.5,4638.6,0.0,0.0,0.0,0.0,-222.6,0.0,-524.0,0.0,-24.5,0,0,25,25,0,0,0,0,0,5,0,0,0,0,,0,0,0,0,0,488,0,0,0,0,0,0,0,0,0,0,0,0,0,0,143,0,0,0,0,0,0,0,0,0,0,0,0,710,0,0,0,0,3090,2.3300970873786406,1.0555555555555556,0.0,0.0,0.0,0.0,0.0,0.0009425096681387332,0.00228342751506716,0.009009727234875814,0.01176182657182522,1.108312228664023,0.3782658579408145,0.0064695160950488245,-0.38519633817868154,,,,,,,,,,,,,,,,,,,,,,,,,,,,,,
114,50_5_5_10_5_2,50_5_5_10_5_2_StartGoalLocations_Seed9.csv,45,5569.9998660087585,44,0.9777777777777777,0,0,0,0,14,0,0,0,0,0,0.0,0.0,9.565469613259669,1,0,0,0.004972375690607734,0.8707182320441988,0.0,,1,,,,,15.5,0.0,0.0,0,0,0,0,0,0,0,0,95,0,90,0,5,0,0,0.9474,0.0,0,0,0,181.0,0.0,4400.0,0.0,2323.5,-279.0,0.0,0.0,0.0,0.0,0.0,0.0,0.0,0.0,0.0,-1040.0,0.0,0.0,0.0,0.0,0.0,-15.5,0.0,0.0,3.6605,15.25036,0.0,0.0,-0.57459,1.40292,0.0,0.0,-0.00856,0.06487,0.0,-56.0,4400.0,0.0,2874.6,-208.265,-0.03094,0.1324,2.43094,15.40079,1.47311,0.98171,0.14365,0.21538,0.02431,100.0,0.97569,1.74568,0.0,0.0,62.5,0.0,132.7714,-16.8286,0.0,0,0,0,0,0,0,0,0,0,0,0,0,0,0,0,0,0,0,0,,,0,0,0,0.0,6885.9,0.0,0.0,0.0,0.0,-260.4,0.0,-1040.0,0.0,-15.5,6885.9,0.0,0.0,0.0,0.0,-260.4,0.0,-1040.0,0.0,-15.5,0,0,45,44,1,0,0,0,0,5,0,0,0,0,,0,0,0,0,0,412,0,0,0,0,0,0,0,0,0,0,0,0,0,0,318,0,0,0,0,0,0,0,0,0,0,0,0,710,0,0,0,0,3533,11.746391168978205,1.1012048192771084,0.5660911406736484,0.4100000083446503,0.33965468440418906,0.0,4.0,0.0011035937395453164,0.0023373848062406464,0.009087689962346577,0.012000138629499136,1.109359022483085,0.3698287658321047,0.006001475391439298,-0.3709256930403339,1.0,3.5,25.0,0.0,0.0,,,,,,,,,,,,,,,,,,,,,,,,,
115,25_5_2_5_2_1,25_5_2_5_2_1_StartGoalLocations_Seed0.csv,75,4464.630399167538,74,0.9866666666666667,4,8,4,4,147,8,3,188,8,184,0.0425531914893617,0.3642591505186925,4.943661769511158,2,2,1,0.3022300469483568,0.6598200312989045,3.5,2.0,3,2.68,8.5,0.0,11.0,7.01,2.6,8.8,0,34,0,18,0,0,6,13,244,0,159,3,82,0,39,0.6516,0.0123,20,0,0,511.2,0.0,7400.0,0.0,2927.76,-1406.09,24.5,0.0,0.0,-400.0,3.467,-1150.706,0.0,-2096.5,666.0,-1180.0,50.0,0.0,0.0,0.0,0.0,-540.0,0.0,-345.0,1.85003,11.9534,-0.30267,2.00034,-0.51066,1.39402,0.00978,0.4944,-0.17312,0.81702,99.94,-3162.214,7450.0,0.0,3524.106,-1880.832,-0.59904,2.24627,1.45736,11.95316,0.32145,1.3745,0.35622,1.79141,0.01487,98.02632,0.98552,1.07283,0.0,-37.6945,105.8239,0.0,168.7006,-130.9194,-63.923,293,27,152,698,357,389,216,1662,111,940,611,0,694,578,390,0,457,158,65,0.06678700361010831,0.4175691937424789,1662,444,88,-9.966,10746.351,3.172,638.5,50.0,0.0,-1288.981,-1550.411,-3249.0,0.0,-885.0,10746.351,3.172,638.5,50.0,0.0,-1288.981,-1550.411,-3249.0,0.0,-885.0,0,350,75,74,1,2,2,0,561,5,8,0,8,0,1.0,0,34,12,8,4,3200,578,578,981,981,2375,1398,168,168,4,0,2213,545,0,0,875,11,1,4,9,9,0,0,186,65,5,232,0,305,0,20,0,225,12988,62.711733908222975,3.3516267648864333,27.640899291653835,1.4180675677721672,18.724976901755465,3.25685247921158,2.609786184210526,0.0009330525810491964,0.002245534873363795,0.008994575245305897,0.013890017314279248,1.1119537101686001,0.36448831903748213,0.008984752661926904,-0.48443108910229055,,,,,,,,,,,,,,,,1.0,3.5,3.0,15.0,26.0,,,,,,,,,,
116,50_5_5_10_5_2,50_5_5_10_5_2_StartGoalLocations_Seed9.csv,75,6438.504814684391,73,0.9733333333333334,2,10,2,2,94,10,5,138,13,136,0.09420289855072464,0.11237016052880075,8.028177106858875,2,2,2,0.23999244712990936,0.8270392749244713,12.25,2.0,4,5.75,14.0,5.0,3.5,14.37,1.9,0.8,1,32,0,11,0,0,6,5,193,0,158,3,32,0,0,0.8187,0.0155,46,3,0,529.6,0.0,7300.0,0.0,4600.83,-1465.458,3.5,0.0,0.0,-200.0,1.147,-390.114,0.0,-1718.5,1377.0,-2548.0,50.0,0.0,0.0,0.0,0.0,-411.5,0.0,-690.0,2.07109,11.64596,-0.11121,1.38796,-0.5456,1.90735,0.00944,0.48573,-0.20799,1.07332,122.4,-1615.679,7350.0,0.0,5705.744,-1882.421,-0.28196,1.64931,1.38784,11.66832,0.72193,1.69052,0.17107,1.91841,0.01416,98.0,0.98622,1.45284,0.0,-15.9597,104.4034,0.0,260.3903,-143.969,-12.418,21,8,5,127,297,163,83,670,7,475,188,0,127,380,163,0,43,78,27,0.010447761194029851,0.18955223880597014,670,156,16,-0.688,12328.33,0.8,1284.5,50.0,0.0,-1359.858,-589.767,-4174.0,0.0,-1101.5,12328.33,0.8,1284.5,50.0,0.0,-1359.858,-589.767,-4174.0,0.0,-1101.5,0,189,75,73,2,2,2,0,142,5,10,0,10,0,1.0,0,34,12,6,4,3200,294,294,231,231,1048,754,27,27,0,0,288,22,0,0,724,0,0,0,0,0,0,0,33,0,0,21,0,710,0,16,0,195,13496,28.934499110847657,1.3377720870678618,14.15234143449911,1.448167559674195,9.743627741553052,1.0299347954949614,2.6326996197718633,0.0009804789138797786,0.002131575539824553,0.009512774808099493,0.017225224718276876,1.1170821553468704,0.3475134210567921,0.010590678499720525,-0.596159135219641,,,,,,,,,,,,,,,,2.0,12.25,11.5,10.0,9.0,44.5,44.5,0.0,0.0,0.0,,,,,
117,50_5_5_10_5_2,50_5_5_10_5_2_StartGoalLocations_Seed7.csv,25,3114.891974210739,24,0.96,0,4,0,0,31,4,3,19,5,19,0.2631578947368421,0.03565970453387672,9.065192858297122,2,1,0,0.032093734080489045,0.7294956698930208,0.0,1.0,2,1.0,16.0,0.0,0.0,21.61,0.9,0.9,0,6,0,4,0,0,2,2,114,0,76,0,38,0,0,0.6667,0.0,2,1,0,196.3,0.0,2400.0,0.0,2158.841,-556.541,0.0,0.0,0.0,0.0,0.704,-26.912,0.0,-94.0,407.0,-1352.0,25.0,0.0,0.0,0.0,0.0,-43.5,0.0,0.0,2.13887,10.96218,-0.01335,0.10138,-0.52929,2.03786,0.01274,0.56412,-0.02216,0.1029,51.036,-203.836,2425.0,0.0,2819.302,-389.587,-0.07784,0.66347,1.23535,11.00246,1.23776,1.22614,0.16811,0.77234,0.01274,97.0,0.98777,1.65492,0.0,-0.6648,34.446,0.0,123.3623,-34.288,-4.802,3,2,0,12,5,7,14,38,7,19,12,0,12,19,7,0,3,3,3,0.18421052631578946,0.3157894736842105,38,12,6,-1.408,4717.341,0.704,407.0,25.0,0.0,-518.741,-26.912,-1446.0,0.0,-43.5,4717.341,0.704,407.0,25.0,0.0,-518.741,-26.912,-1446.0,0.0,-43.5,0,10,25,24,1,1,1,0,8,5,4,0,4,0,1.0,0,8,4,2,2,960,12,12,13,13,275,38,5,5,0,0,83,4,0,0,379,0,0,0,1,1,0,0,0,1,1,1,0,710,0,2,0,20,4220,30.56872037914692,1.0511627906976744,14.57345971563981,1.0770325355504344,8.364928909952607,0.5687203791469194,3.0198300283286117,0.0011056185800043749,0.0021113361484215907,0.010673512328260889,0.020758841025720662,1.118612947066625,0.33847304428321273,0.012127444961030657,-0.6667868523548047,1.0,6.5,26.0,0.0,0.0,,,,,,,,,,,,,,,,,,,,,,,,,
118,50_5_5_10_5_2,50_5_5_10_5_2_StartGoalLocations_Seed6.csv,45,5709.770783901215,45,1.0,0,17,0,0,14,17,5,202,26,202,0.12871287128712872,0.14784567727400733,7.963209865530321,2,2,2,0.06420726555899746,0.7862573922838637,0.0,2.0,2,10.0,28.5,0.0,0.0,20.98,2.2,3.4,0,40,0,17,0,0,7,6,159,0,122,0,37,0,0,0.7673,0.0,28,9,0,355.1,0.0,4500.0,0.0,3820.679,-775.954,0.0,0.0,0.0,0.0,2.4,-336.954,0.0,-1489.5,1024.0,-1380.0,50.0,0.0,0.0,0.0,0.0,-60.0,0.0,0.0,2.22468,11.14011,-0.09421,0.25782,-0.51971,1.96646,0.01408,0.59314,-0.0169,0.09035,110.8,-957.065,4550.0,0.0,5134.074,-562.09,-0.23832,0.95807,1.28133,11.19978,1.28752,1.13957,0.16643,1.80688,0.01324,96.80851,0.98733,1.62469,0.0,-8.3041,64.6307,0.0,218.3245,-47.7688,-13.831,51,12,20,186,189,73,97,546,85,358,103,0,174,297,75,0,59,63,45,0.15567765567765568,0.31868131868131866,546,132,18,1.711,8620.179,2.4,979.0,50.0,0.0,-720.354,-336.954,-2824.5,0.0,-60.0,8620.179,2.4,979.0,50.0,0.0,-720.354,-336.954,-2824.5,0.0,-60.0,0,146,45,45,0,2,2,0,141,5,17,0,17,0,1.0,0,47,17,7,2,1008,68,68,400,400,997,579,79,79,4,0,128,19,0,0,823,0,0,0,1,1,0,0,15,17,1,33,0,710,0,15,0,150,7827,40.130318129551554,1.1986628462273161,25.60367957071675,1.914920190657803,14.833269451897278,1.8142327839529833,2.588285960378984,0.000991060253375234,0.002094502261440669,0.010430000576427177,0.02064078668176773,1.118132181583889,0.342554143068218,0.0112634089808645,-0.6378493355734954,,,,,,,,,,,,,,,,,,,,,,,,,,,,,,
119,25_5_2_5_2_1,25_5_2_5_2_1_StartGoalLocations_Seed2.csv,25,2450.1484357118607,25,1.0,1,3,1,1,62,3,3,50,4,49,0.08,0.06035502958579882,8.478277166443464,5,4,5,0.08106508875739644,0.644378698224852,0.0,4.0,5,7.5,20.25,0.0,3.2,9.55,0.0,0.1,0,10,0,4,0,0,0,4,87,0,63,0,24,0,2,0.7241,0.0,2,1,0,169.0,0.0,2500.0,0.0,1643.256,-681.69,0.0,0.0,0.0,-100.0,2.464,-47.881,0.0,-232.0,296.0,-1172.0,100.0,0.0,0.0,0.0,0.0,-27.0,0.0,0.0,2.14826,12.07403,-0.08605,1.7231,-0.65562,1.92609,0.05917,1.21482,-0.01598,0.08794,68.76,-481.784,2600.0,0.0,1974.946,-529.216,-0.24439,1.95537,1.53846,12.12606,0.85546,1.30937,0.22308,1.46033,0.01716,89.65517,0.98521,1.504,0.0,-4.6325,36.9318,0.0,93.9003,-40.4966,-7.895,1,1,0,28,2,32,40,102,10,40,52,0,28,42,32,0,22,0,8,0.09803921568627451,0.27450980392156865,102,58,14,0.607,4265.456,2.4,296.0,100.0,0.0,-634.89,-147.817,-1404.0,0.0,-27.0,4265.456,2.4,296.0,100.0,0.0,-634.89,-147.817,-1404.0,0.0,-27.0,0,25,25,25,0,3,3,0,24,5,3,0,3,0,1.0,0,8,4,0,0,1272,63,63,12,12,415,99,27,27,0,0,36,0,0,0,403,0,0,1,3,3,0,0,3,34,2,2,0,305,0,0,0,0,5275,42.99526066350711,1.281305114638448,22.274881516587676,1.4348191699567945,15.412322274881516,3.203791469194313,2.937269372693727,0.0009629401151497581,0.002055685850791633,0.011008202001663312,0.020726684167535987,1.1193018701841246,0.3320467746670141,0.013682745924254633,-0.6391081184429942,1.0,10.5,14.0,0.0,18.0,,,,,,,,,,,,,,,,,,,,,,,,,
120,50_5_5_10_5_2,50_5_5_10_5_2_StartGoalLocations_Seed5.csv,75,8697.544200666249,75,1.0,0,16,0,0,77,16,5,138,20,138,0.14492753623188406,0.09647779479326186,8.145772521291356,4,1,4,0.05245022970903522,0.761676875957121,0.0,1.0,4,8.5,36.0,0.0,1.0,16.83,1.8,0.9,0,36,0,12,0,0,5,8,212,0,176,1,35,0,7,0.8302,0.0047,22,4,0,522.4,0.0,7500.0,0.0,5599.196,-1374.362,3.5,0.0,0.0,0.0,1.6,-272.79,0.0,-2011.0,1609.0,-2796.0,25.0,0.0,0.0,0.0,0.0,-109.0,0.0,0.0,2.34509,11.85312,-0.05191,0.19581,-0.61217,2.09826,0.00479,0.34586,-0.02087,0.09999,78.6,-1042.44,7525.0,0.0,7443.135,-938.151,-0.1845,0.79961,1.44047,11.90012,1.24521,1.18721,0.12711,1.68831,0.01455,99.01316,0.98526,1.62838,0.0,-7.3094,106.8892,0.0,320.1541,-84.7635,-23.712,15,3,0,139,203,55,62,460,33,347,80,0,139,266,55,0,34,77,12,0.07173913043478261,0.30217391304347824,460,75,24,-4.35,13529.636,1.6,1512.5,25.0,0.0,-1278.902,-272.79,-4710.5,0.0,-109.0,13529.636,1.6,1512.5,25.0,0.0,-1278.902,-272.79,-4710.5,0.0,-109.0,0,137,75,75,0,1,1,0,93,5,16,0,16,0,1.0,0,41,16,5,3,2040,123,123,216,216,1303,541,23,23,0,0,729,19,0,0,1226,0,0,0,1,0,0,0,23,0,1,25,0,710,0,13,0,135,11675,40.03426124197002,1.258023106546855,21.41327623126338,1.6492000239372253,13.516059957173448,1.6873661670235547,2.8897338403041823,0.0007726365371804693,0.0020567747878422046,0.010902063480998371,0.01940937243429396,1.1166417813768574,0.33441156326044424,0.016524856999589534,-0.6594332871410776,3.0,8.0,28.33,0.0,2.7,,,,,,,,,,,,,,,,,,,,,,,,,
121,25_5_2_5_2_1,25_5_2_5_2_1_StartGoalLocations_Seed6.csv,45,1591.4289509654045,44,0.9777777777777777,1,31,1,1,126,31,3,149,31,148,0.2080536912751678,0.130298273155416,6.689350776775915,2,2,2,0.17211613915772953,0.6115616008370389,13.5,2.0,3,3.0,15.5,4.5,4.5,8.86,5.7,3.3,0,105,0,29,0,0,8,10,187,0,124,1,62,0,9,0.6631,0.0053,10,0,0,382.3,0.0,4400.0,0.0,3071.04,-1727.119,3.5,0.0,0.0,-100.0,1.67,-173.961,0.0,-1111.0,329.0,-3028.0,50.0,0.0,0.0,0.0,0.0,-161.0,0.0,-345.0,1.60338,10.70931,-0.07122,1.15502,-0.9966,1.72664,0.01308,0.57166,-0.13236,0.88053,49.6,-1508.225,4450.0,0.0,3654.762,-1736.734,-0.38154,1.59991,1.16401,10.68012,0.50171,1.63263,0.1831,2.22546,0.01203,96.73913,0.98823,1.42708,0.0,-10.9013,63.2102,0.0,174.0785,-125.9973,-23.915,48,16,27,245,53,100,104,502,3,290,209,0,244,157,101,0,50,196,15,0.00597609561752988,0.4860557768924303,502,102,25,2.333,7736.84,1.616,316.0,50.0,0.0,-1607.119,-273.908,-4126.0,0.0,-506.0,7736.84,1.616,316.0,50.0,0.0,-1607.119,-273.908,-4126.0,0.0,-506.0,0,63,45,44,1,2,2,0,210,5,31,0,31,0,1.0,0,111,32,8,5,3200,142,142,433,433,804,242,182,182,52,0,855,86,0,0,861,11,0,3,4,4,0,0,13,35,1,14,0,305,0,32,0,400,10559,50.705559238564256,3.062009712364587,27.25636897433469,1.440140745721633,20.323894308173124,2.1024718249834264,3.136533084808947,0.0008893952626294777,0.0019997345714364203,0.011814446927164681,0.02185111881874036,1.1212516286969185,0.3191201976244338,0.019021010860742534,-0.7056259151734412,,,,,,,,,,,,,,,,1.0,13.5,7.0,55.0,21.0,,,,,,,,,,
122,50_5_5_10_5_2,50_5_5_10_5_2_StartGoalLocations_Seed1.csv,75,8835.753443598747,75,1.0,0,6,0,0,27,6,6,25,10,25,0.4,0.0370099829559289,8.659756198369415,0,0,0,0.013635256878500122,0.7920623326028732,0.0,,0,,,,,18.19,0.1,0.3,0,13,0,6,0,0,1,5,191,0,159,9,23,0,10,0.8325,0.0471,14,4,0,410.7,0.0,7500.0,0.0,4780.419,-785.77,3.5,0.0,0.0,0.0,0.8,-37.395,0.0,-496.0,2243.0,-4660.0,0.0,0.0,0.0,0.0,0.0,-123.5,0.0,0.0,2.89965,13.29668,-0.00891,0.08404,-0.70928,2.96382,0.0,0.0,-0.03007,0.11887,125.636,-284.27,7500.0,0.0,6414.151,-574.815,-0.03863,0.65619,1.82615,13.38956,1.4218,1.16132,0.19893,0.50172,0.01826,100.0,0.98174,1.73337,0.0,-1.0959,106.5341,0.0,273.3668,-51.9583,-7.59,7,2,0,13,13,18,19,64,7,36,21,0,13,33,18,0,5,1,2,0.109375,0.203125,64,16,8,-1.962,12640.298,0.8,2173.0,0.0,0.0,-731.449,-37.395,-5086.0,0.0,-123.5,12640.298,0.8,2173.0,0.0,0.0,-731.449,-37.395,-5086.0,0.0,-123.5,0,15,75,75,0,0,0,0,15,5,6,0,6,0,1.0,0,14,6,1,2,644,0,0,4,4,214,57,26,26,0,0,426,34,0,0,612,2,1,1,1,1,0,0,5,0,0,3,0,710,0,1,0,10,8081,25.35577280039599,1.1644704734016593,6.137854225962133,0.9695564654896096,3.935156540032174,0.23511941591387203,3.248427672955975,0.000773589426480951,0.001975115112416585,0.012817173863628082,0.023093525765706665,1.1189582532977465,0.32624285233131844,0.018873310445443443,-0.7494988305413205,,,,,,,,,,,,,,,,,,,,,,,,,,,,,,
123,50_5_5_10_5_2,50_5_5_10_5_2_StartGoalLocations_Seed0.csv,45,4122.011892110109,44,0.9777777777777777,0,0,0,0,191,0,0,23,2,23,0.08695652173913043,0.021899441340782123,9.268269062575015,5,3,4,0.05430167597765363,0.6540782122905028,1.0,3.0,6,6.0,32.67,0.0,0.0,20.69,0.0,0.0,0,0,0,0,0,0,0,0,578,0,271,62,245,0,1,0.4689,0.1073,4,2,0,447.5,0.0,4400.0,0.0,4659.96,-1639.488,0.0,0.0,0.0,0.0,0.0,-40.96,0.0,-83.0,0.0,-3260.0,75.0,0.0,0.0,0.0,0.0,-92.0,0.0,-345.0,1.75821,9.88332,-0.00915,0.08052,-0.74704,1.5414,0.01676,0.64708,-0.09765,0.83849,0.0,-836.56,4475.0,0.0,6074.148,-1536.31,-0.18694,0.62187,1.0,9.88651,1.01404,1.66033,0.18793,0.99472,0.0105,95.21277,0.98883,1.71988,0.0,-0.815,63.5653,0.0,265.1787,-117.5517,-5.956,0,0,0,15,0,26,5,46,0,2,44,0,15,5,26,0,17,0,1,0.0,0.32608695652173914,46,34,32,-6.4,9396.56,0.0,0.0,75.0,0.0,-1528.588,-40.96,-3343.0,0.0,-437.0,9396.56,0.0,0.0,75.0,0.0,-1528.588,-40.96,-3343.0,0.0,-437.0,0,4,45,44,1,3,3,1,18,5,0,0,0,0,,0,0,0,0,0,3200,8,8,2,2,100,16,0,0,0,0,196,64,0,0,705,0,0,0,1,1,0,0,0,33,1,0,0,710,0,0,0,0,14462,26.261927810814548,1.0442338072669826,8.401327617203707,1.105617295234721,7.212003872216844,1.7010095422486515,3.5273250239693192,0.0010075219827695037,0.0019139969881507568,0.011974304554169066,0.02311280420864932,1.121019126623869,0.3325391650715028,0.02205965853354428,-0.7777704613283276,1.0,4.5,7.0,0.0,0.0,1.0,1.0,1.0,29.18,13.0,48.0,0.0,0.0,0.0,32.0,,,,,,,,,,,,,,,
124,50_5_5_10_5_2,50_5_5_10_5_2_StartGoalLocations_Seed0.csv,45,2034.2004316747189,45,1.0,1,19,1,1,136,19,10,109,30,108,0.27522935779816515,0.06272571754419312,8.03834740496638,3,3,1,0.07869226382816955,0.641893176202243,0.0,3.0,3,20.83,41.33,0.0,0.0,22.63,2.4,2.0,0,37,0,17,0,0,7,8,150,0,112,3,35,0,11,0.7467,0.02,32,11,0,526.1,0.0,4500.0,0.0,5208.999,-1948.982,10.5,0.0,0.0,-100.0,1.112,-153.529,0.0,-1125.0,1346.0,-6184.0,75.0,0.0,0.0,0.0,0.0,-122.0,0.0,0.0,1.577,9.2404,-0.04798,0.9847,-1.13343,2.39982,0.01426,0.59682,-0.02319,0.10515,171.794,-1220.473,4575.0,0.0,7239.58,-1219.625,-0.19933,1.35179,0.86961,9.22688,1.14426,1.3517,0.21365,1.23867,0.00912,95.3125,0.99107,1.6224,0.0,-7.5055,64.9858,0.0,298.2571,-118.3418,-22.438,14,2,0,93,27,89,56,266,29,118,119,0,91,84,91,0,26,37,7,0.10902255639097744,0.34210526315789475,266,88,20,1.262,10109.799,1.08,1334.5,75.0,0.0,-1813.182,-253.497,-7297.5,0.0,-122.0,10109.799,1.08,1334.5,75.0,0.0,-1813.182,-253.497,-7297.5,0.0,-122.0,0,47,45,45,0,3,3,0,86,5,19,0,19,0,1.0,0,42,20,7,3,2600,105,105,172,172,891,185,21,21,0,0,586,41,0,0,1245,6,3,1,1,1,0,0,18,12,0,15,0,710,0,9,0,100,13795,38.81116346502356,1.3141576391483003,15.882566147154765,1.2736593065630357,9.822399420079739,1.1235955056179776,2.928413284132841,0.0008121935489963597,0.0018719986450070373,0.01236636668873521,0.023526393112081746,1.1214332525546735,0.3324033604669743,0.023874712638700238,-0.7986975285869379,,,,,,,,,,,,,,,,,,,,,,,,,,,,,,
125,50_5_5_10_5_2,50_5_5_10_5_2_StartGoalLocations_Seed0.csv,25,2490.599918603897,25,1.0,0,1,0,0,56,1,1,9,5,9,0.5555555555555556,0.013025458851391355,9.637833039671658,0,0,0,0.010657193605683837,0.8626406157489639,0.0,,0,,,,,26.16,0.0,0.1,0,2,0,1,0,0,0,1,70,0,55,9,6,0,0,0.7857,0.1286,8,4,0,168.9,0.0,2500.0,0.0,2179.8,-254.7,0.0,0.0,0.0,0.0,0.0,-14.4,0.0,-76.5,90.0,-2088.0,0.0,0.0,0.0,0.0,0.0,-14.5,0.0,0.0,2.71995,11.9712,-0.00853,0.08215,-1.22824,1.97562,0.0,0.0,-0.00858,0.06495,17.556,-286.636,2500.0,0.0,2986.637,-150.774,-0.15931,0.61429,1.48017,12.07583,1.67902,1.01427,0.27649,0.65137,0.0148,100.0,0.9852,1.88546,0.0,-0.2977,35.5114,0.0,124.56,-15.3829,-1.21,1,1,0,3,0,12,3,18,0,4,14,0,2,3,13,0,2,0,0,0.0,0.1111111111111111,18,2,0,-0.32,4831.0,0.0,90.0,0.0,0.0,-237.0,-14.4,-2164.5,0.0,-14.5,4831.0,0.0,90.0,0.0,0.0,-237.0,-14.4,-2164.5,0.0,-14.5,0,4,25,25,0,0,0,0,5,5,1,0,1,0,1.0,0,2,1,0,0,772,12,12,0,0,223,15,0,0,0,0,109,8,0,0,510,0,0,0,0,0,0,0,1,0,0,1,0,710,0,0,0,0,3306,28.251663641863278,1.0,11.191772534785239,0.9437837924103479,5.656382335148216,0.0,4.315508021390374,0.0008438048423059801,0.0016937893058337425,0.01236095469338829,0.02883999218073688,1.1310730629016699,0.33692292981042765,0.033890815861909195,-0.8306791681236554,,,,,,,,,,,,,,,,,,,,,,,,,,,,,,
126,25_5_2_5_2_1,25_5_2_5_2_1_StartGoalLocations_Seed5.csv,75,-11255.527761667967,74,0.9866666666666667,1,79,1,1,115,79,2,332,84,331,0.25301204819277107,0.6059690215338118,3.496888589809188,5,5,4,0.6169609972613089,0.6074227972424214,8.5,5.0,6,4.5,9.2,134.8,134.0,6.96,72.2,70.7,0,405,0,315,0,0,72,35,237,0,147,2,88,0,43,0.6203,0.0084,85,5,0,1058.9,0.0,7400.0,0.0,3673.675,-1700.642,0.0,0.0,0.0,-100.0,3.637,-3482.098,0.0,-3509.0,711.0,-12036.0,125.0,0.0,0.0,0.0,0.0,-3055.0,0.0,-345.0,0.98517,8.3568,-0.33794,0.77847,-1.40089,1.82178,0.0118,0.54312,-0.32109,0.56551,36.0,-13712.624,7525.0,0.0,4501.257,-3165.407,-1.29159,1.89455,0.71064,8.34709,0.12615,1.08915,0.60251,2.15496,0.00746,95.25316,0.99273,0.72932,0.0,-93.8134,106.8892,0.0,208.4386,-289.9795,-61.799,4070,238,3894,5606,154,190,167,6124,122,3782,2220,0,5605,327,192,0,218,5281,56,0.019921619856303068,0.9152514696276943,6122,222,54,-1.837,12007.481,3.538,678.5,125.0,0.0,-1575.547,-3581.999,-15512.5,0.0,-3400.0,12007.481,3.538,678.5,125.0,0.0,-1575.547,-3581.999,-15512.5,0.0,-3400.0,0,144,75,74,1,4,3,0,4068,5,79,2,77,0,0.9746835443037974,4,1570,80,72,42,3200,919,919,12559,12559,1911,557,397,397,4,0,9567,2417,0,0,872,10,0,4,13,8,4,7,910,256,15,236,1,305,0,1448,1207,39250,27497,83.91097210604794,3.244138170155593,57.991780921555076,1.9857055136927673,39.807979052260244,9.699239917081863,2.427918874474694,0.0007830561307036987,0.0017284300641767913,0.012659826838062145,0.028843396246666087,1.131471289396286,0.321312172805774,0.02964920760015957,-0.8626807339768857,,,,,,,,,,,,,,,,1.0,8.5,2.0,218.0,188.0,,,,,,,,,,
127,50_5_5_10_5_2,50_5_5_10_5_2_StartGoalLocations_Seed6.csv,25,2017.699940122664,25,1.0,0,0,0,0,178,0,0,1,0,1,0.0,0.003627130939426913,9.685527747551687,5,3,5,0.05223068552774755,0.6060935799782372,0.0,3.0,5,19.83,45.33,0.0,0.0,21.75,0.0,0.0,0,0,0,0,0,0,0,0,267,0,101,87,79,0,0,0.3783,0.3258,0,0,0,275.7,0.0,2500.0,0.0,2721.0,-745.5,0.0,0.0,0.0,0.0,0.0,0.0,0.0,-12.5,0.0,-2588.0,75.0,0.0,0.0,0.0,0.0,-208.0,0.0,0.0,1.72332,9.4831,0.0,0.0,-0.94324,1.69333,0.0272,0.82423,-0.07544,0.17897,0.0,-712.0,2575.0,0.0,3546.82,-637.085,-0.25825,0.80266,0.93399,9.51241,1.0554,1.30492,0.23468,1.10046,0.01016,91.96429,0.98948,1.53369,0.0,0.0,36.5767,0.0,155.4857,-54.4857,0.0,0,0,0,1,0,1,0,2,0,0,2,0,1,0,1,0,1,0,0,0.0,0.5,2,0,0,0.0,5447.0,0.0,0.0,75.0,0.0,-695.8,0.0,-2600.5,0.0,-208.0,5447.0,0.0,0.0,75.0,0.0,-695.8,0.0,-2600.5,0.0,-208.0,0,0,25,25,0,3,3,0,0,5,0,0,0,0,,0,0,0,0,0,2720,0,0,2,2,48,0,0,0,0,0,18,0,0,0,327,1,0,0,0,0,0,0,0,0,0,0,0,710,0,0,0,0,9452,14.092255607278883,1.0052552552552552,6.326703343207787,1.1806020196215763,5.639018197206941,2.327549724925942,2.7354596622889304,0.0008604927335267456,0.0015807776659665465,0.012172143579707207,0.028872298676630152,1.1332457286470077,0.3129832564303583,0.037678209248491946,-0.9460172326523153,2.0,10.5,22.5,0.0,0.0,,,,,,,,,,,,,,,,,,,,,,,,,
128,25_5_2_5_2_1,25_5_2_5_2_1_StartGoalLocations_Seed9.csv,25,1895.1607142090797,25,1.0,0,7,0,0,33,7,4,42,10,42,0.23809523809523808,0.09429121231558692,6.708137003264036,0,0,0,0.08980115458627325,0.6292495189223861,0.0,,0,,,,,11.8,0.0,0.7,0,14,0,6,0,0,0,2,68,0,55,1,12,0,0,0.8088,0.0147,12,3,0,155.9,0.0,2500.0,0.0,1487.142,-650.634,0.0,0.0,0.0,0.0,0.24,-55.987,0.0,-210.5,405.0,-1712.0,0.0,0.0,0.0,0.0,0.0,-24.0,0.0,0.0,2.24016,12.56216,-0.03576,0.15817,-0.97338,2.42675,0.0,0.0,-0.01539,0.08637,71.0,-330.59,2500.0,0.0,1811.856,-479.985,-0.16651,0.95158,1.60359,12.56136,0.85431,1.31047,0.25016,1.02972,0.01604,100.0,0.98396,1.49403,0.0,-1.4777,35.5114,0.0,84.9795,-38.5505,-5.685,4,2,0,13,26,36,20,95,3,48,44,0,12,47,36,0,9,0,3,0.031578947368421054,0.12631578947368421,95,35,13,-5.158,4097.842,0.24,395.0,0.0,0.0,-605.434,-55.987,-1912.5,0.0,-24.0,4097.842,0.24,395.0,0.0,0.0,-605.434,-55.987,-1912.5,0.0,-24.0,0,17,25,25,0,0,0,0,28,5,7,0,7,0,1.0,0,14,7,0,0,632,8,8,34,34,439,67,39,39,8,0,380,38,0,0,576,4,0,1,3,3,0,0,6,36,2,5,0,305,0,0,0,0,3105,77.7133655394525,1.711562370493162,34.23510466988728,1.3430385909561042,18.29307568438003,1.0950080515297906,3.397887323943662,0.0009568215225700914,0.0016236527634289446,0.013173184578625274,0.028704623450065338,1.1342175693451604,0.306170031440126,0.03158316046848327,-0.9382412618474115,,,,,,,,,,,,,,,,,,,,,,,,,,,,,,
129,50_5_5_10_5_2,50_5_5_10_5_2_StartGoalLocations_Seed1.csv,75,5832.91050658375,75,1.0,5,13,5,5,87,13,10,111,23,106,0.2072072072072072,0.086366319102892,7.73284534284174,3,3,3,0.07430705720463927,0.680165126793788,0.0,3.0,3,11.17,39.0,11.7,13.0,14.95,1.5,1.4,0,31,0,9,0,0,4,6,214,0,173,9,32,0,21,0.8084,0.0421,20,10,0,508.7,0.0,7500.0,0.0,5074.401,-1483.301,0.0,0.0,0.0,-500.0,2.157,-172.546,0.0,-1091.5,1707.0,-5580.0,75.0,0.0,0.0,0.0,0.0,-207.0,0.0,0.0,2.28028,12.02483,-0.13178,2.21803,-0.97592,2.54087,0.01474,0.60693,-0.04069,0.13671,173.614,-1367.973,7575.0,0.0,6509.758,-1139.899,-0.23479,2.39391,1.48909,12.0659,1.0556,1.26017,0.22626,1.33935,0.01533,97.11538,0.98447,1.52749,0.0,-19.9166,107.5994,0.0,289.9658,-96.5886,-20.64,44,13,15,126,32,65,84,309,45,151,113,0,126,118,65,0,38,58,32,0.14563106796116504,0.4077669902912621,309,116,24,1.47,12980.542,1.84,1660.0,75.0,0.0,-1380.742,-672.229,-6624.5,0.0,-207.0,12980.542,1.84,1660.0,75.0,0.0,-1380.742,-672.229,-6624.5,0.0,-207.0,0,51,75,75,0,3,3,0,102,5,13,0,13,0,1.0,0,28,18,7,4,1484,63,63,218,218,946,199,69,69,4,0,720,68,0,0,968,8,0,3,3,3,0,0,23,10,0,19,0,710,0,9,0,140,11351,42.91251872081755,1.4204475467049886,22.447361465950138,1.4136577917107935,15.936921857105101,1.2862302880803453,3.257600884466556,0.0008342424390735255,0.0015149513795166064,0.012017707055499852,0.028082281024750032,1.133396079919409,0.3193796252294612,0.043357240844447656,-0.9421469222784363,,,,,,,,,,,,,,,,,,,,,,,,,,,,,,
130,25_5_2_5_2_1,25_5_2_5_2_1_StartGoalLocations_Seed4.csv,45,-3445.009443640709,44,0.9777777777777777,2,108,1,2,16,107,6,316,119,314,0.37658227848101267,0.4436541453656368,4.238281182187959,2,1,1,0.5008888888888889,0.5413333333333333,0.0,1.0,2,2.5,7.0,20.0,6.0,10.15,36.8,34.0,0,343,0,276,0,0,102,18,122,0,94,4,24,0,14,0.7705,0.0328,62,11,0,450.0,0.0,4400.0,0.0,2485.038,-910.059,3.5,0.0,0.0,-200.0,0.424,-1218.412,0.0,-1351.5,1023.0,-7216.0,25.0,0.0,0.0,0.0,0.0,-936.0,0.0,0.0,1.42855,9.85522,-0.31511,1.53109,-1.67656,2.22611,0.00556,0.37264,-0.208,0.24645,103.411,-5485.738,4425.0,0.0,3570.934,-763.527,-1.19607,2.40674,0.98333,9.84631,0.62387,1.02434,0.47022,2.64137,0.01,98.33333,0.99022,0.97272,0.0,-35.8004,62.8551,0.0,142.2022,-105.4891,-21.454,1067,263,971,1816,59,51,90,2017,15,1505,497,0,1813,152,52,0,139,1663,26,0.0074367873078829945,0.8988596926127913,2015,114,14,-2.161,7275.538,0.226,945.0,25.0,0.0,-847.059,-1418.214,-8489.5,0.0,-936.0,7275.538,0.226,945.0,25.0,0.0,-847.059,-1418.214,-8489.5,0.0,-936.0,0,53,45,44,1,1,1,0,1317,5,107,1,106,0,0.9906542056074766,2,691,109,102,40,1492,981,981,3307,3307,816,205,974,974,0,0,2535,18,0,0,678,11,0,7,12,9,3,4,27,17,9,125,0,305,0,569,262,12205,10632,84.97930775018811,3.8905368013281683,62.575244544770506,1.7438937610281384,44.01805869074492,1.7212189616252822,2.982905982905983,0.0008725510606942973,0.0014609865058992488,0.012040013333797535,0.028326110120353368,1.138030779905038,0.3002743186409168,0.04422761697382054,-0.9576820429144851,1.0,15.0,28.0,292.0,280.0,,,,,,,,,,,,,,,,,,,,,,,,,
131,25_5_2_5_2_1,25_5_2_5_2_1_StartGoalLocations_Seed6.csv,25,1738.8616734743118,25,1.0,0,0,0,0,26,0,0,39,8,39,0.20512820512820512,0.09921259842519685,7.857416817522425,0,0,0,0.02283464566929134,0.6787401574803149,0.0,,0,,,,,10.72,0.0,0.3,0,0,0,0,0,0,0,0,75,0,49,0,26,0,0,0.6533,0.0,16,8,0,127.0,0.0,2500.0,0.0,1255.324,-488.824,0.0,0.0,0.0,0.0,0.0,-64.138,0.0,-365.5,0.0,-1216.0,0.0,0.0,0.0,0.0,0.0,-9.0,0.0,0.0,2.67205,13.86558,-0.0505,0.19045,-1.24528,1.7127,0.0,0.0,-0.00709,0.0591,0.0,-269.306,2500.0,0.0,1461.074,-404.699,-0.21205,0.73456,1.9685,13.89156,0.83179,1.29639,0.1748,1.21309,0.01969,100.0,0.98031,1.49861,0.0,-1.216,35.5114,0.0,71.7328,-28.4471,-1.708,3,1,0,8,36,34,6,84,1,41,42,0,6,43,35,0,5,0,2,0.011904761904761904,0.07142857142857142,84,10,10,-2.833,3847.324,0.0,0.0,0.0,0.0,-453.824,-64.138,-1581.5,0.0,-9.0,3847.324,0.0,0.0,0.0,0.0,-453.824,-64.138,-1581.5,0.0,-9.0,0,13,25,25,0,0,0,0,27,5,0,0,0,0,,0,0,0,0,0,604,0,0,2,2,196,52,4,4,0,0,254,106,0,0,411,0,0,0,0,0,0,0,1,0,0,4,0,305,0,0,0,0,2486,54.22365245374095,1.3137982195845697,7.964601769911504,1.1814394151189862,4.465004022526147,0.32180209171359614,3.018018018018018,0.0008820235060504021,0.0014540544697176049,0.012428915741797907,0.02818659960064075,1.1379167891496065,0.2864119897393004,0.04637096738381102,-0.9345363168329592,,,,,,,,,,,,,,,,,,,,,,,,,,,,,,
132,50_5_5_10_5_2,50_5_5_10_5_2_StartGoalLocations_Seed7.csv,25,1209.099918961525,25,1.0,0,0,0,0,77,0,0,0,0,0,0.0,0.0,9.920313520574787,0,0,0,0.005225342913128674,0.8465055519268452,0.0,,0,,,,,22.64,0.0,0.0,0,0,0,0,0,0,0,0,69,0,54,0,15,0,0,0.7826,0.0,0,0,0,153.1,0.0,2500.0,0.0,1929.0,-268.5,0.0,0.0,0.0,0.0,0.0,0.0,0.0,0.0,0.0,-3084.0,0.0,0.0,0.0,0.0,0.0,-20.5,0.0,0.0,2.8175,12.5722,0.0,0.0,-2.01437,1.99995,0.0,0.0,-0.01339,0.08072,0.0,-308.0,2500.0,0.0,2528.575,-212.945,-0.20118,0.35521,1.63292,12.67381,1.5125,1.11488,0.50359,0.39948,0.01633,100.0,0.98367,1.8204,0.0,0.0,35.5114,0.0,110.2286,-16.5143,0.0,0,0,0,0,0,0,0,0,0,0,0,0,0,0,0,0,0,0,0,,,0,0,0,0.0,4564.2,0.0,0.0,0.0,0.0,-250.6,0.0,-3084.0,0.0,-20.5,4564.2,0.0,0.0,0.0,0.0,-250.6,0.0,-3084.0,0.0,-20.5,0,0,25,25,0,0,0,0,0,5,0,0,0,0,,0,0,0,0,0,676,0,0,0,0,0,0,0,0,0,0,0,0,0,0,210,0,0,0,0,0,0,0,0,0,0,0,0,710,0,0,0,0,2994,3.0394121576486306,1.0,0.0,0.0,0.0,0.0,0.0,0.0007860581275177624,0.0014340807177462566,0.01223677067229381,0.02860134744123947,1.1383190345482008,0.29267010112023034,0.0492675764453129,-1.010331780027003,,,,,,,,,,,,,,,,,,,,,,,,,,,,,,
133,25_5_2_5_2_1,25_5_2_5_2_1_StartGoalLocations_Seed0.csv,25,1585.4953264594078,25,1.0,0,6,0,0,51,6,4,49,16,49,0.32653061224489793,0.12093352192362093,6.682405609073699,2,2,2,0.0586987270155587,0.637906647807638,0.0,2.0,2,3.5,23.0,0.0,2.5,8.43,0.4,1.2,0,11,0,5,0,0,1,4,100,0,65,0,35,0,13,0.65,0.0,20,10,0,141.4,0.0,2500.0,0.0,1309.812,-544.168,73.5,0.0,0.0,0.0,0.8,-71.849,0.0,-271.5,339.0,-1908.0,50.0,0.0,0.0,0.0,0.0,-33.5,0.0,0.0,2.46149,13.17005,-0.05025,0.19766,-1.30163,2.4311,0.03536,0.93956,-0.02369,0.10623,70.6,-451.281,2550.0,0.0,1615.99,-442.037,-0.26922,1.12986,1.80339,13.20739,0.83024,1.36271,0.26025,1.41815,0.01909,94.44444,0.98232,1.48166,0.0,-1.6535,36.2216,0.0,79.0464,-33.0096,-5.716,5,1,0,16,27,37,21,102,2,57,43,0,14,50,38,0,12,1,0,0.0196078431372549,0.13725490196078433,102,22,8,-1.368,3986.312,0.8,334.0,50.0,0.0,-505.768,-71.849,-2174.5,0.0,-33.5,3986.312,0.8,334.0,50.0,0.0,-505.768,-71.849,-2174.5,0.0,-33.5,0,23,25,25,0,2,2,0,28,5,6,0,6,0,1.0,0,12,6,1,2,656,51,51,18,18,238,90,21,21,8,0,259,23,0,0,288,0,0,1,2,2,0,0,8,17,1,6,0,305,0,1,0,10,3072,58.333333333333336,1.8370535714285714,16.438802083333332,1.4802227952858746,12.5,0.9114583333333334,3.015625,0.0009346534143111146,0.0013910114883002257,0.011744279408736564,0.028642948148999273,1.1401232175710725,0.29303443726015893,0.05396418178045168,-1.0029031697933266,,,,,,,,,,,,,,,,,,,,,,,,,,,,,,
134,50_5_5_10_5_2,50_5_5_10_5_2_StartGoalLocations_Seed8.csv,25,1988.0163184404373,25,1.0,0,5,0,0,54,5,3,41,12,41,0.2926829268292683,0.04120443740095087,9.235904121801958,1,1,1,0.0306391970417327,0.7501320655044902,0.0,1.0,1,4.0,29.0,0.0,0.0,23.12,1.6,0.7,0,7,0,3,0,0,3,1,55,0,49,1,5,0,0,0.8909,0.0182,14,7,0,189.3,0.0,2500.0,0.0,2108.55,-308.7,0.0,0.0,0.0,0.0,0.8,-46.934,0.0,-340.0,282.0,-2320.0,25.0,0.0,0.0,0.0,0.0,-102.0,0.0,0.0,2.37145,11.34922,-0.02437,0.13635,-1.25621,2.1679,0.01321,0.57445,-0.05388,0.15504,50.309,-396.795,2525.0,0.0,2848.342,-213.635,-0.18304,0.80572,1.33386,11.42876,1.39182,1.09972,0.25674,0.91997,0.01373,97.11538,0.98679,1.63917,0.0,-1.2901,35.8665,0.0,120.4886,-23.4686,-3.251,4,3,0,22,26,29,5,82,3,46,33,0,22,31,29,0,2,17,0,0.036585365853658534,0.2682926829268293,82,12,4,1.352,4775.45,0.8,282.0,25.0,0.0,-286.3,-46.934,-2660.0,0.0,-102.0,4775.45,0.8,282.0,25.0,0.0,-286.3,-46.934,-2660.0,0.0,-102.0,0,16,25,25,0,1,1,0,25,5,5,0,5,0,1.0,0,10,5,3,3,812,51,51,16,16,120,63,32,32,0,0,44,0,0,0,262,0,0,0,0,0,0,0,3,0,0,1,0,710,0,3,0,40,3935,19.69504447268107,1.0051612903225806,11.08005082592122,1.2607798320369437,7.395171537484117,0.6607369758576874,2.7628865979381443,0.0009677527050729704,0.0012890315124893497,0.011633166566197508,0.027675993093679397,1.1337135824663886,0.3195488626880599,0.06357889302221718,-0.9852362687658207,,,,,,,,,,,,,,,,,,,,,,,,,,,,,,
135,25_5_2_5_2_1,25_5_2_5_2_1_StartGoalLocations_Seed8.csv,25,1432.3998852968216,25,1.0,0,2,0,0,39,2,2,4,3,4,0.75,0.010670731707317074,7.963643293191747,0,0,0,0.04496951219512195,0.5960365853658537,0.0,,0,,,,,9.88,0.0,0.1,0,4,0,2,0,0,0,2,54,0,47,2,5,0,0,0.8704,0.037,2,1,0,131.2,0.0,2500.0,0.0,1231.05,-526.05,0.0,0.0,0.0,0.0,0.0,-0.8,0.0,-25.0,360.0,-2184.0,0.0,0.0,0.0,0.0,0.0,-54.0,0.0,0.0,2.54284,13.65964,-0.00061,0.01561,-1.4093,2.65635,0.0,0.0,-0.04116,0.13742,36.0,-183.8,2500.0,0.0,1409.738,-457.034,-0.11265,0.5967,1.90549,13.67179,0.72615,1.31677,0.37881,0.44225,0.01905,100.0,0.98095,1.45048,0.0,-0.1335,35.5114,0.0,70.3457,-33.1457,-1.578,0,0,0,0,3,2,3,8,0,6,2,0,0,6,2,0,0,0,0,0.0,0.0,8,0,0,0.0,3826.95,0.0,347.5,0.0,0.0,-490.75,-0.8,-2196.5,0.0,-54.0,3826.95,0.0,347.5,0.0,0.0,-490.75,-0.8,-2196.5,0.0,-54.0,0,0,25,25,0,0,0,0,3,5,2,0,2,0,1.0,0,4,2,0,0,424,0,0,3,3,60,0,9,9,0,0,152,1,0,0,459,0,0,0,0,0,0,0,0,0,0,0,0,305,0,0,0,0,2579,55.719271035285,1.5803757828810021,5.583559519193486,1.219618073457645,2.908103916246607,0.31019775106630476,3.1866666666666665,0.0009709816564831066,0.001311975307235459,0.012706982213476638,0.028613553997480643,1.1366144171300925,0.3053697316714053,0.056576081481322926,-1.0959275543408573,,,,,,,,,,,,,,,,,,,,,,,,,,,,,,
136,50_5_5_10_5_2,50_5_5_10_5_2_StartGoalLocations_Seed2.csv,25,1202.519864976406,23,0.92,0,0,0,0,56,0,0,3,0,3,0.0,0.029978586723768737,9.366075665503208,2,0,0,0.010706638115631691,0.7801570306923626,0.0,,2,,,,,17.22,0.0,0.0,0,0,0,0,0,0,0,0,51,0,46,0,5,0,0,0.902,0.0,0,0,0,140.1,0.0,2300.0,0.0,1630.548,-289.548,0.0,0.0,0.0,0.0,0.0,-6.08,0.0,-11.0,0.0,-2516.0,0.0,0.0,0.0,0.0,0.0,-45.5,0.0,0.0,2.69886,12.62798,-0.00434,0.0549,-1.80371,1.98343,0.0,0.0,-0.03248,0.12322,0.0,-231.8,2300.0,0.0,2087.404,-219.169,-0.16545,0.35502,1.64168,12.70722,1.3335,1.14057,0.45325,0.36504,0.01642,100.0,0.98358,1.67386,0.0,-0.1329,32.6705,0.0,93.1742,-19.1456,-1.557,0,0,0,0,0,3,3,6,0,2,4,0,0,3,3,0,0,0,1,0.0,0.0,6,4,4,-1.28,4051.148,0.0,0.0,0.0,0.0,-270.048,-6.08,-2527.0,0.0,-45.5,4051.148,0.0,0.0,0.0,0.0,-270.048,-6.08,-2527.0,0.0,-45.5,0,1,25,23,2,0,0,0,2,5,0,0,0,0,,0,0,0,0,0,592,0,0,0,0,4,4,0,0,0,0,148,8,0,0,169,0,0,0,0,0,0,0,0,0,0,0,0,710,0,0,0,0,2790,12.437275985663083,1.0,0.0,0.0,0.0,0.0,0.0,0.0010716310172594258,0.0013337302134951224,0.011446007697314426,0.02818647277780582,1.1350912830314122,0.30882549908513995,0.05792087028306481,-1.0968373957014568,2.0,9.25,40.5,0.0,0.0,,,,,,,,,,,,,,,,,,,,,,,,,
137,50_5_5_10_5_2,50_5_5_10_5_2_StartGoalLocations_Seed1.csv,25,1805.0999820828438,25,1.0,0,0,0,0,95,0,0,0,0,0,0.0,0.00967221923696937,9.44173670609365,1,1,1,0.011821601289629231,0.7909725953788286,0.0,1.0,1,4.0,50.0,0.0,0.0,21.94,0.0,0.0,0,0,0,0,0,0,0,0,103,0,71,4,28,0,0,0.6893,0.0388,0,0,0,186.1,0.0,2500.0,0.0,2212.5,-439.5,0.0,0.0,0.0,0.0,0.0,0.0,0.0,0.0,0.0,-2648.0,25.0,0.0,0.0,0.0,0.0,-31.0,0.0,0.0,2.39608,11.45427,0.0,0.0,-1.42289,1.91493,0.01343,0.57936,-0.01666,0.08973,0.0,-380.0,2525.0,0.0,2978.092,-265.473,-0.20419,0.48581,1.3568,11.52525,1.45761,1.16848,0.35572,0.57402,0.01397,97.11538,0.98657,1.76665,0.0,-0.0189,35.8665,0.0,126.4286,-26.8857,-0.65,0,0,0,0,0,0,0,0,0,0,0,0,0,0,0,0,0,0,0,,,0,0,0,0.0,4869.3,0.0,0.0,25.0,0.0,-410.2,0.0,-2648.0,0.0,-31.0,4869.3,0.0,0.0,25.0,0.0,-410.2,0.0,-2648.0,0.0,-31.0,0,0,25,25,0,1,1,0,0,5,0,0,0,0,,0,0,0,0,0,948,0,0,0,0,0,0,0,0,0,0,98,0,0,0,421,0,0,0,0,0,0,0,1,0,0,0,0,710,0,0,0,0,3766,13.568773234200744,1.0,2.655337227827934,2.0720000249147414,2.655337227827934,0.15932023366967604,2.44,0.0008518396749837571,0.0013525830552312014,0.011972513505678137,0.028902427234415766,1.134673474710199,0.31436769930323594,0.05967932897089403,-1.051385349865201,,,,,,,,,,,,,,,,,,,,,,,,,,,,,,
138,25_5_2_5_2_1,25_5_2_5_2_1_StartGoalLocations_Seed6.csv,25,1950.561128616333,25,1.0,0,16,0,0,51,16,8,40,16,40,0.4,0.059506531204644414,7.361132800881852,1,1,1,0.10304789550072568,0.6705370101596516,0.0,1.0,1,13.5,16.0,0.0,0.0,9.96,4.5,1.4,0,25,0,9,0,0,9,4,100,0,69,2,29,0,2,0.69,0.02,0,0,0,137.8,0.0,2500.0,0.0,1265.07,-520.344,3.5,0.0,0.0,0.0,3.2,-24.165,0.0,-158.0,684.0,-1908.0,25.0,0.0,0.0,0.0,0.0,-57.5,0.0,0.0,2.4572,13.33467,-0.01521,0.11145,-1.0029,2.899,0.01814,0.67322,-0.04173,0.13828,151.526,-393.961,2525.0,0.0,1485.583,-437.668,-0.17593,1.28146,1.83237,13.36108,0.76046,1.29459,0.29463,1.34356,0.01887,97.11538,0.98041,1.42358,0.0,-1.3634,35.8665,0.0,72.4897,-33.0197,-5.764,1,1,0,39,2,13,30,84,11,52,21,0,39,32,13,0,7,30,5,0.13095238095238096,0.4642857142857143,84,38,10,2.47,3871.17,3.2,684.0,25.0,0.0,-485.144,-24.165,-2066.0,0.0,-57.5,3871.17,3.2,684.0,25.0,0.0,-485.144,-24.165,-2066.0,0.0,-57.5,0,12,25,25,0,1,1,0,29,5,16,0,16,0,1.0,0,34,16,9,3,876,39,39,36,36,156,43,45,45,0,0,187,0,0,0,261,1,0,2,3,3,0,0,6,5,1,0,0,305,0,9,0,115,3082,58.66320571057755,1.581858407079646,28.552887735236858,1.3843679196989713,21.99870214146658,2.3685918234912395,3.284660766961652,0.0009584799836831993,0.001342924695555546,0.012116314498835231,0.028664263934917646,1.133582993185139,0.31649110969751393,0.06044803099647232,-1.0311692116535418,,,,,,,,,,,,,,,,,,,,,,,,,,,,,,
139,25_5_2_5_2_1,25_5_2_5_2_1_StartGoalLocations_Seed6.csv,45,3320.0581575632095,45,1.0,0,16,0,0,38,16,11,74,30,74,0.40540540540540543,0.13730569948186527,6.164120596318576,1,1,1,0.09770540340488527,0.576239822353812,0.0,1.0,1,6.0,13.0,0.0,0.0,7.42,2.2,1.8,0,30,0,15,0,0,5,12,180,0,101,1,78,0,42,0.5611,0.0056,58,14,0,270.2,0.0,4500.0,0.0,2267.884,-1271.757,3.5,0.0,0.0,0.0,1.916,-137.685,0.0,-869.5,2200.0,-3608.0,25.0,0.0,0.0,0.0,0.0,-61.5,0.0,0.0,2.13539,12.81911,-0.05025,0.18624,-0.84289,3.26189,0.00925,0.48086,-0.02276,0.10422,191.5,-774.234,4525.0,0.0,2610.794,-1107.18,-0.21567,1.23576,1.67469,12.80508,0.55648,1.35111,0.1695,2.10859,0.01702,98.36957,0.98335,1.39931,0.0,-4.1489,64.2756,0.0,129.7934,-76.1861,-19.307,26,14,15,34,68,81,68,254,8,134,112,0,33,140,81,0,18,15,16,0.031496062992125984,0.12992125984251968,254,101,27,-2.035,6952.384,1.916,2091.0,25.0,0.0,-1182.557,-137.685,-4368.5,0.0,-61.5,6952.384,1.916,2091.0,25.0,0.0,-1182.557,-137.685,-4368.5,0.0,-61.5,0,46,45,45,0,1,1,0,78,5,16,0,16,0,1.0,0,35,16,5,3,700,169,169,54,54,731,178,73,73,4,0,1060,23,0,0,1021,1,0,1,3,2,0,0,25,1,2,20,0,305,0,8,0,105,5619,80.8506851752981,2.293858683689192,29.80957465741235,1.3066865871446347,21.71204840718989,1.99323723082399,3.1721311475409837,0.0009587201076958861,0.0013737109286843666,0.01058712056971022,0.0257879276573658,1.1381807136535644,0.3242515520059637,0.09529615456504481,-1.338696882384164,,,,,,,,,,,,,,,,,,,,,,,,,,,,,,
140,25_5_2_5_2_1,25_5_2_5_2_1_StartGoalLocations_Seed5.csv,45,2742.51210822165,45,1.0,0,32,0,0,56,32,5,92,35,92,0.3804347826086957,0.12117235345581802,6.32553401412092,3,1,3,0.10279965004374453,0.6386701662292213,0.0,1.0,3,0.5,13.0,0.0,1.0,7.17,2.0,1.3,0,87,0,19,0,0,5,10,159,0,108,8,43,0,22,0.6792,0.0503,22,3,0,228.6,0.0,4500.0,0.0,2053.078,-844.078,3.5,0.0,0.0,0.0,0.838,-103.926,0.0,-728.5,472.0,-2780.0,25.0,0.0,0.0,0.0,0.0,-84.0,0.0,0.0,2.59891,13.87361,-0.0451,0.17085,-1.3283,2.20572,0.01094,0.52277,-0.03675,0.13047,97.2,-914.278,4525.0,0.0,2385.046,-726.0,-0.35743,1.27515,1.97944,13.89984,0.72574,1.27196,0.2266,1.95266,0.02012,98.36957,0.98031,1.38824,0.0,-4.318,64.2756,0.0,117.5187,-53.033,-10.608,23,10,7,70,65,68,77,283,4,191,88,0,69,145,69,0,22,51,5,0.014134275618374558,0.24381625441696114,283,67,24,-4.51,6725.778,0.838,467.5,25.0,0.0,-784.678,-103.926,-3504.0,0.0,-84.0,6725.778,0.838,467.5,25.0,0.0,-784.678,-103.926,-3504.0,0.0,-84.0,0,53,45,45,0,1,1,0,94,5,32,0,32,0,1.0,0,92,32,5,2,876,71,71,176,176,602,208,124,124,0,0,398,7,0,0,506,4,0,3,7,7,0,0,7,29,4,6,0,305,0,12,0,120,4849,77.62425242318004,1.9192348565356003,42.29738090327903,1.3473549669536729,28.335739327696434,3.918333677046814,2.8457059679767105,0.000785604218639259,0.0013598991562208357,0.010123363538691987,0.02507553935119006,1.1384693699884632,0.32957607280616075,0.0790660171067878,-1.438573131754518,2.0,0.75,9.0,5.0,3.0,,,,,,,,,,,,,,,,,,,,,,,,,
141,25_5_2_5_2_1,25_5_2_5_2_1_StartGoalLocations_Seed1.csv,45,2205.073826611042,44,0.9777777777777777,1,29,1,1,48,29,10,131,40,130,0.3053435114503817,0.15209619759506013,5.838557713201071,2,1,0,0.16926575698505522,0.5698505523066927,0.0,1.0,2,17.0,20.0,0.0,10.0,7.33,5.9,3.0,0,62,0,26,0,0,14,9,137,0,86,7,44,0,0,0.6277,0.0511,56,11,0,307.8,0.0,4400.0,0.0,2432.585,-1354.555,35.0,0.0,0.0,-100.0,5.093,-202.35,0.0,-981.0,1048.0,-3288.0,25.0,0.0,0.0,0.0,0.0,-122.5,0.0,0.0,1.89111,11.89985,-0.09657,1.2892,-1.04646,2.47527,0.00812,0.45054,-0.0398,0.13533,190.629,-1208.887,4425.0,0.0,2926.571,-1132.208,-0.33082,1.8032,1.43762,11.87797,0.58296,1.32853,0.2128,2.13667,0.01462,98.33333,0.98473,1.33909,0.0,-9.5244,62.8551,0.0,141.0049,-84.4031,-22.189,49,9,15,136,79,126,64,405,10,204,191,0,132,145,128,0,44,95,19,0.024691358024691357,0.32592592592592595,405,106,31,2.5,7078.825,4.994,1007.5,25.0,0.0,-1257.995,-302.25,-4228.5,0.0,-122.5,7078.825,4.994,1007.5,25.0,0.0,-1257.995,-302.25,-4228.5,0.0,-122.5,0,66,45,44,1,1,1,0,143,5,29,1,28,0,0.9655172413793104,2,74,30,14,4,1028,219,219,189,189,651,256,90,90,20,0,998,70,0,0,722,3,1,2,7,7,0,0,17,26,5,18,0,305,0,26,0,355,6672,80.99520383693046,2.5853071798667653,40.55755395683453,1.3521895980227019,30.12589928057554,5.20083932853717,2.789054726368159,0.0008578303317378134,0.0013860939231389547,0.011100090971281788,0.025934279947052438,1.1411640709012398,0.31198034024569077,0.08454475729410982,-1.5589982612703561,1.0,2.0,17.0,0.0,1.0,,,,,,,,,,,,,,,,,,,,,,,,,
142,50_5_5_10_5_2,50_5_5_10_5_2_StartGoalLocations_Seed0.csv,75,-613.5806088447571,75,1.0,0,95,0,0,68,95,3,273,97,273,0.3553113553113553,0.21901681759379044,6.795247048702462,3,3,1,0.26804657179818886,0.7094437257438551,0.0,3.0,3,8.57,16.5,209.7,201.7,19.94,14.2,11.6,0,153,0,237,0,0,72,12,312,0,225,22,65,0,5,0.7212,0.0705,10,2,0,773.0,0.0,7500.0,0.0,6373.322,-1791.869,3.5,0.0,0.0,0.0,0.4,-1175.933,0.0,-2090.0,1800.0,-11080.0,75.0,0.0,0.0,0.0,0.0,-1001.0,0.0,0.0,1.66338,9.80577,-0.15207,0.30533,-1.47089,2.40918,0.0097,0.49241,-0.1295,0.21904,69.4,-4773.68,7575.0,0.0,8868.875,-1370.951,-0.60857,1.44729,0.97995,9.8136,0.96998,1.21967,0.25614,2.446,0.01009,97.11538,0.98939,1.33889,0.0,-26.6394,107.5994,0.0,364.3899,-159.5925,-22.733,1149,243,1114,1568,35,99,79,1783,58,1048,677,0,1562,121,100,0,90,1417,14,0.03252944475602917,0.876051598429613,1783,165,40,-10.253,14526.322,0.4,1768.5,75.0,0.0,-1668.369,-1175.933,-13138.5,0.0,-1001.0,14526.322,0.4,1768.5,75.0,0.0,-1668.369,-1175.933,-13138.5,0.0,-1001.0,0,73,75,75,0,3,3,0,1350,5,95,0,95,0,1.0,0,602,95,72,48,2112,41,41,4679,4679,765,284,66,66,16,0,2733,607,0,0,1183,3,3,4,7,6,1,0,32,173,3,86,0,710,0,461,361,12335,17270,49.21829762594094,2.1361176470588235,32.21771858714534,2.116926920764188,21.78343949044586,6.1609727851766065,2.182615629984051,0.0006778450772068909,0.0013658882027922311,0.01094666437358793,0.02492838114619989,1.1365244894316702,0.3320782255931673,0.09245185651040326,-1.6376339287468882,,,,,,,,,,,,,,,,,,,,,,,,,,,,,,
143,50_5_5_10_5_2,50_5_5_10_5_2_StartGoalLocations_Seed0.csv,25,1308.9999313801527,25,1.0,0,5,0,0,172,5,1,22,5,22,0.22727272727272727,0.02050473186119874,9.333162465682165,5,3,5,0.04061514195583596,0.7677444794952681,0.0,3.0,5,13.5,41.17,0.0,0.0,26.4,1.9,1.4,0,6,0,3,0,0,4,1,77,0,60,6,11,0,0,0.7792,0.0779,0,0,0,253.6,0.0,2500.0,0.0,2937.45,-624.15,0.0,0.0,0.0,0.0,0.0,-22.4,0.0,-118.0,55.0,-3696.0,75.0,0.0,0.0,0.0,0.0,-51.5,0.0,0.0,1.99799,9.85303,-0.00883,0.0836,-1.48226,1.94017,0.02957,0.85935,-0.02031,0.0987,17.273,-772.473,2575.0,0.0,4066.637,-397.243,-0.29779,0.82698,1.01538,9.91407,1.44692,1.21538,0.3612,0.86217,0.01104,91.96429,0.98975,1.77844,0.0,-0.686,36.5767,0.0,167.8543,-38.6086,-1.528,10,9,6,34,6,1,3,44,5,34,5,0,34,9,1,0,13,16,0,0.11363636363636363,0.7727272727272727,44,2,0,0.8,5649.35,0.0,55.0,75.0,0.0,-582.45,-22.4,-3814.0,0.0,-51.5,5649.35,0.0,55.0,75.0,0.0,-582.45,-22.4,-3814.0,0.0,-51.5,0,4,25,25,0,2,2,0,18,5,5,0,5,0,1.0,0,10,5,4,3,2020,3,3,48,48,44,16,20,20,0,0,89,0,0,0,452,1,1,0,0,0,0,0,4,0,0,9,0,710,0,4,0,55,7525,19.973421926910298,1.1017964071856288,9.355481727574752,1.5031250213188203,5.8604651162790695,0.9302325581395349,2.7573696145124718,0.000831042432811487,0.0013406790915120503,0.010299495464688776,0.024670448478790793,1.1349704433195662,0.3406615919996016,0.10926316508119649,-1.9644578640118684,2.0,9.0,19.5,0.0,0.0,,,,,,,,,,,,,,,,,,,,,,,,,
144,50_5_5_10_5_2,50_5_5_10_5_2_StartGoalLocations_Seed9.csv,25,1847.8199168220162,24,0.96,0,1,0,0,61,1,1,21,7,21,0.3333333333333333,0.04201680672268908,9.407471304752676,2,1,1,0.009603841536614645,0.8307322929171669,0.0,1.0,2,8.5,22.0,0.0,0.0,23.35,0.0,0.3,0,2,0,1,0,0,0,1,73,0,52,9,12,0,2,0.7123,0.1233,12,6,0,166.6,0.0,2400.0,0.0,2039.4,-317.1,0.0,0.0,0.0,0.0,0.0,-38.08,0.0,-203.5,162.0,-2372.0,25.0,0.0,0.0,0.0,0.0,-14.5,0.0,0.0,2.57437,11.83382,-0.02286,0.12835,-1.44868,2.19617,0.01501,0.61231,-0.0087,0.06539,15.4,-348.0,2425.0,0.0,2682.178,-243.817,-0.19964,0.66788,1.45558,11.92955,1.4636,1.14022,0.30012,0.7268,0.01501,97.0,0.98439,1.78414,0.0,-0.6753,34.446,0.0,116.5372,-18.9486,-2.161,3,2,0,4,9,26,3,42,0,13,29,0,4,12,26,0,4,0,1,0.0,0.09523809523809523,42,14,14,-4.48,4583.2,0.0,162.0,25.0,0.0,-294.3,-38.08,-2575.5,0.0,-14.5,4583.2,0.0,162.0,25.0,0.0,-294.3,-38.08,-2575.5,0.0,-14.5,0,4,25,24,1,1,0,0,17,5,1,0,1,0,1.0,0,2,1,0,0,664,7,7,0,0,20,16,0,0,0,0,149,61,0,0,107,0,0,0,0,0,0,0,3,0,0,2,0,710,0,0,0,0,3484,12.428243398392652,1.0323325635103926,1.6647531572904708,2.0793103740133088,1.3490241102181402,0.6888633754305397,2.0851063829787235,0.0009390661034558434,0.001321618160490979,0.01050385501213282,0.025002675649923194,1.136724373662328,0.32905240947133807,0.09592527466410973,-1.8879429236593017,1.0,1.0,9.0,0.0,0.0,,,,,,,,,,,,,,,,,,,,,,,,,
145,25_5_2_5_2_1,25_5_2_5_2_1_StartGoalLocations_Seed3.csv,25,1181.2059656381607,25,1.0,0,28,0,0,24,28,5,63,29,63,0.4603174603174603,0.08838821490467938,6.580046214873497,0,0,0,0.1606008087810514,0.6435586366262276,0.0,,0,,,,,11.6,8.5,4.4,0,57,0,26,0,0,16,5,81,0,53,0,28,0,8,0.6543,0.0,2,1,0,173.1,0.0,2500.0,0.0,1529.22,-642.57,0.0,0.0,0.0,0.0,0.0,-59.544,0.0,-254.0,593.0,-2560.0,0.0,0.0,0.0,0.0,0.0,-98.0,0.0,0.0,2.05647,11.93626,-0.0344,0.16074,-1.28307,2.56338,0.0,0.0,-0.05661,0.15844,85.08,-537.588,2500.0,0.0,1817.853,-549.744,-0.26141,1.19291,1.44425,11.9306,0.73259,1.29904,0.25072,1.43472,0.01444,100.0,0.98556,1.38781,0.0,-2.4599,35.5114,0.0,87.384,-42.3183,-6.876,55,21,31,119,5,15,24,163,0,89,74,0,119,29,15,0,12,107,4,0.0,0.7300613496932515,163,14,3,1.464,4159.22,0.0,593.0,0.0,0.0,-599.47,-59.544,-2814.0,0.0,-98.0,4159.22,0.0,593.0,0.0,0.0,-599.47,-59.544,-2814.0,0.0,-98.0,0,4,25,25,0,0,0,0,85,5,28,0,28,0,1.0,0,75,28,16,4,552,29,29,265,265,262,13,43,43,0,0,441,8,0,0,381,0,0,0,1,1,0,0,11,0,1,9,0,305,0,29,0,430,3591,70.98301308827625,2.5433503334641037,30.548593706488443,1.5134343920604971,19.910888331940964,1.113895850737956,3.172027972027972,0.0007898659226855776,0.0013272967695703974,0.010902646864912864,0.024021694882084495,1.1331941735917244,0.33867186199927674,0.09222603021054596,-1.9190444700095965,,,,,,,,,,,,,,,,,,,,,,,,,,,,,,
146,25_5_2_5_2_1,25_5_2_5_2_1_StartGoalLocations_Seed5.csv,45,389.1392964720726,45,1.0,0,41,0,0,51,41,6,117,47,117,0.4017094017094017,0.15221284215911998,6.118606597627329,1,1,1,0.1793297518546943,0.5809669992325402,0.0,1.0,1,4.0,7.0,0.0,7.0,10.18,8.0,4.8,0,129,0,51,0,0,25,19,153,0,96,8,49,0,18,0.6275,0.0523,42,6,0,390.9,0.0,4500.0,0.0,3166.34,-1573.079,17.5,0.0,0.0,0.0,3.384,-232.906,0.0,-1018.5,1467.0,-6148.0,25.0,0.0,0.0,0.0,0.0,-208.5,0.0,0.0,1.66325,10.6995,-0.05872,0.20896,-1.45805,2.7141,0.0064,0.39981,-0.05334,0.15435,142.142,-1456.894,4525.0,0.0,3953.34,-1272.911,-0.33634,1.22839,1.15759,10.67421,0.68571,1.29708,0.23817,1.71755,0.01177,98.36957,0.98823,1.3529,0.0,-7.4973,64.2756,0.0,181.9337,-101.8045,-17.158,96,22,57,262,101,56,69,493,20,332,141,0,260,177,56,0,36,206,8,0.04056795131845842,0.5273833671399595,493,69,30,1.23,7966.38,3.384,1395.5,25.0,0.0,-1464.719,-232.906,-7095.0,0.0,-208.5,7966.38,3.384,1395.5,25.0,0.0,-1464.719,-232.906,-7095.0,0.0,-208.5,0,71,45,45,0,1,1,0,212,5,41,0,41,0,1.0,0,154,41,25,3,1012,69,69,622,622,1061,277,123,123,8,0,934,47,0,0,834,8,2,1,4,4,0,0,16,47,3,18,0,305,0,84,0,845,8454,77.37165838656257,2.7456046476073994,40.513366453749704,1.5731453986608688,28.329784717293588,2.4248876271587414,3.0893528183716077,0.0008217291763257566,0.0014159752393284953,0.010569879404184494,0.02439732334609677,1.1394709447627012,0.3326216591264419,0.14703967226411513,-2.218333957694736,,,,,,,,,,,,,,,,,,,,,,,,,,,,,,
147,25_5_2_5_2_1,25_5_2_5_2_1_StartGoalLocations_Seed2.csv,25,-483.35252299904823,25,1.0,0,31,0,0,130,31,1,104,36,104,0.34615384615384615,0.12759097190234914,6.941973725519989,5,3,4,0.1625978811607554,0.6093965914325196,0.0,3.0,5,15.77,22.67,45.3,27.3,8.43,4.5,3.3,0,74,0,19,0,0,16,6,110,0,62,5,43,0,3,0.5636,0.0455,12,5,0,217.1,0.0,2500.0,0.0,1817.901,-906.852,0.0,0.0,0.0,0.0,0.8,-77.801,0.0,-520.0,45.0,-3528.0,75.0,0.0,0.0,0.0,0.0,-106.5,0.0,0.0,1.67119,10.7029,-0.03547,0.16324,-1.84385,1.89936,0.03455,0.92869,-0.04906,0.14873,18.0,-1157.597,2575.0,0.0,2298.609,-746.821,-0.52492,1.17384,1.18609,10.70566,0.71478,1.32692,0.2865,1.89003,0.0129,91.96429,0.98848,1.41912,0.0,-4.7428,36.5767,0.0,103.8801,-57.9058,-10.177,60,30,42,218,26,30,33,307,7,217,83,0,218,59,30,0,21,195,4,0.02280130293159609,0.7100977198697068,307,32,9,0.096,4473.401,0.8,45.0,75.0,0.0,-845.252,-77.801,-4048.0,0.0,-106.5,4473.401,0.8,45.0,75.0,0.0,-845.252,-77.801,-4048.0,0.0,-106.5,0,22,25,25,0,3,3,0,136,5,31,0,31,0,1.0,0,90,31,16,3,1684,76,76,431,431,333,82,36,36,4,0,411,8,0,0,327,6,2,1,4,4,0,0,7,18,3,12,0,305,0,36,0,520,6920,46.80635838150289,1.9913553565915405,23.569364161849713,1.7120171897475918,16.604046242774565,2.5289017341040463,2.8337684943429067,0.0007267534048290981,0.0013916646745642139,0.010370696909203595,0.023996378131423173,1.1387094004420373,0.33596228087440383,0.13944218689111237,-2.4334989995330645,2.0,6.0,8.0,0.0,0.0,,,,,,,,,,,,,,,,,,,,,,,,,
148,25_5_2_5_2_1,25_5_2_5_2_1_StartGoalLocations_Seed5.csv,45,-84.9458202123642,45,1.0,1,63,1,1,156,63,8,212,68,211,0.32075471698113206,0.25751547303271444,5.470125175960638,5,3,3,0.26591511936339524,0.5627763041556145,0.0,3.0,5,9.0,18.33,53.3,31.0,8.68,15.6,13.6,0,157,0,65,0,0,37,12,203,0,139,1,63,0,7,0.6847,0.0049,62,5,0,452.4,0.0,4500.0,0.0,3143.048,-1722.024,21.0,0.0,0.0,-100.0,6.019,-524.889,0.0,-1373.5,1425.0,-5616.0,75.0,0.0,0.0,0.0,0.0,-371.0,0.0,0.0,1.41344,9.96653,-0.1368,1.08396,-1.23,2.51531,0.01658,0.64357,-0.08201,0.18514,138.067,-2737.789,4575.0,0.0,3890.702,-1525.974,-0.57465,1.74537,1.01127,9.9429,0.52271,1.24939,0.29553,2.15098,0.01061,95.3125,0.98961,1.20989,0.0,-18.1869,64.9858,0.0,180.8028,-119.6014,-38.811,271,60,202,584,150,124,117,976,19,613,344,0,582,269,125,0,87,489,31,0.0194672131147541,0.5963114754098361,975,153,51,-0.148,7993.648,5.92,1356.5,75.0,0.0,-1599.223,-624.79,-6921.0,0.0,-371.0,7993.648,5.92,1356.5,75.0,0.0,-1599.223,-624.79,-6921.0,0.0,-371.0,0,107,45,45,0,3,3,0,387,5,63,0,63,0,1.0,0,192,64,37,6,2748,127,127,1004,1004,1085,423,155,155,8,0,1947,263,0,0,786,4,1,6,13,13,0,0,41,27,6,77,0,305,0,80,14,1460,14116,67.76707282516294,1.9615304202383441,39.742136582601304,1.384763835260309,24.71663360725418,2.50779257580051,2.9274863857838924,0.0009992359233203765,0.0013386259044234517,0.010385412143969033,0.02440022509626426,1.1448728278214233,0.32975641484311313,0.1832205184357135,-2.7683444443488225,2.0,2.5,6.0,0.0,0.0,,,,,,,,,,,,,,,,,,,,,,,,,
149,25_5_2_5_2_1,25_5_2_5_2_1_StartGoalLocations_Seed3.csv,25,-877.8472180962563,25,1.0,0,75,0,0,50,75,1,250,77,250,0.308,0.305270135896586,4.895935992042593,3,3,3,0.31024196221412,0.6645674511103745,0.0,3.0,3,9.0,19.67,19.3,17.0,10.39,30.2,26.0,0,158,0,75,0,0,71,11,120,0,78,0,42,0,4,0.65,0.0,10,2,0,301.7,0.0,2500.0,0.0,2123.028,-853.457,14.0,0.0,0.0,0.0,4.208,-363.826,0.0,-969.5,95.0,-3472.0,75.0,0.0,0.0,0.0,0.0,-332.0,0.0,0.0,1.35408,9.09699,-0.1192,0.27793,-1.44067,1.68588,0.02486,0.78795,-0.11004,0.20715,36.0,-1923.283,2575.0,0.0,2888.642,-716.774,-0.62555,1.36464,0.8535,9.09708,0.71988,1.17808,0.34372,1.88938,0.00928,91.96429,0.99105,1.20582,0.0,-12.5754,36.5767,0.0,122.1159,-67.7404,-23.836,279,132,226,642,46,51,78,818,13,594,211,0,641,126,51,0,48,583,8,0.01589242053789731,0.7836185819070904,818,108,39,0.166,4878.294,4.208,85.5,75.0,0.0,-793.024,-363.826,-4432.0,0.0,-332.0,4878.294,4.208,85.5,75.0,0.0,-793.024,-363.826,-4432.0,0.0,-332.0,0,59,25,25,0,2,2,0,368,5,75,0,75,0,1.0,0,229,75,71,4,1472,185,185,1047,1047,1035,221,141,141,4,0,1053,105,0,0,537,5,0,2,6,5,0,3,26,80,7,25,1,305,0,148,0,1540,7368,80.26601520086862,2.257186337504227,50.787187839305105,1.8498263238475745,35.91205211726384,5.863192182410423,2.6481481481481484,0.0009016830895036591,0.0013091795607697745,0.01011024433334925,0.024512669046247458,1.148701703418856,0.33299049616123183,0.19812384538311997,-3.4003464061280955,,,,,,,,,,,,,,,,,,,,,,,,,,,,,,
150,50_5_5_10_5_2,50_5_5_10_5_2_StartGoalLocations_Seed4.csv,45,3401.8553845584393,45,1.0,0,21,0,0,57,21,6,109,30,109,0.27522935779816515,0.10250266240681576,8.138459566429146,0,0,0,0.08865814696485623,0.7287007454739084,0.0,,0,,,,,20.11,4.5,3.5,0,33,0,21,0,0,16,6,139,0,95,1,43,0,0,0.6835,0.0072,18,9,0,375.6,0.0,4500.0,0.0,3809.778,-1115.216,0.0,0.0,0.0,0.0,0.8,-164.107,0.0,-760.0,569.0,-3684.0,0.0,0.0,0.0,0.0,0.0,-130.0,0.0,0.0,2.01549,10.86659,-0.04348,0.17389,-1.03168,2.01057,0.0,0.0,-0.03461,0.12692,117.354,-759.355,4500.0,0.0,5227.501,-696.017,-0.17093,0.87331,1.19808,10.87993,1.20647,1.21821,0.1853,1.25964,0.01198,100.0,0.98802,1.59621,0.0,-3.9272,63.9205,0.0,217.7016,-71.1552,-10.702,55,49,46,137,12,63,38,250,4,154,92,0,137,50,63,0,29,105,16,0.016,0.548,250,94,59,-15.306,8607.478,0.8,569.0,0.0,0.0,-1037.316,-164.107,-4444.0,0.0,-130.0,8607.478,0.8,569.0,0.0,0.0,-1037.316,-164.107,-4444.0,0.0,-130.0,0,31,45,45,0,0,0,0,99,5,21,0,21,0,1.0,0,49,21,16,4,1236,22,22,263,263,609,119,1,1,0,0,905,112,0,0,815,6,0,2,2,1,1,0,5,49,0,6,0,710,0,22,0,335,7535,38.77903118779031,1.3661875427789185,15.315195753151958,2.035008697394456,12.660915726609158,1.287325812873258,2.7830188679245285,0.0007814153487010276,0.0013089842409043178,0.010678796932511152,0.024140044658001767,1.1467555124782822,0.33520474740602435,0.19655980743636592,-3.3148659070332847,,,,,,,,,,,,,,,,,,,,,,,,,,,,,,
