episode,map,scen,agents,reward,completed,completion_rate,collisions,recovery_invocations,recovery_forced,recovery_resolved,recovery_wasted,recovery_preemptive,recovery_preemptive_success,risk_steps,risk_steps_acted,warning_steps,intervention_rate,brake_duty_cycle,mean_peer_gap,errors_injected,handovers_completed,retired_recalled,action_override_rate,gradient_agreement,mean_hops_remaining,wave_fired,wave_failures,wave_rescuers_hit,ladder_l3_fired,ladder_l3_fleets,ladder_rules_while_held,ladder_shadow_steps_with_groups,ladder_shadow_groups,ladder_shadow_groups_2,ladder_shadow_groups_3plus,ladder_shadow_max_group,ladder_shadow_cycles_seen,ladder_shadow_cycles_2,ladder_shadow_cycles_3plus,ladder_shadow_cycles_in_corridor,ladder_shadow_max_cycle,ladder_shadow_max_cycle_persist,ladder_shadow_cycles_cleared_in_grace,ladder_retrace_orders,ladder_retrace_hops,ladder_retrace_released,ladder_retrace_timeouts,ladder_retrace_no_room,ladder_retrace_multi,ladder_retrace_skipped_corridor,ladder_retrace_timeout_not_arrived,ladder_retrace_timeout_others_stuck,ladder_retrace_timeout_last_head_on,ladder_retrace_timeout_last_contested,ladder_retrace_timeout_last_blocked,ladder_retrace_timeout_last_following,ladder_retrace_timeout_last_none,ladder_retrace_collisions_while_retreating,ladder_retrace_open,ladder_rung_l1_events,ladder_rung_l2_events,ladder_rung_l3_events,ladder_rung_l1_charged,ladder_rung_l2_charged,ladder_rung_l3_charged,ladder_self_backoffs,ladder_rule_orders_vetoed,ladder_backoff_watched,ladder_shadow_cycles_needing_retreat,incomplete_dead_no_pickup,incomplete_dead_rescued,incomplete_total,hops_dead_no_pickup,hops_dead_rescued,start_hops_dead_no_pickup,start_hops_dead_rescued,steps_held_dead_no_pickup,steps_held_dead_rescued,steps_waiting_dead_no_pickup,steps_waiting_dead_rescued,start_hops_delivered,steps_held_delivered,steps_waiting_delivered,sep_pairs,tier1_real_escapes,tier1_noop_escapes,tier1_rejected_occupied,tier1_rejected_obstacle,tier2_rejected_obstacle,recurrence_escalations,recurrence_pairs_tracked,doorstep_steps,doorstep_arrived,doorstep_closer,doorstep_idle,doorstep_away,doorstep_overridden,doorstep_peer_within_warning,doorstep_step_in_rate,doorstep_idle_rate,convoy_fleets_exempted,convoy_invocations_skipped,held_pair_invocations_skipped,rwd_term_pos_goal_baseline,rwd_term_neg_goal_baseline,rwd_term_pos_goal_delivery,rwd_term_neg_goal_delivery,rwd_term_pos_goal_progress,rwd_term_neg_goal_progress,rwd_term_pos_goal_final_approach,rwd_term_neg_goal_final_approach,rwd_term_pos_safety_collision,rwd_term_neg_safety_collision,rwd_term_pos_safety_warning,rwd_term_neg_safety_warning,rwd_term_pos_integrity_coherence,rwd_term_neg_integrity_coherence,rwd_term_pos_integrity_recovery_events,rwd_term_neg_integrity_recovery_events,rwd_term_pos_rescue_pickup,rwd_term_neg_rescue_pickup,rwd_term_pos_rescue_rescue_delivery,rwd_term_neg_rescue_rescue_delivery,rwd_term_pos_time_idle,rwd_term_neg_time_idle,rwd_term_pos_time_overtime,rwd_term_neg_time_overtime,rwd_spread_mean_goal,rwd_spread_std_goal,rwd_spread_mean_safety,rwd_spread_std_safety,rwd_spread_mean_integrity,rwd_spread_std_integrity,rwd_spread_mean_rescue,rwd_spread_std_rescue,rwd_spread_mean_time,rwd_spread_std_time,rwd_shadow_pos_safety,rwd_shadow_neg_safety,rwd_shadow_pos_delivery,rwd_shadow_neg_delivery,rwd_shadow_pos_efficiency,rwd_shadow_neg_efficiency,rwd_shadow_mean_safety,rwd_shadow_std_safety,rwd_shadow_mean_delivery,rwd_shadow_std_delivery,rwd_shadow_mean_efficiency,rwd_shadow_std_efficiency,rwd_shadow_freq_safety,rwd_shadow_typical_safety,rwd_shadow_freq_delivery,rwd_shadow_typical_delivery,rwd_shadow_freq_efficiency,rwd_shadow_typical_efficiency,rwd_live_pos_safety,rwd_live_neg_safety,rwd_live_pos_delivery,rwd_live_neg_delivery,rwd_live_pos_efficiency,rwd_live_neg_efficiency,rwd_approach_total,rwd_standoff_pairsteps,rwd_standoff_longest,rwd_standoff_past_cap,rwd_choice_wait,rwd_choice_follow,rwd_choice_reroute,rwd_choice_proceed,choice_n,choice_policy_wait,choice_policy_toward,choice_policy_away,choice_policy_side,choice_exec_wait,choice_exec_toward,choice_exec_away,choice_exec_side,choice_over_rule,choice_over_hold,choice_over_other,choice_policy_wait_share,choice_exec_wait_share,rwd_warnundo_fleetsteps,rwd_warnundo_mismatched,rwd_warnundo_escaped_kept,rwd_warnundo_error,rwd_all_pos_goal,rwd_all_pos_safety,rwd_all_pos_integrity,rwd_all_pos_rescue,rwd_all_pos_time,rwd_all_neg_goal,rwd_all_neg_safety,rwd_all_neg_integrity,rwd_all_neg_rescue,rwd_all_neg_time,rwd_learned_pos_goal,rwd_learned_pos_safety,rwd_learned_pos_integrity,rwd_learned_pos_rescue,rwd_learned_pos_time,rwd_learned_neg_goal,rwd_learned_neg_safety,rwd_learned_neg_integrity,rwd_learned_neg_rescue,rwd_learned_neg_time,held_pair_fleets_exempted,convoy_splats_skipped,orders_total,orders_delivered,orders_undelivered,orders_inherited,orders_inherited_delivered,orders_stranded_in_open_pickups,sep_warning_splats,preempt_window,preempt_watched,preempt_collided_k,preempt_clear_k,preempt_pending,preempt_prevention_rate,preempt_fleets_hit_k,preempt_fleets_watched,conflict_collapses,conflict_repeat_offences,conflict_max_pair_repeat,conflict_evaluations,conflict_pairs_head_on,conflict_warned_head_on,conflict_pairs_blocked,conflict_warned_blocked,conflict_pairs_following,conflict_warned_following,conflict_pairs_contested,conflict_warned_contested,conflict_pairs_sequential,conflict_warned_sequential,conflict_pairs_none,conflict_warned_none,conflict_pairs_unknown,conflict_warned_unknown,conflict_brake_convoy_exempt,corridor_entry_waits,corridor_entry_contests,corridor_meetings,corridor_retreaters,corridor_released,corridor_timeouts,corridor_no_pullover,corridor_claim_waits,corridor_hold_steps,corridor_entry_pullovers,corridor_stopped_waits,corridor_stopped_cycles_left,corridor_count,corridor_orders_open,corridor_aging_resets,conflict_holds,conflict_holds_at_cap,conflict_hold_steps,path_views,path_seeing_pct,path_routes_seen_mean,path_shared_pct,path_overlap_mean,path_contested_pct,path_contested_next_pct,path_contested_soonest,loss_safety,loss_delivery,loss_efficiency,qval_safety,qval_delivery,qval_efficiency,loss_recovery,qval_recovery,loss_teacher,teacher_agree,teacher_share,teacher_n,learner_loss,learner_agree,learner_n,learner_used,learner_changed,incomplete_moving,hops_moving,start_hops_moving,steps_held_moving,steps_waiting_moving,incomplete_rescuer_busy,incomplete_dead_rescue_late,hops_rescuer_busy,hops_dead_rescue_late,start_hops_rescuer_busy,start_hops_dead_rescue_late,steps_held_rescuer_busy,steps_held_dead_rescue_late,steps_waiting_rescuer_busy,steps_waiting_dead_rescue_late,incomplete_livelocked,hops_livelocked,start_hops_livelocked,steps_held_livelocked,steps_waiting_livelocked,sep_min,sep_mean_nearest,sep_within_collision,sep_within_warning,sep_pct_within_warning,incomplete_waiting,hops_waiting,start_hops_waiting,steps_held_waiting,steps_waiting_waiting
1,25_5_2_5_2_1,25_5_2_5_2_1_StartGoalLocations_Seed1016.csv,40,1692.8078781366348,38,0.95,3,0,3,3,0,0,0,155,0,152,0.0,0.17962466487935658,5.824989313294677,2,1,0,0.21470062555853442,0.3183646112600536,0.0,0,0,0,0,0,0,155,286,242,44,5,36,33,3,36,3,9,15,18,33,18,0,2,0,1,0,0,0,0,0,0,0,0,0,18.0,12.0,0.0,-181.8,-302.09999999999997,0.0,140,0,466,21,1.0,1.0,2,4.0,14.15,11.0,21.0,0.0,0.0,2.0,24.0,7.84,0.0,6.4,0,6,0,5,0,0,0,3,154,0,53,29,72,0,14,0.3442,0.1883,0,0,0,447.6,0.0,3800.0,0.0,2994.641,-2096.626,7.0,0.0,0.0,-300.0,7.987,-306.794,0.0,-1816.5,0.0,-792.0,25.0,0.0,0.0,0.0,0.0,-277.5,0.0,0.0,1.15117,9.24425,-0.13378,1.83802,-0.58277,1.13086,0.00559,0.37363,-0.062,0.16479,0.0,-967.574,3825.0,0.0,3762.21,-1713.974,-0.21617,1.9189,0.85456,9.18186,0.4576,1.2905,0.14678,1.47272,0.00871,98.07692,0.99151,1.23393,0.0,-33.745,54.3324,0.0,171.5223,-135.6644,-43.555,66,9,11,222,39,190,199,652,166,211,275,0,220,240,192,0,141,0,81,0.254601226993865,0.3374233128834356,651,318,72,-9.233,7100.472,7.85,0.0,25.0,0.0,-1947.857,-606.657,-2608.5,0.0,-277.5,7100.472,7.85,0.0,25.0,0.0,-1947.857,-606.657,-2608.5,0.0,-277.5,0,111,40,38,2,1,0,0,256,5,0,0,0,0,,0,0,3,0,0,1124,360,360,410,410,1371,442,161,161,16,0,1727,102,0,0,621,24,6,3,12,10,0,0,37,49,9,66,0,305,0,72,0,0,0,9220,72.59219088937093,3.194681010010459,34.4468546637744,1.9843199271779104,25.542299349240782,3.1453362255965294,2.876433121019108,0.003033299269015824,0.006981655031468275,0.0026479966665079835,-0.018491994876333368,0.06859454203294504,0.029934133347999645,0.0038376051167329484,0.09196023539204252,0.48774613403017203,0.24179242507041068,0.07017943754603213,23789.0,0.9783528072721065,0.615158266425659,23789.0,455,29,,,,,,,,,,,,,,,,,,,,,,,,,,,,,,
2,50_20_5_10_5_2,50_20_5_10_5_2_StartGoalLocations_Seed1015.csv,40,8502.488033533096,40,1.0,0,0,0,0,0,0,0,10,0,10,0.0,0.0029318899413622013,9.819609108302418,9,9,6,0.05480378890392422,0.5195083446098331,0.0,2,5,0,0,0,0,10,10,10,0,2,0,0,0,0,0,0,0,0,0,0,0,0,0,0,0,0,0,0,0,0,0,0,0,0.0,0.0,0.0,0.0,0.0,0.0,8,0,19,0,,9.0,9,,12.78,,33.39,,0.0,,0.2,26.21,0.0,0.2,0,0,0,0,0,0,0,0,195,0,120,38,37,0,0,0.6154,0.1949,0,0,0,886.8,0.0,4000.0,0.0,7680.542,-3390.542,0.0,0.0,0.0,0.0,0.0,-5.312,0.0,-181.5,0.0,0.0,225.0,0.0,0.0,0.0,0.0,-712.5,0.0,0.0,1.03482,6.79001,-0.0006,0.02115,-0.02047,0.09907,0.02537,0.79603,-0.08035,0.18362,0.0,-14.16,4225.0,0.0,10865.65,-2319.717,-0.0016,0.03703,0.47643,6.74636,0.96368,1.38133,0.00226,0.708,0.00553,86.22449,0.99515,1.49409,0.0,-0.2989,60.0142,0.0,438.8882,-234.4596,-0.254,2,1,0,10,0,8,2,20,10,0,10,0,10,2,8,0,1,0,2,0.5,0.5,20,4,2,-1.152,12341.142,0.0,0.0,225.0,0.0,-3164.342,-5.312,-181.5,0.0,-712.5,12341.142,0.0,0.0,225.0,0.0,-3164.342,-5.312,-181.5,0.0,-712.5,0,1,40,40,0,8,8,0,9,5,0,0,0,0,,0,0,0,0,0,2496,0,0,8,8,48,4,28,28,0,0,76,0,0,0,268,0,0,0,0,0,0,0,1,0,0,1,0,3200,0,1,0,0,0,25832,9.453391142768659,1.0,3.2362960668937752,1.555023946812706,2.1910808299783215,0.6193868070610096,2.7031802120141344,0.0013617857867547383,0.005318455971950569,0.0015524109761687354,-0.007730196082020367,0.0679984744817305,0.03813490744990607,0.003718987986734973,0.09762604371047555,0.5032799210142056,0.2108843537414966,0.02901493394203711,21903.0,0.6971527581046891,0.7093092270465233,21903.0,11,10,,,,,,,,,,,,,,,,,,,,,,,,,,,,,,
3,25_5_2_5_2_1,25_5_2_5_2_1_StartGoalLocations_Seed1004.csv,60,631.0651683807373,59,0.9833333333333333,6,2,6,6,0,2,1,268,2,262,0.007462686567164179,0.25212197422194277,5.200038654133045,3,2,3,0.20018856065367693,0.35779384035197986,12.5,1,2,0,2,4,1,268,651,559,92,4,28,28,0,28,2,7,16,11,12,11,0,0,0,1,0,0,0,0,0,0,0,0,0,11.0,10.0,2.0,-61.19999999999998,-260.70000000000005,-212.5,160,0,1158,12,1.0,2.0,4,4.0,5.0,9.0,15.0,0.0,0.0,1.0,1.5,7.26,0.1,15.1,0,13,0,10,0,0,0,6,186,0,80,39,67,0,11,0.4301,0.2097,0,0,0,636.4,0.0,5900.0,0.0,3669.522,-2381.996,0.0,0.0,0.0,-600.0,5.455,-806.316,0.0,-2712.0,0.0,-2112.0,50.0,0.0,0.0,0.0,0.0,-673.0,0.0,-345.0,1.2294,9.63426,-0.22012,2.1812,-0.75801,1.4689,0.00786,0.44312,-0.15996,0.70066,0.0,-2278.522,5950.0,0.0,4419.852,-2599.395,-0.35803,2.31657,0.93495,9.59329,0.28606,1.36761,0.23334,1.53436,0.00959,97.54098,0.99073,1.11328,0.0,-56.4833,84.517,0.0,207.6013,-192.1998,-59.477,352,30,153,1037,26,186,228,1478,969,238,271,0,1037,253,188,0,179,1,181,0.6556156968876861,0.7016238159675237,1473,495,103,-13.839,10035.579,4.927,0.0,50.0,0.0,-2211.652,-1405.788,-4824.0,0.0,-1018.0,10035.579,4.927,0.0,50.0,0.0,-2211.652,-1405.788,-4824.0,0.0,-1018.0,0,113,60,59,1,2,2,0,699,5,2,0,2,0,1.0,0,4,8,2,3,3200,200,200,1792,1792,1392,453,653,653,12,0,2089,162,0,0,716,4,3,2,10,9,1,0,33,176,8,93,0,305,0,95,2,0,10,18231,64.3958093357468,2.65366269165247,23.427129614393067,1.481078805153554,15.484614118808622,3.29658274367835,2.5423308537017357,0.001389478072815109,0.005313974512027926,0.001497663203481352,-0.006856655121850963,0.07857393783982843,0.0576983437477611,0.0014022828092493,0.11524936171248555,0.48588571369081074,0.24548906023719128,0.03363320106708568,25549.0,0.605141358545925,0.771537046459744,25549.0,987,600,1.0,12.5,10.0,5.0,134.0,,,,,,,,,,,,,,,,,,,,,,,,,
4,25_5_2_5_2_1,25_5_2_5_2_1_StartGoalLocations_Seed1019.csv,25,2143.0677351132035,25,1.0,0,1,0,0,0,1,1,124,1,124,0.008064516129032258,0.1839835728952772,5.969539376279412,4,3,3,0.10472279260780287,0.4271047227926078,0.0,2,4,1,1,2,0,124,208,208,0,2,8,8,0,8,2,4,7,1,1,1,0,0,0,0,0,0,0,0,0,0,0,0,0,1.0,1.0,1.0,-4.8,-16.8,-100.0,63,0,339,1,1.0,3.0,4,2.5,6.17,5.0,15.0,0.0,0.0,0.0,15.0,9.43,0.0,11.7,0,2,0,1,0,0,0,1,106,0,43,8,55,0,1,0.4057,0.0755,0,0,0,243.5,0.0,2500.0,0.0,1712.86,-905.227,3.5,0.0,0.0,0.0,2.4,-289.465,0.0,-986.0,0.0,-24.0,75.0,0.0,0.0,0.0,0.0,-189.5,0.0,0.0,1.45981,10.12009,-0.11789,0.30029,-0.41478,0.26428,0.0308,0.87697,-0.07782,0.18126,0.0,-503.863,2575.0,0.0,2011.334,-853.531,-0.20693,0.484,1.05749,10.11539,0.47548,1.24865,0.17413,1.18836,0.0115,91.96429,0.9885,1.19022,0.0,-10.1062,36.5767,0.0,98.0777,-62.5558,-14.042,104,13,33,298,0,68,58,424,284,60,80,0,297,59,68,0,46,0,31,0.6698113207547169,0.7004716981132075,424,160,34,-2.202,4396.06,2.4,0.0,75.0,0.0,-841.427,-289.465,-1010.0,0.0,-189.5,4396.06,2.4,0.0,75.0,0.0,-841.427,-289.465,-1010.0,0.0,-189.5,0,27,25,25,0,3,3,0,184,5,1,0,1,0,1.0,0,2,1,0,0,900,44,44,440,440,272,108,238,238,2,0,356,16,0,0,310,6,2,0,1,0,1,0,11,53,1,33,2,305,0,15,0,0,0,5979,62.067235323632715,1.469954190245217,22.19434688074929,1.1972682896535494,14.41712660980097,5.352065562803144,2.2053364269141533,0.0011224940980577634,0.004442049034922901,0.0016238510825981696,-0.005437704981280452,0.08240446766217549,0.05963211544685894,0.0007864205417637196,0.11154291133085886,0.46623429570632524,0.260624597553123,0.03576295981494749,6212.0,0.5461422114909482,0.7933032839665164,6212.0,282,168,,,,,,,,,,,,,,,,,,,,,,,,,,,,,,
5,25_5_2_5_2_1,25_5_2_5_2_1_StartGoalLocations_Seed1003.csv,40,1567.8794623464346,40,1.0,8,0,8,8,0,0,0,250,0,242,0.0,0.17909749824643442,5.459434474687975,11,10,6,0.10259406403365272,0.38630521149801356,0.0,2,6,1,0,0,0,231,368,310,58,3,5,5,0,5,2,6,3,1,1,1,0,0,0,1,0,0,0,0,0,0,0,0,0,1.0,4.0,0.0,-4.8,-76.2,0.0,88,0,765,2,1.0,10.0,11,7.0,4.67,11.0,8.75,0.0,1.0,7.0,23.2,7.26,0.0,7.6,0,14,0,8,0,0,0,6,203,0,90,29,84,0,7,0.4433,0.1429,0,0,0,427.9,0.0,4000.0,0.0,2748.103,-1713.978,10.5,0.0,0.0,-800.0,4.056,-316.701,0.0,-1708.0,0.0,-968.0,250.0,0.0,0.0,0.0,0.0,-366.0,0.0,0.0,1.27893,9.67675,-0.26002,3.05015,-0.62538,1.2721,0.05842,1.20715,-0.08553,0.18828,0.0,-1681.976,4250.0,0.0,3201.361,-1676.68,-0.39308,3.16716,0.99322,9.69298,0.35632,1.24695,0.20051,1.96034,0.01168,85.0,0.98761,1.15429,0.0,-39.3048,60.3693,0.0,157.6345,-118.8559,-33.155,167,8,37,600,9,94,136,839,649,87,103,0,600,145,94,0,42,1,98,0.7735399284862932,0.7151370679380215,838,299,40,7.331,7067.803,2.8,0.0,250.0,0.0,-1595.278,-1115.445,-2676.0,0.0,-366.0,7067.803,2.8,0.0,250.0,0.0,-1595.278,-1115.445,-2676.0,0.0,-366.0,0,62,40,40,0,9,9,0,424,5,0,0,0,0,,0,0,8,2,3,2348,49,49,1128,1128,847,247,419,419,24,0,1380,110,0,0,683,1,0,1,4,4,0,0,7,24,3,23,1,305,0,11,2,0,10,18666,59.49319618557806,2.330301665916254,23.475838422800813,1.2296839499733883,14.652309011036108,4.393014036215579,2.4881170018281535,0.0015814386463281422,0.004665056951550269,0.001908930757097278,-0.004950881121394141,0.09009021261684737,0.07953751674223393,0.010388945748262405,0.13942577028599468,0.44295560710039156,0.2493404634581105,0.03242984203726581,14025.0,0.5123843294201476,0.8104812834224598,14025.0,589,404,,,,,,,,,,,,,,,,,,,,,,,,,,,,,,
6,50_20_5_10_5_2,50_20_5_10_5_2_StartGoalLocations_Seed1017.csv,40,7378.599890366197,40,1.0,0,0,0,0,0,0,0,0,0,0,0.0,0.0,9.933346757954087,4,4,4,0.03503826016915022,0.594442207007652,0.0,1,3,0,0,0,0,0,0,0,0,0,0,0,0,0,0,0,0,0,0,0,0,0,0,0,0,0,0,0,0,0,0,0,0,0.0,0.0,0.0,0.0,0.0,0.0,0,0,0,0,,4.0,4,,2.62,,22.0,,0.0,,0.0,21.75,0.0,0.0,0,0,0,0,0,0,0,0,147,0,104,23,20,0,0,0.7075,0.1565,0,0,0,496.6,0.0,4000.0,0.0,4692.0,-1521.0,0.0,0.0,0.0,0.0,0.0,0.0,0.0,0.0,0.0,0.0,100.0,0.0,0.0,0.0,0.0,-389.0,0.0,0.0,1.54402,8.96321,0.0,0.0,0.0,0.0,0.02014,0.70924,-0.07833,0.18174,0.0,0.0,4100.0,0.0,6236.29,-1158.12,0.0,0.0,0.82561,8.9649,1.02259,1.31324,0.0,0.0,0.00886,93.18182,0.99114,1.50232,0.0,0.0,58.2386,0.0,268.1143,-109.1429,0.0,0,0,0,0,0,0,0,0,0,0,0,0,0,0,0,0,0,0,0,,,0,0,0,0.0,9087.2,0.0,0.0,100.0,0.0,-1419.6,0.0,0.0,0.0,-389.0,9087.2,0.0,0.0,100.0,0.0,-1419.6,0.0,0.0,0.0,-389.0,0,0,40,40,0,3,3,0,0,5,0,0,0,0,,0,0,0,0,0,1792,0,0,0,0,0,0,0,0,0,0,0,0,0,0,164,0,0,0,0,0,0,0,0,0,0,0,0,3200,0,0,0,0,0,11829,8.428438583143123,1.0,2.1895341956209315,1.7760618006860889,1.5132301969735396,0.8115647983768705,1.681564245810056,0.0013444858231131157,0.00374551406561555,0.0017307426935855932,-0.004363081355084627,0.09214677052971508,0.09314446372445673,0.011033327421630799,0.19080047801669156,0.4081544741851414,0.258984850160345,0.028313561573322352,9043.0,0.4787598450424177,0.8124516200375982,9043.0,0,0,,,,,,,,,,,,,,,,,,,,,,,,,,,,,,
7,50_20_5_10_5_2,50_20_5_10_5_2_StartGoalLocations_Seed1010.csv,40,7404.872434787452,40,1.0,0,0,0,0,0,0,0,42,0,42,0.0,0.012246980779044054,9.67302921877201,5,5,4,0.03112774281340364,0.6174519476101378,0.0,1,3,0,0,0,0,42,42,42,0,2,0,0,0,0,0,0,0,0,0,0,0,0,0,0,0,0,0,0,0,0,0,0,0,0.0,0.0,0.0,0.0,0.0,0.0,8,0,83,0,,5.0,5,,17.6,,36.6,,0.0,,9.6,28.5,0.0,0.0,0,0,0,0,0,0,0,0,181,0,107,35,39,0,0,0.5912,0.1934,0,0,0,587.9,0.0,4000.0,0.0,5714.842,-1796.842,0.0,0.0,0.0,0.0,0.0,-33.027,0.0,-805.5,0.0,0.0,125.0,0.0,0.0,0.0,0.0,-387.5,0.0,0.0,1.44683,8.25467,-0.00562,0.05703,-0.13701,0.22301,0.02126,0.72877,-0.06591,0.16915,0.0,-71.349,4125.0,0.0,8032.197,-1263.508,-0.01214,0.10734,0.70165,8.25094,1.15133,1.32961,0.01395,0.87012,0.00765,91.66667,0.99252,1.59309,0.0,-1.2794,58.5937,0.0,326.5624,-124.8195,-2.883,19,5,5,66,2,8,8,84,66,10,8,0,66,10,8,0,1,0,1,0.7857142857142857,0.7857142857142857,84,18,6,-2.678,10182.742,0.0,0.0,125.0,0.0,-1676.841,-33.027,-805.5,0.0,-387.5,10182.742,0.0,0.0,125.0,0.0,-1676.841,-33.027,-805.5,0.0,-387.5,0,4,40,40,0,5,5,0,37,5,0,0,0,0,,0,0,0,0,0,2340,0,0,150,150,118,16,0,0,0,0,0,0,0,0,322,0,0,0,0,0,0,0,0,0,0,1,0,3200,0,1,0,0,0,15880,9.91183879093199,1.0012706480304956,5.837531486146096,1.611461727454969,4.6158690176322414,0.40302267002518893,3.3533424283765347,0.0009675869614091845,0.006684992740997392,0.0023082397919960127,-0.005651705622305879,0.11647483761239255,0.13626209036407308,0.01818919302418064,0.18475699693473996,0.4471170330794236,0.23175750276021279,0.023801491178530344,9963.0,0.4532212543042443,0.833082404898123,9963.0,58,48,,,,,,,,,,,,,,,,,,,,,,,,,,,,,,
8,50_20_5_10_5_2,50_20_5_10_5_2_StartGoalLocations_Seed1016.csv,40,7600.629966467619,40,1.0,0,0,0,0,0,0,0,25,0,25,0.0,0.004659498207885305,9.45930386580874,8,7,4,0.028315412186379927,0.6134408602150537,0.0,2,6,1,0,0,0,25,25,25,0,2,9,9,0,7,2,5,3,6,6,6,0,0,0,0,0,0,0,0,0,0,0,0,0,6.0,0.0,0.0,-28.799999999999994,0.0,0.0,21,0,39,6,1.0,7.0,8,10.0,9.93,16.0,22.57,0.0,0.0,0.0,0.0,25.89,0.0,0.0,0,0,0,0,0,0,0,0,162,0,104,38,20,0,1,0.642,0.2346,0,0,0,558.0,0.0,4000.0,0.0,5353.05,-1773.0,0.0,0.0,0.0,0.0,0.0,-1.92,0.0,-328.5,0.0,0.0,175.0,0.0,0.0,0.0,0.0,-382.0,0.0,0.0,1.45843,8.47069,-0.00034,0.01112,-0.05887,0.16115,0.03136,0.88491,-0.06846,0.17188,0.0,-26.6,4175.0,0.0,7372.482,-1267.828,-0.00477,0.05117,0.74821,8.47991,1.09402,1.3368,0.00896,0.532,0.00842,88.82979,0.99014,1.56386,0.0,-1.6334,59.304,0.0,305.8886,-123.1429,-2.227,0,0,0,9,0,28,13,50,11,14,25,0,9,13,28,0,7,0,2,0.22,0.18,50,6,2,-0.32,9792.55,0.0,0.0,175.0,0.0,-1654.5,-1.92,-328.5,0.0,-382.0,9792.55,0.0,0.0,175.0,0.0,-1654.5,-1.92,-328.5,0.0,-382.0,0,1,40,40,0,7,7,0,24,5,0,0,0,0,,0,0,0,0,0,1572,80,80,16,16,108,4,0,0,0,0,36,0,0,0,534,0,0,0,0,0,0,0,0,0,0,0,0,3200,0,0,0,0,0,16281,16.442478963208647,1.0007471049682481,6.756341748049874,1.4000682023252276,5.073398439899269,0.6633499170812603,3.198547215496368,0.0007346148329251387,0.005999180478216848,0.0023518687572671483,-0.0052910387882522635,0.11825184944931788,0.14970304621691619,0.023860683046167588,0.15717752067414859,0.45374105265779535,0.227522306108442,0.02076101401274396,5828.0,0.4593644669394833,0.8261839396019217,5828.0,37,25,,,,,,,,,,,,,,,,,,,,,,,,,,,,,,
9,25_5_2_5_2_1,25_5_2_5_2_1_StartGoalLocations_Seed1000.csv,60,6060.695717066526,59,0.9833333333333333,0,0,0,0,0,0,0,60,0,60,0.0,0.12692191739523667,6.164630231977336,3,2,2,0.06843533313234851,0.4826650587880615,0.0,1,2,0,0,0,0,57,145,115,30,3,1,1,0,0,2,1,1,0,0,0,0,0,0,0,0,0,0,0,0,0,0,0,0,0.0,3.0,0.0,0.0,-218.4,0.0,40,0,314,0,1.0,2.0,3,1.0,6.75,8.5,11.5,0.0,0.0,0.0,0.0,6.91,0.0,4.3,0,0,0,0,0,0,0,0,207,0,122,49,36,0,10,0.5894,0.2367,0,0,0,331.7,0.0,5900.0,0.0,2513.999,-1308.449,0.0,0.0,0.0,0.0,0.12,-134.174,0.0,-1079.5,0.0,0.0,50.0,0.0,0.0,0.0,0.0,-213.0,0.0,0.0,2.24216,13.22829,-0.04041,0.14546,-0.32544,0.23834,0.01507,0.61369,-0.06421,0.16728,0.0,-282.261,5950.0,0.0,2960.16,-1179.99,-0.0851,0.27368,1.79379,13.22992,0.53668,1.27119,0.09587,0.88761,0.01839,97.54098,0.98221,1.27076,0.0,-11.4565,84.517,0.0,143.6571,-86.9399,-15.56,91,6,9,236,2,42,47,328,240,40,48,0,237,49,42,0,12,0,12,0.7317073170731707,0.7225609756097561,328,131,34,-10.793,8656.023,0.12,0.0,50.0,0.0,-1218.773,-134.174,-1079.5,0.0,-213.0,8656.023,0.12,0.0,50.0,0.0,-1218.773,-134.174,-1079.5,0.0,-213.0,0,19,60,59,1,2,1,0,155,5,0,0,0,0,,0,0,0,0,0,848,4,4,444,444,628,76,166,166,4,0,846,18,0,0,691,6,1,2,3,3,0,0,1,13,1,18,0,305,0,33,0,0,0,7144,80.16517357222844,2.350445259298062,27.407614781634937,1.3088004538188647,16.769316909294513,1.8477043673012319,3.137729549248748,0.0008286363200516822,0.007168806638493958,0.00240493783197928,-0.005868673554258114,0.13302398265673304,0.16172903375524394,0.02485680596832678,0.16521847051269603,0.42497751035945813,0.21530019367333764,0.020184501093776095,3098.0,0.4853987259149378,0.802453195610071,3098.0,224,180,,,,,,,,,,,,,,,,,,,,,,,,,,,,,,
10,50_20_5_10_5_2,50_20_5_10_5_2_StartGoalLocations_Seed1000.csv,60,7395.47242847085,60,1.0,0,1,0,0,0,1,1,56,1,56,0.017857142857142856,0.02368237752495937,9.382209373289896,3,3,3,0.023914557696772695,0.6254933828651034,0.0,1,2,0,1,2,0,56,56,56,0,2,0,0,0,0,0,0,0,0,0,0,0,0,0,0,0,0,0,0,0,0,0,0,0,0.0,0.0,1.0,0.0,0.0,-100.0,12,0,101,0,,3.0,3,,3.67,,18.0,,0.0,,0.0,14.48,0.0,1.5,0,2,0,1,0,0,0,1,202,0,129,50,23,0,0,0.6386,0.2475,0,0,0,430.7,0.0,6000.0,0.0,4107.154,-1394.554,3.5,0.0,0.0,0.0,0.0,-48.827,0.0,-1351.0,0.0,-164.0,75.0,0.0,0.0,0.0,0.0,-262.5,0.0,0.0,2.12371,11.71037,-0.01134,0.08667,-0.35175,0.4306,0.01741,0.65957,-0.06095,0.16358,0.0,-111.902,6075.0,0.0,4892.401,-1227.8,-0.02598,0.17943,1.41049,11.73686,0.85085,1.27794,0.026,0.99912,0.01463,96.42857,0.98607,1.44106,0.0,-4.6163,86.2926,0.0,234.8946,-94.6888,-3.337,37,16,21,90,0,11,10,112,81,19,12,0,90,11,11,0,9,0,0,0.7232142857142857,0.8035714285714286,112,18,4,0.074,10448.155,0.0,0.0,75.0,0.0,-1301.354,-48.827,-1515.0,0.0,-262.5,10448.155,0.0,0.0,75.0,0.0,-1301.354,-48.827,-1515.0,0.0,-262.5,0,5,60,60,0,3,3,0,50,5,1,0,1,0,1.0,0,2,1,0,0,780,0,0,202,202,120,20,0,0,0,0,92,0,0,0,375,0,0,0,0,0,0,0,0,0,0,9,0,3200,0,2,0,0,0,9172,15.743567378979503,1.0,5.276929786306149,1.7473140779790306,2.9655473179241167,0.6759703445268208,2.4705882352941178,0.0008248086805300166,0.007222994986491708,0.002432878311866751,-0.006451046776074248,0.15181522728540958,0.18436419321940495,0.02571861127582498,0.1708877655940178,0.42320984074067763,0.21918270854441066,0.02012099455211888,2961.0,0.44853552614616427,0.8233704829449511,2961.0,77,75,,,,,,,,,,,,,,,,,,,,,,,,,,,,,,
11,50_20_5_10_5_2,50_20_5_10_5_2_StartGoalLocations_Seed1010.csv,25,6840.000116832554,25,1.0,0,0,0,0,0,0,0,3,0,3,0.0,0.011111111111111112,9.667511910960508,11,9,8,0.014814814814814815,0.6909465020576132,0.0,2,6,2,0,0,0,3,3,3,0,2,0,0,0,0,0,0,0,0,0,0,0,0,0,0,0,0,0,0,0,0,0,0,0,0.0,0.0,0.0,0.0,0.0,0.0,1,0,6,0,2.0,9.0,11,12.0,17.83,46.0,39.78,0.0,0.0,5.0,0.0,31.04,0.0,0.1,0,0,0,0,0,0,0,0,102,0,66,25,11,0,0,0.6471,0.2451,0,0,0,486.0,0.0,2500.0,0.0,5138.038,-1224.538,0.0,0.0,0.0,0.0,0.0,0.0,0.0,-7.5,0.0,0.0,225.0,0.0,0.0,0.0,0.0,-277.0,0.0,0.0,1.41965,7.18747,0.0,0.0,-0.00154,0.02773,0.0463,1.07483,-0.057,0.1589,0.0,-3.0,2725.0,0.0,7683.961,-795.887,-0.00062,0.01756,0.5607,7.23072,1.4173,1.32322,0.00123,0.5,0.007,80.14706,0.99403,1.7553,0.0,-0.1609,38.7074,0.0,293.6022,-85.8022,-2.517,2,1,0,4,0,1,1,6,4,1,1,0,4,1,1,0,0,0,0,0.6666666666666666,0.6666666666666666,6,0,0,0.0,8041.58,0.0,0.0,225.0,0.0,-1142.08,0.0,-7.5,0.0,-277.0,8041.58,0.0,0.0,225.0,0.0,-1142.08,0.0,-7.5,0.0,-277.0,0,0,25,25,0,8,8,0,3,5,0,0,0,0,,0,0,0,0,0,2808,0,0,12,12,8,0,0,0,0,0,164,0,0,0,82,0,0,0,0,0,0,0,2,0,0,0,0,3200,0,2,0,0,0,21913,11.769269383470998,1.0348972469949593,4.412905581161867,1.6447776876536373,3.9200474604116278,0.5567471364030484,3.1408614668218857,0.0005923237313824558,0.0060912183394053274,0.0022903750166350027,-0.006118071268876799,0.14908315011026851,0.19252072926345373,0.033480730316365545,0.16691936777527855,0.42179980578694076,0.2233210171701804,0.01757344204065057,9202.0,0.46243845318581517,0.8212345142360357,9202.0,4,3,,,,,,,,,,,,,,,,,,,,,,,,,,,,,,
12,25_5_2_5_2_1,25_5_2_5_2_1_StartGoalLocations_Seed1007.csv,60,3716.105589389801,59,0.9833333333333333,4,0,4,4,0,0,0,164,0,160,0.0,0.19183519183519185,5.594908790318237,3,2,2,0.09525609525609526,0.43205443205443206,4.5,1,3,0,0,0,0,163,361,263,98,5,13,11,2,10,3,4,2,8,8,8,0,3,2,0,0,0,0,0,0,0,0,0,0,8.0,5.0,0.0,-50.99999999999999,-187.8,0.0,96,0,806,11,,2.0,4,,5.27,,6.5,,0.0,,12.5,8.09,0.0,7.9,0,8,0,4,0,0,0,4,224,0,125,25,74,0,21,0.558,0.1116,0,0,0,529.1,0.0,5900.0,0.0,3625.961,-2324.281,35.0,0.0,0.0,-400.0,6.467,-378.141,0.0,-2174.0,0.0,-504.0,50.0,0.0,0.0,0.0,0.0,-305.0,0.0,-345.0,1.46773,10.55104,-0.14585,1.94877,-0.50614,0.84339,0.00945,0.48596,-0.12285,0.75719,0.0,-1283.186,5950.0,0.0,4257.474,-2460.149,-0.24252,2.03388,1.12455,10.51103,0.33969,1.50549,0.17218,1.40855,0.01153,97.54098,0.98809,1.28493,0.0,-33.2989,84.517,0.0,207.1978,-167.9589,-46.851,194,12,51,615,28,115,153,915,690,89,136,0,616,184,115,0,58,0,113,0.7540983606557377,0.673224043715847,914,346,79,-8.988,9929.43,5.851,0.0,50.0,0.0,-2163.65,-777.525,-2678.0,0.0,-650.0,9929.43,5.851,0.0,50.0,0.0,-2163.65,-777.525,-2678.0,0.0,-650.0,0,82,60,59,1,2,2,1,493,5,0,0,0,0,,0,0,4,0,0,3200,166,166,1509,1509,1520,328,181,181,8,0,1636,140,0,0,738,3,1,3,5,4,1,0,19,78,2,30,0,305,0,43,0,0,0,15109,64.98775564233239,3.040126285772482,35.965318684227945,2.554214245503659,29.273942683168972,4.520484479449335,2.594619036852815,0.0007353445064063635,0.006446851520158816,0.002436138755438151,-0.008448339032183868,0.17443128121085466,0.2169831901602447,0.033347766188671815,0.16265745955519378,0.4224568237268019,0.22617759858393155,0.018122876766379328,10169.0,0.43132050932198057,0.8346936768610483,10169.0,625,572,,,,,,1.0,1.0,4.5,7.66,2.0,11.0,0.0,0.0,56.0,3.0,,,,,,,,,,,,,,,
13,25_5_2_5_2_1,25_5_2_5_2_1_StartGoalLocations_Seed1014.csv,60,587.9371497035027,58,0.9666666666666667,9,2,9,9,0,2,1,235,2,226,0.00851063829787234,0.2275943396226415,5.938241378183293,2,2,2,0.21414141414141413,0.4345117845117845,9.25,0,0,0,2,4,3,233,558,518,40,4,15,15,0,13,2,5,10,5,5,5,0,0,0,0,0,0,0,0,0,0,0,0,0,5.0,2.0,2.0,-23.999999999999996,-37.8,-200.0,116,0,1031,5,,2.0,4,,5.0,,7.5,,0.0,,52.5,6.28,0.5,9.8,1,18,0,7,0,0,2,6,208,0,144,23,41,0,20,0.6923,0.1106,0,0,0,594.0,0.0,5800.0,0.0,3360.129,-2299.92,3.5,0.0,0.0,-1000.0,6.015,-639.287,0.0,-2063.0,0.0,-1864.0,50.0,0.0,0.0,0.0,0.0,-669.5,0.0,-690.0,1.25551,9.88466,-0.27496,2.89943,-0.66111,1.6771,0.00842,0.45866,-0.22887,1.03351,0.0,-2423.81,5850.0,0.0,3946.083,-2977.134,-0.40805,3.01367,0.98485,9.84295,0.16312,1.58543,0.20724,1.96898,0.0101,97.5,0.9899,1.17742,0.0,-56.3911,83.0966,0.0,190.5598,-207.4621,-54.914,311,56,127,867,17,128,188,1200,893,135,172,0,866,205,129,0,87,7,175,0.7441666666666666,0.7216666666666667,1199,451,73,-2.962,9596.762,4.962,0.0,50.0,0.0,-2139.053,-1638.234,-3927.0,0.0,-1359.5,9596.762,4.962,0.0,50.0,0.0,-2139.053,-1638.234,-3927.0,0.0,-1359.5,0,99,60,58,2,2,2,0,538,5,2,0,2,0,1.0,0,4,11,6,5,3200,123,123,1581,1581,1186,398,341,341,4,0,2222,119,0,0,563,3,0,0,2,2,0,0,19,66,2,64,0,305,0,51,8,0,40,13607,65.31932093775262,2.707020702070207,19.975012861027412,1.3934694798724936,14.06628940986257,4.218416991254501,2.542319749216301,0.000933130540665843,0.006172373471199535,0.0025778008937777487,-0.01122484571125824,0.21001408241689204,0.22969295650720598,0.027257368332939222,0.1590364081133157,0.4049853054767883,0.22509225092250923,0.01911476861989526,10298.0,0.4119343462513897,0.8452126626529424,10298.0,828,686,1.0,2.0,5.0,5.0,162.0,,,,,,,,,,,1.0,16.5,20.0,5.0,4.0,32.5,32.5,0.0,0.0,0.0,,,,,
14,25_5_2_5_2_1,25_5_2_5_2_1_StartGoalLocations_Seed1016.csv,40,3052.276132285595,39,0.975,5,0,5,5,0,0,0,132,0,127,0.0,0.08836601307189543,6.58439703218298,6,4,4,0.13087774294670845,0.5107105538140021,0.0,1,4,0,0,0,1,127,174,171,3,3,7,7,0,7,2,10,1,6,20,6,0,0,0,0,0,0,0,0,0,0,0,0,0,6.0,3.0,0.0,-96.0,-208.79999999999995,0.0,44,0,309,6,2.0,4.0,6,6.0,10.62,11.5,14.75,2.5,0.0,12.0,0.0,12.49,0.3,3.4,0,7,0,3,0,0,0,2,129,0,76,26,27,0,8,0.5891,0.2016,0,0,0,382.8,0.0,3900.0,0.0,3002.643,-1518.6,3.5,0.0,0.0,-500.0,5.262,-126.329,0.0,-1273.5,0.0,-640.0,100.0,0.0,0.0,0.0,0.0,-283.5,0.0,0.0,1.5074,10.08274,-0.16224,2.55188,-0.49987,1.11981,0.02612,0.80771,-0.07406,0.17761,0.0,-893.792,4000.0,0.0,3612.015,-1346.245,-0.23349,2.65117,1.04493,10.07185,0.59189,1.31249,0.09744,2.39623,0.01123,93.02326,0.98981,1.30859,0.0,-29.6323,56.8182,0.0,171.7796,-102.9771,-20.089,34,7,8,206,2,63,87,360,239,45,76,0,206,91,63,0,24,2,67,0.6638888888888889,0.5722222222222222,360,141,28,1.225,7185.05,4.593,0.0,100.0,0.0,-1414.706,-625.66,-1913.5,0.0,-283.5,7185.05,4.593,0.0,100.0,0.0,-1414.706,-625.66,-1913.5,0.0,-283.5,0,28,40,39,1,4,4,0,156,5,0,0,0,0,,0,0,5,3,3,1508,137,137,293,293,412,111,175,175,0,0,424,20,0,0,706,1,0,3,3,3,0,0,5,0,0,12,0,305,0,14,3,0,15,10668,63.976377952755904,2.1284981684981683,28.412073490813647,1.2090234422226012,19.40382452193476,2.793400824896888,3.0454106280193236,0.0009335331303217734,0.005611846720014232,0.0025353359718700815,-0.012187857951583534,0.22212486123216563,0.23478633608046515,0.024669282617595847,0.1580851866372068,0.38561390627423925,0.20866666666666667,0.01845589814834928,4500.0,0.4456525598965689,0.8335555555555556,4500.0,234,175,,,,,,,,,,,,,,,,,,,,,,,,,,,,,,
15,25_5_2_5_2_1,25_5_2_5_2_1_StartGoalLocations_Seed1017.csv,40,3715.5060906112194,40,1.0,0,0,0,0,0,0,0,165,0,165,0.0,0.21719160104986876,5.994886123778157,5,5,5,0.08333333333333333,0.45931758530183725,0.0,1,3,0,0,0,0,165,218,195,23,3,2,2,0,2,2,1,2,0,0,0,0,0,0,0,0,0,0,0,0,0,0,0,0,0.0,3.0,0.0,0.0,-98.39999999999999,0.0,56,0,451,0,,5.0,5,,7.6,,14.9,,0.0,,4.0,8.73,0.0,11.0,0,0,0,0,0,0,0,0,214,0,105,58,51,0,67,0.4907,0.271,0,0,0,304.8,0.0,4000.0,0.0,2167.189,-1039.14,3.5,0.0,0.0,0.0,0.0,-315.843,0.0,-1306.0,0.0,0.0,125.0,0.0,0.0,0.0,0.0,-224.0,0.0,0.0,1.78358,11.39928,-0.10362,0.25482,-0.42848,0.17506,0.04101,1.01172,-0.07349,0.17704,0.0,-551.74,4125.0,0.0,2628.98,-947.37,-0.18102,0.42513,1.35335,11.42048,0.55171,1.22334,0.16371,1.10569,0.01476,91.66667,0.98556,1.19053,0.0,-10.7984,58.5937,0.0,124.0394,-72.1794,-22.485,166,16,59,384,12,56,58,511,359,65,87,0,383,72,56,0,58,0,34,0.7025440313111546,0.7495107632093934,511,147,44,-13.603,6401.889,0.0,0.0,125.0,0.0,-965.54,-315.843,-1306.0,0.0,-224.0,6401.889,0.0,0.0,125.0,0.0,-965.54,-315.843,-1306.0,0.0,-224.0,0,48,40,40,0,4,4,0,225,5,0,0,0,0,,0,0,0,0,0,1108,8,8,594,594,532,192,160,160,0,0,1030,150,0,0,489,2,1,2,3,3,0,0,9,11,1,55,0,305,0,31,0,0,0,7868,68.1367564819522,1.9121432568550643,30.986273512963905,1.4175041228696288,19.738179969496695,2.440264361972547,2.820991629104958,0.0009090431424997585,0.00696491684330903,0.003459749377705829,-0.015611568533072403,0.26321719317875186,0.24613313887954189,0.023275465174958057,0.1509645650909696,0.38351585466952304,0.24184859654096966,0.019711910808292862,3527.0,0.47678364299529247,0.8298837538984973,3527.0,373,247,,,,,,,,,,,,,,,,,,,,,,,,,,,,,,
16,25_5_2_5_2_1,25_5_2_5_2_1_StartGoalLocations_Seed1010.csv,60,3338.4394717514515,58,0.9666666666666667,5,0,5,5,0,0,0,127,0,122,0.0,0.16762758915225284,6.382174184053863,5,4,4,0.14044823906083245,0.4772678762006403,7.5,1,3,0,0,0,6,110,215,208,7,3,11,11,0,11,2,4,6,4,4,4,0,0,0,1,0,0,0,0,0,0,0,0,0,4.0,7.0,0.0,-19.2,-507.29999999999995,0.0,76,0,458,5,1.0,4.0,6,2.5,10.37,7.0,16.0,0.0,1.2,32.0,22.5,7.0,0.0,4.6,0,8,0,4,0,0,0,3,218,0,123,29,66,0,14,0.5642,0.133,0,0,0,468.5,0.0,5800.0,0.0,3176.41,-1859.996,3.5,0.0,0.0,-500.0,2.82,-311.794,0.0,-1665.0,0.0,-1168.0,100.0,0.0,0.0,0.0,0.0,-363.0,0.0,-345.0,1.61973,11.09376,-0.17267,2.31233,-0.6047,1.34406,0.02134,0.73018,-0.15112,0.80412,0.0,-1149.865,5900.0,0.0,3736.289,-2042.951,-0.24544,2.40863,1.25934,11.07913,0.36144,1.49585,0.11483,2.1373,0.01323,95.16129,0.9857,1.25146,0.0,-38.9832,83.8068,0.0,179.7472,-144.7807,-37.625,133,8,32,336,20,97,86,540,336,89,115,0,336,107,97,0,51,3,38,0.6222222222222222,0.6222222222222222,540,209,67,-12.109,9317.71,2.309,0.0,100.0,0.0,-1729.296,-811.283,-2833.0,0.0,-708.0,9317.71,2.309,0.0,100.0,0.0,-1729.296,-811.283,-2833.0,0.0,-708.0,0,43,60,58,2,4,3,0,227,5,0,0,0,0,,0,0,5,2,2,3200,77,77,524,524,734,172,120,120,4,0,1416,205,0,0,735,8,0,7,7,7,0,0,35,64,0,77,8,305,0,144,2,0,10,16098,51.18027084109827,2.110571671319335,13.81538079264505,1.335999343646841,9.11293328363772,1.441172816498944,3.1008861622358554,0.0011469172498482295,0.006930736247159075,0.0030909180524758993,-0.017442766244057564,0.27878856658935547,0.2465451319143176,0.02186737542215269,0.1501890515256673,0.38556638859709275,0.22441282358991943,0.022273898008684033,11666.0,0.5137574606671349,0.8127893022458427,11666.0,368,301,1.0,7.5,13.5,5.0,28.0,,,,,,,,,,,,,,,,,,,,,,,,,
17,50_20_5_10_5_2,50_20_5_10_5_2_StartGoalLocations_Seed1002.csv,40,6613.495531231165,40,1.0,1,0,1,1,0,0,0,50,0,49,0.0,0.023288838398182334,9.43730730740938,6,6,5,0.009088327179778472,0.7117296222664016,0.0,1,3,0,0,0,0,49,52,52,0,2,1,1,0,0,2,1,1,0,0,0,0,0,0,0,0,0,0,0,0,0,0,0,0,0.0,0.0,0.0,0.0,0.0,0.0,16,0,101,0,,6.0,6,,10.33,,24.5,,0.0,,0.2,22.03,0.0,1.6,0,2,0,1,0,0,0,1,226,0,113,80,33,0,7,0.5,0.354,0,0,0,352.1,0.0,4000.0,0.0,3776.969,-712.469,10.5,0.0,0.0,-100.0,2.4,-35.004,0.0,-597.5,0.0,-24.0,150.0,0.0,0.0,0.0,0.0,-209.5,0.0,0.0,2.10937,10.55905,-0.03766,1.17447,-0.17651,0.32897,0.0426,1.03113,-0.0595,0.16189,0.0,-203.719,4150.0,0.0,4945.143,-621.367,-0.05786,1.23812,1.17864,10.6433,1.228,1.22084,0.03067,1.88628,0.01306,90.21739,0.98466,1.60557,0.0,-4.5542,58.9489,0.0,216.4268,-52.6839,-2.207,20,8,6,71,0,14,18,104,71,14,19,0,71,19,14,0,3,0,7,0.6826923076923077,0.6826923076923077,104,26,6,1.114,8091.768,0.8,0.0,150.0,0.0,-664.669,-133.404,-621.5,0.0,-209.5,8091.768,0.8,0.0,150.0,0.0,-664.669,-133.404,-621.5,0.0,-209.5,0,7,40,40,0,4,4,0,45,5,0,0,0,0,,0,0,1,0,0,1612,4,4,116,116,114,28,61,61,4,0,32,0,0,0,115,0,0,0,0,0,0,0,0,0,0,3,0,3200,0,2,0,0,0,10334,18.085929940003872,1.1701444622792938,10.00580607702729,1.2513539804221352,7.625314495838978,1.1031546351848267,3.296954314720812,0.0010337549614515382,0.008711149845568106,0.003594261024461565,-0.018925551932868975,0.33051055592135814,0.27244091496130374,0.019493749734966394,0.1394602010216074,0.38488522685445203,0.21698813056379823,0.021201731586655614,5392.0,0.48065805531026834,0.8208456973293768,5392.0,80,54,,,,,,,,,,,,,,,,,,,,,,,,,,,,,,
18,50_20_5_10_5_2,50_20_5_10_5_2_StartGoalLocations_Seed1007.csv,60,11278.900011837482,59,0.9833333333333333,0,0,0,0,0,0,0,1,0,1,0.0,0.0007552870090634441,9.830929001292434,4,3,3,0.0033987915407854984,0.7651057401812689,0.0,1,3,0,0,0,0,1,1,1,0,2,0,0,0,0,0,0,0,0,0,0,0,0,0,0,0,0,0,0,0,0,0,0,0,0.0,1.0,0.0,0.0,-26.4,0.0,1,0,1,0,1.0,3.0,4,4.0,15.5,38.0,42.0,0.0,0.0,0.0,0.0,26.65,0.0,0.0,0,0,0,0,0,0,0,0,165,0,131,17,17,0,0,0.7939,0.103,0,0,0,529.6,0.0,5900.0,0.0,6070.5,-1012.5,0.0,0.0,0.0,0.0,0.8,0.0,0.0,-30.0,0.0,0.0,75.0,0.0,0.0,0.0,0.0,-254.5,0.0,0.0,2.16911,10.4465,0.00015,0.00777,-0.00566,0.05292,0.01416,0.59484,-0.04806,0.14737,0.0,0.0,5975.0,0.0,8495.27,-693.8,0.0,0.0,1.12821,10.51123,1.47309,1.18297,0.0,0.0,0.01171,96.37097,0.98848,1.75531,0.0,-0.7813,84.8722,0.0,346.8857,-72.4,-0.4,0,0,0,1,0,1,0,2,0,1,1,0,1,0,1,0,1,0,0,0.0,0.5,2,2,2,0.8,12432.5,0.8,0.0,75.0,0.0,-944.9,0.0,-30.0,0.0,-254.5,12432.5,0.8,0.0,75.0,0.0,-944.9,0.0,-30.0,0.0,-254.5,0,0,60,59,1,3,2,0,0,5,0,0,0,0,,0,0,0,0,0,1016,0,0,2,2,32,0,0,0,0,0,0,0,0,0,162,0,0,1,1,1,0,0,1,0,0,0,0,3200,0,1,0,0,0,11594,5.752975677074349,1.0,2.518544074521304,1.5612585844108453,2.113161980334656,0.22425392444367775,3.3020408163265307,0.0008252056950153728,0.007907846519048876,0.003344721987652849,-0.01857282563046677,0.32581835932384323,0.28311796709308473,0.021084766655309697,0.14848402359588878,0.37339324287328673,0.22432859399684044,0.019845580727987252,3165.0,0.47822601070265636,0.8341232227488151,3165.0,0,0,,,,,,,,,,,,,,,,,,,,,,,,,,,,,,
19,25_5_2_5_2_1,25_5_2_5_2_1_StartGoalLocations_Seed1005.csv,25,2683.506259150803,25,1.0,0,0,0,0,0,0,0,59,0,59,0.0,0.14479105356091818,7.458319980653333,6,6,5,0.055915244261330196,0.47027663331371394,0.0,1,4,0,0,0,0,57,74,74,0,2,0,0,0,0,0,0,0,0,0,0,0,0,0,0,0,0,0,0,0,0,0,0,0,0.0,0.0,0.0,0.0,0.0,0.0,16,0,157,0,,6.0,6,,5.13,,11.5,,0.0,,11.5,7.63,0.0,3.1,0,0,0,0,0,0,0,0,140,0,63,62,15,0,0,0.45,0.4429,0,0,0,169.9,0.0,2500.0,0.0,1247.348,-537.22,0.0,0.0,0.0,-100.0,1.067,-97.59,0.0,-489.0,0.0,0.0,150.0,0.0,0.0,0.0,0.0,-161.0,0.0,0.0,1.98942,12.04646,-0.11567,1.72176,-0.28782,0.24712,0.08829,1.48303,-0.09476,0.19596,0.0,-274.062,2650.0,0.0,1453.215,-556.622,-0.16131,1.7752,1.55974,12.12105,0.52772,1.21949,0.09417,1.71289,0.01825,85.48387,0.98175,1.20494,0.0,-5.5812,37.642,0.0,71.2771,-39.8983,-10.435,43,8,17,111,6,16,28,162,115,23,24,0,111,35,16,0,5,0,15,0.7098765432098766,0.6851851851851852,162,56,26,-3.46,3879.748,1.018,0.0,150.0,0.0,-499.72,-197.54,-489.0,0.0,-161.0,3879.748,1.018,0.0,150.0,0.0,-499.72,-197.54,-489.0,0.0,-161.0,0,19,25,25,0,5,5,0,60,5,0,0,0,0,,0,0,0,0,0,992,0,0,198,198,120,76,20,20,0,0,340,26,0,0,210,0,0,0,0,0,0,0,2,0,0,6,0,305,0,6,0,0,0,5408,49.20488165680474,1.3483652762119505,16.51257396449704,1.4821948714445847,11.908284023668639,2.496301775147929,2.630434782608696,0.0009922032588673896,0.0076862154368896995,0.0033291481461586252,-0.018997527407332054,0.3205581153592756,0.28400329530479446,0.020692401926123326,0.15960720725237362,0.3967330222429358,0.2182741116751269,0.01969660923453284,3152.0,0.48175441042099354,0.8182106598984772,3152.0,126,79,,,,,,,,,,,,,,,,,,,,,,,,,,,,,,
20,50_20_5_10_5_2,50_20_5_10_5_2_StartGoalLocations_Seed1002.csv,40,7499.899952948093,39,0.975,0,0,0,0,0,0,0,0,0,0,0.0,0.0,9.854957340394234,5,4,2,0.0038246543100912034,0.7684613121506325,0.0,1,3,0,0,0,0,0,0,0,0,0,0,0,0,0,0,0,0,0,0,0,0,0,0,0,0,0,0,0,0,0,0,0,0,0.0,0.0,0.0,0.0,0.0,0.0,0,0,0,0,1.0,4.0,5,13.0,10.25,44.0,28.25,0.0,0.0,0.0,0.0,24.06,0.0,0.0,0,0,0,0,0,0,0,0,124,0,89,23,12,0,0,0.7177,0.1855,0,0,0,339.9,0.0,3900.0,0.0,3940.5,-624.0,0.0,0.0,0.0,0.0,0.0,0.0,0.0,0.0,0.0,0.0,100.0,0.0,0.0,0.0,0.0,-156.5,0.0,0.0,2.22312,10.59464,0.0,0.0,0.0,0.0,0.02942,0.85711,-0.04604,0.14457,0.0,0.0,4000.0,0.0,5229.085,-452.85,0.0,0.0,1.17682,10.6813,1.40519,1.12313,0.0,0.0,0.01265,93.02326,0.98853,1.69105,0.0,0.0,56.8182,0.0,225.1715,-44.6,0.0,0,0,0,0,0,0,0,0,0,0,0,0,0,0,0,0,0,0,0,,,0,0,0,0.0,8138.8,0.0,0.0,100.0,0.0,-582.4,0.0,0.0,0.0,-156.5,8138.8,0.0,0.0,100.0,0.0,-582.4,0.0,0.0,0.0,-156.5,0,0,40,39,1,4,4,0,0,5,0,0,0,0,,0,0,0,0,0,1040,0,0,0,0,0,0,0,0,0,0,4,0,0,0,124,0,0,0,0,0,0,0,0,0,0,0,0,3200,0,0,0,0,0,8376,8.428844317096466,1.0,3.677172874880611,1.507305214725822,3.2712511938872972,0.45367717287488063,3.2481751824817517,0.0008710493276129665,0.00824562785609697,0.003530855955950056,-0.020641425208976636,0.36018176525831225,0.3078826691095646,0.021435111299013862,0.14355788084749993,0.4081867543420022,0.21311980289497998,0.019327280874264597,3247.0,0.45329747791957764,0.8281490606713889,3247.0,0,0,,,,,,,,,,,,,,,,,,,,,,,,,,,,,,
21,25_5_2_5_2_1,25_5_2_5_2_1_StartGoalLocations_Seed1001.csv,25,2939.2105489969254,25,1.0,0,1,0,0,0,1,0,49,1,49,0.02040816326530612,0.08723404255319149,7.74365358623207,0,0,0,0.0524822695035461,0.5843971631205673,0.0,0,0,0,1,2,0,49,64,64,0,2,0,0,0,0,0,0,0,0,0,0,0,0,0,0,0,0,0,0,0,0,0,0,0,0.0,3.0,1.0,0.0,-165.6,-100.0,6,0,109,0,,,0,,,,,,,,,10.8,0.0,3.4,0,2,0,1,0,0,0,1,79,0,49,13,17,0,0,0.6203,0.1646,0,0,0,141.0,0.0,2500.0,0.0,1251.8,-484.876,0.0,0.0,0.0,0.0,1.6,-55.314,0.0,-296.0,0.0,-40.0,0.0,0.0,0.0,0.0,0.0,-79.0,0.0,0.0,2.41697,13.18231,-0.03809,0.15322,-0.2383,0.40206,0.0,0.0,-0.05603,0.15772,0.0,-131.837,2500.0,0.0,1514.594,-395.812,-0.0935,0.36028,1.77305,13.19702,0.79346,1.25751,0.0922,1.01413,0.01773,100.0,0.98227,1.37935,0.0,-9.6971,35.5114,0.0,71.5314,-32.2215,-3.012,32,11,12,101,0,10,16,128,108,7,13,0,101,17,10,0,5,0,13,0.84375,0.7890625,128,34,10,-1.876,3859.9,1.6,0.0,0.0,0.0,-451.976,-55.314,-336.0,0.0,-79.0,3859.9,1.6,0.0,0.0,0.0,-451.976,-55.314,-336.0,0.0,-79.0,0,13,25,25,0,0,0,0,51,5,1,0,1,0,1.0,0,2,1,0,0,636,0,0,136,136,208,52,68,68,4,0,190,0,0,0,320,1,1,2,3,3,0,0,2,20,1,5,0,305,0,13,0,0,0,2785,46.6786355475763,1.9546153846153846,20.394973070017954,1.751056368147928,11.238779174147217,1.0053859964093357,2.8242811501597442,0.0010769344796055932,0.007932895958517332,0.003586756758122418,-0.02185804419125776,0.3691260629105118,0.31217348519361243,0.021643115166551288,0.1419389159330782,0.4121639206863314,0.21612595419847327,0.020745389931032157,2096.0,0.5142687804017657,0.8187022900763359,2096.0,98,89,,,,,,,,,,,,,,,,,,,,,,,,,,,,,,
22,50_20_5_10_5_2,50_20_5_10_5_2_StartGoalLocations_Seed1016.csv,60,9420.157028526068,60,1.0,0,0,0,0,0,0,0,71,0,71,0.0,0.04934341424592121,9.036114840650056,2,2,1,0.02009550338241146,0.7345801830481496,0.0,0,0,0,0,0,0,71,102,102,0,2,0,0,0,0,0,0,0,0,0,0,0,0,0,0,0,0,0,0,0,0,0,0,0,0.0,2.0,0.0,0.0,-86.4,0.0,27,0,148,0,,2.0,2,,14.57,,20.25,,0.0,,21.5,24.78,0.0,2.0,0,0,0,0,0,0,0,0,169,0,135,18,16,0,0,0.7988,0.1065,0,0,0,502.6,0.0,6000.0,0.0,5484.485,-932.408,0.0,0.0,0.0,0.0,1.494,-105.514,0.0,-1301.5,0.0,0.0,50.0,0.0,0.0,0.0,0.0,-279.0,0.0,0.0,2.1995,10.81103,-0.0207,0.11542,-0.25895,0.24984,0.00995,0.49861,-0.05551,0.15708,0.0,-207.436,6050.0,0.0,7565.812,-640.363,-0.04127,0.20461,1.20374,10.87101,1.37792,1.1676,0.04298,0.96035,0.01234,97.58065,0.98786,1.6528,0.0,-5.8293,85.9375,0.0,313.3992,-69.2233,-5.544,57,13,25,171,0,27,20,218,130,22,66,0,171,20,27,0,41,0,3,0.5963302752293578,0.7844036697247706,218,52,22,-4.584,11923.685,1.494,0.0,50.0,0.0,-869.008,-105.514,-1301.5,0.0,-279.0,11923.685,1.494,0.0,50.0,0.0,-869.008,-105.514,-1301.5,0.0,-279.0,0,19,60,60,0,2,2,0,89,5,0,0,0,0,,0,0,0,0,0,1600,0,0,218,218,204,76,112,112,4,0,228,28,0,0,315,0,0,1,2,2,0,0,2,87,1,14,0,3200,0,30,0,0,0,10993,17.820431183480398,1.054109239407861,7.850450286545984,1.2041135758964445,4.948603656872555,0.5276084781224416,2.9503676470588234,0.0009181907235961262,0.007813478639582172,0.0034724510594969617,-0.021226389489602298,0.3671385806053877,0.31648624256253244,0.020969569761073215,0.14082683892920614,0.40573327581152097,0.20708706420270528,0.01998800935096724,5249.0,0.47886429770724914,0.8287292817679558,5249.0,157,134,,,,,,,,,,,,,,,,,,,,,,,,,,,,,,
23,25_5_2_5_2_1,25_5_2_5_2_1_StartGoalLocations_Seed1018.csv,25,3150.516480445862,25,1.0,0,0,0,0,0,0,0,9,0,9,0.0,0.03461841070023604,7.6946369663736744,0,0,0,0.043273013375295044,0.5908733280881195,0.0,0,0,0,0,0,0,9,9,9,0,2,1,1,0,0,2,1,1,0,0,0,0,0,0,0,0,0,0,0,0,0,0,0,0,0.0,1.0,0.0,0.0,-50.4,0.0,4,0,17,0,,,0,,,,,,,,,9.84,0.0,0.7,0,0,0,0,0,0,0,0,76,0,50,7,19,0,0,0.6579,0.0921,0,0,0,127.1,0.0,2500.0,0.0,1159.394,-458.894,0.0,0.0,0.0,0.0,0.24,-8.323,0.0,-100.0,0.0,0.0,0.0,0.0,0.0,0.0,0.0,-69.0,0.0,0.0,2.6181,13.86555,-0.00636,0.05536,-0.07868,0.18207,0.0,0.0,-0.05429,0.15555,0.0,-14.892,2500.0,0.0,1373.217,-398.338,-0.01172,0.10462,1.96696,13.8862,0.76702,1.29797,0.01338,0.87598,0.01967,100.0,0.98033,1.42179,0.0,-1.7762,35.5114,0.0,66.2511,-30.1654,-2.024,5,2,0,13,0,4,3,20,10,4,6,0,13,3,4,0,3,0,0,0.5,0.65,20,11,11,-1.692,3755.194,0.24,0.0,0.0,0.0,-427.594,-8.323,-100.0,0.0,-69.0,3755.194,0.24,0.0,0.0,0.0,-427.594,-8.323,-100.0,0.0,-69.0,0,1,25,25,0,0,0,0,8,5,0,0,0,0,,0,0,0,0,0,544,4,4,20,20,88,4,6,6,0,0,114,6,0,0,276,1,0,1,1,1,0,0,2,3,0,2,0,305,0,6,0,0,0,2481,47.07779121322048,1.5008561643835616,6.166868198307134,1.0369281168126203,3.788794840790004,0.6045949214026602,2.9148936170212765,0.0008767068523090583,0.007508634921738549,0.0032851369863184277,-0.02115807804169462,0.36951741598108234,0.31494984852478786,0.019094872918418226,0.1538781259647187,0.3766711661304647,0.22481071636575423,0.019711461692384746,1717.0,0.4529026128746565,0.8386721025043681,1717.0,13,11,,,,,,,,,,,,,,,,,,,,,,,,,,,,,,
24,50_20_5_10_5_2,50_20_5_10_5_2_StartGoalLocations_Seed1015.csv,40,7728.799956142902,40,1.0,0,0,0,0,0,0,0,1,0,1,0.0,0.0015987210231814548,9.65654143351985,2,2,2,0.005062616573407941,0.7466027178257394,0.0,0,0,0,0,0,0,1,1,1,0,2,0,0,0,0,0,0,0,0,0,0,0,0,0,0,0,0,0,0,0,0,0,0,0,0.0,0.0,0.0,0.0,0.0,0.0,0,0,2,0,,2.0,2,,15.5,,37.0,,0.0,,0.0,28.53,0.0,0.0,0,0,0,0,0,0,0,0,136,0,87,38,11,0,0,0.6397,0.2794,0,0,0,375.3,0.0,4000.0,0.0,4239.0,-735.0,3.5,0.0,0.0,0.0,0.0,0.0,0.0,-8.0,0.0,0.0,50.0,0.0,0.0,0.0,0.0,-196.0,0.0,0.0,2.1004,10.22614,0.0,0.0,-0.00213,0.03258,0.01332,0.57697,-0.05222,0.15292,0.0,-1.0,4050.0,0.0,6111.655,-471.585,-0.00027,0.01154,1.07914,10.28348,1.50282,1.21781,0.00053,0.5,0.01119,96.42857,0.98934,1.77302,0.0,-0.0292,57.5284,0.0,242.4286,-53.2,0.0,0,0,0,1,0,0,1,2,1,1,0,0,1,1,0,0,0,0,0,0.5,0.5,2,0,0,0.0,8568.8,0.0,0.0,50.0,0.0,-686.0,0.0,-8.0,0.0,-196.0,8568.8,0.0,0.0,50.0,0.0,-686.0,0.0,-8.0,0.0,-196.0,0,0,40,40,0,2,2,0,1,5,0,0,0,0,,0,0,0,0,0,1260,0,0,0,0,16,0,4,4,0,0,68,0,0,0,308,0,0,0,0,0,0,0,0,0,0,0,0,3200,0,0,0,0,0,8405,9.708506841165972,1.0,1.403926234384295,1.6576271413241404,0.9518143961927424,0.3093396787626413,2.425,0.0007694370425544173,0.007607564265056262,0.0033723238042540965,-0.021814189783282697,0.3913255495684487,0.3401345493774565,0.019223366849242696,0.14650242238763778,0.4183016766690343,0.19838155958803336,0.019760450393799568,4078.0,0.47110779130353597,0.8293281020107895,4078.0,1,1,,,,,,,,,,,,,,,,,,,,,,,,,,,,,,
25,25_5_2_5_2_1,25_5_2_5_2_1_StartGoalLocations_Seed1019.csv,40,3563.442496418953,38,0.95,1,0,1,1,0,0,0,154,0,153,0.0,0.08868613138686131,7.146342088488767,6,5,4,0.12956204379562045,0.43576642335766425,3.0,1,4,0,0,0,0,152,169,168,1,3,15,15,0,15,2,4,1,14,14,14,0,0,0,0,0,0,0,0,0,0,0,0,0,14.0,2.0,0.0,-67.19999999999999,-115.19999999999999,0.0,33,0,302,14,,5.0,7,,8.6,,15.9,,0.0,,9.0,6.24,0.0,0.8,0,2,0,1,0,0,0,1,162,0,99,19,44,0,16,0.6111,0.1173,0,0,0,274.0,0.0,3800.0,0.0,2018.13,-1181.444,3.5,0.0,0.0,-100.0,0.576,-88.319,0.0,-696.5,0.0,-40.0,125.0,0.0,0.0,0.0,0.0,-206.5,0.0,-345.0,1.7935,11.72863,-0.06852,1.35367,-0.2688,0.41429,0.04562,1.06697,-0.20128,1.04738,0.0,-379.694,3925.0,0.0,2259.922,-1473.659,-0.13857,1.42012,1.43248,11.73774,0.28696,1.69534,0.1292,1.07258,0.01569,91.27907,0.98613,1.38178,0.0,-13.6269,55.7528,0.0,113.7789,-97.2825,-7.003,35,8,14,242,4,69,44,361,248,45,68,0,243,49,69,0,33,0,44,0.6869806094182825,0.6731301939058172,361,108,12,-2.049,6014.73,0.32,0.0,125.0,0.0,-1100.544,-188.063,-736.5,0.0,-551.5,6014.73,0.32,0.0,125.0,0.0,-1100.544,-188.063,-736.5,0.0,-551.5,0,11,40,38,2,4,4,1,165,5,0,0,0,0,,0,0,1,0,0,3200,219,219,392,392,214,44,20,20,0,0,264,40,0,0,283,2,0,1,2,2,0,0,2,2,1,10,0,305,0,8,0,0,0,13938,55.78992681876883,1.3032407407407407,28.28239345673698,1.3455067372187228,23.231453580140624,5.653608839144784,2.8409512044471894,0.0009281550542300465,0.007582396727520972,0.0033717676252126693,-0.0216923457570374,0.4171488343924284,0.3424444396980107,0.016494578512792943,0.15190285242162646,0.38623740109986865,0.2126603227141084,0.018933180272640814,9668.0,0.46207464567557466,0.8334712453454696,9668.0,251,207,,,,,,1.0,1.0,3.0,3.24,3.5,4.0,0.0,0.0,30.0,25.0,,,,,,,,,,,,,,,
26,50_20_5_10_5_2,50_20_5_10_5_2_StartGoalLocations_Seed1010.csv,60,10281.336561352015,60,1.0,0,0,0,0,0,0,0,43,0,43,0.0,0.02461425422483468,9.472701531661775,6,5,5,0.0073475385745775165,0.7531227038941954,0.0,2,6,1,0,0,0,39,64,64,0,2,1,1,0,1,2,1,1,0,0,0,0,0,0,0,0,0,0,0,0,0,0,0,0,0.0,1.0,0.0,0.0,-156.0,0.0,11,0,128,0,1.0,5.0,6,8.0,8.1,13.0,33.6,0.0,0.0,0.0,0.0,27.08,0.0,1.2,0,0,0,0,0,0,0,0,232,0,155,34,43,0,0,0.6681,0.1466,0,0,0,544.4,0.0,6000.0,0.0,6089.567,-958.067,0.0,0.0,0.0,0.0,0.0,-64.063,0.0,-1161.5,0.0,0.0,125.0,0.0,0.0,0.0,0.0,-294.0,0.0,0.0,2.14473,10.39075,-0.01177,0.08853,-0.21335,0.2473,0.02296,0.7573,-0.054,0.1552,0.0,-125.83,6125.0,0.0,8363.473,-753.181,-0.02311,0.15477,1.12509,10.46524,1.39792,1.16336,0.02425,0.95326,0.01194,94.23077,0.98843,1.69423,0.0,-6.6183,87.0028,0.0,347.9753,-71.5467,-5.006,23,5,5,90,16,11,19,136,89,35,12,0,90,35,11,0,5,0,0,0.6544117647058824,0.6617647058823529,136,36,8,-4.233,12569.467,0.0,0.0,125.0,0.0,-893.567,-64.063,-1161.5,0.0,-294.0,12569.467,0.0,0.0,125.0,0.0,-893.567,-64.063,-1161.5,0.0,-294.0,0,15,60,60,0,5,5,0,51,5,0,0,0,0,,0,0,0,0,0,1132,4,4,188,188,308,60,0,0,0,0,158,16,0,0,420,0,0,2,1,1,0,1,0,13,0,2,0,3200,0,11,0,0,0,13147,15.20498973149768,1.0,7.241195710047919,1.5510767039690292,4.86803072944398,0.5324408610329353,3.2625,0.0007990892033437502,0.008145515352829816,0.0036274414055391673,-0.022119244264419004,0.4708207378117861,0.35701623411566125,0.012567617005731108,0.13821678711331775,0.3563939922169469,0.2194763165636952,0.01903785521819502,3399.0,0.457445791013107,0.8337746395998823,3399.0,110,83,,,,,,,,,,,,,,,,,,,,,,,,,,,,,,
27,25_5_2_5_2_1,25_5_2_5_2_1_StartGoalLocations_Seed1008.csv,25,3172.6871026456356,25,1.0,0,0,0,0,0,0,0,22,0,22,0.0,0.04459124690338563,7.951129893248579,4,4,3,0.017341040462427744,0.5871180842279108,0.0,1,3,0,0,0,0,22,22,22,0,2,0,0,0,0,0,0,0,0,0,0,0,0,0,0,0,0,0,0,0,0,0,0,0,0.0,0.0,0.0,0.0,0.0,0.0,5,0,44,0,,4.0,4,,10.12,,20.25,,0.0,,1.0,6.29,0.0,1.5,0,0,0,0,0,0,0,0,87,0,57,11,19,0,0,0.6552,0.1264,0,0,0,121.1,0.0,2500.0,0.0,1052.743,-422.743,0.0,0.0,0.0,0.0,0.312,-9.725,0.0,-89.0,0.0,0.0,100.0,0.0,0.0,0.0,0.0,-80.0,0.0,0.0,2.68464,14.19796,-0.00777,0.07091,-0.07349,0.17705,0.08258,1.43443,-0.06606,0.16931,0.0,-30.208,2600.0,0.0,1230.541,-382.567,-0.02494,0.13926,2.14699,14.27921,0.70023,1.2768,0.03633,0.68655,0.02395,89.65517,0.97936,1.36012,0.0,-0.7063,36.9318,0.0,60.1568,-28.7282,-2.226,13,8,5,36,0,5,3,44,37,2,5,0,36,3,5,0,0,0,1,0.8409090909090909,0.8181818181818182,44,10,4,-1.205,3645.543,0.312,0.0,100.0,0.0,-394.443,-9.725,-89.0,0.0,-80.0,3645.543,0.312,0.0,100.0,0.0,-394.443,-9.725,-89.0,0.0,-80.0,0,2,25,25,0,4,4,0,20,5,0,0,0,0,,0,0,0,0,0,848,0,0,80,80,120,8,0,0,0,0,68,0,0,0,173,0,0,0,0,0,0,0,0,0,0,0,0,305,0,0,0,0,0,3593,45.56081269134428,1.1759315821624923,15.585861397161146,1.4797544861029435,9.073197884775952,2.337879209574172,2.6625766871165646,0.0009952978739162955,0.007998009800981238,0.003566229394153815,-0.02204139509572173,0.46776096157307895,0.36237398745878685,0.01245166902333709,0.12406050111606436,0.38813169171644946,0.2160721607216072,0.018339785041327043,2439.0,0.453002446992823,0.8331283312833129,2439.0,33,23,,,,,,,,,,,,,,,,,,,,,,,,,,,,,,
28,25_5_2_5_2_1,25_5_2_5_2_1_StartGoalLocations_Seed1005.csv,40,2609.218737632036,39,0.975,2,0,2,2,0,0,0,147,0,145,0.0,0.18135593220338983,6.302624667982501,4,4,2,0.14769975786924938,0.4547215496368039,8.5,1,4,0,0,0,0,146,392,386,6,4,13,13,0,13,2,23,8,4,4,4,0,0,0,1,0,0,0,0,0,0,0,0,0,4.0,1.0,0.0,-19.2,-16.8,0.0,73,0,717,5,,4.0,5,,5.58,,11.0,,0.0,,28.8,8.31,0.0,8.6,0,4,0,2,0,0,0,2,182,0,113,18,51,0,2,0.6209,0.0989,0,0,0,413.0,0.0,3900.0,0.0,2722.715,-1670.22,0.0,0.0,0.0,-200.0,1.954,-337.23,0.0,-1434.5,0.0,-208.0,100.0,0.0,0.0,0.0,0.0,-333.5,0.0,-345.0,1.29915,9.72422,-0.12961,1.56781,-0.3977,0.64685,0.02421,0.77765,-0.16429,0.86463,0.0,-962.418,4000.0,0.0,3238.164,-1863.372,-0.23303,1.64815,0.96852,9.70043,0.33288,1.52436,0.19443,1.19853,0.01041,93.02326,0.9891,1.24885,0.0,-19.2828,56.8182,0.0,153.9552,-132.584,-22.899,167,13,51,575,2,91,133,801,600,105,96,0,575,135,91,0,55,0,62,0.7490636704119851,0.717852684144819,801,247,40,-7.358,6920.147,1.87,0.0,100.0,0.0,-1554.652,-537.146,-1642.5,0.0,-678.5,6920.147,1.87,0.0,100.0,0.0,-1554.652,-537.146,-1642.5,0.0,-678.5,0,58,40,39,1,4,4,0,346,5,0,0,0,0,,0,0,2,0,0,3200,160,160,865,865,754,230,346,346,16,0,453,20,0,0,394,4,2,0,1,1,0,0,11,24,1,30,0,305,0,17,0,0,0,13826,45.638651815420225,2.3587955625990493,20.1649066975264,1.6938979827770175,14.25575003616375,2.7195139592072906,2.7701674277016743,0.0008841773469862347,0.00751247513020644,0.0035580778337316586,-0.023132352749817075,0.486896495744586,0.35891608010977505,0.015243933828605805,0.13131902006454765,0.37214015148943613,0.215265228021686,0.01913419031651342,9407.0,0.4448067576154089,0.843308174763474,9407.0,586,480,1.0,8.5,18.0,0.0,50.0,,,,,,,,,,,,,,,,,,,,,,,,,
29,50_20_5_10_5_2,50_20_5_10_5_2_StartGoalLocations_Seed1003.csv,25,4575.499956309795,25,1.0,0,0,0,0,0,0,0,0,0,0,0.0,0.0,9.947340425531914,0,0,0,0.0,0.8069148936170213,0.0,0,0,0,0,0,0,0,0,0,0,0,0,0,0,0,0,0,0,0,0,0,0,0,0,0,0,0,0,0,0,0,0,0,0,0.0,0.0,0.0,0.0,0.0,0.0,0,0,0,0,,,0,,,,,,,,,26.64,0.0,0.0,0,0,0,0,0,0,0,0,61,0,50,9,2,0,0,0.8197,0.1475,0,0,0,188.0,0.0,2500.0,0.0,2262.0,-301.5,0.0,0.0,0.0,0.0,0.0,0.0,0.0,0.0,0.0,0.0,0.0,0.0,0.0,0.0,0.0,-73.0,0.0,0.0,2.47261,11.37518,0.0,0.0,0.0,0.0,0.0,0.0,-0.03883,0.13382,0.0,0.0,2500.0,0.0,3037.335,-219.535,0.0,0.0,1.32979,11.45471,1.49883,1.09362,0.0,0.0,0.0133,100.0,0.9867,1.75573,0.0,0.0,35.5114,0.0,129.2572,-21.4,0.0,0,0,0,0,0,0,0,0,0,0,0,0,0,0,0,0,0,0,0,,,0,0,0,0.0,4929.9,0.0,0.0,0.0,0.0,-281.4,0.0,0.0,0.0,-73.0,4929.9,0.0,0.0,0.0,0.0,-281.4,0.0,0.0,0.0,-73.0,0,0,25,25,0,0,0,0,0,5,0,0,0,0,,0,0,0,0,0,556,0,0,0,0,0,0,0,0,0,0,0,0,0,0,58,0,0,0,0,0,0,0,0,0,0,0,0,3200,0,0,0,0,0,3710,0.1078167115902965,1.0,0.0,0.0,0.0,0.0,0.0,0.0007809305331497428,0.006586768535441525,0.0035334521629881085,-0.0239924236783664,0.488777799143208,0.3714872837709866,0.020544391001487593,0.13317955199548667,0.36694047585644174,0.21240491515506144,0.020129106567785358,1709.0,0.42182476260966906,0.8478642480983031,1709.0,0,0,,,,,,,,,,,,,,,,,,,,,,,,,,,,,,
30,25_5_2_5_2_1,25_5_2_5_2_1_StartGoalLocations_Seed1018.csv,25,2682.5797179937363,25,1.0,0,0,0,0,0,0,0,79,0,79,0.0,0.08094262295081968,6.9366903615291005,2,2,1,0.048668032786885244,0.5005122950819673,0.0,1,2,0,0,0,0,79,87,87,0,2,1,1,0,1,2,1,1,0,0,0,0,0,0,0,0,0,0,0,0,0,0,0,0,0.0,0.0,0.0,0.0,0.0,0.0,20,0,174,0,,2.0,2,,6.75,,9.0,,0.0,,0.0,10.7,0.0,4.2,0,0,0,0,0,0,0,0,87,0,60,4,23,0,0,0.6897,0.046,0,0,0,195.2,0.0,2500.0,0.0,1546.054,-770.554,0.0,0.0,0.0,0.0,0.8,-54.92,0.0,-643.0,0.0,0.0,50.0,0.0,0.0,0.0,0.0,-141.0,0.0,0.0,1.77802,11.27052,-0.02773,0.12322,-0.32941,0.23705,0.02561,0.79982,-0.07223,0.17578,0.0,-138.25,2550.0,0.0,1834.752,-680.462,-0.07082,0.24021,1.30635,11.26976,0.59134,1.29679,0.09016,0.78551,0.01383,94.44444,0.98719,1.30525,0.0,-2.7248,36.2216,0.0,88.3459,-52.0888,-5.46,31,6,7,137,0,20,21,178,139,14,25,0,137,21,20,0,4,0,8,0.7808988764044944,0.7696629213483146,178,62,12,-3.87,4188.654,0.8,0.0,50.0,0.0,-717.954,-54.92,-643.0,0.0,-141.0,4188.654,0.8,0.0,50.0,0.0,-717.954,-54.92,-643.0,0.0,-141.0,0,10,25,25,0,2,2,0,78,5,0,0,0,0,,0,0,0,0,0,800,4,4,232,232,156,40,70,70,0,0,100,8,0,0,302,0,0,0,0,0,0,0,1,0,0,6,0,305,0,4,0,0,0,4588,61.26852659110724,1.7634293845606546,26.002615518744552,1.1524046708553348,15.344376634699215,1.002615518744551,3.4019886363636362,0.0011066928471154824,0.006744380220770836,0.0036037401179783045,-0.024268716080114244,0.4865673036873341,0.37312090829014777,0.019573839812073855,0.1322610193863511,0.36505425536594277,0.22787712058688675,0.01790718620278285,2181.0,0.4264663851750329,0.8427326914259514,2181.0,131,113,,,,,,,,,,,,,,,,,,,,,,,,,,,,,,
31,25_5_2_5_2_1,25_5_2_5_2_1_StartGoalLocations_Seed1006.csv,25,2946.52419757843,25,1.0,1,0,1,1,0,0,0,31,0,30,0.0,0.07702182284980745,7.501325164128941,2,2,1,0.031450577663671375,0.5693196405648266,0.0,1,2,0,0,0,0,28,35,35,0,2,0,0,0,0,0,0,0,0,0,0,0,0,0,0,0,0,0,0,0,0,0,0,0,0.0,0.0,0.0,0.0,0.0,0.0,16,0,74,0,,2.0,2,,6.25,,12.5,,0.0,,0.0,10.13,0.0,1.8,0,2,0,1,0,0,0,1,85,0,57,12,16,0,3,0.6706,0.1412,0,0,0,155.8,0.0,2500.0,0.0,1347.998,-535.758,0.0,0.0,0.0,-100.0,0.899,-39.415,0.0,-225.5,0.0,-104.0,50.0,0.0,0.0,0.0,0.0,-103.5,0.0,0.0,2.22596,12.55929,-0.08891,1.79233,-0.21149,0.74944,0.03209,0.89514,-0.06643,0.16971,0.0,-188.868,2550.0,0.0,1566.273,-485.254,-0.12122,1.85892,1.63671,12.59308,0.69385,1.26656,0.05006,2.42138,0.01733,94.44444,0.98331,1.33912,0.0,-4.2532,36.2216,0.0,77.0284,-36.529,-6.884,9,4,1,42,0,15,17,74,50,9,15,0,42,17,15,0,0,0,8,0.6756756756756757,0.5675675675675675,74,36,16,-4.648,3966.998,0.8,0.0,50.0,0.0,-498.958,-139.316,-329.5,0.0,-103.5,3966.998,0.8,0.0,50.0,0.0,-498.958,-139.316,-329.5,0.0,-103.5,0,8,25,25,0,2,2,0,29,5,0,0,0,0,,0,0,1,0,0,780,0,0,72,72,192,32,36,36,4,0,169,8,0,0,203,0,0,0,0,0,0,0,1,0,0,0,0,305,0,1,0,0,0,3736,52.40899357601713,1.4009193054136875,21.89507494646681,1.0309443907791744,12.87473233404711,3.4261241970021414,2.9688149688149688,0.0007815390217262738,0.006965642995559252,0.003838382626716525,-0.024503298342610016,0.4959062782617716,0.3669034648400087,0.017462656993227892,0.14075071200346334,0.35616993329965085,0.22849462365591397,0.018793288415066122,2232.0,0.4249158966126368,0.8445340501792115,2232.0,52,43,,,,,,,,,,,,,,,,,,,,,,,,,,,,,,
32,50_20_5_10_5_2,50_20_5_10_5_2_StartGoalLocations_Seed1011.csv,25,4948.478994138539,25,1.0,0,0,0,0,0,0,0,95,0,95,0.0,0.059155687012637806,9.410294375858918,6,6,6,0.0169400376445281,0.7090615756923905,0.0,1,4,0,0,0,0,95,95,95,0,2,0,0,0,0,0,0,0,0,0,0,0,0,0,0,0,0,0,0,0,0,0,0,0,0.0,1.0,0.0,0.0,-16.8,0.0,14,0,118,0,,6.0,6,,12.42,,42.92,,0.0,,0.0,29.5,0.0,9.2,0,0,0,0,0,0,0,0,254,0,187,30,37,0,0,0.7362,0.1181,0,0,0,371.9,0.0,2500.0,0.0,3929.919,-751.419,0.0,0.0,0.0,0.0,1.6,-110.021,0.0,-910.0,0.0,0.0,150.0,0.0,0.0,0.0,0.0,-233.5,0.0,0.0,1.62689,8.17152,-0.02915,0.13103,-0.24469,0.24994,0.04033,1.00335,-0.06279,0.16568,0.0,-198.339,2650.0,0.0,5604.359,-605.449,-0.05333,0.2342,0.71256,8.2294,1.34415,1.25232,0.05055,1.055,0.00834,85.48387,0.99032,1.68607,0.0,-3.339,37.642,0.0,224.5668,-56.2811,-3.729,69,13,32,161,0,16,13,190,138,31,21,0,161,13,16,0,30,0,4,0.7263157894736842,0.8473684210526315,190,50,20,-4.082,6750.919,1.6,0.0,150.0,0.0,-700.519,-110.021,-910.0,0.0,-233.5,6750.919,1.6,0.0,150.0,0.0,-700.519,-110.021,-910.0,0.0,-233.5,0,19,25,25,0,6,6,0,75,5,0,0,0,0,,0,0,0,0,0,2832,0,0,284,284,120,76,18,18,0,0,32,0,0,0,34,0,0,0,1,0,1,0,0,77,1,0,0,3200,0,1,0,0,0,13852,12.041582442968524,1.0,3.3641351429396478,1.346351946979889,2.4761767253826164,1.0539994224660698,2.39067055393586,0.0008116654959905779,0.006833577024458386,0.003754647792643199,-0.024455994393908033,0.5229143126536224,0.3849042878817704,0.015729198774906916,0.11966646976221752,0.363513183885521,0.21271455816910362,0.018339133289999848,7865.0,0.41821436352296026,0.8497139224411951,7865.0,146,80,,,,,,,,,,,,,,,,,,,,,,,,,,,,,,
33,25_5_2_5_2_1,25_5_2_5_2_1_StartGoalLocations_Seed1000.csv,60,5110.9784108400345,59,0.9833333333333333,2,0,2,2,0,0,0,115,0,113,0.0,0.25523520485584217,5.050431917008572,1,0,0,0.07736650485436893,0.47694174757281554,0.0,0,0,0,0,0,0,106,248,225,23,3,4,4,0,4,2,5,0,4,4,4,0,0,0,0,0,0,0,0,0,0,0,0,0,4.0,2.0,0.0,-19.2,-100.8,0.0,45,0,569,4,1.0,,1,4.5,,19.0,,5.0,,25.0,,6.54,0.0,8.4,0,3,0,1,0,0,0,1,168,0,115,10,43,0,8,0.6845,0.0595,0,0,0,329.6,0.0,5900.0,0.0,2302.434,-1180.174,0.0,0.0,0.0,-200.0,1.059,-266.44,0.0,-1475.5,0.0,-96.0,0.0,0.0,0.0,0.0,0.0,-204.0,0.0,0.0,2.23054,13.26698,-0.1412,1.74894,-0.47679,0.47908,0.0,0.0,-0.06189,0.16467,0.0,-790.97,5900.0,0.0,2673.689,-1136.357,-0.23998,1.83402,1.79005,13.25898,0.46642,1.21721,0.18386,1.30523,0.0179,100.0,0.9821,1.17703,0.0,-19.0184,83.8068,0.0,131.5677,-79.0957,-28.33,215,16,83,489,1,51,69,611,471,75,65,0,490,70,51,0,40,0,13,0.7708674304418985,0.8019639934533551,611,147,52,-10.411,8449.035,0.8,0.0,0.0,0.0,-1097.175,-466.181,-1571.5,0.0,-204.0,8449.035,0.8,0.0,0.0,0.0,-1097.175,-466.181,-1571.5,0.0,-204.0,0,24,60,59,1,0,0,0,290,5,0,0,0,0,,0,0,2,1,2,608,60,60,741,741,553,97,190,190,4,0,1716,182,0,0,506,6,1,2,2,2,0,0,26,40,0,61,0,305,0,109,1,0,5,6505,83.62797847809378,2.961213235294118,29.823212913143735,1.1209665100800699,19.215987701767872,2.121445042275173,2.928,0.0008014046800685479,0.006741004292914448,0.003739933242813047,-0.02483077154886958,0.5372918028580514,0.38429229177142443,0.01386354804516917,0.1225996520370245,0.3670336568211935,0.20883534136546184,0.018932782822707484,1743.0,0.3932058360925606,0.8565691336775674,1743.0,454,389,,,,,,,,,,,,,,,,,,,,,,,,,,,,,,
34,25_5_2_5_2_1,25_5_2_5_2_1_StartGoalLocations_Seed1003.csv,60,4482.857362419367,60,1.0,3,1,3,3,0,1,0,140,1,137,0.007142857142857143,0.2490641377589219,5.339539406645884,4,4,2,0.08755300573709154,0.46595160888001996,0.0,1,4,0,1,3,0,136,271,167,104,6,14,14,0,12,2,4,5,9,9,9,0,0,0,0,0,0,0,0,0,0,0,0,0,9.0,1.0,1.0,-44.399999999999984,-16.8,-150.0,93,0,768,9,,4.0,4,,7.0,,11.25,,0.0,,3.2,8.7,0.2,10.6,0,7,0,9,0,0,1,3,228,0,139,31,58,0,12,0.6096,0.136,0,0,0,400.9,0.0,6000.0,0.0,2861.867,-1372.117,3.5,0.0,0.0,-300.0,3.171,-508.464,0.0,-1746.0,0.0,-708.0,100.0,0.0,0.0,0.0,0.0,-252.0,0.0,0.0,1.96911,12.15398,-0.20087,1.94672,-0.61212,1.0565,0.02494,0.78929,-0.06286,0.16577,0.0,-1318.218,6100.0,0.0,3607.096,-1208.131,-0.32881,2.05426,1.52158,12.16436,0.59839,1.21175,0.21801,1.50826,0.01596,95.3125,0.98478,1.21966,0.0,-28.7274,86.6477,0.0,163.7353,-92.8067,-37.151,351,19,142,622,13,117,125,878,621,107,150,0,622,138,118,0,69,2,64,0.7072892938496583,0.7084282460136674,875,300,63,-8.075,9168.453,2.745,0.0,100.0,0.0,-1274.302,-808.038,-2454.0,0.0,-252.0,9168.453,2.745,0.0,100.0,0.0,-1274.302,-808.038,-2454.0,0.0,-252.0,0,53,60,60,0,4,4,0,573,5,1,0,1,0,1.0,0,3,4,2,3,1004,133,133,1495,1495,959,210,377,377,16,0,2879,303,0,0,635,0,0,0,1,1,0,0,15,15,1,64,4,305,0,47,2,0,10,9673,75.1059650573762,3.500344115622849,30.17678072986664,1.61793424508178,19.507908611599298,3.0187118784244804,2.7885532591414943,0.0008581681032298087,0.006656821201225201,0.003806565413288624,-0.02562911455998145,0.5419145906826415,0.3859968885957482,0.012541110989121921,0.13212744013009317,0.3760071886588124,0.1811268579329416,0.018924589492979087,2893.0,0.42779344149591153,0.8416868302799861,2893.0,648,523,,,,,,,,,,,,,,,,,,,,,,,,,,,,,,
35,25_5_2_5_2_1,25_5_2_5_2_1_StartGoalLocations_Seed1001.csv,60,4459.696716308594,60,1.0,5,0,5,5,0,0,0,147,0,142,0.0,0.17456301747930084,5.628375382013551,7,6,4,0.08484709128535295,0.493216831455507,0.0,1,4,0,0,0,0,138,294,226,68,4,19,18,1,16,3,19,8,9,12,9,0,1,0,2,0,0,0,0,0,0,0,0,0,9.0,8.0,0.0,-58.199999999999974,-298.79999999999995,0.0,102,0,579,11,1.0,6.0,7,0.0,4.01,2.0,8.67,0.0,0.0,0.0,2.2,8.06,0.1,6.7,0,9,0,4,0,0,0,4,343,0,210,50,83,0,56,0.6122,0.1458,0,0,0,434.9,0.0,6000.0,0.0,3258.194,-1797.782,45.5,0.0,0.0,-500.0,5.203,-255.317,0.0,-1802.5,0.0,-840.0,150.0,0.0,0.0,0.0,0.0,-238.5,0.0,0.0,1.82589,11.69431,-0.17248,2.39672,-0.60761,1.17611,0.03449,0.92794,-0.05484,0.15625,0.0,-1188.131,6150.0,0.0,3910.405,-1596.396,-0.2732,2.49136,1.41412,11.69723,0.53208,1.30697,0.16602,1.64561,0.01518,93.18182,0.98482,1.28573,0.0,-36.6838,87.358,0.0,188.7825,-116.359,-38.253,118,8,29,456,7,127,124,716,457,93,166,0,456,134,126,0,77,0,61,0.638268156424581,0.6368715083798883,715,250,76,-4.983,9613.549,4.605,0.0,150.0,0.0,-1672.738,-754.719,-2642.5,0.0,-238.5,9613.549,4.605,0.0,150.0,0.0,-1672.738,-754.719,-2642.5,0.0,-238.5,0,41,60,60,0,6,6,0,382,5,0,0,0,0,,0,0,5,1,2,1012,229,229,802,802,1140,162,400,400,12,0,1479,111,0,0,747,5,0,6,8,8,0,0,10,85,2,31,0,305,0,51,1,0,5,10774,74.22498607759421,2.697511566837564,34.7224800445517,1.7835104493434255,25.041767217375163,5.717467978466679,2.6275018532246106,0.0009895628937797321,0.006686184492713142,0.004042196312087327,-0.02641057646410032,0.5698439960658785,0.3856137385481431,0.016628266626917444,0.10780644630313863,0.3645169355060124,0.1777024946104096,0.02068921117117888,3247.0,0.45429337114120927,0.8312288266091777,3247.0,521,461,,,,,,,,,,,,,,,,,,,,,,,,,,,,,,
36,50_20_5_10_5_2,50_20_5_10_5_2_StartGoalLocations_Seed1003.csv,60,8894.069712936878,59,0.9833333333333333,1,0,1,1,0,0,0,64,0,63,0.0,0.04363155575143235,9.141919170197227,6,5,4,0.010356985456148084,0.7417364477743499,0.0,1,4,0,0,0,0,64,107,107,0,2,0,0,0,0,0,0,0,0,0,0,0,0,0,0,0,0,0,0,0,0,0,0,0,0.0,0.0,0.0,0.0,0.0,0.0,18,0,208,0,1.0,5.0,6,9.5,15.2,43.0,33.4,0.0,0.0,33.0,0.0,21.84,0.0,2.1,0,2,0,1,0,0,0,1,204,0,135,44,25,0,0,0.6618,0.2157,0,0,0,453.8,0.0,5900.0,0.0,5027.789,-847.226,0.0,0.0,0.0,-100.0,0.386,-109.679,0.0,-1184.0,0.0,-160.0,125.0,0.0,0.0,0.0,0.0,-212.0,0.0,0.0,2.32137,11.27016,-0.04612,1.05606,-0.29617,0.56991,0.02755,0.82938,-0.04672,0.14552,0.0,-330.053,6025.0,0.0,6628.821,-643.418,-0.07273,1.10485,1.32768,11.35514,1.31895,1.13885,0.04804,1.514,0.0141,94.14062,0.987,1.62363,0.0,-6.2526,85.5824,0.0,287.3023,-60.5272,-5.464,58,10,18,177,0,18,19,214,178,17,19,0,177,19,18,0,5,0,6,0.8317757009345794,0.8271028037383178,214,57,12,-4.241,11324.389,0.32,0.0,125.0,0.0,-790.026,-209.613,-1344.0,0.0,-212.0,11324.389,0.32,0.0,125.0,0.0,-790.026,-209.613,-1344.0,0.0,-212.0,0,12,60,59,1,5,4,0,95,5,0,0,0,0,,0,0,1,0,0,1080,0,0,280,280,152,48,100,100,0,0,97,0,0,0,285,0,0,0,0,0,0,0,1,0,0,6,0,3200,0,5,0,0,0,11015,15.960054471175669,1.069397042093288,7.0812528370404,1.611826948620952,4.185201997276441,0.6173399909214707,2.707158351409978,0.0009721323558416635,0.00618978643151759,0.003861519362329057,-0.026944411904723554,0.5607704761955473,0.395136277101658,0.015930145176955395,0.10895342316340517,0.3596534383853253,0.16939730836746636,0.020002501811234877,3418.0,0.4294088828432466,0.8411351667641895,3418.0,161,132,,,,,,,,,,,,,,,,,,,,,,,,,,,,,,
37,25_5_2_5_2_1,25_5_2_5_2_1_StartGoalLocations_Seed1002.csv,25,569.4902355968952,24,0.96,3,3,3,3,0,3,1,354,3,351,0.00847457627118644,0.2769281914893617,5.764693311792104,5,5,4,0.13193752077102028,0.4682618810235959,8.0,1,3,0,3,6,0,352,391,391,0,2,6,6,0,6,2,3,5,1,1,1,0,0,0,0,0,0,0,0,0,0,0,0,0,1.0,2.0,3.0,-4.8,-86.39999999999999,-300.0,44,0,689,1,,5.0,6,,4.2,,8.8,,0.0,,11.8,10.11,0.5,17.2,0,8,0,5,0,0,3,2,98,0,60,7,31,0,1,0.6122,0.0714,0,0,0,300.9,0.0,2400.0,0.0,1831.874,-1076.521,0.0,0.0,0.0,-300.0,2.333,-552.097,0.0,-1225.5,0.0,-268.0,125.0,0.0,0.0,0.0,0.0,-323.5,0.0,-345.0,1.14864,8.94922,-0.28241,2.24688,-0.49634,0.78864,0.04154,1.01825,-0.22217,1.00989,0.0,-1322.122,2525.0,0.0,2203.872,-1353.906,-0.43939,2.36748,0.83915,8.94959,0.28247,1.57482,0.26388,1.66514,0.00964,87.06897,0.99069,1.19348,0.0,-32.3396,35.8665,0.0,103.1833,-98.2202,-19.047,284,33,166,686,2,48,52,788,648,71,69,0,686,54,48,0,45,4,63,0.8223350253807107,0.8705583756345178,788,154,20,1.358,4457.674,2.016,0.0,125.0,0.0,-1001.42,-851.78,-1493.5,0.0,-668.5,4457.674,2.016,0.0,125.0,0.0,-1001.42,-851.78,-1493.5,0.0,-668.5,0,18,25,24,1,5,5,0,375,5,3,0,3,0,1.0,0,6,6,4,5,3200,32,32,764,764,227,72,696,696,0,0,360,12,0,0,259,0,0,1,2,1,1,0,3,67,1,29,1,305,0,24,4,0,20,13317,51.33288278140722,1.7780866003510825,19.88435833896523,2.056495501246202,13.65923255988586,5.857175039423294,1.988455195162177,0.0009357743554005537,0.006179663582297507,0.0039549480838468294,-0.02740782205015421,0.5722893994674086,0.40145575419068336,0.015894189575337805,0.10516425917390734,0.3581849711944121,0.1746140989086619,0.020292257924320194,10171.0,0.4371608640695883,0.8407236259954773,10171.0,590,529,1.0,8.0,5.0,10.0,274.0,,,,,,,,,,,,,,,,,,,,,,,,,
38,50_20_5_10_5_2,50_20_5_10_5_2_StartGoalLocations_Seed1005.csv,40,7772.499828346074,39,0.975,0,0,0,0,0,0,0,0,0,0,0.0,0.0,9.855966587112173,10,6,9,0.008591885441527447,0.7451073985680191,0.0,2,7,2,0,0,0,0,0,0,0,0,0,0,0,0,0,0,0,0,0,0,0,0,0,0,0,0,0,0,0,0,0,0,0,0.0,0.0,0.0,0.0,0.0,0.0,0,0,0,0,3.0,6.0,11,8.17,14.67,26.33,37.83,0.0,0.0,0.0,0.0,23.19,0.0,0.0,0,0,0,0,0,0,0,0,394,0,252,99,43,0,0,0.6396,0.2513,0,0,0,419.0,0.0,3900.0,0.0,4716.0,-864.0,0.0,0.0,0.0,0.0,0.0,0.0,0.0,0.0,0.0,0.0,150.0,0.0,0.0,0.0,0.0,-203.5,0.0,-345.0,1.95012,9.57358,0.0,0.0,0.0,0.0,0.0358,0.94536,-0.13091,0.84637,0.0,0.0,4050.0,0.0,6191.542,-1058.612,0.0,0.0,0.96659,9.6457,1.22504,1.54907,0.0,0.0,0.01074,90.0,0.98687,1.75336,0.0,0.0,57.5284,0.0,267.6095,-78.8381,0.0,0,0,0,0,0,0,0,0,0,0,0,0,0,0,0,0,0,0,0,,,0,0,0,0.0,8977.4,0.0,0.0,150.0,0.0,-806.4,0.0,0.0,0.0,-548.5,8977.4,0.0,0.0,150.0,0.0,-806.4,0.0,0.0,0.0,-548.5,0,0,40,39,1,6,5,1,0,5,0,0,0,0,,0,0,0,0,0,3200,0,0,0,0,0,0,0,0,0,0,0,0,0,0,145,0,0,0,0,0,0,0,0,0,0,0,0,3200,0,0,0,0,0,20596,8.88522043115168,1.0,2.252864633909497,1.5090517431882948,1.8984268790056322,0.4175568071470188,3.0562659846547313,0.0008919897263172061,0.006000416491297074,0.004108689334534574,-0.02811441142577678,0.5918980064243078,0.42361295003443955,0.014872148291906341,0.10733468041755259,0.3354056167948252,0.17400310719834283,0.01986616912249984,9655.0,0.4130676555980223,0.8517866390471258,9655.0,0,0,,,,,,1.0,1.0,0.0,16.5,28.0,23.5,0.0,0.0,0.0,0.0,,,,,,,,,,,,,,,
39,50_20_5_10_5_2,50_20_5_10_5_2_StartGoalLocations_Seed1019.csv,25,5342.099980831146,25,1.0,0,0,0,0,0,0,0,4,0,4,0.0,0.0,9.8302034428795,0,0,0,0.002347417840375587,0.8102503912363067,0.0,0,0,0,0,0,0,4,4,4,0,2,0,0,0,0,0,0,0,0,0,0,0,0,0,0,0,0,0,0,0,0,0,0,0,0.0,0.0,0.0,0.0,0.0,0.0,2,0,8,0,,,0,,,,,,,,,37.0,0.0,0.0,0,0,0,0,0,0,0,0,61,0,53,0,8,0,0,0.8689,0.0,0,0,0,255.6,0.0,2500.0,0.0,3115.5,-378.0,0.0,0.0,0.0,0.0,0.0,0.0,0.0,-50.0,0.0,0.0,0.0,0.0,0.0,0.0,0.0,-101.0,0.0,0.0,2.1491,9.78062,0.0,0.0,-0.01956,0.09694,0.0,0.0,-0.03951,0.13489,0.0,-3.0,2500.0,0.0,4579.78,-212.67,-0.00117,0.0242,0.97809,9.84136,1.70857,1.09225,0.00235,0.5,0.00978,100.0,0.99022,1.8935,0.0,-0.0875,35.5114,0.0,178.0286,-27.3714,0.0,0,0,0,6,0,2,0,8,6,0,2,0,6,0,2,0,0,0,0,0.75,0.75,8,0,0,0.0,5845.9,0.0,0.0,0.0,0.0,-352.8,0.0,-50.0,0.0,-101.0,5845.9,0.0,0.0,0.0,0.0,-352.8,0.0,-50.0,0.0,-101.0,0,0,25,25,0,0,0,0,3,5,0,0,0,0,,0,0,0,0,0,800,0,0,6,6,0,0,8,8,0,0,0,0,0,0,52,0,0,0,0,0,0,0,0,0,0,0,0,3200,0,0,0,0,0,5072,4.396687697160884,1.0,2.4842271293375395,1.0063492179153457,1.3209779179810726,0.0,4.119402985074627,0.0009690591159687756,0.005599313764832914,0.004125261114677414,-0.029268694752827288,0.59737877830863,0.44598972201347353,0.02015144858043641,0.11648050848394632,0.354428844241892,0.16741344195519348,0.02021508108424186,2455.0,0.40477578732547354,0.8476578411405296,2455.0,5,5,,,,,,,,,,,,,,,,,,,,,,,,,,,,,,
40,50_20_5_10_5_2,50_20_5_10_5_2_StartGoalLocations_Seed1008.csv,25,5020.500009894371,25,1.0,0,0,0,0,0,0,0,0,0,0,0.0,0.0,9.968141592920354,0,0,0,0.0,0.8030973451327433,0.0,0,0,0,0,0,0,0,0,0,0,0,0,0,0,0,0,0,0,0,0,0,0,0,0,0,0,0,0,0,0,0,0,0,0,0.0,0.0,0.0,0.0,0.0,0.0,0,0,0,0,,,0,,,,,,,,,32.48,0.0,0.0,0,0,0,0,0,0,0,0,60,0,52,6,2,0,0,0.8667,0.1,0,0,0,226.0,0.0,2500.0,0.0,2719.5,-321.0,0.0,0.0,0.0,0.0,0.0,0.0,0.0,0.0,0.0,0.0,0.0,0.0,0.0,0.0,0.0,-104.0,0.0,0.0,2.26748,10.3894,0.0,0.0,0.0,0.0,0.0,0.0,-0.04602,0.14454,0.0,0.0,2500.0,0.0,3958.095,-184.25,0.0,0.0,1.10619,10.45924,1.66984,1.10984,0.0,0.0,0.01106,100.0,0.98894,1.8534,0.0,0.0,35.5114,0.0,155.4,-24.2857,0.0,0,0,0,0,0,0,0,0,0,0,0,0,0,0,0,0,0,0,0,,,0,0,0,0.0,5424.1,0.0,0.0,0.0,0.0,-299.6,0.0,0.0,0.0,-104.0,5424.1,0.0,0.0,0.0,0.0,-299.6,0.0,0.0,0.0,-104.0,0,0,25,25,0,0,0,0,0,5,0,0,0,0,,0,0,0,0,0,824,0,0,0,0,0,0,0,0,0,0,0,0,0,0,6,0,0,0,0,0,0,0,0,0,0,0,0,3200,0,0,0,0,0,4470,0.5369127516778524,1.0,0.0894854586129754,0.3687500017695129,0.0447427293064877,0.0,4.0,0.0009846255692519282,0.005501633496430603,0.003836201295907636,-0.02915970621250787,0.5865656166400725,0.4551964383391501,0.021702410309638792,0.10676622325644909,0.3407942401491366,0.16453537936913895,0.018872566184708745,2346.0,0.4168176528376341,0.8482523444160273,2346.0,0,0,,,,,,,,,,,,,,,,,,,,,,,,,,,,,,
41,50_20_5_10_5_2,50_20_5_10_5_2_StartGoalLocations_Seed1005.csv,60,8612.107848137617,59,0.9833333333333333,0,0,0,0,0,0,0,110,0,110,0.0,0.04855233853006682,9.025557515031776,5,4,4,0.004454342984409799,0.7360801781737194,0.0,1,2,0,0,0,0,110,141,141,0,2,0,0,0,0,0,0,0,0,0,0,0,0,0,0,0,0,0,0,0,0,0,0,0,0.0,0.0,0.0,0.0,0.0,0.0,17,0,279,0,1.0,4.0,5,46.0,20.54,57.0,37.75,0.0,0.0,0.0,14.8,22.19,0.0,2.0,0,0,0,0,0,0,0,0,204,0,151,17,36,0,0,0.7402,0.0833,0,0,0,449.0,0.0,5900.0,0.0,4919.68,-798.13,0.0,0.0,0.0,0.0,1.12,-83.062,0.0,-1647.0,0.0,0.0,100.0,0.0,0.0,0.0,0.0,-229.5,0.0,0.0,2.33197,11.32814,-0.01825,0.10349,-0.36682,0.22103,0.02227,0.74585,-0.05111,0.15147,0.0,-221.272,6000.0,0.0,6888.15,-612.666,-0.04928,0.20498,1.3363,11.40939,1.39766,1.12461,0.06281,0.78465,0.01403,95.2381,0.98552,1.6951,0.0,-4.2584,85.2273,0.0,281.1246,-58.7217,-5.063,70,10,25,239,2,17,24,282,239,26,17,0,239,26,17,0,3,0,3,0.8475177304964538,0.8475177304964538,282,48,16,-1.67,11214.68,1.12,0.0,100.0,0.0,-744.13,-83.062,-1647.0,0.0,-229.5,11214.68,1.12,0.0,100.0,0.0,-744.13,-83.062,-1647.0,0.0,-229.5,0,15,60,59,1,4,3,0,126,5,0,0,0,0,,0,0,0,0,0,1180,0,0,504,504,220,60,0,0,0,0,24,0,0,0,528,0,0,0,0,0,0,0,2,0,0,4,0,3200,0,3,0,0,0,10548,19.340159271899886,1.0009803921568627,11.101630640879788,1.6619769675716007,7.176715965111869,1.023890784982935,2.723910171730515,0.0008615783216940808,0.005558536987025606,0.003920147855276779,-0.02868173141979565,0.5886829206499002,0.45591763641874666,0.022096622195410528,0.09892407888073032,0.3492262496125766,0.1689048045359594,0.01901590547896302,3351.0,0.40226191623312607,0.8564607579826917,3351.0,215,109,,,,,,,,,,,,,,,,,,,,,,,,,,,,,,
42,25_5_2_5_2_1,25_5_2_5_2_1_StartGoalLocations_Seed1005.csv,60,4953.966457754374,59,0.9833333333333333,2,1,2,2,0,1,0,108,1,106,0.009259259259259259,0.1830601092896175,6.28809590499156,3,2,2,0.12537558044250205,0.566238732586725,0.0,1,2,0,1,2,0,108,244,241,3,3,1,1,0,1,2,1,1,0,0,0,0,0,0,0,0,0,0,0,0,0,0,0,0,0.0,7.0,1.0,0.0,-530.3999999999999,-100.0,59,0,417,0,1.0,2.0,3,18.0,2.5,23.0,11.5,5.0,0.0,60.0,23.5,7.32,0.0,4.2,0,5,0,2,0,0,1,2,202,0,125,15,62,0,14,0.6188,0.0743,0,0,0,366.1,0.0,5900.0,0.0,2645.829,-1336.608,0.0,0.0,0.0,-200.0,1.204,-327.558,0.0,-1514.5,0.0,-356.0,50.0,0.0,0.0,0.0,0.0,-274.5,0.0,0.0,2.06919,12.6045,-0.14377,1.66489,-0.51093,0.80043,0.01366,0.58417,-0.07498,0.17852,0.0,-823.668,5950.0,0.0,3149.471,-1188.98,-0.22498,1.74964,1.62524,12.6039,0.53551,1.23266,0.1445,1.55703,0.01666,97.54098,0.98388,1.20446,0.0,-32.6424,84.517,0.0,151.1902,-92.0633,-24.736,136,13,50,304,84,82,58,529,293,136,100,0,304,143,82,0,52,1,24,0.553875236294896,0.5746691871455577,529,177,38,-7.186,8817.929,1.088,0.0,50.0,0.0,-1242.608,-527.442,-1870.5,0.0,-274.5,8817.929,1.088,0.0,50.0,0.0,-1242.608,-527.442,-1870.5,0.0,-274.5,0,82,60,59,1,2,2,0,182,5,1,0,1,0,1.0,0,2,3,1,2,1592,4,4,656,656,760,328,0,0,0,0,646,78,0,0,689,8,0,5,8,7,0,0,34,9,1,50,0,305,0,65,1,0,5,8454,64.60846936361486,1.8344928597583303,17.222616512893303,1.6609203567840978,10.338301395788976,0.8043529690087533,2.905034324942792,0.0011586354024957334,0.005614979528405483,0.003998415307703442,-0.03046102084724897,0.6005040755373748,0.46124718716396157,0.023624286813726976,0.08873564911884578,0.347492636360272,0.16539217828271793,0.018910001519254926,4577.0,0.4179049121430203,0.8531789381691064,4577.0,395,297,,,,,,,,,,,,,,,,,,,,,,,,,,,,,,
43,50_20_5_10_5_2,50_20_5_10_5_2_StartGoalLocations_Seed1008.csv,60,9519.171439617872,60,1.0,0,0,0,0,0,0,0,53,0,53,0.0,0.03966644128915934,9.310978049062678,2,2,2,0.010818120351588911,0.771692585080009,0.0,1,2,0,0,0,0,53,88,88,0,2,0,0,0,0,0,0,0,0,0,0,0,0,0,0,0,0,0,0,0,0,0,0,0,0.0,1.0,0.0,0.0,-26.4,0.0,12,0,171,0,,2.0,2,,10.0,,21.0,,0.0,,0.0,24.69,0.0,2.3,0,0,0,0,0,0,0,0,150,0,123,17,10,0,3,0.82,0.1133,0,0,0,443.7,0.0,6000.0,0.0,5070.243,-672.244,3.5,0.0,0.0,0.0,0.8,-103.328,0.0,-1043.0,0.0,0.0,50.0,0.0,0.0,0.0,0.0,-230.5,0.0,0.0,2.44426,11.47478,-0.02311,0.12945,-0.23507,0.24955,0.01127,0.53066,-0.05195,0.15256,0.0,-187.862,6050.0,0.0,6858.54,-496.583,-0.04234,0.21706,1.36353,11.56067,1.43384,1.10966,0.04012,1.0554,0.01397,97.58065,0.98648,1.6804,0.0,-3.5419,85.9375,0.0,289.9282,-51.5853,-6.089,53,30,38,146,0,13,19,178,153,11,14,0,146,19,13,0,7,0,13,0.8595505617977528,0.8202247191011236,178,46,10,-3.667,11472.244,0.8,0.0,50.0,0.0,-627.043,-103.328,-1043.0,0.0,-230.5,11472.244,0.8,0.0,50.0,0.0,-627.043,-103.328,-1043.0,0.0,-230.5,0,15,60,60,0,2,2,0,74,5,0,0,0,0,,0,0,0,0,0,932,0,0,240,240,188,60,52,52,4,0,80,4,0,0,286,0,0,1,1,1,0,0,4,3,0,6,0,3200,0,8,0,0,0,9575,13.608355091383812,1.0,6.976501305483029,1.3770958300635308,4.114882506527415,0.37597911227154046,3.0609137055837565,0.001117246992184202,0.0055357748852411185,0.004252987248271448,-0.03259494375485463,0.6000859342163725,0.4748231831282505,0.022260742397906954,0.08825262202661437,0.35953401250206607,0.18592057761732853,0.019178027698065075,2770.0,0.3863833777250097,0.8617328519855596,2770.0,143,141,,,,,,,,,,,,,,,,,,,,,,,,,,,,,,
44,50_20_5_10_5_2,50_20_5_10_5_2_StartGoalLocations_Seed1005.csv,60,11284.599959224463,60,1.0,0,0,0,0,0,0,0,0,0,0,0.0,0.0,9.793444650587508,3,3,2,0.0074211502782931356,0.7880849309420738,0.0,1,3,0,0,0,0,0,0,0,0,0,0,0,0,0,0,0,0,0,0,0,0,0,0,0,0,0,0,0,0,0,0,0,0,0.0,0.0,0.0,0.0,0.0,0.0,0,0,0,0,,3.0,3,,11.83,,24.0,,0.0,,0.0,26.77,0.0,0.0,0,0,0,0,0,0,0,0,160,0,126,20,14,0,0,0.7875,0.125,0,0,0,485.1,0.0,6000.0,0.0,5766.0,-856.5,0.0,0.0,0.0,0.0,0.0,0.0,0.0,0.0,0.0,0.0,75.0,0.0,0.0,0.0,0.0,-185.0,0.0,0.0,2.34892,10.98526,0.0,0.0,0.0,0.0,0.01546,0.62151,-0.03814,0.13272,0.0,0.0,6075.0,0.0,7994.47,-529.8,0.0,0.0,1.25232,11.06815,1.53879,1.12541,0.0,0.0,0.01299,96.42857,0.98743,1.7796,0.0,0.0,86.2926,0.0,329.4857,-59.5143,0.0,0,0,0,0,0,0,0,0,0,0,0,0,0,0,0,0,0,0,0,,,0,0,0,0.0,12194.0,0.0,0.0,75.0,0.0,-799.4,0.0,0.0,0.0,-185.0,12194.0,0.0,0.0,75.0,0.0,-799.4,0.0,0.0,0.0,-185.0,0,0,60,60,0,3,3,0,0,5,0,0,0,0,,0,0,0,0,0,1060,0,0,0,0,0,0,0,0,0,0,0,0,0,0,430,1,0,0,0,0,0,0,0,0,0,0,0,3200,0,1,0,0,0,10952,7.943754565376187,1.0,1.9539810080350621,1.480373851258621,1.7531044558071585,0.2191380569758948,3.3854166666666665,0.0014476384140783372,0.005553399490297965,0.004295276334720119,-0.03217328370039193,0.6007363742252566,0.4767732801302424,0.019116817116034482,0.11134707761823007,0.3640134201560476,0.1962864721485411,0.018582915788468955,3016.0,0.4244678718864236,0.846816976127321,3016.0,0,0,,,,,,,,,,,,,,,,,,,,,,,,,,,,,,
45,50_20_5_10_5_2,50_20_5_10_5_2_StartGoalLocations_Seed1013.csv,60,10467.043179273605,60,1.0,0,0,0,0,0,0,0,50,0,50,0.0,0.0243614931237721,9.53150610445993,5,4,4,0.011198428290766208,0.793516699410609,0.0,1,4,1,0,0,0,50,59,59,0,2,3,3,0,0,2,4,0,3,9,3,0,0,0,0,0,0,0,0,0,0,0,0,0,3.0,0.0,0.0,-43.2,0.0,0.0,9,0,107,3,1.0,4.0,5,27.5,19.38,37.0,42.0,0.0,0.0,0.0,8.8,27.25,0.0,0.7,0,0,0,0,0,0,0,0,164,0,128,27,9,0,0,0.7805,0.1646,0,0,0,509.0,0.0,6000.0,0.0,6020.058,-734.058,0.0,0.0,0.0,0.0,0.0,-40.957,0.0,-1163.0,0.0,0.0,100.0,0.0,0.0,0.0,0.0,-224.0,0.0,0.0,2.31729,10.72138,-0.00805,0.06611,-0.22849,0.24907,0.01965,0.70055,-0.04401,0.14166,0.0,-97.299,6100.0,0.0,8357.212,-518.521,-0.01912,0.13098,1.19843,10.81356,1.54002,1.08293,0.02318,0.82456,0.01257,95.3125,0.98782,1.76526,0.0,-3.0774,86.6477,0.0,344.0033,-54.7462,-3.355,29,8,11,74,0,16,28,118,93,12,13,0,74,28,16,0,10,0,20,0.788135593220339,0.6271186440677966,118,40,6,-2.658,12479.858,0.0,0.0,100.0,0.0,-684.858,-40.957,-1163.0,0.0,-224.0,12479.858,0.0,0.0,100.0,0.0,-684.858,-40.957,-1163.0,0.0,-224.0,0,12,60,60,0,4,4,0,47,5,0,0,0,0,,0,0,0,0,0,1224,40,40,108,108,112,48,40,40,4,0,120,0,0,0,337,0,0,0,0,0,0,0,3,0,0,5,0,3200,0,2,0,0,0,12272,12.728161668839634,1.0,6.3559322033898304,1.566346176627737,4.978813559322034,0.8800521512385919,2.8036006546644843,0.0010170386123266569,0.005499880107308379,0.00424087913006885,-0.03146270538978522,0.5957242715982051,0.4859408094407686,0.020997763294848353,0.09000195280399198,0.3444657640257375,0.19256462387452802,0.018017450658851103,3443.0,0.4453183091921825,0.8443218123729306,3443.0,92,90,,,,,,,,,,,,,,,,,,,,,,,,,,,,,,
46,50_20_5_10_5_2,50_20_5_10_5_2_StartGoalLocations_Seed1008.csv,40,7340.199862360954,40,1.0,0,0,0,0,0,0,0,0,0,0,0.0,0.0,9.909056886227544,0,0,0,0.0,0.8645209580838323,0.0,0,0,0,0,0,0,0,0,0,0,0,0,0,0,0,0,0,0,0,0,0,0,0,0,0,0,0,0,0,0,0,0,0,0,0.0,0.0,0.0,0.0,0.0,0.0,0,0,0,0,,,0,,,,,,,,,26.82,0.0,0.0,0,0,0,0,0,0,0,0,89,0,82,4,3,0,0,0.9213,0.0449,0,0,0,267.2,0.0,4000.0,0.0,3424.5,-265.5,0.0,0.0,0.0,0.0,0.0,0.0,0.0,0.0,0.0,0.0,0.0,0.0,0.0,0.0,0.0,-86.0,0.0,0.0,2.77927,12.02471,0.0,0.0,0.0,0.0,0.0,0.0,-0.03219,0.12271,0.0,0.0,4000.0,0.0,4689.735,-191.87,0.0,0.0,1.49701,12.14329,1.68333,0.97453,0.0,0.0,0.01497,100.0,0.98503,1.85471,0.0,0.0,56.8182,0.0,195.6857,-20.0857,0.0,0,0,0,0,0,0,0,0,0,0,0,0,0,0,0,0,0,0,0,,,0,0,0,0.0,7674.0,0.0,0.0,0.0,0.0,-247.8,0.0,0.0,0.0,-86.0,7674.0,0.0,0.0,0.0,0.0,-247.8,0.0,0.0,0.0,-86.0,0,0,40,40,0,0,0,0,0,5,0,0,0,0,,0,0,0,0,0,780,0,0,0,0,8,0,0,0,0,0,8,0,0,0,74,0,0,0,0,0,0,0,0,0,0,0,0,3200,0,0,0,0,0,5267,2.525156635655971,1.0,0.3037782418834251,0.6500000040978193,0.15188912094171256,0.0,4.25,0.0009162276578046238,0.0054771476759551425,0.0046694259935369095,-0.0302274663765461,0.5954522612767342,0.4977997804299379,0.022877641729055306,0.07717177888903863,0.3481720751375416,0.17883690424136423,0.01898145187764279,2287.0,0.4168601839981931,0.8508963707914298,2287.0,0,0,,,,,,,,,,,,,,,,,,,,,,,,,,,,,,
47,25_5_2_5_2_1,25_5_2_5_2_1_StartGoalLocations_Seed1002.csv,40,4392.977966114879,40,1.0,1,0,1,1,0,0,0,68,0,67,0.0,0.12756756756756757,6.981280537553736,4,4,4,0.04810810810810811,0.552972972972973,0.0,1,4,0,0,0,0,62,74,70,4,3,3,3,0,3,2,8,2,1,2,1,0,0,0,0,0,0,0,0,0,0,0,0,0,1.0,2.0,0.0,-9.6,-33.6,0.0,19,0,149,1,,4.0,4,,7.27,,12.0,,0.0,,5.2,6.88,0.0,2.8,0,2,0,1,0,0,0,1,136,0,101,9,26,0,5,0.7426,0.0662,0,0,0,185.0,0.0,4000.0,0.0,1502.68,-586.715,0.0,0.0,0.0,-100.0,0.782,-90.768,0.0,-480.0,0.0,-16.0,100.0,0.0,0.0,0.0,0.0,-122.0,0.0,0.0,2.75728,14.51971,-0.1027,1.652,-0.26811,0.35642,0.05405,1.16122,-0.06595,0.16919,0.0,-288.774,4100.0,0.0,1718.943,-563.364,-0.15609,1.72779,2.21622,14.58273,0.62464,1.21975,0.09351,1.66921,0.02378,93.18182,0.97514,1.26514,0.0,-7.0651,58.2386,0.0,85.8674,-40.498,-11.631,41,8,9,108,1,27,39,175,135,19,21,0,108,40,27,0,18,0,24,0.7714285714285715,0.6171428571428571,175,70,22,-4.713,5646.779,0.768,0.0,100.0,0.0,-545.815,-190.755,-496.0,0.0,-122.0,5646.779,0.768,0.0,100.0,0.0,-545.815,-190.755,-496.0,0.0,-122.0,0,18,40,40,0,4,4,0,70,5,0,0,0,0,,0,0,1,0,0,984,40,40,144,144,232,72,53,53,8,0,610,48,0,0,424,0,0,1,2,2,0,0,6,16,1,11,0,305,0,24,0,0,0,5033,61.31531889529108,1.6422553467271548,21.73653884363203,1.4599520294719344,17.22630637790582,3.9340353665805683,2.6505190311418687,0.0007641712567626784,0.005327943251543958,0.004732548658607331,-0.029861629100107565,0.6004751387650404,0.4936697675687511,0.021783765045759396,0.09091213973981094,0.34123147603765175,0.16690962099125364,0.01767917856208696,2744.0,0.41429782806523685,0.8516763848396501,2744.0,135,113,,,,,,,,,,,,,,,,,,,,,,,,,,,,,,
48,25_5_2_5_2_1,25_5_2_5_2_1_StartGoalLocations_Seed1008.csv,60,1308.8928487673402,58,0.9666666666666667,7,2,7,7,0,2,1,164,2,157,0.012195121951219513,0.24,5.76647549901871,3,2,3,0.2394965130124171,0.49430175199863924,9.75,0,0,0,2,4,0,164,536,379,157,4,19,19,0,18,2,3,15,4,4,4,0,0,0,0,0,0,0,0,0,0,0,0,0,4.0,3.0,2.0,-19.2,-153.3,-212.5,91,0,1175,4,1.0,2.0,5,2.0,4.58,5.0,8.0,5.0,5.0,58.0,75.0,6.97,0.1,11.0,1,15,0,9,0,0,1,5,261,0,111,93,57,0,83,0.4253,0.3563,0,0,0,587.9,0.0,5800.0,0.0,3211.85,-1992.568,0.0,0.0,0.0,-800.0,4.728,-784.517,0.0,-1962.5,0.0,-1384.0,50.0,0.0,0.0,0.0,0.0,-732.0,0.0,-690.0,1.29396,9.92605,-0.26872,2.61235,-0.56923,1.49958,0.0085,0.46103,-0.24188,1.03031,0.0,-2420.564,5850.0,0.0,3819.628,-2589.245,-0.41173,2.7266,0.99507,9.89337,0.20928,1.53941,0.23065,1.78508,0.01021,97.5,0.98962,1.10156,0.0,-55.8517,83.0966,0.0,181.2962,-192.8801,-51.212,465,19,214,1024,27,95,199,1348,1094,110,144,0,1025,228,95,0,90,6,170,0.8115727002967359,0.7603857566765578,1342,406,66,1.275,9459.626,3.688,0.0,50.0,0.0,-1852.444,-1583.477,-3346.5,0.0,-1422.0,9459.626,3.688,0.0,50.0,0.0,-1852.444,-1583.477,-3346.5,0.0,-1422.0,0,98,60,58,2,2,2,0,757,5,2,0,2,0,1.0,0,4,9,5,4,3200,102,102,1779,1779,1112,394,632,632,8,0,2428,534,0,0,527,8,2,2,3,3,0,0,30,37,1,89,0,305,0,74,5,0,25,15175,50.59637561779242,2.8908569940088564,22.451400329489292,1.4698121710607985,15.27512355848435,3.5782537067545306,2.5729076790336496,0.0009931047513782687,0.005433488069102168,0.004775345450616442,-0.030257664613891393,0.6096986899897456,0.4944232610613108,0.02345802707830444,0.09118131879717112,0.332534553938299,0.1837878624555352,0.018367118056365074,9277.0,0.4229302421399726,0.852861916567856,9277.0,1052,928,2.0,9.75,11.5,2.5,55.0,,,,,,,,,,,,,,,,27.5,27.5,0.0,0.0,0.0,,,,,
49,25_5_2_5_2_1,25_5_2_5_2_1_StartGoalLocations_Seed1011.csv,40,2851.037418961525,40,1.0,3,1,3,3,0,1,1,182,1,179,0.005494505494505495,0.2066744730679157,6.182372083603917,7,6,5,0.14716208308952605,0.489174956114687,0.0,2,5,0,1,2,0,170,298,285,13,3,16,16,0,15,2,4,7,8,8,8,0,1,0,0,0,0,0,0,0,0,0,0,0,8.0,3.0,1.0,-38.39999999999999,-103.20000000000002,-100.0,78,0,590,9,1.0,6.0,7,2.5,3.84,3.0,13.83,0.0,0.8,0.0,28.7,6.77,0.2,7.0,0,6,0,2,0,0,0,2,165,0,117,16,32,0,4,0.7091,0.097,0,0,0,341.8,0.0,4000.0,0.0,2233.104,-1205.619,3.5,0.0,0.0,-300.0,0.948,-348.695,0.0,-1361.5,0.0,-364.0,150.0,0.0,0.0,0.0,0.0,-298.5,0.0,0.0,1.57191,10.78594,-0.18951,2.10365,-0.50483,0.82983,0.04389,1.04652,-0.08733,0.18984,0.0,-1049.043,4150.0,0.0,2718.854,-1122.528,-0.30692,2.2067,1.21416,10.80048,0.46704,1.20108,0.19836,1.54726,0.01346,90.21739,0.98771,1.13785,0.0,-26.5401,58.9489,0.0,127.8059,-85.9497,-29.224,130,18,43,420,24,96,128,669,496,80,93,0,420,153,96,0,49,0,115,0.7414050822122571,0.6278026905829597,669,259,36,-6.204,6492.704,0.8,0.0,150.0,0.0,-1119.919,-648.547,-1725.5,0.0,-298.5,6492.704,0.8,0.0,150.0,0.0,-1119.919,-648.547,-1725.5,0.0,-298.5,0,63,40,40,0,6,6,0,281,5,1,0,1,0,1.0,0,2,4,2,3,2460,144,144,742,742,572,248,129,129,4,0,674,118,0,0,459,1,0,1,3,3,0,0,6,65,2,42,0,305,0,82,2,0,10,12911,42.87042057160561,1.8341463414634147,18.93734025249787,1.4322904082605565,13.174812175664162,2.4630160328402138,2.6666666666666665,0.0008695652546772565,0.005470362430196104,0.005087634948710722,-0.03058022173439584,0.6472579040663029,0.47894109933356926,0.027229479589779688,0.08655490997603268,0.3301865413183078,0.18995633187772926,0.019137909773553993,7328.0,0.45345668489922764,0.8396561135371179,7328.0,511,444,,,,,,,,,,,,,,,,,,,,,,,,,,,,,,
50,50_20_5_10_5_2,50_20_5_10_5_2_StartGoalLocations_Seed1019.csv,60,10416.852950036526,60,1.0,0,0,0,0,0,0,0,9,0,9,0.0,0.014292520247737018,9.616178174539087,2,2,2,0.005717008099094807,0.8058599333015721,0.0,0,0,0,0,0,0,5,5,5,0,2,1,1,0,0,2,1,1,0,0,0,0,0,0,0,0,0,0,0,0,0,0,0,0,0.0,1.0,0.0,0.0,-189.6,0.0,0,0,18,0,,2.0,2,,24.0,,61.5,,0.0,,0.0,22.5,0.0,0.4,0,0,0,0,0,0,0,0,150,0,127,5,18,0,1,0.8467,0.0333,0,0,0,419.8,0.0,6000.0,0.0,5028.388,-681.388,3.5,0.0,0.0,0.0,0.56,-9.007,0.0,-249.0,0.0,0.0,50.0,0.0,0.0,0.0,0.0,-146.0,0.0,0.0,2.56558,11.785,-0.00201,0.03774,-0.05931,0.16168,0.01191,0.54554,-0.03478,0.1272,0.0,-16.687,6050.0,0.0,6792.687,-504.646,-0.00397,0.06622,1.44116,11.88049,1.49787,1.12382,0.00381,1.04293,0.01477,97.58065,0.98571,1.76349,0.0,-5.8068,85.9375,0.0,287.5365,-47.2793,-1.575,9,3,0,15,0,0,3,18,15,3,0,0,15,3,0,0,0,0,0,0.8333333333333334,0.8333333333333334,18,4,4,0.24,11405.588,0.56,0.0,50.0,0.0,-635.287,-9.007,-249.0,0.0,-146.0,11405.588,0.56,0.0,50.0,0.0,-635.287,-9.007,-249.0,0.0,-146.0,0,2,60,60,0,2,2,0,6,5,0,0,0,0,,0,0,0,0,0,1036,4,4,8,8,32,8,0,0,0,0,178,14,0,0,355,0,0,1,1,1,0,0,2,0,0,3,0,3200,0,5,0,0,0,8927,8.569508233449087,1.003921568627451,2.0835667077405624,1.4956989449358755,1.7026996751428252,0.2688473171278145,3.263157894736842,0.0007924202194540315,0.005244430257043438,0.005390232171805784,-0.029800642123553742,0.6549236918278183,0.48801924650733536,0.02605633739684079,0.08306726414897267,0.33272354356765427,0.1876058245851676,0.01825687511867298,2953.0,0.3788654895204782,0.8669150016931934,2953.0,14,12,,,,,,,,,,,,,,,,,,,,,,,,,,,,,,
51,50_20_5_10_5_2,50_20_5_10_5_2_StartGoalLocations_Seed1013.csv,40,8139.49909991771,40,1.0,0,0,0,0,0,0,0,41,0,41,0.0,0.013755833947433063,9.57593259902763,9,7,7,0.017931712110046672,0.7968558093834439,0.0,2,6,2,0,0,0,41,41,41,0,2,0,0,0,0,0,0,0,0,0,0,0,0,0,0,0,0,0,0,0,0,0,0,0,0.0,1.0,0.0,0.0,-21.6,0.0,10,0,81,0,2.0,7.0,9,5.75,12.07,34.5,34.43,0.0,0.0,0.0,0.0,24.58,0.0,1.3,0,0,0,0,0,0,0,0,225,0,119,72,34,0,0,0.5289,0.32,0,0,0,407.1,0.0,4000.0,0.0,4761.532,-614.032,0.0,0.0,0.0,0.0,0.0,-35.101,0.0,-348.5,0.0,0.0,175.0,0.0,0.0,0.0,0.0,-206.5,0.0,0.0,2.10135,9.80965,-0.00862,0.08207,-0.08561,0.18835,0.04299,1.03577,-0.05072,0.15096,0.0,-75.144,4175.0,0.0,6738.756,-507.303,-0.01846,0.14023,1.02555,9.91357,1.53069,1.19093,0.02014,0.91639,0.01155,88.82979,0.98919,1.79937,0.0,-1.8795,59.304,0.0,272.0876,-46.8876,-1.866,19,19,16,70,0,10,2,82,69,3,10,0,70,2,10,0,1,0,0,0.8414634146341463,0.8536585365853658,82,6,2,-0.957,9127.532,0.0,0.0,175.0,0.0,-572.932,-35.101,-348.5,0.0,-206.5,9127.532,0.0,0.0,175.0,0.0,-572.932,-35.101,-348.5,0.0,-206.5,0,2,40,40,0,6,6,0,39,5,0,0,0,0,,0,0,0,0,0,1640,0,0,80,80,62,8,76,76,0,0,32,0,0,0,107,0,0,1,1,0,0,0,0,61,0,1,0,3200,0,61,0,0,0,13344,10.798860911270983,1.109646079111728,4.361510791366906,1.2439862723971151,3.432254196642686,0.6744604316546763,2.504366812227074,0.0009311524546563571,0.0053238326501919,0.005874058298721183,-0.029568781499273892,0.6681895296748092,0.49900197982788086,0.021477472832108418,0.09907132258139005,0.31878400565852033,0.2042524315765664,0.01770082871074208,4421.0,0.39578438311230896,0.8629269396064239,4421.0,69,68,,,,,,,,,,,,,,,,,,,,,,,,,,,,,,
52,25_5_2_5_2_1,25_5_2_5_2_1_StartGoalLocations_Seed1006.csv,60,2718.664210036397,58,0.9666666666666667,9,2,9,9,0,2,1,213,2,204,0.009389671361502348,0.340390431674457,4.411872593020718,3,1,1,0.09198242723778144,0.41762767710049425,0.0,0,0,0,2,4,1,210,562,503,59,4,14,14,0,14,2,5,10,3,3,3,0,1,0,0,0,0,0,0,0,0,0,0,0,3.0,8.0,2.0,-14.4,-390.2999999999999,-212.5,119,0,976,4,2.0,1.0,3,12.37,8.0,16.5,13.0,5.0,5.0,125.5,14.0,7.18,0.2,9.8,0,17,0,8,0,0,0,6,211,0,120,46,45,0,42,0.5687,0.218,0,0,0,364.2,0.0,5800.0,0.0,2253.963,-1042.685,17.5,0.0,0.0,-900.0,9.288,-559.102,0.0,-1678.0,0.0,-1224.0,25.0,0.0,0.0,0.0,0.0,-347.5,0.0,0.0,2.02992,12.5249,-0.39808,3.5017,-0.79681,1.44596,0.00686,0.4142,-0.09541,0.19648,0.0,-2245.136,5825.0,0.0,2768.54,-1046.632,-0.61646,3.72209,1.5994,12.52464,0.47279,1.14849,0.33855,1.82087,0.0162,98.72881,0.98407,1.0645,0.0,-63.4544,82.7415,0.0,129.7979,-79.4391,-39.287,332,24,150,909,14,134,160,1219,953,116,150,0,908,177,134,0,78,2,94,0.7817883511074651,0.7448728465955702,1217,339,76,-0.679,8360.003,7.84,0.0,25.0,0.0,-967.024,-1457.654,-2902.0,0.0,-347.5,8360.003,7.84,0.0,25.0,0.0,-967.024,-1457.654,-2902.0,0.0,-347.5,0,87,60,58,2,1,1,0,554,5,2,0,2,0,1.0,0,4,11,5,3,944,89,89,1658,1658,1433,350,446,446,24,0,703,46,0,0,556,0,0,5,8,7,1,0,13,139,2,39,0,305,0,36,5,0,25,7367,86.56169404099361,2.6065548063352675,53.56318718610018,1.5965439927347904,33.85367177955749,6.7463010723496675,2.575380914194066,0.000861969540522496,0.00518284654599946,0.0060397409488668,-0.030086494169308472,0.6835022939968918,0.48166950476371634,0.02224526046854207,0.09026711599869748,0.3086647981109112,0.21763470958712386,0.020234082752508785,2858.0,0.4489068920724746,0.8530440867739678,2858.0,940,861,,,,,,,,,,,,,,,,,,,,,,,,,,,,,,
53,25_5_2_5_2_1,25_5_2_5_2_1_StartGoalLocations_Seed1007.csv,25,3397.729783028364,25,1.0,0,0,0,0,0,0,0,32,0,32,0.0,0.04913456169737577,8.011108049329335,5,4,4,0.039642657733109994,0.5957565605806812,0.0,1,3,0,0,0,0,32,32,32,0,2,0,0,0,0,0,0,0,0,0,0,0,0,0,0,0,0,0,0,0,0,0,0,0,0.0,0.0,0.0,0.0,0.0,0.0,3,0,64,0,1.0,4.0,5,1.0,6.75,10.0,17.62,0.0,0.0,0.0,0.0,10.55,0.0,2.8,0,0,0,0,0,0,0,0,133,0,79,9,45,0,0,0.594,0.0677,0,0,0,179.1,0.0,2500.0,0.0,1655.608,-635.608,0.0,0.0,0.0,0.0,0.56,-14.93,0.0,-299.0,0.0,0.0,100.0,0.0,0.0,0.0,0.0,-88.0,0.0,0.0,2.06538,11.73182,-0.00802,0.06032,-0.16695,0.2358,0.05583,1.18015,-0.04913,0.14884,0.0,-45.471,2600.0,0.0,1947.15,-554.965,-0.02539,0.1403,1.4517,11.78453,0.77732,1.2854,0.03462,0.73341,0.01619,89.65517,0.98492,1.41843,0.0,-0.9774,36.9318,0.0,94.6062,-41.349,-2.523,21,9,7,58,0,3,3,64,59,2,3,0,58,3,3,0,0,0,1,0.921875,0.90625,64,10,6,0.101,4291.908,0.56,0.0,100.0,0.0,-592.808,-14.93,-299.0,0.0,-88.0,4291.908,0.56,0.0,100.0,0.0,-592.808,-14.93,-299.0,0.0,-88.0,0,0,25,25,0,4,4,0,31,5,0,0,0,0,,0,0,0,0,0,1304,0,0,126,126,76,0,0,0,0,0,174,0,0,0,386,0,0,0,0,0,0,0,2,0,0,9,0,305,0,9,0,0,0,5933,49.8567335243553,1.2958079783637593,13.837856059329177,0.9811510484729157,6.017191977077364,2.056295297488623,2.3529411764705883,0.0011757618877971565,0.005356183554834338,0.005799690998542163,-0.030790829739641923,0.6901578477189585,0.48382893561219875,0.02568472104798431,0.0792800470432438,0.3125856933585907,0.21368421052631578,0.01915786156568107,3800.0,0.4236988028212401,0.855,3800.0,60,36,,,,,,,,,,,,,,,,,,,,,,,,,,,,,,
54,50_20_5_10_5_2,50_20_5_10_5_2_StartGoalLocations_Seed1018.csv,60,9183.882231712341,60,1.0,0,2,0,0,0,2,2,109,2,109,0.01834862385321101,0.04905847373637265,9.167957118292394,0,0,0,0.014866204162537165,0.7913776015857285,0.0,0,0,0,2,4,0,109,109,109,0,2,0,0,0,0,0,0,0,0,0,0,0,0,0,0,0,0,0,0,0,0,0,0,0,0.0,0.0,2.0,0.0,0.0,-200.0,15,0,207,0,,,0,,,,,,,,,23.78,0.0,2.2,0,4,0,2,0,0,0,1,133,0,121,7,5,0,0,0.9098,0.0526,0,0,0,403.6,0.0,6000.0,0.0,4764.534,-569.334,0.0,0.0,0.0,0.0,0.0,-123.918,0.0,-1049.0,0.0,-88.0,0.0,0.0,0.0,0.0,0.0,-154.0,0.0,0.0,2.62607,12.01067,-0.0307,0.13982,-0.28171,0.37122,0.0,0.0,-0.03816,0.13275,0.0,-247.292,6000.0,0.0,6493.942,-424.31,-0.06127,0.27577,1.48662,12.10174,1.50387,1.03865,0.055,1.11393,0.01487,100.0,0.98489,1.74044,0.0,-9.129,85.2273,0.0,272.2591,-41.3334,-4.126,59,12,20,156,34,12,16,218,188,17,13,0,156,50,12,0,7,0,39,0.8623853211009175,0.7155963302752294,218,46,2,-1.626,11129.534,0.0,0.0,0.0,0.0,-530.734,-123.918,-1137.0,0.0,-154.0,11129.534,0.0,0.0,0.0,0.0,-530.734,-123.918,-1137.0,0.0,-154.0,0,32,60,60,0,0,0,0,77,5,2,0,2,0,1.0,0,4,2,0,0,952,0,0,259,259,160,128,49,49,0,0,32,0,0,0,208,0,0,0,0,0,0,0,0,0,0,7,0,3200,0,2,0,0,0,7977,12.999874639588818,1.0057859209257474,7.346120095273912,1.68182596749286,3.798420458819105,0.0,2.537953795379538,0.001100363033095951,0.0051793235230862215,0.005798983517760301,-0.03234705621642726,0.6892979267765494,0.5072998132775811,0.03209153121384252,0.08107451740808848,0.3155373245718112,0.1920503738685557,0.017713545579876203,2541.0,0.4020788671922735,0.8547815820543093,2541.0,178,174,,,,,,,,,,,,,,,,,,,,,,,,,,,,,,
55,25_5_2_5_2_1,25_5_2_5_2_1_StartGoalLocations_Seed1018.csv,40,2855.4818935990334,39,0.975,3,1,3,3,0,1,0,160,1,157,0.00625,0.24165202108963094,5.46611400830489,11,8,6,0.07820738137082602,0.4648506151142355,0.0,2,6,0,1,2,0,158,410,345,65,3,2,2,0,2,2,1,2,0,0,0,0,0,0,0,0,0,0,0,0,0,0,0,0,0.0,7.0,1.0,0.0,-230.10000000000002,-112.5,71,0,757,0,3.0,8.0,11,9.17,7.85,16.67,13.12,0.0,0.0,0.7,12.4,9.86,0.0,15.4,0,8,0,9,0,0,0,3,262,0,162,53,47,0,37,0.6183,0.2023,0,0,0,341.4,0.0,3900.0,0.0,2377.89,-1093.277,3.5,0.0,0.0,-300.0,3.518,-348.549,0.0,-1493.5,0.0,-436.0,200.0,0.0,0.0,0.0,0.0,-299.5,0.0,0.0,1.61966,10.65022,-0.18894,2.10226,-0.56517,0.92739,0.05858,1.20877,-0.08773,0.19018,0.0,-1174.246,4100.0,0.0,2940.096,-990.947,-0.34395,2.20209,1.20094,10.68914,0.57093,1.20276,0.26538,1.29608,0.01377,87.23404,0.98535,1.16856,0.0,-32.6475,58.2386,0.0,136.0794,-79.5873,-25.208,248,27,127,707,15,75,98,895,679,112,104,0,707,114,74,0,63,0,42,0.758659217877095,0.7899441340782123,892,230,50,1.215,6546.177,3.288,0.0,200.0,0.0,-1016.665,-648.319,-1929.5,0.0,-299.5,6546.177,3.288,0.0,200.0,0.0,-1016.665,-648.319,-1929.5,0.0,-299.5,0,59,40,39,1,7,7,0,444,5,1,0,1,0,1.0,0,2,4,0,0,988,8,8,1112,1112,925,231,626,626,12,0,930,36,0,0,475,6,0,3,7,6,0,0,4,90,4,39,2,305,0,25,0,0,0,9945,70.5781799899447,2.081778031058555,38.511814982403216,1.6639654255447807,26.36500754147813,5.771744595274007,2.794050343249428,0.0010085676547878907,0.004925687603184931,0.005777649730368544,-0.03279982898610565,0.6881058510498479,0.5117961584556441,0.033456284552812576,0.07649093818085397,0.31455092083226255,0.19270449521002211,0.018140667016275366,2714.0,0.44366891824900445,0.8518791451731761,2714.0,733,595,,,,,,,,,,,,,,,,,,,,,,,,,,,,,,
56,25_5_2_5_2_1,25_5_2_5_2_1_StartGoalLocations_Seed1014.csv,25,2718.47123336792,25,1.0,0,0,0,0,0,0,0,64,0,64,0.0,0.09959467284308049,7.012039028880357,0,0,0,0.03532136653155762,0.555877243775333,0.0,0,0,0,0,0,0,64,110,110,0,2,1,1,0,1,2,2,0,1,1,1,0,0,0,0,0,0,0,0,0,0,0,0,0,1.0,0.0,0.0,-4.8,0.0,0.0,21,0,216,1,,,0,,,,,,,,,11.76,0.0,5.2,0,0,0,0,0,0,0,0,86,0,52,11,23,0,4,0.6047,0.1279,0,0,0,172.7,0.0,2500.0,0.0,1468.833,-624.333,0.0,0.0,0.0,0.0,2.88,-70.109,0.0,-627.5,0.0,0.0,0.0,0.0,0.0,0.0,0.0,-104.0,0.0,0.0,2.0366,11.95055,-0.03893,0.15574,-0.36335,0.22283,0.0,0.0,-0.06022,0.16274,0.0,-178.403,2500.0,0.0,1758.38,-530.406,-0.1033,0.29255,1.4476,11.94421,0.71104,1.26842,0.12739,0.81092,0.01448,100.0,0.98552,1.34476,0.0,-3.4479,35.5114,0.0,83.9333,-41.619,-3.464,53,19,26,183,0,23,16,222,183,15,24,0,183,16,23,0,6,0,3,0.8243243243243243,0.8243243243243243,222,36,12,1.174,4099.333,2.88,0.0,0.0,0.0,-582.133,-70.109,-627.5,0.0,-104.0,4099.333,2.88,0.0,0.0,0.0,-582.133,-70.109,-627.5,0.0,-104.0,0,4,25,25,0,0,0,0,106,5,0,0,0,0,,0,0,0,0,0,596,8,8,278,278,124,16,136,136,12,0,116,4,0,0,374,1,0,0,0,0,0,0,3,0,0,5,0,305,0,6,0,0,0,3398,51.88346085932902,1.794668179239932,20.306062389640964,1.1300543618901375,12.477928193054739,3.4137728075338436,2.3773584905660377,0.0011700449491192386,0.005085623169930389,0.005833394105089891,-0.032556716840239176,0.69190062212464,0.5082075885878313,0.033328833833536846,0.07003433447356192,0.3165370500544562,0.19464720194647203,0.018233134880504164,1644.0,0.41385097524497905,0.8582725060827251,1644.0,181,153,,,,,,,,,,,,,,,,,,,,,,,,,,,,,,
57,50_20_5_10_5_2,50_20_5_10_5_2_StartGoalLocations_Seed1005.csv,60,11342.599846094847,59,0.9833333333333333,0,0,0,0,0,0,0,0,0,0,0.0,0.0012510425354462051,9.74345078997258,2,1,1,0.0025020850708924102,0.8183903252710593,0.0,0,0,0,0,0,0,0,0,0,0,0,0,0,0,0,0,0,0,0,0,0,0,0,0,0,0,0,0,0,0,0,0,0,0,0.0,0.0,0.0,0.0,0.0,0.0,0,0,0,0,1.0,1.0,2,13.0,8.0,67.0,39.0,0.0,0.0,0.0,0.0,27.58,0.0,0.0,0,0,0,0,0,0,0,0,139,0,121,11,7,0,0,0.8705,0.0791,0,0,0,479.6,0.0,5900.0,0.0,5878.5,-801.0,0.0,0.0,0.0,0.0,0.0,0.0,0.0,0.0,0.0,0.0,25.0,0.0,0.0,0.0,0.0,-139.5,0.0,0.0,2.38889,10.94845,0.0,0.0,0.0,0.0,0.00521,0.36096,-0.02909,0.11704,0.0,0.0,5925.0,0.0,8355.578,-494.355,0.0,0.0,1.2354,11.02829,1.63912,1.12066,0.0,0.0,0.01251,98.75,0.9877,1.86826,0.0,-0.01,84.1619,0.0,335.9143,-53.7429,-0.344,0,0,0,0,0,0,0,0,0,0,0,0,0,0,0,0,0,0,0,,,0,0,0,0.0,12204.7,0.0,0.0,25.0,0.0,-747.6,0.0,0.0,0.0,-139.5,12204.7,0.0,0.0,25.0,0.0,-747.6,0.0,0.0,0.0,-139.5,0,0,60,59,1,1,1,0,0,5,0,0,0,0,,0,0,0,0,0,804,0,0,0,0,0,0,0,0,0,0,36,0,0,0,340,0,0,0,0,0,0,0,0,0,0,0,0,3200,0,0,0,0,0,9741,8.068986757006467,1.0687022900763359,0.39010368545323887,1.4894737009155123,0.2874448208602813,0.02053177291859152,3.642857142857143,0.0010833698778068045,0.005154665867654394,0.005645429254486341,-0.03287490290492328,0.6856528099496566,0.5167330810383185,0.03088586703313524,0.07988947025727276,0.3161984667073851,0.18480580452411438,0.018333314480456334,2343.0,0.44618245370597015,0.8493384549722578,2343.0,0,0,,,,,,,,,,,,,,,,,,,,,,,,,,,,,,
58,50_20_5_10_5_2,50_20_5_10_5_2_StartGoalLocations_Seed1019.csv,60,10634.779957145452,59,0.9833333333333333,0,1,0,0,0,1,1,80,1,80,0.0125,0.006380857427716849,9.494865396182059,7,6,3,0.018943170488534396,0.7463609172482553,0.0,2,5,0,1,2,0,80,80,80,0,2,14,14,0,10,2,8,3,11,20,11,0,0,0,0,0,0,0,0,0,0,0,0,0,11.0,0.0,1.0,-96.0,0.0,-100.0,13,0,127,11,1.0,6.0,7,2.0,9.67,21.0,25.83,0.0,0.0,2.0,0.0,23.48,0.0,0.2,0,2,0,0,0,0,0,0,340,0,228,69,43,0,0,0.6706,0.2029,0,0,0,501.5,0.0,5900.0,0.0,5665.365,-1010.865,3.5,0.0,0.0,0.0,0.0,-4.72,0.0,-310.0,0.0,-24.0,150.0,0.0,0.0,0.0,0.0,-236.0,0.0,0.0,2.20528,10.73383,-0.00094,0.01831,-0.0666,0.21357,0.02991,0.86421,-0.04706,0.146,0.0,-91.92,6050.0,0.0,7512.257,-809.137,-0.01833,0.12278,1.20638,10.81386,1.33661,1.2017,0.0323,0.56741,0.01296,93.07692,0.98604,1.68279,0.0,-8.0897,85.9375,0.0,323.9352,-71.2494,-1.478,1,1,0,108,0,37,15,160,136,9,15,0,108,15,37,0,25,0,6,0.85,0.675,160,16,0,-0.8,12002.665,0.0,0.0,150.0,0.0,-943.165,-4.72,-334.0,0.0,-236.0,12002.665,0.0,0.0,150.0,0.0,-943.165,-4.72,-334.0,0.0,-236.0,0,0,60,59,1,5,4,0,80,5,1,0,1,0,1.0,0,2,1,0,0,1544,164,164,147,147,112,0,8,8,4,0,32,0,0,0,218,0,0,0,0,0,0,0,0,0,0,0,0,3200,0,0,0,0,0,13552,12.935360094451003,1.009127210496292,5.8884297520661155,1.5154762055005944,5.076741440377804,1.1068476977567887,2.2122093023255816,0.0010754870480136302,0.00493389152055558,0.005738041197176579,-0.03157310455632179,0.6868810429783065,0.5468665204671999,0.032993805720205445,0.0623301417262829,0.3253477421725862,0.19047619047619047,0.017198782770406006,4116.0,0.4521191625184297,0.8486394557823129,4116.0,141,133,,,,,,,,,,,,,,,,,,,,,,,,,,,,,,
59,25_5_2_5_2_1,25_5_2_5_2_1_StartGoalLocations_Seed1010.csv,40,884.3562694191933,37,0.925,6,1,6,6,0,1,0,602,1,596,0.0016611295681063123,0.4614030676389238,4.578300609641379,5,4,3,0.22827724761426418,0.4274234053239578,6.588534116744995,1,4,0,1,2,5,572,678,629,49,3,77,73,4,76,3,4,56,16,16,16,0,0,0,4,0,0,0,0,0,0,0,0,0,16.0,7.0,1.0,-77.4,-283.49999999999994,-100.0,416,0,1280,21,1.0,4.0,7,6.0,7.48,12.0,11.0,0.0,0.0,20.0,6.2,9.12,0.0,6.0,1,8,0,1,0,0,1,1,179,0,114,17,48,0,7,0.6369,0.095,0,0,0,398.2,0.0,3700.0,0.0,2378.594,-1260.032,0.0,0.0,0.0,-600.0,5.865,-936.271,0.0,-1578.0,0.0,-304.0,100.0,0.0,0.0,0.0,0.0,-330.0,0.0,-690.0,1.31009,9.62928,-0.38433,2.74298,-0.47263,0.75992,0.02511,0.79196,-0.25615,1.23694,0.0,-2266.627,3800.0,0.0,2944.937,-1818.415,-0.56922,2.92074,0.95429,9.62472,0.2829,1.7009,0.37418,1.52123,0.0103,92.68293,0.99046,1.20775,0.0,-55.078,53.9773,0.0,134.7931,-129.161,-78.274,220,12,78,763,23,458,238,1482,1083,180,219,0,763,262,457,0,108,1,499,0.7307692307692307,0.5148448043184886,1482,903,334,-85.779,6368.654,5.165,0.0,100.0,0.0,-1151.892,-1535.571,-1882.0,0.0,-1020.0,6368.654,5.165,0.0,100.0,0.0,-1151.892,-1535.571,-1882.0,0.0,-1020.0,0,335,40,37,3,4,3,0,457,5,1,0,1,0,1.0,0,2,7,6,5,3200,452,452,950,950,2281,1339,284,284,28,0,705,156,0,0,390,1,0,5,7,6,1,0,57,129,2,85,3,305,0,61,6,0,30,15512,52.44326972666323,1.7049784880147512,30.859979370809697,1.976681657541712,25.88318720990201,17.82490974729242,1.6371108343711083,0.001032641296744714,0.004951365300221369,0.005555988834821619,-0.03216489160666242,0.7065815169364213,0.5367561801150441,0.034146908815018834,0.05911850728938589,0.31396200595644774,0.20205879231667198,0.018808652179396503,9423.0,0.4342167709267081,0.848455905762496,9423.0,1242,990,1.0,7.18,7.48,15.0,261.0,,,,,,,,,,,,,,,,1.18,1.18,0.0,1.0,100.0,1.0,6.0,4.0,12.0,427.0
60,50_20_5_10_5_2,50_20_5_10_5_2_StartGoalLocations_Seed1013.csv,25,6349.599994987249,25,1.0,0,0,0,0,0,0,0,0,0,0,0.0,0.0,9.813728757080973,7,4,6,0.005664778407197601,0.8513828723758747,0.0,1,3,0,0,0,0,0,0,0,0,0,0,0,0,0,0,0,0,0,0,0,0,0,0,0,0,0,0,0,0,0,0,0,0,0.0,0.0,0.0,0.0,0.0,0.0,0,0,0,0,3.0,4.0,7,22.33,10.25,48.33,47.5,0.0,0.0,0.0,0.0,36.83,0.0,0.0,0,0,0,0,0,0,0,0,107,0,62,17,28,0,0,0.5794,0.1589,0,0,0,300.1,0.0,2500.0,0.0,3858.0,-315.0,0.0,0.0,0.0,0.0,0.0,0.0,0.0,0.0,0.0,0.0,100.0,0.0,0.0,0.0,0.0,-93.5,0.0,0.0,2.11366,9.01868,0.0,0.0,0.0,0.0,0.03332,0.91211,-0.03116,0.12086,0.0,0.0,2600.0,0.0,5772.2,-204.235,0.0,0.0,0.86638,9.1317,1.85537,1.04755,0.0,0.0,0.00966,89.65517,0.99167,2.00821,0.0,0.0,36.9318,0.0,220.4572,-23.3429,0.0,0,0,0,0,0,0,0,0,0,0,0,0,0,0,0,0,0,0,0,,,0,0,0,0.0,6637.1,0.0,0.0,100.0,0.0,-294.0,0.0,0.0,0.0,-93.5,6637.1,0.0,0.0,100.0,0.0,-294.0,0.0,0.0,0.0,-93.5,0,0,25,25,0,4,4,0,0,5,0,0,0,0,,0,0,0,0,0,2172,0,0,0,0,0,0,0,0,0,0,6,0,0,0,48,0,0,0,0,0,0,0,0,0,0,0,0,3200,0,0,0,0,0,11115,6.56770130454341,1.0,2.249212775528565,1.585600021123886,1.3675213675213675,0.3598740440845704,2.8157894736842106,0.0011496291454173612,0.004899354887831249,0.006215500799273561,-0.032875078680546024,0.7365949178049358,0.5296610398406701,0.03157551778380932,0.06032027771548946,0.31587249067456746,0.21050178654652787,0.01938548974826353,6437.0,0.4343225654789445,0.8489979804256641,6437.0,0,0,,,,,,,,,,,,,,,,,,,,,,,,,,,,,,
61,25_5_2_5_2_1,25_5_2_5_2_1_StartGoalLocations_Seed1004.csv,60,3810.0941365659237,59,0.9833333333333333,3,3,3,3,0,3,0,105,3,102,0.02857142857142857,0.19831132279714223,6.044712897444164,7,6,7,0.18467200692790647,0.5040051959298549,15.5,2,6,1,3,6,0,104,334,214,120,4,8,8,0,8,2,2,4,2,2,2,0,2,0,0,0,0,0,0,0,0,0,0,0,2.0,4.0,3.0,-9.6,-294.0,-312.5,81,0,745,4,1.0,6.0,8,7.0,7.92,9.0,15.17,0.0,0.0,0.0,18.3,7.46,0.0,9.0,0,10,0,8,0,0,0,6,206,0,129,14,63,0,11,0.6262,0.068,0,0,0,461.9,0.0,5900.0,0.0,2870.498,-1457.246,14.0,0.0,0.0,-300.0,3.182,-509.74,0.0,-1499.5,0.0,-900.0,150.0,0.0,0.0,0.0,0.0,-578.0,0.0,-345.0,1.68633,11.25209,-0.17462,1.8167,-0.51948,1.06584,0.03247,0.90045,-0.19983,0.82966,0.0,-1390.349,6050.0,0.0,3433.223,-1780.596,-0.30101,1.93855,1.30981,11.26186,0.35779,1.46002,0.18814,1.59994,0.01407,93.07692,0.98679,1.14388,0.0,-39.9903,85.9375,0.0,164.1428,-135.3283,-25.069,306,38,169,625,47,86,103,865,634,117,114,0,627,152,86,0,71,0,75,0.7329479768786127,0.7248554913294798,864,258,48,-10.709,9144.507,2.92,0.0,150.0,0.0,-1355.355,-809.478,-2399.5,0.0,-923.0,9144.507,2.92,0.0,150.0,0.0,-1355.355,-809.478,-2399.5,0.0,-923.0,0,89,60,59,1,6,5,0,471,5,3,0,3,0,1.0,0,6,6,0,0,3200,48,48,1271,1271,893,355,280,280,12,0,1947,308,0,0,810,4,1,4,4,3,0,0,16,61,0,58,3,305,0,59,0,0,0,19148,44.35450177564236,2.4656776168609444,21.370378107374137,1.8741813539659362,16.210570294547733,2.031543764361813,2.3927190721649483,0.0012174091314750514,0.0047679805773077535,0.006441925219551194,-0.033493345458991824,0.7565016194432974,0.5306165155023337,0.028531022262759508,0.07896939184051006,0.3256500427704544,0.19606486058928219,0.021143455149486616,10114.0,0.434717293424944,0.8471425746490013,10114.0,706,596,1.0,15.5,12.0,0.0,7.0,,,,,,,,,,,,,,,,,,,,,,,,,
62,50_20_5_10_5_2,50_20_5_10_5_2_StartGoalLocations_Seed1013.csv,60,8084.657259762287,59,0.9833333333333333,0,0,0,0,0,0,0,129,0,129,0.0,0.07962399778822228,8.91380946874157,2,1,1,0.007464749792645839,0.7802045894387614,0.0,0,0,0,0,0,0,129,164,164,0,2,0,0,0,0,0,0,0,0,0,0,0,0,0,0,0,0,0,0,0,0,0,0,0,0.0,0.0,0.0,0.0,0.0,0.0,19,0,320,0,1.0,1.0,2,11.0,4.65,55.0,17.0,0.0,0.0,107.0,111.0,20.33,0.0,0.0,0,0,0,0,0,0,0,0,147,0,118,5,24,0,0,0.8027,0.034,0,0,0,361.7,0.0,5900.0,0.0,4147.866,-470.316,0.0,0.0,0.0,0.0,0.8,-146.393,0.0,-1577.5,0.0,0.0,25.0,0.0,0.0,0.0,0.0,-156.5,0.0,0.0,2.74793,12.57032,-0.04025,0.15379,-0.43613,0.16689,0.00691,0.41563,-0.04327,0.14058,0.0,-306.084,5925.0,0.0,5454.584,-390.294,-0.08462,0.28211,1.6381,12.67312,1.40014,1.01817,0.09013,0.93891,0.01659,98.75,0.98341,1.6432,0.0,-4.9375,84.1619,0.0,237.0209,-35.818,-6.358,98,10,45,277,14,19,18,328,273,33,22,0,277,32,19,0,8,0,5,0.8323170731707317,0.8445121951219512,328,54,12,-2.509,10377.666,0.8,0.0,25.0,0.0,-438.416,-146.393,-1577.5,0.0,-156.5,10377.666,0.8,0.0,25.0,0.0,-438.416,-146.393,-1577.5,0.0,-156.5,0,20,60,59,1,1,1,0,143,5,0,0,0,0,,0,0,0,0,0,1008,0,0,434,434,194,80,140,140,0,0,12,0,0,0,214,1,0,0,0,0,0,0,2,0,0,7,0,3200,0,4,0,0,0,7325,16.7098976109215,1.0,12.696245733788396,1.614408627536989,7.385665529010239,1.6109215017064846,2.2365988909426986,0.001057532940894672,0.00472889936876498,0.006709168439671871,-0.03265577630095538,0.7614982099760146,0.5424250335920424,0.03136041838054856,0.06195667974414334,0.31378787696772475,0.19862114248194354,0.020851366577406008,3046.0,0.42616021900070256,0.8562048588312541,3046.0,279,168,,,,,,,,,,,,,,,,,,,,,,,,,,,,,,
63,25_5_2_5_2_1,25_5_2_5_2_1_StartGoalLocations_Seed1000.csv,25,3208.6076994538307,25,1.0,0,0,0,0,0,0,0,38,0,38,0.0,0.07562457798784605,7.863932655277806,4,4,2,0.017555705604321403,0.6097231600270088,0.0,1,2,0,0,0,0,34,41,41,0,2,0,0,0,0,0,0,0,0,0,0,0,0,0,0,0,0,0,0,0,0,0,0,0,0.0,0.0,0.0,0.0,0.0,0.0,7,0,107,0,,4.0,4,,5.62,,15.25,,0.0,,4.8,9.12,0.0,3.1,0,0,0,0,0,0,0,0,86,0,55,7,24,0,0,0.6395,0.0814,0,0,0,148.1,0.0,2500.0,0.0,1348.083,-482.583,0.0,0.0,0.0,0.0,0.0,-54.492,0.0,-271.5,0.0,0.0,100.0,0.0,0.0,0.0,0.0,-79.0,0.0,0.0,2.37245,12.86411,-0.03679,0.1496,-0.18332,0.24094,0.06752,1.29749,-0.05334,0.15436,0.0,-105.665,2600.0,0.0,1545.423,-448.445,-0.07135,0.26644,1.75557,12.93874,0.7407,1.25576,0.07292,0.97838,0.01958,89.65517,0.98244,1.37036,0.0,-1.7015,36.9318,0.0,77.0333,-32.0905,-4.362,38,11,19,95,0,7,5,107,95,5,7,0,95,5,7,0,0,0,0,0.8878504672897196,0.8878504672897196,107,19,9,-2.828,3963.583,0.0,0.0,100.0,0.0,-449.983,-54.492,-271.5,0.0,-79.0,3963.583,0.0,0.0,100.0,0.0,-449.983,-54.492,-271.5,0.0,-79.0,0,5,25,25,0,4,4,0,56,5,0,0,0,0,,0,0,0,0,0,888,0,0,146,146,60,20,0,0,0,0,154,76,0,0,291,0,0,0,0,0,0,0,1,0,0,1,0,305,0,2,0,0,0,4243,52.274334197501766,1.2903516681695222,16.167805797784588,1.2892128446087805,11.265613952392176,2.8281876031110063,2.5355648535564854,0.0011604933769466788,0.004678472521010082,0.006632315803545754,-0.03340001772619314,0.7669794199702976,0.5384276963032044,0.033335668630562386,0.05513781574261081,0.3206069885882612,0.17430845017051913,0.020032245141933934,2639.0,0.3935170647225548,0.8582796513830997,2639.0,90,89,,,,,,,,,,,,,,,,,,,,,,,,,,,,,,
64,25_5_2_5_2_1,25_5_2_5_2_1_StartGoalLocations_Seed1003.csv,25,2994.8358670920134,25,1.0,0,0,0,0,0,0,0,41,0,41,0.0,0.03944124897288414,8.279444136576469,3,3,3,0.015612161051766639,0.6096959737058341,0.0,1,2,0,0,0,0,41,41,41,0,2,1,1,0,0,2,4,0,1,1,1,0,0,0,0,0,0,0,0,0,0,0,0,0,1.0,0.0,0.0,-4.8,0.0,0.0,7,0,78,1,,3.0,3,,2.73,,6.0,,0.0,,9.3,8.36,0.0,0.0,0,0,0,0,0,0,0,0,124,0,76,14,34,0,5,0.6129,0.1129,0,0,0,121.7,0.0,2500.0,0.0,1099.736,-483.814,3.5,0.0,0.0,0.0,1.6,-19.386,0.0,-255.5,0.0,0.0,75.0,0.0,0.0,0.0,0.0,-48.0,0.0,0.0,2.66321,14.17094,-0.01461,0.09694,-0.20994,0.24677,0.06163,1.23971,-0.03944,0.13478,0.0,-59.344,2575.0,0.0,1246.852,-447.335,-0.04876,0.19369,2.11586,14.22979,0.65696,1.33104,0.06902,0.70648,0.02301,91.96429,0.97699,1.42488,0.0,-1.4258,36.5767,0.0,63.0421,-30.3894,-2.106,10,5,2,62,0,10,10,82,63,10,9,0,62,10,10,0,2,0,0,0.7682926829268293,0.7560975609756098,82,22,8,-0.442,3692.236,1.6,0.0,75.0,0.0,-451.114,-19.386,-255.5,0.0,-48.0,3692.236,1.6,0.0,75.0,0.0,-451.114,-19.386,-255.5,0.0,-48.0,0,3,25,25,0,2,2,0,39,5,0,0,0,0,,0,0,0,0,0,664,18,18,84,84,50,12,52,52,0,0,12,0,0,0,287,0,0,0,0,0,0,0,0,0,0,0,0,305,0,0,0,0,0,2935,52.47018739352641,1.3324675324675326,20.749574105621807,1.3307060930627124,14.480408858603067,2.078364565587734,2.795294117647059,0.0009435940627587246,0.004609659171090966,0.0065182434052722645,-0.03340044894805515,0.7743685766156897,0.5438090586159603,0.03109223373144506,0.07681864459651062,0.30872110176690765,0.20228628230616302,0.020705998333381586,2012.0,0.441262660184727,0.8464214711729622,2012.0,69,66,,,,,,,,,,,,,,,,,,,,,,,,,,,,,,
65,50_20_5_10_5_2,50_20_5_10_5_2_StartGoalLocations_Seed1005.csv,40,6055.516185939312,39,0.975,1,1,1,1,0,1,0,139,1,138,0.007194244604316547,0.11071640023682652,8.678859141537817,3,2,2,0.04470100651272942,0.7723505032563647,0.0,0,0,0,1,2,0,138,174,174,0,2,0,0,0,0,0,0,0,0,0,0,0,0,0,0,0,0,0,0,0,0,0,0,0,0.0,0.0,1.0,0.0,0.0,-100.0,15,0,334,0,1.0,2.0,3,5.5,10.5,22.0,46.5,0.0,0.0,102.0,14.5,27.01,0.0,3.7,0,4,0,3,0,0,0,2,135,0,99,10,26,0,0,0.7333,0.0741,0,0,0,337.8,0.0,3900.0,0.0,3797.338,-389.938,0.0,0.0,0.0,-100.0,0.047,-244.731,0.0,-1030.0,0.0,-108.0,50.0,0.0,0.0,0.0,0.0,-157.0,0.0,0.0,2.26323,10.61213,-0.10204,1.23526,-0.33689,0.45249,0.0148,0.60813,-0.04648,0.14518,0.0,-548.594,3950.0,0.0,5243.307,-341.831,-0.1624,1.31739,1.16933,10.69839,1.451,1.08614,0.1042,1.55851,0.01214,96.34146,0.98816,1.6732,0.0,-11.2904,56.108,0.0,216.9907,-31.2536,-11.261,117,16,67,279,28,14,27,348,313,14,21,0,279,55,14,0,10,0,44,0.8994252873563219,0.8017241379310345,348,72,12,-4.09,8008.338,0.0,0.0,50.0,0.0,-363.138,-344.684,-1138.0,0.0,-157.0,8008.338,0.0,0.0,50.0,0.0,-363.138,-344.684,-1138.0,0.0,-157.0,0,30,40,39,1,2,2,0,144,5,1,0,1,0,1.0,0,2,2,0,0,1132,0,0,544,544,336,120,33,33,0,0,20,0,0,0,271,0,0,0,0,0,0,0,1,0,0,10,0,3200,0,5,0,0,0,7346,22.297849169616118,1.0158730158730158,17.043288864688265,1.9472444427315705,10.372992104546691,0.9256738361012796,2.62992125984252,0.0011529884820572814,0.004405539440873076,0.006482517828032795,-0.034119243815857195,0.7767399069277221,0.5563896098322245,0.03433212712275476,0.07947642497007501,0.31080247280666956,0.19122442929143196,0.020336157833319806,3373.0,0.428782506598496,0.842573376815891,3373.0,297,145,,,,,,,,,,,,,,,,,,,,,,,,,,,,,,
66,50_20_5_10_5_2,50_20_5_10_5_2_StartGoalLocations_Seed1002.csv,40,7221.299907103181,40,1.0,0,0,0,0,0,0,0,40,0,40,0.0,0.003787878787878788,9.6120494983413,6,6,6,0.000946969696969697,0.8349116161616161,0.0,1,4,0,0,0,0,40,40,40,0,2,0,0,0,0,0,0,0,0,0,0,0,0,0,0,0,0,0,0,0,0,0,0,0,0.0,0.0,0.0,0.0,0.0,0.0,2,0,80,0,,6.0,6,,16.75,,39.17,,0.0,,0.0,23.6,0.0,0.0,0,0,0,0,0,0,0,0,113,0,95,13,5,0,0,0.8407,0.115,0,0,0,316.8,0.0,4000.0,0.0,3952.5,-378.0,0.0,0.0,0.0,0.0,0.0,0.0,0.0,-706.0,0.0,0.0,150.0,0.0,0.0,0.0,0.0,-114.0,0.0,0.0,2.49094,11.07225,0.0,0.0,-0.22285,0.24852,0.04735,1.08695,-0.03598,0.12922,0.0,-40.0,4150.0,0.0,5324.723,-281.14,-0.01263,0.07845,1.30997,11.21295,1.59204,0.99898,0.02525,0.5,0.01452,90.21739,0.98674,1.7933,0.0,-1.1874,58.9489,0.0,225.8572,-28.1143,-0.727,0,0,0,77,0,2,1,80,78,0,2,0,77,1,2,0,0,0,1,0.975,0.9625,80,0,0,0.0,8244.1,0.0,0.0,150.0,0.0,-352.8,0.0,-706.0,0.0,-114.0,8244.1,0.0,0.0,150.0,0.0,-352.8,0.0,-706.0,0.0,-114.0,0,0,40,40,0,6,6,0,40,5,0,0,0,0,,0,0,0,0,0,1100,0,0,0,0,16,0,160,160,0,0,20,0,0,0,186,0,0,0,0,0,0,0,0,0,0,0,0,3200,0,0,0,0,0,8849,11.23290767318341,1.0,6.644818623573285,1.492687098061045,4.870606848231438,0.7006441405808566,2.5220417633410674,0.0012088517761731055,0.004436358954249458,0.006273033066906712,-0.03444290706379847,0.7581398528272455,0.5763685241612521,0.03377071616324511,0.07804793494668874,0.3140411250905473,0.19813953488372094,0.0194483986965071,3225.0,0.4240303208546121,0.8508527131782946,3225.0,76,71,,,,,,,,,,,,,,,,,,,,,,,,,,,,,,
67,50_20_5_10_5_2,50_20_5_10_5_2_StartGoalLocations_Seed1003.csv,40,7003.199951738119,40,1.0,0,0,0,0,0,0,0,0,0,0,0.0,0.0,9.805176565008026,0,0,0,0.0016051364365971107,0.8459069020866774,0.0,0,0,0,0,0,0,0,0,0,0,0,0,0,0,0,0,0,0,0,0,0,0,0,0,0,0,0,0,0,0,0,0,0,0,0.0,0.0,0.0,0.0,0.0,0.0,0,0,0,0,,,0,,,,,,,,,24.02,0.0,0.0,0,0,0,0,0,0,0,0,93,0,81,2,10,0,0,0.871,0.0215,0,0,0,249.2,0.0,4000.0,0.0,3147.0,-324.0,0.0,0.0,0.0,0.0,0.0,0.0,0.0,0.0,0.0,0.0,0.0,0.0,0.0,0.0,0.0,-69.0,0.0,0.0,2.83796,12.45418,0.0,0.0,0.0,0.0,0.0,0.0,-0.02769,0.11436,0.0,0.0,4000.0,0.0,4239.145,-214.435,0.0,0.0,1.60514,12.56731,1.61505,1.00436,0.0,0.0,0.01605,100.0,0.98395,1.81631,0.0,0.0,56.8182,0.0,179.8286,-22.4571,0.0,0,0,0,0,0,0,0,0,0,0,0,0,0,0,0,0,0,0,0,,,0,0,0,0.0,7374.6,0.0,0.0,0.0,0.0,-302.4,0.0,0.0,0.0,-69.0,7374.6,0.0,0.0,0.0,0.0,-302.4,0.0,0.0,0.0,-69.0,0,0,40,40,0,0,0,0,0,5,0,0,0,0,,0,0,0,0,0,608,0,0,0,0,0,0,0,0,0,0,0,0,0,0,142,0,0,0,0,0,0,0,0,0,0,0,0,3200,0,0,0,0,0,4907,4.70756062767475,1.0,0.0,0.0,0.0,0.0,0.0,0.0010060076595939456,0.00445438215607091,0.006487308264599721,-0.034323728263476176,0.7571089742215056,0.5756729427529009,0.03537455073704845,0.06771823785904992,0.31936653824282923,0.1977077363896848,0.01949441100905135,1745.0,0.3897375357612156,0.8527220630372493,1745.0,0,0,,,,,,,,,,,,,,,,,,,,,,,,,,,,,,
68,25_5_2_5_2_1,25_5_2_5_2_1_StartGoalLocations_Seed1016.csv,60,-1473.9629883766174,56,0.9333333333333333,13,3,13,13,0,3,0,257,3,244,0.011673151750972763,0.3387334315169367,5.03621989305629,3,2,1,0.23206406275535219,0.47180911913711393,2.75,0,0,0,3,13,7,244,818,623,195,4,36,35,1,29,3,5,22,10,12,10,0,3,1,1,0,0,0,0,0,0,0,0,0,10.0,5.0,3.0,-67.2,-106.50000000000001,-700.0,192,0,1690,14,,2.0,5,,7.39,,10.0,,2.5,,39.5,7.2,0.3,17.4,1,32,0,15,0,0,3,11,844,0,671,62,111,0,58,0.795,0.0735,0,0,0,611.9,0.0,5600.0,0.0,3374.472,-2221.912,28.0,0.0,0.0,-1400.0,4.44,-1136.363,0.0,-2239.5,0.0,-2872.0,50.0,0.0,0.0,0.0,0.0,-583.0,0.0,-690.0,1.20812,9.57277,-0.41378,3.37613,-0.83535,1.94926,0.00817,0.4519,-0.20804,0.98442,0.0,-3890.65,5650.0,0.0,3920.316,-2914.063,-0.63583,3.5547,0.92335,9.53257,0.16445,1.54675,0.32554,1.95314,0.00948,97.41379,0.99052,1.1276,0.0,-97.5666,80.2557,0.0,190.6841,-195.9664,-71.335,557,22,283,1411,8,269,274,1966,1638,135,193,0,1412,285,269,0,90,12,301,0.8331637843336724,0.7182095625635809,1964,720,116,-22.773,9450.109,3.63,0.0,50.0,0.0,-2057.648,-2535.554,-5111.5,0.0,-1273.0,9450.109,3.63,0.0,50.0,0.0,-2057.648,-2535.554,-5111.5,0.0,-1273.0,0,151,60,56,4,2,1,1,1032,5,3,0,3,0,1.0,0,13,16,9,6,3200,285,285,3217,3217,1996,611,372,372,36,0,2031,284,0,0,643,3,0,4,5,3,2,0,36,132,1,60,2,305,0,152,11,0,55,15213,71.81358049037007,3.093089244851259,38.10556760665221,2.0999288734484627,25.14954315388155,4.483007953723789,2.56508102456874,0.001276060541104016,0.004274514267890482,0.006522304149111733,-0.034746474754065275,0.7714070953428745,0.577965847030282,0.03926379314856604,0.08061860483605415,0.3114613197548509,0.20640143583607537,0.020686801019622444,10029.0,0.40955451158948764,0.8541230431747932,10029.0,1590,1371,1.0,4.5,4.0,5.0,206.0,1.0,1.0,1.0,11.0,1.5,18.0,10.0,16.0,30.0,53.0,,,,,,9.5,9.5,0.0,0.0,0.0,,,,,
69,25_5_2_5_2_1,25_5_2_5_2_1_StartGoalLocations_Seed1008.csv,25,2805.066288843751,24,0.96,0,0,0,0,0,0,0,56,0,56,0.0,0.11457577955039884,6.799909425676518,3,2,1,0.0340826686004351,0.602610587382161,0.0,0,0,0,0,0,0,48,48,48,0,2,0,0,0,0,0,0,0,0,0,0,0,0,0,0,0,0,0,0,0,0,0,0,0,0.0,1.0,0.0,0.0,-16.8,0.0,5,0,119,0,1.0,2.0,3,4.0,2.5,10.0,14.5,0.0,0.0,0.0,13.0,9.32,0.0,3.7,0,0,0,0,0,0,0,0,80,0,67,2,11,0,0,0.8375,0.025,0,0,0,137.9,0.0,2400.0,0.0,1226.533,-511.033,0.0,0.0,0.0,0.0,0.0,-91.834,0.0,-357.5,0.0,0.0,50.0,0.0,0.0,0.0,0.0,-49.0,0.0,0.0,2.35925,13.0693,-0.06659,0.21722,-0.25925,0.24983,0.03626,0.95139,-0.03553,0.12847,0.0,-152.488,2450.0,0.0,1438.981,-445.893,-0.11058,0.35229,1.77665,13.10684,0.72015,1.27775,0.09427,1.17298,0.01885,94.23077,0.98042,1.39414,0.0,-2.4371,34.8011,0.0,70.0876,-32.0019,-1.794,47,15,28,107,10,5,12,134,116,10,8,0,105,24,5,0,6,0,14,0.8656716417910447,0.7835820895522388,134,20,10,-4.346,3730.033,0.0,0.0,50.0,0.0,-476.633,-91.834,-357.5,0.0,-49.0,3730.033,0.0,0.0,50.0,0.0,-476.633,-91.834,-357.5,0.0,-49.0,0,11,25,24,1,2,2,0,54,5,0,0,0,0,,0,0,0,0,0,668,0,0,126,126,190,44,20,20,0,0,166,74,0,0,359,0,0,0,1,1,0,0,3,10,1,8,0,305,0,13,0,0,0,2833,64.41934345217085,1.3813698630136986,18.4256971408401,1.2649425496971698,10.412989763501589,0.1411930815390046,3.4,0.0014658621355942115,0.004323843300543324,0.006695364348166539,-0.03487356656236563,0.7683135610140727,0.5886013729129723,0.04175004792472203,0.07711777336404708,0.3152386236211492,0.20436507936507936,0.020338805409597965,2016.0,0.4152533740123054,0.8571428571428571,2016.0,117,116,,,,,,,,,,,,,,,,,,,,,,,,,,,,,,
70,25_5_2_5_2_1,25_5_2_5_2_1_StartGoalLocations_Seed1006.csv,25,1958.5884743332863,23,0.92,2,0,2,2,0,0,0,83,0,81,0.0,0.12971274685816875,7.6420484422781305,3,1,2,0.2588604755495738,0.6496186630776133,9.0,1,2,0,0,0,0,74,104,104,0,2,8,8,0,8,2,8,1,7,11,7,0,0,0,0,0,0,0,0,0,0,0,0,0,7.0,0.0,0.0,-52.8,0.0,0.0,28,0,185,7,1.0,1.0,4,5.77,4.5,8.0,10.0,5.0,0.0,48.0,0.0,11.98,0.0,2.2,0,3,0,1,0,0,0,1,57,0,44,3,10,0,3,0.7719,0.0526,0,0,0,222.9,0.0,2300.0,0.0,1445.439,-631.283,0.0,0.0,0.0,-200.0,0.549,-144.516,0.0,-322.0,0.0,-64.0,25.0,0.0,0.0,0.0,0.0,-328.5,0.0,-345.0,1.49711,10.12963,-0.15431,2.12322,-0.17317,0.52148,0.01122,0.5294,-0.30215,1.15786,0.0,-494.627,2325.0,0.0,1690.343,-1084.641,-0.22191,2.21732,1.04307,10.11819,0.27174,1.7301,0.10319,2.15055,0.01077,96.875,0.98968,1.25793,0.0,-11.0229,33.0256,0.0,81.8251,-73.7876,-8.286,67,15,37,134,6,39,44,224,141,28,55,0,134,48,42,0,23,0,21,0.6294642857142857,0.5982142857142857,224,74,8,1.66,3923.656,0.357,0.0,25.0,0.0,-586.601,-344.324,-386.0,0.0,-673.5,3923.656,0.357,0.0,25.0,0.0,-586.601,-344.324,-386.0,0.0,-673.5,0,12,25,23,2,1,1,1,101,5,0,0,0,0,,0,0,2,1,2,3200,125,125,244,244,76,48,0,0,2,0,337,35,0,0,380,0,0,0,0,0,0,0,3,0,0,10,0,305,0,7,1,0,5,8855,60.5081874647092,1.2183650615901456,10.626764539808018,1.4638682449440394,9.000564652738566,1.445511010728402,2.834378920953576,0.0011308698443895082,0.00436055967991706,0.006735203193966299,-0.03560480740154162,0.7718821604549885,0.606671613380313,0.04355320699047297,0.050221497226739305,0.3194465196378367,0.20536855560289732,0.019666985302734277,9388.0,0.4104253953819976,0.8608862377503196,9388.0,195,125,,,,,,1.0,1.0,9.0,2.35,4.5,5.0,0.0,0.0,69.0,2.0,,,,,,,,,,,,,,,
71,50_20_5_10_5_2,50_20_5_10_5_2_StartGoalLocations_Seed1018.csv,40,8511.899852707982,40,1.0,0,0,0,0,0,0,0,21,0,21,0.0,0.007345225603357817,9.562468515425639,8,5,8,0.002098635886673662,0.8515215110178384,0.0,1,4,0,0,0,0,21,22,22,0,2,0,0,0,0,0,0,0,0,0,0,0,0,0,0,0,0,0,0,0,0,0,0,0,0.0,0.0,0.0,0.0,0.0,0.0,5,0,44,0,3.0,5.0,8,22.83,8.5,41.0,49.0,0.0,0.0,0.3,0.0,29.16,0.0,0.3,0,0,0,0,0,0,0,0,102,0,88,10,4,0,0,0.8627,0.098,0,0,0,381.2,0.0,4000.0,0.0,4873.935,-370.935,0.0,0.0,0.0,0.0,0.0,-0.8,0.0,-372.5,0.0,0.0,125.0,0.0,0.0,0.0,0.0,-124.0,0.0,0.0,2.33059,10.1004,-0.00021,0.00916,-0.09772,0.19827,0.03279,0.90482,-0.03253,0.12331,0.0,-20.8,4125.0,0.0,6847.794,-266.157,-0.00546,0.05373,1.08211,10.22647,1.72656,0.97504,0.01049,0.52,0.0118,91.66667,0.98793,1.88899,0.0,-0.6105,58.5937,0.0,278.5106,-28.282,-0.94,4,2,0,37,0,5,2,44,37,2,5,0,37,2,5,0,0,0,0,0.8409090909090909,0.8409090909090909,44,0,0,-0.0,9230.235,0.0,0.0,125.0,0.0,-346.035,-0.8,-372.5,0.0,-124.0,9230.235,0.0,0.0,125.0,0.0,-346.035,-0.8,-372.5,0.0,-124.0,0,1,40,40,0,5,5,0,19,5,0,0,0,0,,0,0,0,0,0,1676,0,0,78,78,40,4,2,2,0,0,40,0,0,0,482,0,0,0,0,0,0,0,0,0,0,0,0,3200,0,0,0,0,0,12035,11.998338180307437,1.0,3.7889488990444535,1.2059210668105567,2.4927295388450355,0.1661819692563357,3.4766666666666666,0.001170985400802624,0.004145491171432637,0.0066786322410402905,-0.03627749980118366,0.7656721253668209,0.6250600092877636,0.03705521747203175,0.0731088591823999,0.32726696280908835,0.19267015706806281,0.018934304254883277,4775.0,0.38712178490665883,0.8569633507853404,4775.0,40,36,,,,,,,,,,,,,,,,,,,,,,,,,,,,,,
72,50_20_5_10_5_2,50_20_5_10_5_2_StartGoalLocations_Seed1014.csv,60,10577.441371291876,60,1.0,0,0,0,0,0,0,0,27,0,27,0.0,0.013516557783284524,9.730228884689012,2,2,1,0.011489074115791845,0.8380265825636405,0.0,0,0,0,0,0,0,27,28,28,0,2,11,11,0,11,2,1,11,0,0,0,0,0,0,0,0,0,0,0,0,0,0,0,0,0.0,1.0,0.0,0.0,-180.0,0.0,33,0,52,0,,2.0,2,,12.5,,31.0,,0.0,,0.0,27.16,0.0,0.1,0,0,0,0,0,0,0,0,197,0,140,36,21,0,0,0.7107,0.1827,0,0,0,443.9,0.0,6000.0,0.0,5591.023,-596.023,0.0,0.0,0.0,0.0,0.0,-37.458,0.0,-766.5,0.0,0.0,50.0,0.0,0.0,0.0,0.0,-107.5,0.0,0.0,2.57691,11.45054,-0.00844,0.07974,-0.17267,0.23774,0.01126,0.53054,-0.02422,0.10734,0.0,-62.184,6050.0,0.0,7903.665,-341.148,-0.01401,0.13077,1.36292,11.5581,1.70365,1.02808,0.01171,1.19584,0.01397,97.58065,0.98648,1.88281,0.0,-6.0201,85.9375,0.0,319.4871,-40.2013,-0.488,1,1,0,2,16,36,2,56,1,20,35,0,2,18,36,0,2,0,0,0.017857142857142856,0.03571428571428571,56,12,4,-1.275,11993.224,0.0,0.0,50.0,0.0,-554.323,-37.458,-766.5,0.0,-107.5,11993.224,0.0,0.0,50.0,0.0,-554.323,-37.458,-766.5,0.0,-107.5,0,12,60,60,0,2,2,0,14,5,0,0,0,0,,0,0,0,0,0,1516,44,44,16,16,136,48,0,0,0,0,32,0,0,0,303,0,0,1,1,1,0,0,0,0,0,1,0,3200,0,1,0,0,0,9849,7.990658950147223,1.0,2.7617016956036147,1.7838235571980476,1.583917148949132,0.16245304091785967,2.9294871794871793,0.0013584178057902384,0.003880814528756217,0.006738325321707766,-0.035639135796075444,0.777683049519018,0.6362378689261414,0.026695013527898485,0.06629891830218813,0.3170573272636982,0.18965906525174983,0.019387293316746698,4429.0,0.3989057718803713,0.8577557010611876,4429.0,54,26,,,,,,,,,,,,,,,,,,,,,,,,,,,,,,
73,50_20_5_10_5_2,50_20_5_10_5_2_StartGoalLocations_Seed1005.csv,60,9854.484240658581,60,1.0,0,1,0,0,0,1,1,63,1,63,0.015873015873015872,0.003948667324777887,9.567115033555478,5,4,3,0.011451135241855873,0.8197433366238894,0.0,1,4,0,1,2,0,63,73,73,0,2,0,0,0,0,0,0,0,0,0,0,0,0,0,0,0,0,0,0,0,0,0,0,0,0.0,1.0,1.0,0.0,-26.4,-100.0,4,0,102,0,1.0,4.0,5,1.5,12.38,16.0,27.5,0.0,0.0,0.0,0.0,26.95,0.0,0.1,0,2,0,0,0,0,0,0,489,0,400,40,49,0,0,0.818,0.0818,0,0,0,506.5,0.0,6000.0,0.0,5908.5,-892.5,0.0,0.0,0.0,0.0,0.0,-10.016,0.0,-1377.5,0.0,-116.0,100.0,0.0,0.0,0.0,0.0,-224.5,0.0,-40.0,2.27493,10.75836,-0.00198,0.03636,-0.29487,0.37503,0.01974,0.70228,-0.05222,0.21778,0.0,-90.142,6100.0,0.0,7882.147,-812.957,-0.0178,0.12729,1.20434,10.83989,1.39569,1.20807,0.02922,0.60907,0.01264,95.3125,0.98618,1.74076,0.0,-5.8463,86.6477,0.0,336.581,-65.0667,-1.128,0,0,0,128,0,4,14,146,133,4,9,0,128,14,4,0,4,0,12,0.910958904109589,0.8767123287671232,146,12,2,-0.873,12355.5,0.0,0.0,100.0,0.0,-833.0,-10.016,-1493.5,0.0,-264.5,12355.5,0.0,0.0,100.0,0.0,-833.0,-10.016,-1493.5,0.0,-264.5,0,7,60,60,0,4,4,0,66,5,1,0,1,0,1.0,0,2,1,0,0,3068,0,0,58,58,64,28,206,206,0,0,38,0,0,0,280,0,0,1,1,1,0,0,0,41,0,2,0,3200,0,1,0,0,0,16466,16.06947649702417,1.0,10.500425118425847,1.1356275423309787,8.721000850236852,3.170168832746265,1.8203342618384402,0.0012775843547215982,0.003966937068973654,0.0071195230231592445,-0.0355155530229036,0.7810670334792355,0.6357427335003053,0.030318764201092207,0.05949698365445223,0.32733357427360565,0.18595608417200366,0.019335432809996698,8744.0,0.3765787360767944,0.869053064958829,8744.0,124,124,,,,,,,,,,,,,,,,,,,,,,,,,,,,,,
74,50_20_5_10_5_2,50_20_5_10_5_2_StartGoalLocations_Seed1009.csv,60,9039.980395138264,59,0.9833333333333333,1,1,1,1,0,1,1,70,1,69,0.014285714285714285,0.032420591456736036,9.292115093034825,5,4,3,0.06396495071193867,0.8168674698795181,0.0,1,3,0,1,2,0,65,91,91,0,2,1,1,0,1,2,7,0,1,1,1,0,0,0,0,0,0,0,0,0,0,0,0,0,1.0,1.0,1.0,-4.8,-16.8,-100.0,10,0,149,1,1.0,4.0,5,8.5,14.12,17.0,41.0,0.0,0.0,20.0,6.2,23.79,0.0,1.1,0,4,0,1,0,0,0,2,138,0,124,7,7,0,0,0.8986,0.0507,0,0,0,456.5,0.0,5900.0,0.0,5217.197,-505.555,0.0,0.0,0.0,-100.0,0.007,-25.167,0.0,-1364.0,0.0,-332.0,100.0,0.0,0.0,0.0,0.0,-307.0,0.0,0.0,2.42457,11.21242,-0.02742,1.04774,-0.37152,0.66519,0.02191,0.73971,-0.06725,0.1706,0.0,-254.538,6000.0,0.0,7003.256,-475.903,-0.05576,1.09915,1.31435,11.31655,1.42987,1.09108,0.0425,1.31205,0.0138,95.2381,0.98598,1.66167,0.0,-9.3931,85.2273,0.0,298.1255,-46.4317,-3.584,41,24,26,160,0,13,17,190,169,9,12,0,160,17,13,0,9,0,6,0.8894736842105263,0.8421052631578947,190,34,4,0.378,11539.497,0.0,0.0,100.0,0.0,-471.355,-125.161,-1696.0,0.0,-307.0,11539.497,0.0,0.0,100.0,0.0,-471.355,-125.161,-1696.0,0.0,-307.0,0,2,60,59,1,4,4,0,93,5,1,0,1,0,1.0,0,2,2,0,0,1492,28,28,98,98,144,8,231,231,4,0,164,16,0,0,295,0,0,0,1,1,0,0,3,30,1,2,0,3200,0,4,0,0,0,11418,16.50902084428096,1.0053050397877985,9.371168330705903,1.5562617060319286,6.489753021544929,2.399719740760203,2.4642375168690958,0.0014557153140218903,0.0037721659134244473,0.007040674331280885,-0.03828440415335884,0.7858745566002485,0.6413612225100438,0.04930748885382596,0.06277289772630937,0.31634939266527196,0.19021739130434784,0.019018358515111168,4232.0,0.3746308819105847,0.871219281663516,4232.0,162,150,,,,,,,,,,,,,,,,,,,,,,,,,,,,,,
75,25_5_2_5_2_1,25_5_2_5_2_1_StartGoalLocations_Seed1008.csv,25,2315.0955905616283,24,0.96,1,0,1,1,0,0,0,130,0,129,0.0,0.2140300644237652,6.382138768966998,1,0,0,0.05654974946313529,0.5304223335719399,0.0,0,0,0,0,0,0,123,138,138,0,2,1,1,0,1,2,1,1,0,0,0,0,0,0,0,0,0,0,0,0,0,0,0,0,0.0,0.0,0.0,0.0,0.0,0.0,14,0,288,0,1.0,,1,13.18,,29.0,,0.0,,65.0,,8.42,0.0,5.4,0,2,0,1,0,0,0,1,63,0,46,12,5,0,11,0.7302,0.1905,0,0,0,139.7,0.0,2400.0,0.0,1074.075,-458.819,0.0,0.0,0.0,-100.0,1.83,-145.19,0.0,-479.5,0.0,-16.0,0.0,0.0,0.0,0.0,0.0,-101.0,0.0,0.0,2.25838,12.99051,-0.1742,1.89877,-0.35469,0.37073,0.0,0.0,-0.0723,0.17585,0.0,-403.881,2400.0,0.0,1281.705,-423.837,-0.28911,1.99197,1.71797,12.99405,0.61408,1.23473,0.20616,1.40236,0.01718,100.0,0.98282,1.2422,0.0,-7.3629,34.0909,0.0,61.3757,-31.9897,-8.548,81,17,48,234,12,13,29,288,268,4,16,0,234,41,13,0,0,0,37,0.9305555555555556,0.8125,288,60,14,0.52,3582.075,1.478,0.0,0.0,0.0,-427.119,-244.838,-495.5,0.0,-101.0,3582.075,1.478,0.0,0.0,0.0,-427.119,-244.838,-495.5,0.0,-101.0,0,17,25,24,1,0,0,0,125,5,0,0,0,0,,0,0,1,0,0,860,4,4,379,379,224,68,98,98,4,0,214,24,0,0,257,2,0,0,0,0,0,0,4,0,0,2,0,305,0,6,0,0,0,2750,61.92727272727273,1.5736934820904287,27.490909090909092,1.5020502858731166,17.345454545454544,7.3090909090909095,2.0712788259958073,0.0013500380587999623,0.003838863939609985,0.006991754301152257,-0.03757187155790107,0.786770507901214,0.6424850917139718,0.06235360744041066,0.024588649821207793,0.3266639625095727,0.1915172715347617,0.018591138367689875,2287.0,0.3803166535214261,0.8723218189768255,2287.0,261,202,,,,,,,,,,,,,,,,,,,,,,,,,,,,,,
76,50_20_5_10_5_2,50_20_5_10_5_2_StartGoalLocations_Seed1002.csv,40,6785.999925017357,40,1.0,0,0,0,0,0,0,0,0,0,0,0.0,0.0,9.879271070615035,0,0,0,0.0018223234624145787,0.8733485193621868,0.0,0,0,0,0,0,0,0,0,0,0,0,0,0,0,0,0,0,0,0,0,0,0,0,0,0,0,0,0,0,0,0,0,0,0,0.0,0.0,0.0,0.0,0.0,0.0,0,0,0,0,,,0,,,,,,,,,22.38,0.0,0.0,0,0,0,0,0,0,0,0,112,0,92,4,16,0,0,0.8214,0.0357,0,0,0,219.5,0.0,4000.0,0.0,2841.0,-216.0,0.0,0.0,0.0,0.0,0.0,0.0,0.0,0.0,0.0,0.0,0.0,0.0,0.0,0.0,0.0,-58.5,0.0,0.0,3.11822,13.23676,0.0,0.0,0.0,0.0,0.0,0.0,-0.02665,0.11232,0.0,0.0,4000.0,0.0,3714.82,-177.61,0.0,0.0,1.82232,13.37578,1.61149,0.9388,0.0,0.0,0.01822,100.0,0.98178,1.80623,0.0,0.0,56.8182,0.0,162.3429,-15.6857,0.0,0,0,0,0,0,0,0,0,0,0,0,0,0,0,0,0,0,0,0,,,0,0,0,0.0,7046.1,0.0,0.0,0.0,0.0,-201.6,0.0,0.0,0.0,-58.5,7046.1,0.0,0.0,0.0,0.0,-201.6,0.0,0.0,0.0,-58.5,0,0,40,40,0,0,0,0,0,5,0,0,0,0,,0,0,0,0,0,516,0,0,0,0,0,0,0,0,0,0,0,0,0,0,126,0,0,0,0,0,0,0,0,0,0,0,0,3200,0,0,0,0,0,4293,2.86512928022362,1.0,0.0,0.0,0.0,0.0,0.0,0.0011597447978707604,0.0036279090225350024,0.006363266997775713,-0.037910785526037216,0.776126317275587,0.6590008456115575,0.05653001867639002,0.041570675579195686,0.3519251543767187,0.1856946354883081,0.019330457063651312,1454.0,0.32731581741669813,0.8741403026134801,1454.0,0,0,,,,,,,,,,,,,,,,,,,,,,,,,,,,,,
77,25_5_2_5_2_1,25_5_2_5_2_1_StartGoalLocations_Seed1008.csv,25,3214.93991959095,25,1.0,0,0,0,0,0,0,0,30,0,30,0.0,0.025092250922509225,6.869257270629995,3,3,2,0.016236162361623615,0.6450184501845019,0.0,1,3,0,0,0,0,30,33,16,17,3,1,1,0,1,2,3,0,1,1,1,0,0,0,0,0,0,0,0,0,0,0,0,0,1.0,1.0,0.0,-5.4,-98.39999999999999,0.0,5,0,82,1,,3.0,3,,14.33,,21.0,,0.0,,0.7,9.57,0.0,0.4,0,0,0,0,0,0,0,0,85,0,66,7,12,0,1,0.7765,0.0824,0,0,0,135.5,0.0,2500.0,0.0,1293.548,-482.048,0.0,0.0,0.0,0.0,0.0,-4.56,0.0,-241.0,0.0,0.0,75.0,0.0,0.0,0.0,0.0,-61.5,0.0,0.0,2.54391,13.4346,-0.00337,0.04124,-0.17786,0.23937,0.05535,1.17503,-0.04539,0.14364,0.0,-46.44,2575.0,0.0,1492.173,-432.624,-0.03427,0.13664,1.90037,13.5009,0.78196,1.296,0.06347,0.54,0.02066,91.96429,0.97712,1.45377,0.0,-4.3432,36.5767,0.0,73.9171,-31.0599,-2.173,2,1,0,76,0,7,2,85,78,2,5,0,76,2,7,0,2,0,0,0.9176470588235294,0.8941176470588236,85,6,2,-1.12,3896.548,0.0,0.0,75.0,0.0,-449.548,-4.56,-241.0,0.0,-61.5,3896.548,0.0,0.0,75.0,0.0,-449.548,-4.56,-241.0,0.0,-61.5,0,0,25,25,0,3,3,0,53,5,0,0,0,0,,0,0,0,0,0,788,12,12,98,98,74,0,96,96,0,0,254,4,0,0,324,3,1,1,1,1,0,0,0,0,0,0,0,305,0,3,0,0,0,3494,55.437893531768744,1.6045431078988126,23.068116771608473,1.5097859948030015,17.172295363480252,2.117916428162564,3.1733333333333333,0.0014039712196573801,0.0036797633307139735,0.006766434273148324,-0.0383660374067459,0.8000973844286149,0.6310934819243281,0.057443622216052814,0.04155938601154399,0.31520545757326907,0.1834319526627219,0.019099198027302016,2197.0,0.3459624616159711,0.8752844788347747,2197.0,75,74,,,,,,,,,,,,,,,,,,,,,,,,,,,,,,
78,25_5_2_5_2_1,25_5_2_5_2_1_StartGoalLocations_Seed1009.csv,60,32.58589491248131,56,0.9333333333333333,9,2,9,9,0,2,0,480,2,471,0.004166666666666667,0.4354372623574144,4.073924518422482,7,6,6,0.24350205198358413,0.4546283629730962,9.833333333333334,1,4,0,2,4,1,478,1078,976,102,5,55,55,0,48,2,5,21,24,24,24,0,0,0,10,0,0,0,0,0,0,0,0,0,24.0,11.0,2.0,-115.2000000000001,-378.89999999999986,-200.0,262,0,1978,34,,6.0,10,,9.32,,16.5,,0.0,,39.8,7.73,0.0,16.1,3,18,0,7,0,0,0,6,187,0,128,14,45,0,25,0.6845,0.0749,0,0,0,657.9,0.0,5600.0,0.0,3445.355,-2017.91,3.5,0.0,0.0,-900.0,11.867,-1299.126,0.0,-2715.5,0.0,-1180.0,150.0,0.0,0.0,0.0,0.0,-688.5,0.0,-1035.0,1.1687,9.22774,-0.33246,2.61806,-0.59211,1.09575,0.0228,0.75464,-0.26197,1.1761,0.0,-3578.969,5750.0,0.0,4293.568,-2959.041,-0.544,2.73477,0.87399,9.2155,0.20285,1.62989,0.37604,1.44663,0.00942,92.74194,0.99118,1.11219,0.0,-85.6196,81.6761,0.0,194.9308,-211.6482,-104.152,566,38,319,1787,38,326,297,2448,2035,150,263,0,1787,335,326,0,221,1,373,0.8312908496732027,0.7299836601307189,2448,854,296,-50.79,9549.285,10.896,0.0,150.0,0.0,-1860.44,-2198.154,-3895.5,0.0,-1723.5,9549.285,10.896,0.0,150.0,0.0,-1860.44,-2198.154,-3895.5,0.0,-1723.5,0,278,60,56,4,6,5,1,1070,5,2,0,2,0,1.0,0,4,11,4,4,3200,410,410,2581,2581,3692,1110,939,939,28,0,1387,372,0,0,771,13,1,6,11,7,3,0,68,175,5,135,0,305,1,75,4,0,20,22442,71.19686302468585,1.963512329452998,42.05507530523126,1.6763588882350007,31.427680242402637,16.21958827199002,1.8956472423082376,0.0013939394844214802,0.003481091612047749,0.006671090488962364,-0.04021149223670364,0.8126470160484314,0.6415714305266738,0.06416124416049569,0.041906709103495816,0.32392930610300985,0.17233843271932564,0.020771213139439748,9609.0,0.4416864406144855,0.8463940056197315,9609.0,2139,1997,2.0,10.75,10.0,7.5,183.0,1.0,1.0,8.0,10.0,2.5,19.0,0.0,5.0,50.0,170.0,,,,,,2.5,12.33,0.0,0.0,0.0,,,,,
79,50_20_5_10_5_2,50_20_5_10_5_2_StartGoalLocations_Seed1004.csv,60,10659.799869537354,60,1.0,0,0,0,0,0,0,0,0,0,0,0.0,0.0026860059092130005,9.697018533440774,5,5,5,0.004834810636583401,0.8479720655385442,0.0,1,4,0,0,0,0,0,0,0,0,0,0,0,0,0,0,0,0,0,0,0,0,0,0,0,0,0,0,0,0,0,0,0,0,0.0,0.0,0.0,0.0,0.0,0.0,0,0,0,0,,5.0,5,,13.3,,32.2,,0.0,,0.0,21.82,0.0,0.0,0,0,0,0,0,0,0,0,150,0,129,15,6,0,0,0.86,0.1,0,0,0,372.3,0.0,6000.0,0.0,4705.5,-426.0,0.0,0.0,0.0,0.0,0.0,0.0,0.0,0.0,0.0,0.0,125.0,0.0,0.0,0.0,0.0,-117.0,0.0,0.0,2.86108,12.47414,0.0,0.0,0.0,0.0,0.03358,0.91556,-0.03143,0.12135,0.0,0.0,6125.0,0.0,6202.575,-305.55,0.0,0.0,1.64518,12.62114,1.58394,0.97087,0.0,0.0,0.01746,94.23077,0.98308,1.77818,0.0,0.0,87.0028,0.0,268.8857,-31.0286,0.0,0,0,0,0,0,0,0,0,0,0,0,0,0,0,0,0,0,0,0,,,0,0,0,0.0,11049.4,0.0,0.0,125.0,0.0,-397.6,0.0,0.0,0.0,-117.0,11049.4,0.0,0.0,125.0,0.0,-397.6,0.0,0.0,0.0,-117.0,0,0,60,60,0,5,5,0,0,5,0,0,0,0,,0,0,0,0,0,780,0,0,0,0,12,0,0,0,0,0,20,0,0,0,218,0,0,0,0,0,0,0,0,0,0,0,0,3200,0,0,0,0,0,8612,10.98467254993033,1.0,5.155596841616349,1.5104729925945133,4.516953088713423,0.7895959126799814,3.0154241645244215,0.0014212656212830319,0.0033864934116792983,0.006728959850107248,-0.040073906764006004,0.815653843451769,0.6354383013951472,0.06288035913155629,0.04195069471995036,0.3198628069125876,0.19959183673469388,0.02131254762632658,2450.0,0.46666719680005797,0.8473469387755102,2450.0,0,0,,,,,,,,,,,,,,,,,,,,,,,,,,,,,,
80,25_5_2_5_2_1,25_5_2_5_2_1_StartGoalLocations_Seed1007.csv,40,2768.8229708969593,39,0.975,4,3,4,4,0,3,2,162,3,158,0.018518518518518517,0.13450292397660818,6.717038982915928,0,0,0,0.15881746304572017,0.63733241663802,4.0,0,0,0,3,6,11,160,180,119,61,4,4,3,1,4,3,4,1,1,1,1,0,0,0,2,0,0,0,0,0,0,0,0,0,1.0,3.0,3.0,-4.8,-65.7,-300.0,33,0,342,3,,,1,,,,,,,,,9.33,0.3,5.5,0,10,0,7,0,0,1,3,98,0,72,7,19,0,3,0.7347,0.0714,0,0,0,290.9,0.0,3900.0,0.0,2313.662,-1255.906,14.0,0.0,0.0,-400.0,2.481,-253.314,0.0,-952.0,0.0,-404.0,0.0,0.0,0.0,0.0,0.0,-142.0,0.0,-345.0,1.80909,11.53231,-0.22373,2.62535,-0.46614,0.94174,0.0,0.0,-0.16741,1.00703,0.0,-975.983,3900.0,0.0,2640.924,-1486.32,-0.3355,2.74302,1.34067,11.50084,0.39691,1.70708,0.15435,2.17368,0.01341,100.0,0.98659,1.43806,0.0,-29.4548,55.3977,0.0,131.095,-97.6804,-14.798,142,30,95,339,0,45,57,443,388,22,33,0,340,58,45,0,16,9,68,0.8758465011286681,0.7674943566591422,440,114,22,0.15,6432.453,2.24,0.0,0.0,0.0,-1169.797,-653.073,-1356.0,0.0,-487.0,6432.453,2.24,0.0,0.0,0.0,-1169.797,-653.073,-1356.0,0.0,-487.0,0,26,40,39,1,0,0,0,265,5,3,0,3,0,1.0,0,6,7,3,3,3200,36,36,913,913,560,107,79,79,20,0,255,36,0,0,459,1,0,1,3,2,1,0,6,70,2,3,0,305,0,11,3,0,15,5774,57.23934880498788,1.8883509833585477,22.27225493591964,1.2035381137704821,13.075857291305853,1.939729823346034,2.776158940397351,0.001727218870055367,0.0034423054830404,0.0073437640760676,-0.04111340408911929,0.8226816871762276,0.6554193149879575,0.05982639214489609,0.017927859467818053,0.3276179638235721,0.16290627174237154,0.021718813859923147,10061.0,0.4494919002103516,0.8395785707186164,10061.0,375,346,1.0,4.0,6.0,5.0,52.0,,,,,,,,,,,,,,,,,,,,,,,,,
81,50_20_5_10_5_2,50_20_5_10_5_2_StartGoalLocations_Seed1016.csv,25,5368.699960947037,25,1.0,0,0,0,0,0,0,0,3,0,3,0.0,0.0007883326763894363,9.909341742215215,4,4,3,0.02089081592432006,0.7654710287741426,0.0,1,3,0,0,0,0,3,3,3,0,2,0,0,0,0,0,0,0,0,0,0,0,0,0,0,0,0,0,0,0,0,0,0,0,0.0,0.0,0.0,0.0,0.0,0.0,3,0,6,0,,4.0,4,,29.62,,56.5,,0.0,,0.0,27.31,0.0,0.0,0,0,0,0,0,0,0,0,270,0,162,22,86,0,0,0.6,0.0815,0,0,0,253.7,0.0,2500.0,0.0,3031.5,-372.0,0.0,0.0,0.0,0.0,0.0,0.0,0.0,-30.0,0.0,0.0,100.0,0.0,0.0,0.0,0.0,-114.5,0.0,0.0,2.1337,9.81926,0.0,0.0,-0.01182,0.07598,0.03942,0.9919,-0.04513,0.14328,0.0,-3.0,2600.0,0.0,4304.73,-378.935,-0.00118,0.02429,1.02483,9.92354,1.54742,1.26859,0.00236,0.5,0.01143,89.65517,0.98699,1.87047,0.0,-0.0875,36.9318,0.0,173.2286,-27.8,0.0,0,0,0,3,0,3,0,6,3,0,3,0,3,0,3,0,0,0,0,0.5,0.5,6,0,0,0.0,5760.4,0.0,0.0,100.0,0.0,-347.2,0.0,-30.0,0.0,-114.5,5760.4,0.0,0.0,100.0,0.0,-347.2,0.0,-30.0,0.0,-114.5,0,0,25,25,0,4,4,0,3,5,0,0,0,0,,0,0,0,0,0,1952,0,0,12,12,12,0,0,0,0,0,20,0,0,0,100,0,0,0,0,0,0,0,0,0,0,0,0,3200,0,0,0,0,0,7712,15.949170124481327,1.0,4.693983402489627,1.671270737126058,4.175311203319502,1.1151452282157677,2.3975155279503104,0.0013388930922284075,0.0032457186555161647,0.007109637629836187,-0.04192153456025436,0.8144904642564351,0.6774521626409937,0.04405173268092827,0.03124368029477678,0.3356783197897968,0.16696854931664745,0.021717201484152158,6073.0,0.44723420519404455,0.8419232669191503,6073.0,6,6,,,,,,,,,,,,,,,,,,,,,,,,,,,,,,
82,50_20_5_10_5_2,50_20_5_10_5_2_StartGoalLocations_Seed1010.csv,40,7947.5999212265015,39,0.975,0,0,0,0,0,0,0,4,0,4,0.0,0.0,9.767612524461839,2,1,0,0.0006523157208088715,0.8835616438356164,0.0,0,0,0,0,0,0,4,4,4,0,2,0,0,0,0,0,0,0,0,0,0,0,0,0,0,0,0,0,0,0,0,0,0,0,0.0,0.0,0.0,0.0,0.0,0.0,1,0,8,0,1.0,1.0,2,5.5,11.5,38.0,63.0,0.0,0.0,0.0,0.0,29.89,0.0,0.0,0,0,0,0,0,0,0,0,87,0,81,3,3,0,0,0.931,0.0345,0,0,0,306.6,0.0,3900.0,0.0,4062.0,-268.5,0.0,0.0,0.0,0.0,0.0,0.0,0.0,-8.0,0.0,0.0,25.0,0.0,0.0,0.0,0.0,-69.5,0.0,0.0,2.6093,11.0916,0.0,0.0,-0.00261,0.03603,0.00815,0.45142,-0.02267,0.10402,0.0,-4.0,3925.0,0.0,5873.82,-154.415,-0.0013,0.02551,1.28017,11.21457,1.86543,0.93855,0.00261,0.5,0.01305,98.125,0.98728,1.99149,0.0,-0.1166,55.7528,0.0,232.1143,-19.3143,0.0,0,0,0,7,0,1,0,8,7,0,1,0,7,0,1,0,0,0,0,0.875,0.875,8,0,0,0.0,8250.7,0.0,0.0,25.0,0.0,-250.6,0.0,-8.0,0.0,-69.5,8250.7,0.0,0.0,25.0,0.0,-250.6,0.0,-8.0,0.0,-69.5,0,0,40,39,1,1,1,0,4,5,0,0,0,0,,0,0,0,0,0,1148,0,0,16,16,4,0,0,0,0,0,0,0,0,0,185,1,0,0,0,0,0,0,0,0,0,0,0,3200,0,1,0,0,0,6329,8.105545899826197,1.0,3.8078685416337494,1.1955394369020624,2.5912466424395637,0.12640227524095435,3.573170731707317,0.001307635474534306,0.0032759603483680285,0.0067826047375837166,-0.04254934268286419,0.8161106090927789,0.6889976080286379,0.033419767336251426,0.0518499528762044,0.33523871315607573,0.1675195259897657,0.021828995362250272,3713.0,0.4386254371310176,0.8432534338809587,3713.0,6,6,,,,,,,,,,,,,,,,,,,,,,,,,,,,,,
83,50_20_5_10_5_2,50_20_5_10_5_2_StartGoalLocations_Seed1003.csv,25,5273.099999323487,24,0.96,0,0,0,0,0,0,0,0,0,0,0.0,0.0,9.856366797044764,7,6,4,0.009995654063450673,0.8231203824424164,0.0,1,4,0,0,0,0,0,0,0,0,0,0,0,0,0,0,0,0,0,0,0,0,0,0,0,0,0,0,0,0,0,0,0,0,0.0,0.0,0.0,0.0,0.0,0.0,0,0,0,0,1.0,6.0,7,34.0,19.5,52.0,38.67,0.0,0.0,0.0,0.0,25.97,0.0,0.0,0,0,0,0,0,0,0,0,85,0,52,10,23,0,0,0.6118,0.1176,0,0,0,230.1,0.0,2400.0,0.0,2866.5,-291.0,0.0,0.0,0.0,0.0,0.0,0.0,0.0,0.0,0.0,0.0,150.0,0.0,0.0,0.0,0.0,-82.5,0.0,0.0,2.26232,10.08391,0.0,0.0,0.0,0.0,0.06519,1.27494,-0.03585,0.129,0.0,0.0,2550.0,0.0,4000.45,-242.71,0.0,0.0,1.10821,10.2325,1.63309,1.104,0.0,0.0,0.01304,85.0,0.98783,1.86677,0.0,0.0,36.2216,0.0,163.8,-21.3429,0.0,0,0,0,0,0,0,0,0,0,0,0,0,0,0,0,0,0,0,0,,,0,0,0,0.0,5477.2,0.0,0.0,150.0,0.0,-271.6,0.0,0.0,0.0,-82.5,5477.2,0.0,0.0,150.0,0.0,-271.6,0.0,0.0,0.0,-82.5,0,0,25,24,1,6,5,0,0,5,0,0,0,0,,0,0,0,0,0,1396,0,0,0,0,0,0,0,0,0,0,0,0,0,0,160,0,0,0,0,0,0,0,0,0,0,0,0,3200,0,0,0,0,0,7827,10.834291554874154,1.0,4.0628593330778076,1.43647800292234,2.7341254631404115,0.9454452536093011,2.289719626168224,0.0014722015900215644,0.0031878908490361835,0.0067681251474013045,-0.04236631617377003,0.8071445286444743,0.7019184934546407,0.030368139855243417,0.05834545776312023,0.3329459861755032,0.15915559772296015,0.02100856670631815,4216.0,0.42873918432768865,0.8474857685009488,4216.0,0,0,,,,,,,,,,,,,,,,,,,,,,,,,,,,,,
84,50_20_5_10_5_2,50_20_5_10_5_2_StartGoalLocations_Seed1010.csv,40,8499.299906887114,40,1.0,0,0,0,0,0,0,0,0,0,0,0.0,0.000536480686695279,9.807282725628864,5,5,4,0.018240343347639486,0.842274678111588,0.0,1,4,0,0,0,0,0,0,0,0,0,0,0,0,0,0,0,0,0,0,0,0,0,0,0,0,0,0,0,0,0,0,0,0,0.0,0.0,0.0,0.0,0.0,0.0,0,0,0,0,,5.0,5,,20.7,,42.8,,0.0,,0.0,29.5,0.0,0.0,0,0,0,0,0,0,0,0,280,0,176,33,71,0,0,0.6286,0.1179,0,0,0,372.8,0.0,4000.0,0.0,4644.0,-525.0,0.0,0.0,0.0,0.0,0.0,0.0,0.0,0.0,0.0,0.0,125.0,0.0,0.0,0.0,0.0,-117.5,0.0,0.0,2.27784,10.229,0.0,0.0,0.0,0.0,0.03353,0.91495,-0.03152,0.12151,0.0,0.0,4125.0,0.0,6386.209,-465.365,0.0,0.0,1.10649,10.33973,1.58821,1.13568,0.0,0.0,0.01207,91.66667,0.9882,1.85982,0.0,-0.0233,58.5937,0.0,265.3715,-36.7143,-0.8,0,0,0,0,0,0,0,0,0,0,0,0,0,0,0,0,0,0,0,,,0,0,0,0.0,8981.7,0.0,0.0,125.0,0.0,-489.9,0.0,0.0,0.0,-117.5,8981.7,0.0,0.0,125.0,0.0,-489.9,0.0,0.0,0.0,-117.5,0,0,40,40,0,4,4,0,0,5,0,0,0,0,,0,0,0,0,0,1500,0,0,0,0,8,0,0,0,0,0,58,0,0,0,187,0,0,0,0,0,0,0,0,0,0,0,0,3200,0,0,0,0,0,9998,12.44248849769954,1.0,5.821164232846569,1.3869415927691149,5.721144228845769,3.000600120024005,2.076923076923077,0.0012543902477191295,0.00317903656202058,0.007148427039384842,-0.04164159137010574,0.8227236256599426,0.6938147904872894,0.031077949206034343,0.050108838986605404,0.3261290178679277,0.15721196130167106,0.021054357193604243,4548.0,0.4376256183805903,0.8383905013192612,4548.0,0,0,,,,,,,,,,,,,,,,,,,,,,,,,,,,,,
85,50_20_5_10_5_2,50_20_5_10_5_2_StartGoalLocations_Seed1015.csv,25,6324.600023210049,25,1.0,0,0,0,0,0,0,0,0,0,0,0.0,0.0,9.929971988795518,4,3,3,0.005952380952380952,0.8746498599439776,0.0,2,4,1,0,0,0,0,0,0,0,0,0,0,0,0,0,0,0,0,0,0,0,0,0,0,0,0,0,0,0,0,0,0,0,0.0,0.0,0.0,0.0,0.0,0.0,0,0,0,0,1.0,3.0,4,19.5,41.83,50.0,70.33,0.0,0.0,0.0,0.0,41.76,0.0,0.0,0,0,0,0,0,0,0,0,60,0,53,6,1,0,0,0.8833,0.1,0,0,0,285.6,0.0,2500.0,0.0,3786.0,-255.0,0.0,0.0,0.0,0.0,0.0,0.0,0.0,0.0,0.0,0.0,75.0,0.0,0.0,0.0,0.0,-67.0,0.0,0.0,2.21169,9.23028,0.0,0.0,0.0,0.0,0.02626,0.80983,-0.02346,0.10573,0.0,0.0,2575.0,0.0,5944.93,-203.435,0.0,0.0,0.90161,9.34765,2.01033,1.12523,0.0,0.0,0.0098,91.96429,0.99055,2.17334,0.0,0.0,36.5767,0.0,216.3429,-18.4,0.0,0,0,0,0,0,0,0,0,0,0,0,0,0,0,0,0,0,0,0,,,0,0,0,0.0,6554.6,0.0,0.0,75.0,0.0,-238.0,0.0,0.0,0.0,-67.0,6554.6,0.0,0.0,75.0,0.0,-238.0,0.0,0.0,0.0,-67.0,0,0,25,25,0,3,3,0,0,5,0,0,0,0,,0,0,0,0,0,2000,0,0,0,0,0,0,0,0,0,0,0,0,0,0,22,0,0,0,0,0,0,0,0,0,0,0,0,3200,0,0,0,0,0,9048,4.177718832891247,1.0,2.8956675508399647,1.6045801758424927,2.320954907161804,0.7515473032714411,2.895238095238095,0.0016131927466776688,0.0031820700794924052,0.0075799529673531655,-0.042554760500788685,0.8146096068620682,0.7044893705844879,0.03374399703741074,0.03474427869566716,0.33452215559588594,0.16051878052888666,0.02013945159103563,5937.0,0.4279148289037744,0.8394812194711133,5937.0,0,0,,,,,,,,,,,,,,,,,,,,,,,,,,,,,,
86,25_5_2_5_2_1,25_5_2_5_2_1_StartGoalLocations_Seed1010.csv,40,3196.34268951416,39,0.975,1,1,1,1,0,1,1,71,1,70,0.014084507042253521,0.09523809523809523,7.239799309622438,1,1,1,0.25595238095238093,0.6694444444444444,5.5,0,0,0,1,2,0,69,103,103,0,2,1,1,0,0,2,1,1,0,0,0,0,0,0,0,0,0,0,0,0,0,0,0,0,0.0,1.0,1.0,0.0,-84.0,-100.0,26,0,247,0,,1.0,2,,1.0,,11.0,,0.0,,7.0,6.92,0.0,2.6,0,4,0,1,0,0,0,1,128,0,87,4,37,0,0,0.6797,0.0312,0,0,0,252.0,0.0,3900.0,0.0,1653.217,-844.609,0.0,0.0,0.0,-100.0,0.032,-84.797,0.0,-739.5,0.0,-188.0,25.0,0.0,0.0,0.0,0.0,-332.0,0.0,-345.0,1.9685,12.35876,-0.07332,1.41585,-0.36806,0.69818,0.00992,0.49791,-0.26865,1.14082,0.0,-344.544,3925.0,0.0,1909.547,-1255.752,-0.13672,1.48602,1.55754,12.35249,0.25944,1.68684,0.10317,1.32517,0.01587,98.125,0.98452,1.27582,0.0,-12.2844,55.7528,0.0,94.4696,-86.9491,-9.355,51,13,25,192,4,24,34,254,217,15,22,0,192,38,24,0,3,0,31,0.8543307086614174,0.7559055118110236,254,52,12,-0.221,5747.057,0.0,0.0,25.0,0.0,-786.449,-184.765,-927.5,0.0,-677.0,5747.057,0.0,0.0,25.0,0.0,-786.449,-184.765,-927.5,0.0,-677.0,0,16,40,39,1,1,1,0,110,5,1,0,1,0,1.0,0,2,2,0,0,3200,4,4,29,29,116,64,314,314,0,0,534,96,0,0,347,5,2,1,1,1,0,0,11,0,0,9,0,305,0,19,0,0,0,6337,41.88101625374783,1.878673700075358,11.582767871232445,1.160592663274413,8.079532902004102,1.4202303929304088,2.806640625,0.001310470647463262,0.0031225636338058395,0.008079983104835264,-0.04164765301859006,0.8167657581716776,0.709248884730041,0.046443566584493966,0.01997714011980861,0.3322591046673551,0.15878182029524585,0.019560832957762994,8603.0,0.40936315985907257,0.8517958851563409,8603.0,230,214,1.0,5.5,6.0,0.0,25.0,,,,,,,,,,,,,,,,,,,,,,,,,
87,25_5_2_5_2_1,25_5_2_5_2_1_StartGoalLocations_Seed1018.csv,60,757.328453540802,59,0.9833333333333333,10,1,10,10,0,1,0,201,1,191,0.004975124378109453,0.2562537224538416,5.201827592268018,4,4,4,0.2467261904761905,0.4973214285714286,7.2019999623298645,0,0,0,1,2,5,201,633,547,86,4,20,20,0,19,2,4,10,10,10,10,0,0,0,0,0,0,0,0,0,0,0,0,0,10.0,11.0,1.0,-47.999999999999986,-474.2999999999998,-100.0,69,0,1141,10,,4.0,5,,9.85,,16.21,,0.0,,34.8,8.26,0.3,15.3,0,18,0,10,0,0,0,6,351,0,140,70,141,0,84,0.3989,0.1994,0,0,0,672.0,0.0,5900.0,0.0,3776.877,-2255.661,31.5,0.0,0.0,-1000.0,7.215,-668.603,0.0,-2401.5,0.0,-2188.0,100.0,0.0,0.0,0.0,0.0,-871.5,0.0,-345.0,1.20904,9.37543,-0.24723,2.72798,-0.68296,1.50091,0.01488,0.60976,-0.18103,0.72283,0.0,-2604.574,6000.0,0.0,4552.572,-2732.305,-0.38759,2.91769,0.89286,9.34732,0.27087,1.37653,0.22887,1.69348,0.00937,95.2381,0.99122,1.09366,0.0,-72.1406,85.2273,0.0,217.6216,-198.4092,-77.124,408,27,213,1135,49,120,210,1520,1223,163,134,0,1135,267,118,0,125,0,139,0.8046052631578947,0.7467105263157895,1520,480,96,-11.813,10220.586,6.548,0.0,100.0,0.0,-2095.87,-1667.936,-4589.5,0.0,-1216.5,10220.586,6.548,0.0,100.0,0.0,-2095.87,-1667.936,-4589.5,0.0,-1216.5,0,108,60,59,1,4,4,0,734,5,1,0,1,0,1.0,0,2,11,4,3,3200,176,176,1491,1491,1489,434,926,926,8,0,3420,361,0,0,983,9,0,5,11,9,2,0,40,343,6,89,2,305,0,245,4,0,20,18414,67.42695774953839,2.951111469072165,30.569132182035407,1.5286152265018897,20.218312153796024,4.5128706419029,2.6631748589846898,0.0015487779430895898,0.0030712963185214903,0.008082034713297617,-0.043641672474332156,0.8283434294909239,0.691059085726738,0.04643942653900012,0.02815024290830479,0.33374501230543346,0.1604497215509089,0.02113057806201286,9517.0,0.4433719411440874,0.8420720815382999,9517.0,1299,1191,1.0,7.2,6.0,5.0,26.0,,,,,,,,,,,,,,,,,,,,,,,,,
88,25_5_2_5_2_1,25_5_2_5_2_1_StartGoalLocations_Seed1002.csv,25,2903.817386806011,25,1.0,0,0,0,0,0,0,0,68,0,68,0.0,0.07245543415756182,7.217701375930044,6,6,4,0.04370327774583094,0.5152386428982174,0.0,2,6,0,0,0,0,68,77,69,8,3,3,3,0,3,2,3,0,3,3,3,0,0,0,0,0,0,0,0,0,0,0,0,0,3.0,1.0,0.0,-14.4,-18.9,0.0,17,0,166,3,,6.0,6,,8.4,,13.58,,0.0,,4.3,8.32,0.0,2.4,0,0,0,0,0,0,0,0,119,0,74,21,24,0,2,0.6218,0.1765,0,0,0,173.9,0.0,2500.0,0.0,1408.241,-638.445,0.0,0.0,0.0,0.0,0.0,-57.378,0.0,-492.0,0.0,0.0,150.0,0.0,0.0,0.0,0.0,-140.5,0.0,0.0,1.98027,11.9156,-0.03299,0.15354,-0.28292,0.24782,0.08626,1.46594,-0.08079,0.18404,0.0,-159.741,2650.0,0.0,1656.325,-585.03,-0.09186,0.28156,1.52386,11.98311,0.61604,1.28943,0.11846,0.77544,0.01783,85.48387,0.98505,1.30844,0.0,-4.1293,37.642,0.0,80.4709,-44.5111,-5.334,28,21,18,167,0,23,16,206,177,9,20,0,167,16,23,0,9,0,8,0.8592233009708737,0.8106796116504854,206,24,7,-0.637,4039.241,0.0,0.0,150.0,0.0,-595.545,-57.378,-492.0,0.0,-140.5,4039.241,0.0,0.0,150.0,0.0,-595.545,-57.378,-492.0,0.0,-140.5,0,5,25,25,0,6,6,0,104,5,0,0,0,0,,0,0,0,0,0,1472,32,32,188,188,162,20,108,108,0,0,294,88,0,0,288,0,0,0,1,1,0,0,1,31,1,3,0,305,0,3,0,0,0,7081,43.90622793390764,1.5944033451270505,19.50289507131761,1.5538921279065274,14.969637056912866,2.1607117638751587,3.049056603773585,0.001546230459928705,0.00304050734405831,0.00833060213810076,-0.044756072998532785,0.846119335650102,0.6599819489309321,0.04853534026314383,0.024557285234313105,0.3290634011853873,0.1673289183222958,0.022215421846994855,4530.0,0.41771051133808085,0.8437086092715231,4530.0,194,180,,,,,,,,,,,,,,,,,,,,,,,,,,,,,,
89,25_5_2_5_2_1,25_5_2_5_2_1_StartGoalLocations_Seed1012.csv,25,2537.051633477211,25,1.0,1,0,1,1,0,0,0,132,0,131,0.0,0.16996996996996996,6.170183280208805,3,3,3,0.04924924924924925,0.5375375375375375,0.0,1,2,0,0,0,0,129,178,154,24,3,5,5,0,4,2,3,3,2,2,2,0,0,0,0,0,0,0,0,0,0,0,0,0,2.0,0.0,0.0,-10.2,0.0,0.0,26,0,379,2,,3.0,3,,12.17,,22.67,,0.0,,14.3,10.84,0.0,6.1,0,2,0,1,0,0,0,1,125,0,74,28,23,0,0,0.592,0.224,0,0,0,166.5,0.0,2500.0,0.0,1361.61,-415.233,0.0,0.0,0.0,-100.0,1.618,-118.443,0.0,-719.0,0.0,-72.0,75.0,0.0,0.0,0.0,0.0,-143.0,0.0,0.0,2.1699,12.14243,-0.13023,1.74187,-0.47508,0.5798,0.04505,1.06023,-0.08589,0.18859,0.0,-424.461,2575.0,0.0,1736.383,-378.838,-0.25493,1.81937,1.54655,12.20182,0.81534,1.1759,0.23423,1.08836,0.01682,91.96429,0.98498,1.28977,0.0,-9.2,36.5767,0.0,77.8063,-31.899,-10.36,68,18,37,301,0,27,59,388,337,24,27,0,300,61,27,0,6,0,40,0.8685567010309279,0.7731958762886598,388,76,17,-3.364,3999.11,1.6,0.0,75.0,0.0,-386.233,-218.425,-791.0,0.0,-143.0,3999.11,1.6,0.0,75.0,0.0,-386.233,-218.425,-791.0,0.0,-143.0,0,30,25,25,0,3,3,0,175,5,0,0,0,0,,0,0,1,0,0,844,32,32,440,440,420,120,215,215,4,0,322,16,0,0,183,0,0,0,0,0,0,0,3,0,0,3,0,305,0,4,0,0,0,4029,59.07172995780591,2.0588235294117645,30.87614792752544,1.5749799235831718,20.57582526681559,3.8719285182427403,2.890229191797346,0.00174427042262211,0.0030323706001211047,0.007603015163604399,-0.0451660326094989,0.8523638350138733,0.6585809524872857,0.04131143848230771,0.05284198037441379,0.3227746120408657,0.1629802095459837,0.0225641398168111,2577.0,0.4093976943707762,0.8482731858750485,2577.0,351,329,,,,,,,,,,,,,,,,,,,,,,,,,,,,,,
90,25_5_2_5_2_1,25_5_2_5_2_1_StartGoalLocations_Seed1017.csv,40,1543.8327352404594,38,0.95,7,0,7,7,0,0,0,169,0,162,0.0,0.2959128065395095,5.683243056884091,5,4,3,0.1728361458900381,0.5394665215024497,2.5,1,3,0,0,0,6,162,273,273,0,2,18,18,0,18,2,3,12,6,6,6,0,0,0,0,0,0,0,0,0,0,0,0,0,6.0,4.0,0.0,-28.799999999999994,-144.00000000000003,0.0,42,0,684,6,,4.0,6,,2.97,,8.75,,0.0,,31.5,9.44,0.0,13.3,0,10,0,4,0,0,0,3,155,0,87,45,23,0,43,0.5613,0.2903,0,0,0,367.4,0.0,3800.0,0.0,2538.17,-1375.282,0.0,0.0,0.0,-700.0,3.35,-558.804,0.0,-1462.0,0.0,-592.0,100.0,0.0,0.0,0.0,0.0,-232.0,0.0,-345.0,1.45081,10.15686,-0.34171,3.0847,-0.55906,1.08419,0.02722,0.82445,-0.15705,0.9005,0.0,-1770.491,3900.0,0.0,3039.971,-1573.341,-0.4819,3.20836,1.06151,10.14806,0.39919,1.54073,0.21856,2.20485,0.01143,92.85714,0.98938,1.26914,0.0,-38.3786,55.3977,0.0,143.0383,-109.559,-37.086,305,28,191,637,5,53,84,780,694,37,49,0,637,90,53,0,39,5,72,0.8897435897435897,0.8166666666666667,780,215,49,-3.464,6607.46,2.601,0.0,100.0,0.0,-1277.172,-1258.056,-2054.0,0.0,-577.0,6607.46,2.601,0.0,100.0,0.0,-1277.172,-1258.056,-2054.0,0.0,-577.0,0,48,40,38,2,4,4,1,360,5,0,0,0,0,,0,0,7,4,5,3200,103,103,765,765,536,194,42,42,0,0,1990,530,0,0,467,8,1,4,4,4,0,0,26,101,0,45,5,305,0,126,4,0,20,14193,55.89375044035792,1.7691919828564224,21.038540125413938,1.2931346416109093,15.92334249277813,5.333615162404002,2.173008849557522,0.0014478508666616108,0.0029763276639278046,0.007893248083128128,-0.047633206746540965,0.8739735809713602,0.6703258984908461,0.0797138840612024,-0.001438334556078189,0.320358556380996,0.17152847152847153,0.02304901519856807,10010.0,0.444169527103382,0.8421578421578422,10010.0,711,608,,,,,,1.0,1.0,2.5,6.2,2.0,18.0,10.0,7.0,98.0,43.0,,,,,,,,,,,,,,,
91,50_20_5_10_5_2,50_20_5_10_5_2_StartGoalLocations_Seed1018.csv,40,8456.999855309725,38,0.95,0,0,0,0,0,0,0,3,0,3,0.0,0.0005602240896358543,9.810224089635854,5,4,2,0.0025210084033613447,0.8773109243697479,0.0,1,4,0,0,0,0,3,3,3,0,2,0,0,0,0,0,0,0,0,0,0,0,0,0,0,0,0,0,0,0,0,0,0,0,0.0,0.0,0.0,0.0,0.0,0.0,1,0,6,0,1.0,4.0,5,1.0,17.38,33.0,42.25,0.0,0.0,0.0,0.0,32.7,0.0,0.0,0,0,0,0,0,0,0,0,118,0,99,14,5,0,0,0.839,0.1186,0,0,0,357.0,0.0,3800.0,0.0,4702.5,-372.0,0.0,0.0,0.0,0.0,0.0,0.0,0.0,-60.0,0.0,0.0,100.0,0.0,0.0,0.0,0.0,-70.5,0.0,0.0,2.37745,10.16799,0.0,0.0,-0.01681,0.09012,0.02801,0.83636,-0.01975,0.09739,0.0,-2.0,3900.0,0.0,6764.385,-284.025,-0.00056,0.01673,1.09244,10.29317,1.81523,1.04116,0.00112,0.5,0.01176,92.85714,0.98824,1.99785,0.0,-0.0583,55.3977,0.0,268.7143,-25.2857,0.0,0,0,0,5,0,1,0,6,5,0,1,0,5,0,1,0,0,0,0,0.8333333333333334,0.8333333333333334,6,0,0,0.0,8834.7,0.0,0.0,100.0,0.0,-347.2,0.0,-60.0,0.0,-70.5,8834.7,0.0,0.0,100.0,0.0,-347.2,0.0,-60.0,0.0,-70.5,0,0,40,38,2,4,3,0,2,5,0,0,0,0,,0,0,0,0,0,1092,0,0,10,10,0,0,0,0,0,0,44,0,0,0,330,0,0,0,0,0,0,0,0,0,0,0,0,3200,0,0,0,0,0,8650,11.965317919075144,1.0,6.589595375722543,1.4147807166535864,6.184971098265896,2.6820809248554913,2.235514018691589,0.001279580504843503,0.00287164936154303,0.008179144427221228,-0.04695885532941574,0.8700034103114089,0.6845791847496242,0.09380172580589742,-0.006257915742705566,0.32643812855498017,0.19093449239366656,0.02200455971680045,3221.0,0.4294113978582791,0.8441477801924868,3221.0,5,5,,,,,,,,,,,,,,,,,,,,,,,,,,,,,,
92,50_20_5_10_5_2,50_20_5_10_5_2_StartGoalLocations_Seed1011.csv,25,6478.871525138617,25,1.0,3,0,3,3,0,0,0,115,0,112,0.0,0.044932601098352475,9.380181994369133,13,9,10,0.035179640718562874,0.7909181636726547,0.0,2,8,1,0,0,0,108,108,108,0,2,7,7,0,7,2,3,2,5,5,5,0,0,0,0,0,0,0,0,0,0,0,0,0,5.0,1.0,0.0,-23.999999999999996,-16.8,0.0,13,0,166,5,4.0,9.0,13,8.49,19.33,23.75,59.0,2.5,0.0,29.8,0.0,30.17,0.0,0.0,0,4,0,1,0,0,0,1,165,0,65,60,40,0,1,0.3939,0.3636,0,0,0,400.8,0.0,2500.0,0.0,4785.856,-421.5,31.5,0.0,0.0,-300.0,1.313,-82.098,0.0,-326.5,0.0,-128.0,225.0,0.0,0.0,0.0,0.0,-207.5,0.0,0.0,1.82052,7.83625,-0.09501,1.93217,-0.1134,0.53232,0.05614,1.18334,-0.05177,0.15233,0.0,-534.993,2725.0,0.0,7914.909,-373.346,-0.13348,2.0964,0.67989,7.95716,1.88163,1.36775,0.05888,2.26692,0.00848,80.14706,0.99276,2.083,0.0,-13.6083,38.7074,0.0,275.2775,-35.9429,-5.964,36,31,28,170,0,27,27,224,196,12,16,0,170,27,27,0,26,3,43,0.875,0.7589285714285714,224,90,4,2.208,7688.756,0.8,0.0,225.0,0.0,-392.1,-381.585,-454.5,0.0,-207.5,7688.756,0.8,0.0,225.0,0.0,-392.1,-381.585,-454.5,0.0,-207.5,0,22,25,25,0,9,9,0,92,5,0,0,0,0,,0,0,3,2,3,2280,68,68,247,247,113,89,35,35,0,0,22,16,0,0,146,0,0,0,1,0,0,0,1,31,1,0,0,3200,0,0,2,0,10,18897,20.135471238820976,1.2126149802890933,11.261046726993703,1.487406027394774,9.03847171508705,2.9052230512779804,2.1411007025761126,0.0012638540282383921,0.0029344315473153666,0.008512072700990789,-0.04684243934849898,0.8781260947386423,0.7026246821671202,0.11633751400207218,0.007069868333188392,0.342755341876509,0.17425713005823504,0.022811257975848338,6697.0,0.4087084791092799,0.8538151411079588,6697.0,207,168,,,,,,,,,,,,,,,,,,,,,,,,,,,,,,
93,50_20_5_10_5_2,50_20_5_10_5_2_StartGoalLocations_Seed1005.csv,60,10208.199776023626,60,1.0,0,0,0,0,0,0,0,19,0,19,0.0,0.0005323396326856535,9.69217460739952,4,4,3,0.002661698163428267,0.8568006388075592,0.0,1,3,0,0,0,0,19,19,19,0,2,0,0,0,0,0,0,0,0,0,0,0,0,0,0,0,0,0,0,0,0,0,0,0,0.0,0.0,0.0,0.0,0.0,0.0,1,0,38,0,,4.0,4,,18.12,,32.25,,0.0,,0.0,22.5,0.0,0.0,0,0,0,0,0,0,0,0,158,0,127,30,1,0,0,0.8038,0.1899,0,0,0,375.7,0.0,6000.0,0.0,4801.5,-414.0,0.0,0.0,0.0,0.0,0.0,0.0,0.0,-549.0,0.0,0.0,100.0,0.0,0.0,0.0,0.0,-106.0,0.0,0.0,2.86484,12.41531,0.0,0.0,-0.14613,0.2274,0.02662,0.8153,-0.02821,0.11537,0.0,-18.0,6100.0,0.0,6287.745,-299.95,-0.00479,0.04871,1.62364,12.55911,1.59377,0.94909,0.00958,0.5,0.01703,95.3125,0.98323,1.78335,0.0,-0.5248,86.6477,0.0,274.3715,-29.7143,0.0,0,0,0,35,0,1,2,38,35,2,1,0,35,2,1,0,0,0,0,0.9210526315789473,0.9210526315789473,38,0,0,0.0,11149.6,0.0,0.0,100.0,0.0,-386.4,0.0,-549.0,0.0,-106.0,11149.6,0.0,0.0,100.0,0.0,-386.4,0.0,-549.0,0.0,-106.0,0,0,60,60,0,4,4,0,18,5,0,0,0,0,,0,0,0,0,0,900,0,0,0,0,104,0,74,74,0,0,0,0,0,0,416,0,0,0,0,0,0,0,0,0,0,0,0,3200,0,0,0,0,0,8781,11.206012982576016,1.1016260162601625,6.138253046350074,1.5736549382472966,4.555289830315454,0.40997608472839087,3.195,0.0014634145664684992,0.0030603719419903226,0.008814267118771871,-0.04762719846434063,0.8865684877501594,0.6901399057441288,0.10670024716191821,0.023517564669665363,0.3352143554580009,0.17516629711751663,0.023231620878973815,2706.0,0.4285824772821297,0.8481152993348116,2706.0,36,35,,,,,,,,,,,,,,,,,,,,,,,,,,,,,,
94,25_5_2_5_2_1,25_5_2_5_2_1_StartGoalLocations_Seed1003.csv,40,3144.081063568592,40,1.0,1,1,1,1,0,1,1,140,1,139,0.007142857142857143,0.23797090637821708,5.069455121889438,3,3,0,0.08728086534875047,0.45915703095859756,0.0,1,2,0,1,2,0,140,264,247,17,4,3,3,0,3,2,18,1,1,1,1,0,0,0,1,0,0,0,0,0,0,0,0,0,1.0,2.0,1.0,-4.8,-33.6,-100.0,19,0,487,2,,3.0,3,,3.62,,10.0,,0.0,,0.0,7.95,0.0,12.5,0,4,0,2,0,0,0,2,197,0,81,51,65,0,45,0.4112,0.2589,0,0,0,268.1,0.0,4000.0,0.0,1950.289,-1007.844,14.0,0.0,0.0,-100.0,2.839,-331.303,0.0,-1304.5,0.0,-240.0,75.0,0.0,0.0,0.0,0.0,-182.5,0.0,0.0,1.94873,12.14224,-0.15982,1.38788,-0.57609,0.69594,0.02797,0.83581,-0.06807,0.17147,0.0,-744.361,4075.0,0.0,2242.732,-1009.773,-0.27764,1.48486,1.51996,12.14855,0.45989,1.27253,0.21596,1.2856,0.01604,94.76744,0.98471,1.23201,0.0,-15.9205,57.8835,0.0,112.2451,-68.0196,-19.172,236,24,154,467,32,22,53,575,532,16,27,0,467,86,22,0,7,0,75,0.9252173913043479,0.8121739130434783,575,122,22,-4.603,6163.689,2.775,0.0,75.0,0.0,-939.144,-431.239,-1544.5,0.0,-182.5,6163.689,2.775,0.0,75.0,0.0,-939.144,-431.239,-1544.5,0.0,-182.5,0,50,40,40,0,3,3,0,264,5,1,0,1,0,1.0,0,2,2,0,0,608,88,88,657,657,514,198,263,263,20,0,1079,52,0,0,537,9,5,0,2,2,0,0,8,78,2,15,0,305,0,32,0,0,0,5996,80.4869913275517,2.623912142561127,29.069379586390927,1.2757458549967475,20.463642428285524,7.521681120747165,2.2876935615321923,0.0017175065999565145,0.0030240433361062684,0.008831504119658157,-0.04752226632186457,0.8899891133371153,0.6884196710429693,0.11787076166978008,-0.0033317246247622136,0.3462675765924014,0.15230352303523034,0.02337810859180848,1845.0,0.4110036612687718,0.8585365853658536,1845.0,525,423,,,,,,,,,,,,,,,,,,,,,,,,,,,,,,
95,25_5_2_5_2_1,25_5_2_5_2_1_StartGoalLocations_Seed1014.csv,60,3330.462855666876,59,0.9833333333333333,4,4,4,4,0,4,2,227,4,223,0.01762114537444934,0.26570155902004455,5.806552763558709,8,8,6,0.2082777036048064,0.539163328882955,7.5,1,4,0,4,8,4,225,558,447,111,4,32,32,0,31,2,26,8,23,23,23,0,1,0,0,0,0,0,0,0,0,0,0,0,23.0,6.0,4.0,-115.80000000000011,-390.59999999999997,-400.0,93,0,1079,24,,8.0,9,,5.81,,13.88,,1.9,,26.6,6.41,0.3,9.7,0,12,0,5,0,0,4,3,346,0,189,75,82,0,62,0.5462,0.2168,0,0,0,449.4,0.0,5900.0,0.0,2730.941,-1298.191,10.5,0.0,0.0,-500.0,2.78,-590.967,0.0,-1809.0,0.0,-864.0,200.0,0.0,0.0,0.0,0.0,-556.0,0.0,-345.0,1.73401,11.39928,-0.24214,2.3635,-0.59479,1.38806,0.0445,1.05386,-0.20049,0.83321,0.0,-1897.566,6100.0,0.0,3242.46,-1709.747,-0.42224,2.55304,1.35737,11.42612,0.34106,1.42637,0.28393,1.48712,0.01491,91.04478,0.98665,1.11687,0.0,-60.6151,86.6477,0.0,155.2919,-124.3062,-36.696,337,26,195,948,9,174,133,1266,1076,96,94,0,948,144,174,0,99,5,102,0.8499210110584519,0.7488151658767772,1266,335,51,-14.62,8996.141,2.476,0.0,200.0,0.0,-1203.491,-1090.662,-2673.0,0.0,-901.0,8996.141,2.476,0.0,200.0,0.0,-1203.491,-1090.662,-2673.0,0.0,-901.0,0,67,60,59,1,8,8,0,659,5,4,0,4,0,1.0,0,8,8,6,4,3200,424,424,1762,1762,981,269,320,320,8,0,906,150,0,0,623,0,0,4,6,6,0,0,12,0,1,42,0,305,0,22,8,0,40,20013,37.96532254034877,2.0132929718346935,17.268775296057562,1.4585539821227602,11.937240793484236,3.6676160495677808,2.4520719966513185,0.0015872697558779693,0.0027963935227307956,0.008421240985626355,-0.04951400147285313,0.9022789052128792,0.677856273688376,0.09578948712907731,0.026018756940757157,0.324642587425786,0.1803503278207261,0.024892041017202972,10219.0,0.43531271825771556,0.8437224777375477,10219.0,1143,971,1.0,7.5,8.0,10.0,98.0,,,,,,,,,,,,,,,,,,,,,,,,,
96,25_5_2_5_2_1,25_5_2_5_2_1_StartGoalLocations_Seed1012.csv,40,3961.1734122633934,39,0.975,1,1,1,1,0,1,1,106,1,105,0.009433962264150943,0.1059322033898305,6.638503822884042,5,4,4,0.15292758089368258,0.5932203389830508,0.0,1,4,0,1,2,0,106,190,155,35,4,12,12,0,11,2,4,2,9,9,9,0,0,0,1,0,0,0,0,0,0,0,0,0,9.0,1.0,1.0,-45.59999999999999,-18.9,-100.0,18,0,383,10,1.0,4.0,5,14.0,7.0,17.0,13.75,0.0,0.0,21.0,0.0,9.56,0.0,3.8,0,4,0,1,0,0,0,1,134,0,95,8,31,0,2,0.709,0.0597,0,0,0,259.6,0.0,3900.0,0.0,1967.15,-768.63,0.0,0.0,0.0,-100.0,1.299,-89.245,0.0,-897.0,0.0,-124.0,100.0,0.0,0.0,0.0,0.0,-288.0,0.0,0.0,2.06399,12.16296,-0.0724,1.39304,-0.3933,0.58715,0.03852,0.98058,-0.11094,0.20776,0.0,-425.946,4000.0,0.0,2326.268,-700.467,-0.16408,1.46192,1.54083,12.19918,0.62627,1.20295,0.16487,0.9952,0.01656,93.02326,0.98421,1.18463,0.0,-14.1872,56.8182,0.0,112.4086,-60.3789,-9.12,62,10,30,323,6,40,55,424,357,37,30,0,323,61,40,0,25,0,41,0.8419811320754716,0.7617924528301887,424,89,10,1.0,6073.65,1.2,0.0,100.0,0.0,-715.53,-189.146,-1021.0,0.0,-288.0,6073.65,1.2,0.0,100.0,0.0,-715.53,-189.146,-1021.0,0.0,-288.0,0,20,40,39,1,4,4,0,223,5,1,0,1,0,1.0,0,2,2,0,0,1672,124,124,539,539,296,80,232,232,16,0,402,0,0,0,388,2,1,0,1,1,0,0,3,0,1,6,0,305,0,7,0,0,0,7971,50.031363693388535,1.8503009027081243,20.725128591142894,1.4368265907772868,15.154936645339355,2.8352778823234224,2.777317880794702,0.0016918603350467836,0.0029866508312376312,0.008536753617895491,-0.0492326832202633,0.9030741116646944,0.6860164962174219,0.0887903687789252,0.027760912042053228,0.3375085593128754,0.16618635926993275,0.02447318964247842,5205.0,0.4491758699452605,0.846685878962536,5205.0,395,355,,,,,,,,,,,,,,,,,,,,,,,,,,,,,,
97,25_5_2_5_2_1,25_5_2_5_2_1_StartGoalLocations_Seed1001.csv,60,4607.655334442854,59,0.9833333333333333,3,0,3,3,0,0,0,98,0,95,0.0,0.21325051759834368,6.066298922118933,5,5,4,0.14511122607346094,0.5840662183135024,25.5,1,3,0,0,0,1,77,245,211,34,4,8,8,0,8,2,3,3,5,5,5,0,0,0,0,0,0,0,0,0,0,0,0,0,5.0,4.0,0.0,-23.999999999999996,-170.10000000000002,0.0,33,0,618,5,,5.0,6,,4.67,,9.6,,0.0,,11.6,7.7,0.1,8.0,0,4,0,1,0,0,0,1,199,0,131,11,57,0,3,0.6583,0.0553,0,0,0,386.6,0.0,5900.0,0.0,2899.067,-1528.916,0.0,0.0,0.0,-300.0,1.351,-392.446,0.0,-1297.5,0.0,-624.0,125.0,0.0,0.0,0.0,0.0,-216.5,0.0,-345.0,1.98054,12.27868,-0.17876,1.97932,-0.49703,1.10092,0.03233,0.89849,-0.14524,0.87756,0.0,-1087.332,6025.0,0.0,3590.913,-1533.611,-0.28125,2.07596,1.55846,12.28788,0.53215,1.5738,0.18055,1.55778,0.01655,94.14062,0.98319,1.3482,0.0,-25.4703,85.5824,0.0,164.3658,-118.1571,-27.53,238,19,149,576,4,38,76,694,601,41,52,0,576,80,38,0,37,1,40,0.8659942363112392,0.829971181556196,694,164,36,-3.764,9079.449,1.2,0.0,125.0,0.0,-1422.698,-692.295,-1921.5,0.0,-561.5,9079.449,1.2,0.0,125.0,0.0,-1422.698,-692.295,-1921.5,0.0,-561.5,0,29,60,59,1,4,4,0,369,5,0,0,0,0,,0,0,3,2,3,3200,64,64,795,795,394,118,184,184,0,0,1792,436,0,0,445,5,1,2,4,4,0,0,10,42,2,27,0,305,0,51,2,0,10,14771,45.6570306682012,2.5766607354685647,13.661905084286778,0.8908139350307169,9.207230383860267,1.7398957416559475,3.0286764705882354,0.0013714889433299503,0.0029933869560773018,0.00864482538541779,-0.048840671903453765,0.9069409923255444,0.682961845509708,0.08428457201924175,0.031233785425574753,0.3198232994993503,0.16895547232625885,0.023598456417663245,9612.0,0.4333007658280074,0.8419683728672492,9612.0,643,590,,,,,,,,,,,,,,,,1.0,25.5,16.0,5.0,56.0,,,,,,,,,,
98,25_5_2_5_2_1,25_5_2_5_2_1_StartGoalLocations_Seed1006.csv,25,3119.394161939621,25,1.0,0,0,0,0,0,0,0,30,0,30,0.0,0.07050847457627119,6.724756677514415,2,2,1,0.05830508474576271,0.5911864406779661,0.0,1,2,0,0,0,0,25,36,36,0,2,0,0,0,0,0,0,0,0,0,0,0,0,0,0,0,0,0,0,0,0,0,0,0,0.0,0.0,0.0,0.0,0.0,0.0,1,0,81,0,,2.0,2,,3.25,,15.5,,0.0,,0.0,9.15,0.0,2.2,0,0,0,0,0,0,0,0,63,0,47,1,15,0,0,0.746,0.0159,0,0,0,147.5,0.0,2500.0,0.0,1376.038,-641.038,0.0,0.0,0.0,0.0,0.0,-48.606,0.0,-242.0,0.0,0.0,50.0,0.0,0.0,0.0,0.0,-22.5,0.0,0.0,2.29322,12.91192,-0.03295,0.16064,-0.16407,0.23477,0.0339,0.91995,-0.01525,0.08599,0.0,-87.35,2550.0,0.0,1605.25,-520.341,-0.05922,0.26023,1.72881,12.93639,0.73553,1.31943,0.05559,1.06524,0.01831,94.44444,0.98305,1.46593,0.0,-1.3216,36.2216,0.0,78.6308,-37.9165,-4.33,20,9,11,64,2,1,15,82,78,3,1,0,64,17,1,0,1,0,15,0.9512195121951219,0.7804878048780488,82,24,6,-2.256,3980.438,0.0,0.0,50.0,0.0,-597.938,-48.606,-242.0,0.0,-22.5,3980.438,0.0,0.0,50.0,0.0,-597.938,-48.606,-242.0,0.0,-22.5,0,7,25,25,0,2,2,0,34,5,0,0,0,0,,0,0,0,0,0,536,0,0,68,68,156,28,48,48,4,0,234,20,0,0,455,0,0,0,0,0,0,0,2,0,0,5,0,305,0,7,0,0,0,3270,70.36697247706422,1.9517601043024773,20.73394495412844,1.0618547338945654,14.5565749235474,1.651376146788991,3.48109243697479,0.0014995210408482878,0.0030895042721418415,0.010622906661939933,-0.05214961718267469,0.9109769343440213,0.6733940487254911,0.09283335573637663,0.01895061286892603,0.3364864816601174,0.16049382716049382,0.02478889249358977,1701.0,0.3988242230571364,0.8577307466196356,1701.0,76,75,,,,,,,,,,,,,,,,,,,,,,,,,,,,,,
99,50_20_5_10_5_2,50_20_5_10_5_2_StartGoalLocations_Seed1017.csv,40,9151.49994289875,40,1.0,0,0,0,0,0,0,0,0,0,0,0.0,0.010011376564277589,9.639949955902273,8,8,7,0.0254835039817975,0.8182025028441411,0.0,1,3,0,0,0,0,0,0,0,0,0,0,0,0,0,0,0,0,0,0,0,0,0,0,0,0,0,0,0,0,0,0,0,0,0.0,1.0,0.0,0.0,-16.8,0.0,0,0,0,0,,8.0,8,,20.88,,43.69,,0.0,,0.0,31.94,0.0,0.9,0,0,0,0,0,0,0,0,238,0,186,31,21,0,0,0.7815,0.1303,0,0,0,439.5,0.0,4000.0,0.0,5337.15,-670.65,0.0,0.0,0.0,0.0,0.0,0.0,0.0,0.0,0.0,0.0,200.0,0.0,0.0,0.0,0.0,-154.5,0.0,0.0,2.0719,9.44315,0.0,0.0,0.0,0.0,0.04551,1.06564,-0.03515,0.12783,0.0,0.0,4200.0,0.0,7917.071,-517.215,0.0,0.0,0.95563,9.5518,1.6837,1.24341,0.0,0.0,0.01092,87.5,0.99067,1.93714,0.0,-0.5139,59.6591,0.0,304.98,-47.1514,-0.826,10,9,6,0,0,0,0,0,0,0,0,0,0,0,0,0,0,0,0,,,0,0,0,0.0,9731.85,0.0,0.0,200.0,0.0,-625.85,0.0,0.0,0.0,-154.5,9731.85,0.0,0.0,200.0,0.0,-625.85,0.0,0.0,0.0,-154.5,0,0,40,40,0,7,7,0,0,5,0,0,0,0,,0,0,0,0,0,1920,0,0,0,0,32,0,0,0,0,0,148,0,0,0,278,0,0,1,1,1,0,0,3,17,0,12,0,3200,0,32,0,0,0,14233,11.965151408698096,1.0704638872577803,5.2202627696198975,1.523822360472756,5.206210918288485,0.9976814445303168,3.0890688259109313,0.001645559613181528,0.003020549736781201,0.00916232258459786,-0.05206645851333936,0.9080799118926127,0.6852691995600859,0.0853971996034185,0.037615953858282106,0.3389799921151395,0.1726148409893993,0.0232731957893822,5660.0,0.4386211389029076,0.8390459363957598,5660.0,0,0,,,,,,,,,,,,,,,,,,,,,,,,,,,,,,
100,25_5_2_5_2_1,25_5_2_5_2_1_StartGoalLocations_Seed1015.csv,60,362.3705522119999,55,0.9166666666666666,11,3,11,11,0,3,0,329,3,318,0.00911854103343465,0.2753916119252148,5.0640456207888445,10,7,5,0.26783310901749663,0.5087483176312247,4.0,2,7,1,3,11,1,327,711,533,178,4,32,25,7,28,3,44,16,13,13,13,0,4,3,0,0,0,0,0,0,0,0,0,0,13.0,2.0,3.0,-69.6,-35.7,-562.5,97,0,1425,16,1.0,7.0,13,8.0,5.39,10.0,10.14,0.0,0.0,2.0,23.3,6.31,0.1,10.3,3,19,0,14,0,0,2,6,259,0,145,51,63,0,56,0.5598,0.1969,0,0,0,594.4,0.0,5500.0,0.0,2986.109,-1744.513,7.0,0.0,0.0,-1000.0,3.522,-909.148,0.0,-2072.0,0.0,-1176.0,175.0,0.0,0.0,0.0,0.0,-967.0,0.0,-1035.0,1.23536,9.6129,-0.3206,2.90157,-0.54643,1.15294,0.02944,0.85742,-0.33681,1.22723,0.0,-3004.173,5675.0,0.0,3402.906,-3105.778,-0.50541,3.11576,0.95474,9.61014,0.04999,1.6554,0.28499,1.77342,0.01043,91.53226,0.99075,1.10523,0.0,-74.942,80.6108,0.0,166.3872,-209.4389,-52.21,507,40,329,1332,22,136,187,1679,1444,129,106,0,1333,211,135,0,89,3,163,0.8600357355568791,0.7939249553305538,1675,454,73,-3.952,8963.209,2.8,0.0,175.0,0.0,-1620.213,-1908.426,-3248.0,0.0,-2002.0,8963.209,2.8,0.0,175.0,0.0,-1620.213,-1908.426,-3248.0,0.0,-2002.0,0,82,60,55,5,7,7,2,917,5,3,0,3,0,1.0,0,11,14,8,5,3200,491,491,2791,2791,1015,330,291,291,4,0,1980,124,0,0,523,1,0,1,2,2,0,0,26,93,1,77,0,305,0,61,8,0,40,25368,56.71318196152633,2.2185306179189546,25.031535793125197,1.628933090411244,16.698202459791865,7.209870703248186,2.067752596789424,0.0016328627400889672,0.002846833308431087,0.009486608356819488,-0.05221986791584641,0.9067012251168489,0.6864958592131734,0.0941270362585783,0.04442078440537443,0.33317302905382545,0.1763483207526529,0.022938094433892643,9141.0,0.4078750676816166,0.8562520511978996,9141.0,1529,1277,1.0,6.5,6.0,10.0,101.0,2.0,2.0,2.75,2.07,2.75,15.0,2.5,10.0,92.5,105.0,,,,,,5.0,12.17,0.0,0.0,0.0,,,,,
101,50_20_5_10_5_2,50_20_5_10_5_2_StartGoalLocations_Seed1013.csv,60,9833.199864551425,60,1.0,0,0,0,0,0,0,0,42,0,42,0.0,0.0,9.578669074026308,1,1,1,0.0054165591952540625,0.878772246582409,0.0,0,0,0,0,0,0,42,42,42,0,2,0,0,0,0,0,0,0,0,0,0,0,0,0,0,0,0,0,0,0,0,0,0,0,0.0,0.0,0.0,0.0,0.0,0.0,0,0,84,0,,1.0,1,,14.5,,46.0,,0.0,,0.0,25.53,0.0,0.0,0,0,0,0,0,0,0,0,197,0,190,1,6,0,0,0.9645,0.0051,0,0,0,387.7,0.0,6000.0,0.0,5025.0,-397.5,0.0,0.0,0.0,0.0,0.0,0.0,0.0,-1107.0,0.0,0.0,25.0,0.0,0.0,0.0,0.0,-100.0,0.0,0.0,2.84117,12.22059,0.0,0.0,-0.28553,0.24746,0.00645,0.40145,-0.02579,0.1106,0.0,-41.0,6025.0,0.0,6635.765,-335.475,-0.01058,0.07194,1.55404,12.34929,1.62504,0.96995,0.02115,0.5,0.01573,98.77049,0.98401,1.82732,0.0,-1.1953,85.5824,0.0,287.1429,-28.4286,0.0,0,0,0,82,0,0,2,84,83,1,0,0,82,2,0,0,0,0,1,0.9880952380952381,0.9761904761904762,84,0,0,0.0,11386.2,0.0,0.0,25.0,0.0,-371.0,0.0,-1107.0,0.0,-100.0,11386.2,0.0,0.0,25.0,0.0,-371.0,0.0,-1107.0,0.0,-100.0,0,0,60,60,0,1,1,0,41,5,0,0,0,0,,0,0,0,0,0,1236,0,0,166,166,8,0,0,0,0,0,0,0,0,0,493,0,0,0,0,0,0,0,0,0,0,0,0,3200,0,0,0,0,0,7916,11.83678625568469,1.0,2.9055078322385044,1.0604347913485506,1.629610914603335,0.12632642748863063,3.86046511627907,0.0016884775016281466,0.0027665054628287947,0.010139137113159433,-0.05130221002696016,0.8942204850777068,0.6904823469980635,0.10329016454783073,0.03633054730732561,0.326774841807674,0.1618075801749271,0.022539888552880343,3430.0,0.40972806607405643,0.8513119533527697,3430.0,81,81,,,,,,,,,,,,,,,,,,,,,,,,,,,,,,
102,50_20_5_10_5_2,50_20_5_10_5_2_StartGoalLocations_Seed1015.csv,40,7523.9999306201935,40,1.0,0,0,0,0,0,0,0,0,0,0,0.0,0.0007434944237918215,9.698513011152416,0,0,0,0.007063197026022305,0.8840148698884759,0.0,0,0,0,0,0,0,0,0,0,0,0,0,0,0,0,0,0,0,0,0,0,0,0,0,0,0,0,0,0,0,0,0,0,0,0.0,0.0,0.0,0.0,0.0,0.0,0,0,0,0,,,0,,,,,,,,,28.0,0.0,0.0,0,0,0,0,0,0,0,0,96,0,81,12,3,0,0,0.8438,0.125,0,0,0,269.0,0.0,4000.0,0.0,3570.0,-270.0,0.0,0.0,0.0,0.0,0.0,0.0,0.0,0.0,0.0,0.0,0.0,0.0,0.0,0.0,0.0,-45.0,0.0,0.0,2.81375,11.97813,0.0,0.0,0.0,0.0,0.0,0.0,-0.01673,0.08991,0.0,0.0,4000.0,0.0,4973.2,-129.265,0.0,0.0,1.48699,12.10321,1.80072,0.89122,0.0,0.0,0.01487,100.0,0.98253,1.93056,0.0,0.0,56.8182,0.0,204.0,-18.0,0.0,0,0,0,0,0,0,0,0,0,0,0,0,0,0,0,0,0,0,0,,,0,0,0,0.0,7821.0,0.0,0.0,0.0,0.0,-252.0,0.0,0.0,0.0,-45.0,7821.0,0.0,0.0,0.0,0.0,-252.0,0.0,0.0,0.0,-45.0,0,0,40,40,0,0,0,0,0,5,0,0,0,0,,0,0,0,0,0,720,0,0,0,0,0,0,0,0,0,0,170,0,0,0,247,0,0,0,0,0,0,0,0,0,0,0,0,3200,0,0,0,0,0,5303,8.127475014142938,1.0,1.3200075429002451,0.6771428655300822,0.6600037714501226,0.0,4.485714285714286,0.001907988722268783,0.002706593017662979,0.01012546591874626,-0.052612683673699694,0.9069923635986116,0.6726220097806719,0.11267392453220156,0.0132552383360841,0.33332086930119886,0.1817279046673287,0.02312617681265996,2014.0,0.37650738202061784,0.8659384309831182,2014.0,0,0,,,,,,,,,,,,,,,,,,,,,,,,,,,,,,
103,25_5_2_5_2_1,25_5_2_5_2_1_StartGoalLocations_Seed1010.csv,25,2864.741820015013,25,1.0,0,1,0,0,0,1,0,255,1,255,0.00392156862745098,0.19860484201887565,6.152654056476676,7,6,6,0.06360279031596225,0.5256462864177267,0.0,1,4,0,1,2,0,246,310,294,16,3,2,2,0,2,2,1,2,0,0,0,0,0,0,0,0,0,0,0,0,0,0,0,0,0.0,3.0,1.0,0.0,-50.4,-100.0,106,0,577,0,1.0,6.0,7,3.39,5.4,15.0,16.98,0.0,0.0,34.0,19.0,11.97,0.0,9.3,0,2,0,1,0,0,0,1,395,0,126,193,76,0,116,0.319,0.4886,0,0,0,243.7,0.0,2500.0,0.0,1922.45,-665.499,31.5,0.0,0.0,0.0,3.04,-279.449,0.0,-818.5,0.0,-8.0,150.0,0.0,0.0,0.0,0.0,-214.5,0.0,0.0,1.65456,10.08997,-0.11342,0.27053,-0.33915,0.25699,0.06155,1.23895,-0.08802,0.19043,0.0,-610.807,2650.0,0.0,2426.163,-690.079,-0.25064,0.46863,1.0874,10.14601,0.71239,1.26469,0.26836,0.93396,0.01272,85.48387,0.98728,1.2952,0.0,-14.4052,37.642,0.0,111.6543,-50.2857,-16.697,133,30,79,476,24,108,46,654,490,26,138,0,476,70,108,0,29,0,56,0.7492354740061162,0.72782874617737,654,118,27,-0.602,4650.143,3.04,0.0,150.0,0.0,-617.992,-279.449,-826.5,0.0,-214.5,4650.143,3.04,0.0,150.0,0.0,-617.992,-279.449,-826.5,0.0,-214.5,0,37,25,25,0,5,5,0,298,5,1,0,1,0,1.0,0,2,1,0,0,2024,8,8,1019,1019,540,148,127,127,0,0,266,38,0,0,464,0,0,0,3,3,0,0,3,94,3,4,0,305,0,15,0,0,0,8611,54.2213447915457,1.6997215677875348,24.53838114040181,1.4739351854895422,13.436302403901985,3.391011496922541,2.6214347450302506,0.0014969728577536603,0.0025932495001420057,0.010051539982669055,-0.05246692855396996,0.90543085784309,0.6788101932806931,0.11178861386161076,0.014740678134812373,0.31940157778254746,0.18495188101487314,0.024195522637234776,5715.0,0.40461495187074886,0.8531933508311461,5715.0,611,445,,,,,,,,,,,,,,,,,,,,,,,,,,,,,,
104,50_20_5_10_5_2,50_20_5_10_5_2_StartGoalLocations_Seed1016.csv,25,5256.636515289545,25,1.0,0,1,0,0,0,1,1,34,1,34,0.029411764705882353,0.01809954751131222,9.599510685596286,5,5,4,0.004524886877828055,0.8486219662690251,0.0,1,2,0,1,2,0,34,53,53,0,2,2,2,0,0,2,1,2,0,0,0,0,0,0,0,0,0,0,0,0,0,0,0,0,0.0,0.0,1.0,0.0,0.0,-100.0,22,0,100,0,,5.0,5,,22.3,,50.6,,0.0,,1.8,30.23,0.0,0.4,0,2,0,0,0,0,0,1,86,0,65,10,11,0,0,0.7558,0.1163,0,0,0,243.1,0.0,2500.0,0.0,3146.206,-195.706,0.0,0.0,0.0,0.0,0.0,-27.964,0.0,-383.0,0.0,-80.0,125.0,0.0,0.0,0.0,0.0,-71.0,0.0,0.0,2.34208,9.9934,-0.0115,0.0878,-0.19046,0.41729,0.05142,1.13262,-0.02921,0.11726,0.0,-95.618,2625.0,0.0,4532.232,-148.51,-0.03933,0.2473,1.0798,10.14681,1.80326,0.94532,0.04443,0.88535,0.01234,87.5,0.98725,1.95031,0.0,-4.4943,37.2869,0.0,179.7832,-15.2403,-1.154,8,5,2,79,3,20,4,106,78,7,21,0,79,7,20,0,2,0,1,0.7358490566037735,0.7452830188679245,106,16,2,-1.346,5875.306,0.0,0.0,125.0,0.0,-181.706,-27.964,-463.0,0.0,-71.0,5875.306,0.0,0.0,125.0,0.0,-181.706,-27.964,-463.0,0.0,-71.0,0,10,25,25,0,4,4,0,43,5,1,0,1,0,1.0,0,2,1,0,0,1832,8,8,40,40,136,40,123,123,16,0,18,0,0,0,150,0,0,0,0,0,0,0,0,0,0,2,0,3200,0,2,0,0,0,7867,14.274818863607475,1.0,8.618278886487861,1.3954093116363044,5.999745773484174,1.0169060633024025,2.6864406779661016,0.0014682886083066406,0.0025057217490546176,0.009984995674659136,-0.05145797911039086,0.8845838059764762,0.7103582317391858,0.10673288254303183,0.022853426466742734,0.319336923669798,0.1801390268123138,0.0227817978321221,5035.0,0.3885240863684968,0.8568023833167825,5035.0,98,95,,,,,,,,,,,,,,,,,,,,,,,,,,,,,,
105,50_20_5_10_5_2,50_20_5_10_5_2_StartGoalLocations_Seed1004.csv,60,9226.531879872084,60,1.0,0,1,0,0,0,1,1,57,1,57,0.017543859649122806,0.009031893875246966,9.411214219154425,0,0,0,0.004515946937623483,0.8670618120237087,0.0,0,0,0,1,2,0,57,68,66,2,3,0,0,0,0,0,0,0,0,0,0,0,0,0,0,0,0,0,0,0,0,0,0,0,0.0,1.0,1.0,0.0,-21.6,-100.0,16,0,133,0,,,0,,,,,,,,,24.23,0.0,0.0,0,2,0,0,0,0,0,1,126,0,122,1,3,0,0,0.9683,0.0079,0,0,0,354.3,0.0,6000.0,0.0,4591.908,-313.908,0.0,0.0,0.0,0.0,0.0,-6.768,0.0,-1104.5,0.0,-192.0,0.0,0.0,0.0,0.0,0.0,-102.5,0.0,0.0,3.00093,12.76744,-0.00191,0.0332,-0.36593,0.4886,0.0,0.0,-0.02893,0.11674,0.0,-79.608,6000.0,0.0,6088.889,-234.036,-0.02247,0.14136,1.69348,12.90272,1.65251,0.9166,0.03839,0.58535,0.01693,100.0,0.98307,1.81537,0.0,-5.5393,85.2273,0.0,262.3948,-23.7947,-1.398,0,0,0,117,1,17,3,138,119,4,15,0,117,4,17,0,2,0,2,0.8623188405797102,0.8478260869565217,138,8,4,-2.16,10925.008,0.0,0.0,0.0,0.0,-292.708,-6.768,-1296.5,0.0,-102.5,10925.008,0.0,0.0,0.0,0.0,-292.708,-6.768,-1296.5,0.0,-102.5,0,4,60,60,0,0,0,0,64,5,1,0,1,0,1.0,0,2,1,0,0,672,0,0,26,26,104,16,233,233,4,0,40,0,0,0,270,0,0,1,1,1,0,0,0,0,0,0,0,3200,0,0,0,0,0,6963,11.891426109435589,1.2282608695652173,6.49145483268706,1.213993377550876,3.50423667959213,0.28723251472066635,2.4057377049180326,0.0015249595971259364,0.0025472578743661175,0.009408782063040971,-0.05267591781115958,0.887852820966925,0.7205945716372558,0.0898913639996733,0.05750792484641785,0.32780585424450126,0.19902912621359223,0.02055411898326827,1648.0,0.4449507943258476,0.8398058252427184,1648.0,130,128,,,,,,,,,,,,,,,,,,,,,,,,,,,,,,
106,50_20_5_10_5_2,50_20_5_10_5_2_StartGoalLocations_Seed1015.csv,60,9521.099935531616,59,0.9833333333333333,0,0,0,0,0,0,0,15,0,15,0.0,0.0006565988181221273,9.636736703873932,1,0,0,0.000984898227183191,0.8919894944189101,0.0,0,0,0,0,0,0,15,15,15,0,2,0,0,0,0,0,0,0,0,0,0,0,0,0,0,0,0,0,0,0,0,0,0,0,0.0,0.0,0.0,0.0,0.0,0.0,2,0,30,0,1.0,,1,3.0,,62.0,,0.0,,0.0,,20.9,0.0,0.0,0,0,0,0,0,0,0,0,125,0,120,1,4,0,0,0.96,0.008,0,0,0,304.6,0.0,5900.0,0.0,4047.0,-259.5,0.0,0.0,0.0,0.0,0.0,0.0,0.0,-413.0,0.0,0.0,0.0,0.0,0.0,0.0,0.0,-58.0,0.0,0.0,3.2804,13.62727,0.0,0.0,-0.13559,0.22228,0.0,0.0,-0.01904,0.0957,0.0,-15.0,5900.0,0.0,5226.87,-200.59,-0.00492,0.04938,1.93697,13.78205,1.65012,0.86316,0.00985,0.5,0.01937,100.0,0.98063,1.81703,0.0,-0.4373,83.8068,0.0,231.2572,-18.1429,0.0,0,0,0,27,0,2,1,30,27,1,2,0,27,1,2,0,0,0,0,0.9,0.9,30,0,0,0.0,10234.3,0.0,0.0,0.0,0.0,-242.2,0.0,-413.0,0.0,-58.0,10234.3,0.0,0.0,0.0,0.0,-242.2,0.0,-413.0,0.0,-58.0,0,0,60,59,1,0,0,0,15,5,0,0,0,0,,0,0,0,0,0,532,0,0,0,0,12,0,60,60,0,0,70,0,0,0,298,0,0,0,0,0,0,0,0,0,0,0,0,3200,0,0,0,0,0,5966,9.537378478042239,1.0,2.8494803888702647,0.5782353022957549,2.044921220248072,0.670465973851827,2.6885245901639343,0.0012796041786563898,0.0025963050810466136,0.010748595104349735,-0.05330467971980123,0.8821558652067543,0.7357139612050881,0.10344073775791585,0.030349417874078386,0.33466109750966383,0.16921898928024504,0.020166081163337395,1306.0,0.41102243208427663,0.8415007656967841,1306.0,27,27,,,,,,,,,,,,,,,,,,,,,,,,,,,,,,
107,25_5_2_5_2_1,25_5_2_5_2_1_StartGoalLocations_Seed1001.csv,60,3515.9045963287354,59,0.9833333333333333,3,1,3,3,0,1,0,110,1,107,0.00909090909090909,0.33772032902467686,4.629135157036585,1,0,0,0.10646298472385429,0.4484136310223267,0.0,0,0,0,1,6,0,110,603,564,39,4,13,13,0,11,2,4,8,5,5,5,0,0,0,0,0,0,0,0,0,0,0,0,0,5.0,7.0,1.0,-24.599999999999998,-456.9,-300.0,63,0,1224,5,1.0,,1,16.0,,30.0,,0.0,,69.0,,9.05,0.0,15.3,0,12,0,11,0,0,0,6,214,0,109,21,84,0,48,0.5093,0.0981,0,0,0,425.5,0.0,5900.0,0.0,2818.948,-1268.507,17.5,0.0,0.0,-300.0,3.436,-673.472,0.0,-1882.0,0.0,-1140.0,0.0,0.0,0.0,0.0,0.0,-385.5,0.0,0.0,1.8551,11.70475,-0.22798,1.89485,-0.71022,1.29744,0.0,0.0,-0.0906,0.19259,0.0,-1787.074,5900.0,0.0,3635.157,-1163.726,-0.41999,2.01277,1.3866,11.69349,0.58083,1.18201,0.32385,1.29686,0.01387,100.0,0.98613,1.14368,0.0,-52.6932,83.8068,0.0,162.0828,-94.5147,-42.375,453,48,320,1106,26,89,150,1373,1144,88,141,0,1107,177,89,0,68,0,116,0.833211944646759,0.8062636562272396,1369,300,58,-6.462,9071.348,3.2,0.0,0.0,0.0,-1177.907,-973.236,-3022.0,0.0,-385.5,9071.348,3.2,0.0,0.0,0.0,-1177.907,-973.236,-3022.0,0.0,-385.5,0,84,60,59,1,0,0,0,657,5,1,0,1,0,1.0,0,6,4,0,0,780,100,100,1669,1669,1114,334,581,581,8,0,2156,295,0,0,749,7,0,6,7,7,0,0,48,6,1,122,2,305,0,120,0,0,0,8422,84.30301591071004,3.624225352112676,41.90216100688672,1.5404948510350192,27.10757539776775,4.785086677748753,2.8081471747700393,0.0015022986971673208,0.0025762515142560005,0.00961931193820559,-0.05498210745744216,0.8947968755012904,0.7215342877767025,0.10462266707267516,0.024999853834891932,0.32998001821984607,0.19286025250326513,0.023300557695053715,2297.0,0.5000166178680551,0.8162821070962124,2297.0,1249,1131,,,,,,,,,,,,,,,,,,,,,,,,,,,,,,
108,25_5_2_5_2_1,25_5_2_5_2_1_StartGoalLocations_Seed1001.csv,25,2248.5879576206207,24,0.96,1,1,1,1,0,1,0,75,1,74,0.013333333333333334,0.2237474262182567,5.94235971422742,1,0,0,0.04598490048043926,0.5634866163349348,0.0,0,0,0,1,2,0,74,155,155,0,2,0,0,0,0,0,0,0,0,0,0,0,0,0,0,0,0,0,0,0,0,0,0,0,0.0,1.0,1.0,0.0,-112.8,-100.0,34,0,310,0,1.0,,1,9.5,,19.0,,0.0,,15.0,,10.54,0.0,8.5,0,4,0,2,0,0,0,2,84,0,45,3,36,0,8,0.5357,0.0357,0,0,0,145.7,0.0,2400.0,0.0,1212.261,-467.143,3.5,0.0,0.0,-100.0,0.524,-139.255,0.0,-589.0,0.0,-140.0,0.0,0.0,0.0,0.0,0.0,-78.0,0.0,0.0,2.26103,12.71873,-0.16385,1.85979,-0.50034,0.73062,0.0,0.0,-0.05353,0.1546,0.0,-434.755,2400.0,0.0,1481.354,-406.987,-0.29839,1.96658,1.64722,12.72826,0.73738,1.22829,0.21826,1.36715,0.01647,100.0,0.98353,1.31775,0.0,-14.054,34.0909,0.0,69.4721,-31.151,-10.25,85,22,51,254,1,35,30,320,261,14,45,0,254,31,35,0,5,0,19,0.815625,0.79375,320,86,16,-2.976,3728.361,0.437,0.0,0.0,0.0,-434.043,-239.168,-729.0,0.0,-78.0,3728.361,0.437,0.0,0.0,0.0,-434.043,-239.168,-729.0,0.0,-78.0,0,12,25,24,1,0,0,0,145,5,1,0,1,0,1.0,0,2,2,0,0,520,0,0,549,549,144,48,18,18,0,0,242,20,0,0,325,1,0,1,1,1,0,0,3,0,0,5,0,305,0,7,0,0,0,2879,71.10107676276485,1.576941866145579,24.036123654046545,1.4092485768817409,12.747481764501563,0.27787426189649184,3.092643051771117,0.0015388134303346026,0.002457857034348238,0.008478401346991842,-0.05558145000384404,0.9023423818441537,0.7135805828066972,0.08512281130712766,0.0656835190521983,0.30396884335042706,0.21114982578397212,0.022301184495352625,1435.0,0.46015946312778294,0.8383275261324041,1435.0,304,249,,,,,,,,,,,,,,,,,,,,,,,,,,,,,,
109,25_5_2_5_2_1,25_5_2_5_2_1_StartGoalLocations_Seed1010.csv,40,3914.3952386304736,40,1.0,1,1,1,1,0,1,1,72,1,71,0.013888888888888888,0.13227091633466134,6.609155225587556,5,5,3,0.04900398406374502,0.5402390438247012,0.0,1,3,0,1,2,0,72,140,120,20,3,5,5,0,5,2,11,1,4,4,4,0,0,0,0,0,0,0,0,0,0,0,0,0,4.0,0.0,1.0,-19.2,0.0,-100.0,16,0,333,4,,5.0,5,,10.82,,17.1,,0.0,,15.8,8.04,0.0,4.5,0,4,0,2,0,0,0,2,188,0,134,7,47,0,4,0.7128,0.0372,0,0,0,251.0,0.0,4000.0,0.0,2046.14,-1009.458,0.0,0.0,0.0,-100.0,1.699,-187.985,0.0,-826.5,0.0,-252.0,125.0,0.0,0.0,0.0,0.0,-133.5,0.0,0.0,2.10665,12.53592,-0.11406,1.42567,-0.42968,0.78984,0.0498,1.11469,-0.05319,0.15416,0.0,-507.349,4125.0,0.0,2418.874,-899.517,-0.20213,1.52272,1.64343,12.56609,0.60532,1.30898,0.14502,1.39382,0.01793,91.66667,0.98287,1.34511,0.0,-12.0077,58.5937,0.0,116.9223,-65.3119,-10.663,101,30,74,302,2,26,34,364,321,24,19,0,302,36,26,0,18,0,15,0.8818681318681318,0.8296703296703297,364,80,10,-0.937,6228.426,1.6,0.0,125.0,0.0,-940.745,-287.886,-1078.5,0.0,-133.5,6228.426,1.6,0.0,125.0,0.0,-940.745,-287.886,-1078.5,0.0,-133.5,0,13,40,40,0,4,4,0,177,5,1,0,1,0,1.0,0,2,2,0,0,1468,74,74,371,371,204,52,142,142,4,0,504,125,0,0,507,4,1,0,0,0,0,0,0,0,0,5,0,305,0,8,0,0,0,7788,56.26605033384694,1.7476038338658146,23.459167950693374,1.4555897842333145,17.27015921931176,3.0816640986132513,2.869888475836431,0.0016615975847252397,0.0024770430263197835,0.009076905734989316,-0.05606576390259922,0.9023283223040423,0.7106973196123536,0.10622558208837171,0.021543448691938975,0.32448321220056464,0.18792934249263984,0.022019119350440618,4076.0,0.43273246665581167,0.8439646712463199,4076.0,340,323,,,,,,,,,,,,,,,,,,,,,,,,,,,,,,
110,25_5_2_5_2_1,25_5_2_5_2_1_StartGoalLocations_Seed1014.csv,60,5672.079299330711,60,1.0,0,3,0,0,0,3,0,143,3,143,0.02097902097902098,0.2843691148775895,5.45252140048758,0,0,0,0.0576271186440678,0.5427495291902071,0.0,0,0,0,3,6,0,142,292,234,58,3,1,1,0,1,2,1,1,0,0,0,0,0,0,0,0,0,0,0,0,0,0,0,0,0.0,3.0,3.0,0.0,-64.8,-300.0,29,0,473,0,,,0,,,,,,,,,7.72,0.1,9.3,0,5,0,1,0,0,1,2,174,0,107,9,58,0,5,0.6149,0.0517,0,0,0,265.5,0.0,6000.0,0.0,2039.478,-731.928,0.0,0.0,0.0,0.0,2.4,-236.371,0.0,-1262.5,0.0,-192.0,0.0,0.0,0.0,0.0,0.0,-212.5,0.0,0.0,2.85237,14.83066,-0.08812,0.22357,-0.54783,0.47634,0.0,0.0,-0.08004,0.18334,0.0,-660.681,6000.0,0.0,2394.894,-725.58,-0.24884,0.54803,2.25989,14.86209,0.62874,1.18638,0.26704,0.93185,0.0226,100.0,0.9774,1.20249,0.0,-21.2076,85.2273,0.0,116.5416,-53.9673,-13.122,270,37,196,616,5,34,51,708,598,52,58,0,618,56,34,0,55,1,24,0.844632768361582,0.8728813559322034,708,79,30,-6.789,8254.178,2.4,0.0,0.0,0.0,-681.128,-236.371,-1454.5,0.0,-212.5,8254.178,2.4,0.0,0.0,0.0,-681.128,-236.371,-1454.5,0.0,-212.5,0,28,60,60,0,0,0,0,358,5,3,0,3,0,1.0,0,6,3,1,2,696,4,4,843,843,508,112,467,467,64,0,672,128,0,0,572,0,0,1,3,2,1,0,4,200,2,27,0,305,0,11,1,0,5,5191,82.77788480061645,2.0760996043751456,34.73319206318629,1.8532723541713991,23.059140820651127,7.474475052976305,2.2706766917293235,0.0016707568834606029,0.002439839018096655,0.008695445652387437,-0.055448503693801235,0.9059761858534539,0.7153587044998148,0.11914199543581612,0.038188526353359904,0.33378089969894187,0.1762532981530343,0.02167176380949138,1895.0,0.45451291927325693,0.837467018469657,1895.0,660,502,,,,,,,,,,,,,,,,,,,,,,,,,,,,,,
111,50_20_5_10_5_2,50_20_5_10_5_2_StartGoalLocations_Seed1016.csv,60,9283.717641294003,60,1.0,0,2,0,0,0,2,1,70,2,70,0.02857142857142857,0.038864740475581694,9.099782302415575,3,3,1,0.009971874200971618,0.8304781385834825,0.0,1,3,0,2,4,0,70,108,108,0,2,2,2,0,2,2,2,1,1,2,1,0,0,0,0,0,0,0,0,0,0,0,0,0,1.0,2.0,2.0,-9.6,-33.6,-200.0,18,0,219,1,,3.0,3,,8.0,,31.0,,0.0,,0.0,23.02,0.0,2.0,0,4,0,1,0,0,0,1,184,0,145,11,28,0,0,0.788,0.0598,0,0,0,391.1,0.0,6000.0,0.0,4848.005,-351.605,0.0,0.0,0.0,0.0,0.0,-95.782,0.0,-1216.0,0.0,-216.0,75.0,0.0,0.0,0.0,0.0,-151.0,0.0,0.0,2.78381,12.17372,-0.02449,0.1321,-0.36615,0.49225,0.01918,0.69213,-0.03861,0.13347,0.0,-239.348,6075.0,0.0,6696.329,-234.575,-0.0612,0.29023,1.55331,12.30772,1.6522,0.95712,0.06392,0.95739,0.01611,96.42857,0.98338,1.80211,0.0,-10.7493,86.2926,0.0,277.0289,-28.7203,-1.501,48,19,35,209,3,19,17,248,209,17,22,0,209,20,19,0,8,0,2,0.842741935483871,0.842741935483871,248,28,14,-4.434,11215.105,0.0,0.0,75.0,0.0,-327.605,-95.782,-1432.0,0.0,-151.0,11215.105,0.0,0.0,75.0,0.0,-327.605,-95.782,-1432.0,0.0,-151.0,0,13,60,60,0,3,3,0,111,5,2,0,2,0,1.0,0,4,2,0,0,964,12,12,144,144,136,52,223,223,0,0,169,64,0,0,275,0,0,1,2,2,0,0,0,27,1,2,0,3200,0,11,0,0,0,8758,17.629595798127426,1.032383419689119,9.271523178807946,1.1431034636371793,5.788992920758164,0.8449417675268326,2.465483234714004,0.0016382961025461797,0.0025254371213722835,0.009175749256032137,-0.055308686932587524,0.9039648103516131,0.7328331722758124,0.15680405534649292,0.017674260239476238,0.3146750243961011,0.20420747188973523,0.02261619819158595,2757.0,0.41819230846264815,0.8494740660137831,2757.0,234,222,,,,,,,,,,,,,,,,,,,,,,,,,,,,,,
112,25_5_2_5_2_1,25_5_2_5_2_1_StartGoalLocations_Seed1016.csv,60,-255.96843680739403,57,0.95,7,12,7,7,0,12,2,788,12,781,0.015228426395939087,0.4358497582744515,4.331329629035766,3,2,2,0.17338784612525554,0.39081955026946663,4.727166493733724,0,0,0,12,24,1,788,1135,1032,103,4,22,22,0,21,2,39,3,18,18,18,0,1,0,0,0,0,0,0,0,0,0,0,0,18.0,2.0,12.0,-90.60000000000004,-86.4,-1200.0,216,0,2219,19,1.0,2.0,6,2.3,8.5,2.8,18.0,0.0,0.0,49.0,34.5,6.75,0.0,8.6,3,26,0,16,0,0,10,6,183,0,110,36,37,0,45,0.6011,0.1967,0,0,0,538.1,0.0,5700.0,0.0,2843.884,-1666.912,21.0,0.0,0.0,-700.0,2.786,-1522.326,0.0,-2555.5,0.0,-1324.0,50.0,0.0,0.0,0.0,0.0,-608.0,0.0,-1035.0,1.38191,10.27209,-0.41248,2.56191,-0.72096,1.16704,0.00929,0.48188,-0.30533,1.2932,0.0,-3750.09,5750.0,0.0,3423.047,-2712.818,-0.69691,2.7505,1.06857,10.24786,0.13199,1.70773,0.45679,1.52567,0.01096,97.45763,0.98922,1.15271,0.0,-98.6908,81.6761,0.0,160.1537,-185.5839,-82.095,618,32,410,1887,2,259,283,2436,2185,80,171,0,1887,290,259,0,63,14,402,0.8969622331691297,0.7746305418719212,2432,923,42,12.55,8974.584,2.211,0.0,50.0,0.0,-1538.512,-2221.751,-3879.5,0.0,-1643.0,8974.584,2.211,0.0,50.0,0.0,-1538.512,-2221.751,-3879.5,0.0,-1643.0,0,62,60,57,3,2,2,0,1245,5,12,0,12,0,1.0,0,24,19,12,13,3200,345,345,4055,4055,1046,245,427,427,8,0,1457,167,0,0,609,7,0,2,2,2,0,0,12,0,0,39,0,305,0,24,12,0,60,14775,61.32656514382403,2.34367067652577,21.88155668358714,1.7407149152726251,15.505922165820643,4.514382402707276,2.436490615451768,0.001740753611211403,0.002418339362338884,0.008806760162697174,-0.05594459477812052,0.9137730427831411,0.7238934277743101,0.14333689589984716,0.05227221020031721,0.3218478106991018,0.17405857740585773,0.023001865426419698,9560.0,0.4640224326757527,0.8345188284518829,9560.0,2240,2121,3.0,4.73,8.0,20.0,354.7,,,,,,,,,,,,,,,,6.32,9.65,0.0,0.0,0.0,,,,,
113,50_20_5_10_5_2,50_20_5_10_5_2_StartGoalLocations_Seed1009.csv,25,5233.499950863421,25,1.0,0,0,0,0,0,0,0,0,0,0,0.0,0.0,9.961780104712043,1,1,1,0.0,0.9214659685863874,0.0,0,0,0,0,0,0,0,0,0,0,0,0,0,0,0,0,0,0,0,0,0,0,0,0,0,0,0,0,0,0,0,0,0,0,0.0,0.0,0.0,0.0,0.0,0.0,0,0,0,0,,1.0,1,,2.5,,43.0,,0.0,,0.0,31.71,0.0,0.0,0,0,0,0,0,0,0,0,77,0,69,2,6,0,0,0.8961,0.026,0,0,0,191.0,0.0,2500.0,0.0,2652.0,-115.5,0.0,0.0,0.0,0.0,0.0,0.0,0.0,0.0,0.0,0.0,25.0,0.0,0.0,0.0,0.0,-19.0,0.0,0.0,2.73691,11.22988,0.0,0.0,0.0,0.0,0.01309,0.57189,-0.00995,0.06982,0.0,0.0,2525.0,0.0,3707.63,-85.155,0.0,0.0,1.32199,11.37847,1.89658,0.83123,0.0,0.0,0.01361,97.11538,0.98691,2.01209,0.0,0.0,35.8665,0.0,151.5429,-7.6857,0.0,0,0,0,0,0,0,0,0,0,0,0,0,0,0,0,0,0,0,0,,,0,0,0,0.0,5335.3,0.0,0.0,25.0,0.0,-107.8,0.0,0.0,0.0,-19.0,5335.3,0.0,0.0,25.0,0.0,-107.8,0.0,0.0,0.0,-19.0,0,0,25,25,0,1,1,0,0,5,0,0,0,0,,0,0,0,0,0,900,0,0,0,0,0,0,0,0,0,0,0,0,0,0,50,0,0,0,0,0,0,0,0,0,0,0,0,3200,0,0,0,0,0,4017,3.286034353995519,1.0,0.8961911874533234,1.3333333498901792,0.8961911874533234,0.14936519790888722,2.2777777777777777,0.001855212138535636,0.0024248714129337006,0.00986432927660644,-0.05688878984914886,0.9328646392292447,0.6938432253731621,0.17130573597219256,0.03454372963919822,0.3193421462078083,0.18076477404403243,0.023399798206078567,2589.0,0.4664404644632558,0.8443414445731943,2589.0,0,0,,,,,,,,,,,,,,,,,,,,,,,,,,,,,,
114,50_20_5_10_5_2,50_20_5_10_5_2_StartGoalLocations_Seed1019.csv,40,7069.756679058075,40,1.0,0,0,0,0,0,0,0,29,0,29,0.0,0.011385199240986717,9.550653985691252,0,0,0,0.005313092979127135,0.9032258064516129,0.0,0,0,0,0,0,0,29,30,30,0,2,0,0,0,0,0,0,0,0,0,0,0,0,0,0,0,0,0,0,0,0,0,0,0,0.0,1.0,0.0,0.0,-26.4,0.0,0,0,60,0,,,0,,,,,,,,,28.8,0.0,0.3,0,0,0,0,0,0,0,0,85,0,81,2,2,0,0,0.9529,0.0235,0,0,0,263.5,0.0,4000.0,0.0,3555.216,-159.216,0.0,0.0,0.0,0.0,0.0,-1.243,0.0,-538.5,0.0,0.0,0.0,0.0,0.0,0.0,0.0,-50.0,0.0,0.0,2.90683,12.08455,-0.00047,0.01712,-0.20436,0.2458,0.0,0.0,-0.01898,0.09554,0.0,-29.243,4000.0,0.0,4860.937,-110.23,-0.0111,0.07717,1.51803,12.22695,1.80292,0.81592,0.02125,0.5222,0.01518,100.0,0.98482,1.91567,0.0,-1.6215,56.8182,0.0,203.1552,-11.9552,-1.218,1,1,0,57,0,0,3,60,57,3,0,0,57,3,0,0,0,0,0,0.95,0.95,60,0,0,-0.0,7807.916,0.0,0.0,0.0,0.0,-148.416,-1.243,-538.5,0.0,-50.0,7807.916,0.0,0.0,0.0,0.0,-148.416,-1.243,-538.5,0.0,-50.0,0,1,40,40,0,0,0,0,27,5,0,0,0,0,,0,0,0,0,0,560,0,0,112,112,116,4,0,0,0,0,152,0,0,0,255,0,0,1,1,1,0,0,0,13,0,0,0,3200,0,13,0,0,0,5201,11.363199384733704,1.027072758037225,4.460680638338781,1.0353448368480493,2.2303403191693905,0.0,4.017241379310345,0.001542267778495443,0.002394018358817058,0.009828371917163688,-0.05611764847167901,0.9283239028283528,0.7057096383401326,0.18205665264810836,0.01408763209058504,0.3345480250042551,0.143917761279269,0.024314106978643425,1751.0,0.45468612032905775,0.8400913763563678,1751.0,58,56,,,,,,,,,,,,,,,,,,,,,,,,,,,,,,
115,25_5_2_5_2_1,25_5_2_5_2_1_StartGoalLocations_Seed1000.csv,60,4279.803916335106,59,0.9833333333333333,3,1,3,3,0,1,1,154,1,151,0.006493506493506494,0.17310734463276836,6.387740318349189,9,7,6,0.1367231638418079,0.5507344632768362,14.5,2,8,1,1,4,0,153,327,327,0,2,5,5,0,5,2,3,4,1,1,1,0,0,0,0,0,0,0,0,0,0,0,0,0,1.0,1.0,1.0,-4.8,-26.4,-200.0,34,0,766,1,2.0,7.0,10,7.0,4.26,10.5,8.29,0.0,0.0,0.0,8.1,6.79,0.0,8.8,0,10,0,5,0,0,0,5,437,0,293,39,105,0,44,0.6705,0.0892,0,0,0,442.5,0.0,5900.0,0.0,3090.379,-1779.612,0.0,0.0,0.0,-300.0,3.449,-427.412,0.0,-1627.5,0.0,-472.0,175.0,0.0,0.0,0.0,0.0,-380.0,0.0,-345.0,1.72955,11.50241,-0.16361,1.85273,-0.47446,0.82141,0.03955,0.99355,-0.16384,0.84114,0.0,-1271.552,6075.0,0.0,3533.696,-2081.295,-0.28736,1.95973,1.37288,11.50814,0.32823,1.54212,0.19548,1.47,0.01492,92.04545,0.98531,1.28784,0.0,-28.4741,86.2926,0.0,175.9931,-142.5207,-19.461,237,36,178,712,18,36,83,850,731,56,63,0,712,102,36,0,41,0,60,0.86,0.8376470588235294,850,131,40,-2.411,9311.579,3.2,0.0,175.0,0.0,-1658.312,-727.163,-2099.5,0.0,-725.0,9311.579,3.2,0.0,175.0,0.0,-1658.312,-727.163,-2099.5,0.0,-725.0,0,44,60,59,1,7,7,0,378,5,1,0,1,0,1.0,0,4,4,0,0,3200,28,28,578,578,412,176,521,521,8,0,1108,398,0,0,937,3,0,1,1,1,0,0,30,88,0,40,0,305,0,86,0,0,0,21894,36.932492920434825,2.210610932475884,14.259614506257423,1.3304772787118266,8.349319448250663,1.9366036356992784,2.547592997811816,0.0017779167889239035,0.0024043990163772834,0.009738856219046283,-0.05549653885886073,0.9306714787334204,0.719591920208186,0.19567842073738576,0.010967266726656816,0.3315955935518092,0.16873242370586397,0.023389758410680875,9601.0,0.42521610319743036,0.8443912092490365,9601.0,804,773,1.0,14.5,16.0,0.0,46.0,,,,,,,,,,,,,,,,,,,,,,,,,
116,50_20_5_10_5_2,50_20_5_10_5_2_StartGoalLocations_Seed1018.csv,60,8597.141804039478,59,0.9833333333333333,2,0,2,2,0,0,0,115,0,113,0.0,0.041231012033931744,9.322212677167515,4,4,3,0.08481262327416174,0.8457593688362919,11.5,1,4,0,0,0,1,112,113,113,0,2,12,12,0,11,2,3,7,0,0,0,0,5,0,0,0,0,0,0,0,0,0,0,0,0.0,0.0,0.0,0.0,0.0,0.0,38,0,223,5,,4.0,5,,11.25,,31.25,,0.0,,0.0,27.82,0.1,1.1,0,3,0,2,0,0,0,1,164,0,134,11,19,0,1,0.8171,0.0671,0,0,0,507.0,0.0,5900.0,0.0,6028.649,-851.679,3.5,0.0,0.0,-200.0,0.946,-86.274,0.0,-1794.0,0.0,-520.0,100.0,0.0,0.0,0.0,0.0,-146.0,0.0,-345.0,2.2855,10.65953,-0.05628,1.40674,-0.45641,0.88833,0.01972,0.70193,-0.09684,0.76615,0.0,-434.694,6000.0,0.0,8144.375,-1024.242,-0.08574,1.46551,1.18343,10.74539,1.40437,1.46032,0.04536,1.88997,0.01243,95.2381,0.98817,1.83006,0.0,-9.5779,85.2273,0.0,343.1228,-75.1531,-11.521,35,17,20,157,2,35,34,228,210,3,15,0,157,36,35,0,1,0,57,0.9210526315789473,0.6885964912280702,228,106,12,0.366,12380.385,0.8,0.0,100.0,0.0,-792.915,-286.128,-2314.0,0.0,-491.0,12380.385,0.8,0.0,100.0,0.0,-792.915,-286.128,-2314.0,0.0,-491.0,0,16,60,59,1,4,4,0,97,5,0,0,0,0,,0,0,2,1,2,3200,72,72,189,189,144,64,127,127,4,0,68,4,0,0,234,0,0,0,0,0,0,0,6,0,0,6,0,3200,0,2,1,0,5,16038,10.761940391570022,1.0,5.798728020950243,1.5670967936836264,4.8073325851103625,1.9827908716797606,2.0804150453955903,0.0016269691510569827,0.002438347269198857,0.009322848548181354,-0.05416602819226682,0.92675611756742,0.7622065704315901,0.178650839086622,0.040809148039843424,0.32864448396297236,0.18291884816753926,0.022703850485380518,9168.0,0.39267744218723777,0.8634380453752182,9168.0,220,183,1.0,11.5,7.0,0.0,50.0,,,,,,,,,,,,,,,,,,,,,,,,,
117,50_20_5_10_5_2,50_20_5_10_5_2_StartGoalLocations_Seed1015.csv,25,4911.786926150322,23,0.92,1,0,1,1,0,0,0,18,0,17,0.0,0.012987012987012988,9.835095564819223,9,6,7,0.12863327149041434,0.8658008658008658,1.5,2,5,0,0,0,0,17,17,17,0,2,0,0,0,0,0,0,0,0,0,0,0,0,0,0,0,0,0,0,0,0,0,0,0,0.0,0.0,0.0,0.0,0.0,0.0,7,0,32,0,2.0,6.0,10,18.75,23.58,44.5,52.67,0.0,0.0,0.0,0.0,19.0,0.0,0.0,0,2,0,1,0,0,0,1,80,0,61,18,1,0,0,0.7625,0.225,0,0,0,323.4,0.0,2300.0,0.0,3666.912,-750.852,0.0,0.0,0.0,-100.0,0.095,-25.269,0.0,-98.5,0.0,-96.0,150.0,0.0,0.0,0.0,0.0,-113.0,0.0,-345.0,1.71288,8.40023,-0.03871,1.24414,-0.06014,0.49909,0.04638,1.07583,-0.14162,0.98382,0.0,-159.854,2450.0,0.0,5224.454,-929.344,-0.04943,1.28941,0.75758,8.46788,1.32811,1.7522,0.01175,4.20668,0.00897,84.48276,0.99072,1.92066,0.0,-3.5479,34.8011,0.0,208.3093,-67.8487,-2.694,5,4,1,16,0,5,13,34,23,5,6,0,16,13,5,0,2,0,12,0.6764705882352942,0.47058823529411764,34,20,6,-0.32,6240.012,0.0,0.0,150.0,0.0,-700.552,-125.174,-194.5,0.0,-458.0,6240.012,0.0,0.0,150.0,0.0,-700.552,-125.174,-194.5,0.0,-458.0,0,7,25,23,2,4,4,1,10,5,0,0,0,0,,0,0,1,0,0,3200,0,0,40,40,110,28,1,1,0,0,0,0,0,0,191,0,0,0,0,0,0,0,2,0,0,2,0,3200,0,2,0,0,0,17518,14.910377897020208,1.0,5.605662746888914,1.541738821723728,3.7561365452677244,1.1759333257221143,2.5288753799392096,0.0015326658800745463,0.002307461075251922,0.009919209579820745,-0.05337406636681408,0.9194189976155758,0.7898031344637275,0.17436065064743161,0.00859407502313843,0.32359572093429145,0.19696969696969696,0.02216091248587107,8976.0,0.39510265987732907,0.8597370766488414,8976.0,32,25,,,,,,1.0,1.0,1.5,40.32,1.5,51.0,0.0,0.0,8.0,11.0,,,,,,,,,,,,,,,
118,50_20_5_10_5_2,50_20_5_10_5_2_StartGoalLocations_Seed1012.csv,40,9681.299939274788,40,1.0,0,0,0,0,0,0,0,0,0,0,0.0,0.008241758241758242,9.818750000698662,10,10,8,0.003434065934065934,0.8427197802197802,0.0,2,8,0,0,0,0,0,0,0,0,0,0,0,0,0,0,0,0,0,0,0,0,0,0,0,0,0,0,0,0,0,0,0,0,0.0,0.0,0.0,0.0,0.0,0.0,0,0,0,0,,10.0,10,,25.2,,56.15,,0.0,,0.0,30.55,0.0,0.0,0,0,0,0,0,0,0,0,177,0,109,38,30,0,0,0.6158,0.2147,0,0,0,436.8,0.0,4000.0,0.0,5544.0,-393.0,0.0,0.0,0.0,0.0,0.0,0.0,0.0,0.0,0.0,0.0,250.0,0.0,0.0,0.0,0.0,-156.5,0.0,0.0,2.19501,9.44548,0.0,0.0,0.0,0.0,0.05723,1.19482,-0.03583,0.12896,0.0,0.0,4250.0,0.0,8361.128,-322.35,0.0,0.0,0.97299,9.59475,1.84038,1.0869,0.0,0.0,0.01145,85.0,0.9881,2.01193,0.0,-0.1519,60.3693,0.0,316.8,-31.4,-5.209,0,0,0,0,0,0,0,0,0,0,0,0,0,0,0,0,0,0,0,,,0,0,0,0.0,9954.6,0.0,0.0,250.0,0.0,-366.8,0.0,0.0,0.0,-156.5,9954.6,0.0,0.0,250.0,0.0,-366.8,0.0,0.0,0.0,-156.5,0,0,40,40,0,9,9,0,0,5,0,0,0,0,,0,0,0,0,0,1292,0,0,0,0,228,0,0,0,0,0,16,0,0,0,220,0,0,0,0,0,0,0,0,0,0,0,0,3200,0,0,0,0,0,13221,11.580062022539899,1.0,5.62741093714545,1.7100470688329228,4.054156266545647,1.0589214129037139,2.6641791044776117,0.0015757901154849758,0.002473381688189765,0.009886930516456765,-0.05226739913501976,0.9266039817694909,0.7971832553853192,0.10666731123354044,0.0812332063928483,0.3281449685815527,0.17768028516588977,0.02278791818458575,3647.0,0.44997253756796807,0.835481217438991,3647.0,0,0,,,,,,,,,,,,,,,,,,,,,,,,,,,,,,
119,25_5_2_5_2_1,25_5_2_5_2_1_StartGoalLocations_Seed1004.csv,25,2711.288754314184,25,1.0,0,2,0,0,0,2,1,69,2,69,0.028985507246376812,0.07549759780370624,7.459420389153815,0,0,0,0.02608098833218943,0.6355525051475635,0.0,0,0,0,2,4,0,69,73,73,0,2,5,5,0,4,2,4,0,5,5,5,0,0,0,0,0,0,0,0,0,0,0,0,0,5.0,0.0,2.0,-23.999999999999996,0.0,-200.0,9,0,125,5,,,0,,,,,,,,,11.8,0.0,3.2,0,4,0,1,0,0,0,1,91,0,62,3,26,0,3,0.6813,0.033,0,0,0,145.7,0.0,2500.0,0.0,1383.03,-535.53,0.0,0.0,0.0,0.0,0.0,-62.411,0.0,-561.5,0.0,-104.0,0.0,0.0,0.0,0.0,0.0,-54.0,0.0,0.0,2.39753,12.97198,-0.04284,0.17238,-0.45676,0.51921,0.0,0.0,-0.03706,0.13099,0.0,-149.147,2500.0,0.0,1635.105,-464.414,-0.10237,0.37813,1.71585,12.9862,0.80349,1.30737,0.10158,1.00775,0.01716,100.0,0.98284,1.46614,0.0,-8.6996,35.5114,0.0,79.0303,-33.6874,-1.396,32,30,27,113,0,21,12,146,135,2,9,0,113,12,21,0,13,0,11,0.9246575342465754,0.773972602739726,146,30,4,-2.264,3992.13,0.0,0.0,0.0,0.0,-498.93,-62.411,-665.5,0.0,-54.0,3992.13,0.0,0.0,0.0,0.0,-498.93,-62.411,-665.5,0.0,-54.0,0,5,25,25,0,0,0,0,68,5,2,0,2,0,1.0,0,4,2,0,0,568,74,74,198,198,164,20,0,0,0,0,62,0,0,0,511,0,0,0,0,0,0,0,1,0,0,1,0,305,0,2,0,0,0,2868,63.249651324965136,1.615766262403528,18.13110181311018,1.1638461668760731,12.238493723849372,1.5341701534170153,2.8119658119658117,0.00120826408020151,0.0025388024998238496,0.010376918805159733,-0.05087657448586444,0.9289437851435701,0.8064395537678625,0.10822812315653747,0.04444994593226075,0.33610624694903957,0.19063545150501673,0.02122521911500144,1495.0,0.3948647690560033,0.8488294314381271,1495.0,140,120,,,,,,,,,,,,,,,,,,,,,,,,,,,,,,
120,50_20_5_10_5_2,50_20_5_10_5_2_StartGoalLocations_Seed1010.csv,60,10108.39974308014,60,1.0,0,0,0,0,0,0,0,21,0,21,0.0,0.001594048884165781,9.658873534734647,3,2,3,0.006110520722635494,0.8586609989373007,0.0,1,2,0,0,0,0,21,21,21,0,2,0,0,0,0,0,0,0,0,0,0,0,0,0,0,0,0,0,0,0,0,0,0,0,0.0,0.0,0.0,0.0,0.0,0.0,1,0,42,0,1.0,2.0,3,0.5,17.25,19.0,44.0,0.0,0.0,0.0,0.0,23.39,0.0,0.0,0,0,0,0,0,0,0,0,205,0,136,2,67,0,0,0.6634,0.0098,0,0,0,376.4,0.0,6000.0,0.0,4849.05,-497.55,0.0,0.0,0.0,0.0,0.0,0.0,0.0,-602.0,0.0,0.0,50.0,0.0,0.0,0.0,0.0,-67.5,0.0,0.0,2.85013,12.40854,0.0,0.0,-0.15994,0.23321,0.01328,0.57612,-0.01793,0.09298,0.0,-21.0,6050.0,0.0,6365.162,-348.461,-0.00558,0.05252,1.60733,12.53609,1.59849,0.98545,0.01116,0.5,0.01647,97.58065,0.98353,1.81351,0.0,-0.6356,85.9375,0.0,277.0886,-32.2886,-0.8,0,0,0,41,0,1,0,42,41,0,1,0,41,0,1,0,0,0,0,0.9761904761904762,0.9761904761904762,42,0,0,0.0,11192.25,0.0,0.0,50.0,0.0,-464.35,0.0,-602.0,0.0,-67.5,11192.25,0.0,0.0,50.0,0.0,-464.35,0.0,-602.0,0.0,-67.5,0,0,60,60,0,2,2,0,21,5,0,0,0,0,,0,0,0,0,0,964,0,0,0,0,16,0,84,84,0,0,282,0,0,0,312,0,0,0,0,0,0,0,0,0,0,0,0,3200,0,0,0,0,0,7748,9.576664945792462,1.0,1.6520392359318534,1.1220703312428668,0.980898296334538,0.02581311306143521,2.5,0.0013035484521556307,0.002523821822070049,0.010421842910519404,-0.05120898206637113,0.9332074923634035,0.7973745580283438,0.11013851095284664,0.041348952158543575,0.32236171173079836,0.18188539741219964,0.02270546228390816,2705.0,0.4529311721982665,0.8458410351201479,2705.0,41,20,,,,,,,,,,,,,,,,,,,,,,,,,,,,,,
121,25_5_2_5_2_1,25_5_2_5_2_1_StartGoalLocations_Seed1013.csv,40,1927.186631679535,38,0.95,3,4,3,3,0,4,1,150,4,147,0.02666666666666667,0.27913587265491757,6.081280690883119,4,4,3,0.20403523728331913,0.49445865302642794,3.5,1,3,0,4,8,0,149,402,306,96,3,9,9,0,9,2,6,5,4,4,4,0,0,0,0,0,0,0,0,0,0,0,0,0,4.0,4.0,4.0,-20.4,-129.60000000000002,-412.5,33,0,751,4,,4.0,5,,4.18,,7.75,,0.0,,13.8,8.83,0.1,15.1,0,12,0,7,0,0,2,4,122,0,97,5,20,0,10,0.7951,0.041,0,0,0,351.9,0.0,3800.0,0.0,2337.457,-1307.612,3.5,0.0,0.0,-300.0,4.764,-419.322,0.0,-1242.5,0.0,-752.0,100.0,0.0,0.0,0.0,0.0,-304.0,0.0,-345.0,1.4735,10.37415,-0.20306,2.07012,-0.56678,1.12058,0.02842,0.84239,-0.18443,0.92068,0.0,-1359.391,3900.0,0.0,2694.258,-1623.328,-0.3863,2.2099,1.10827,10.36665,0.30433,1.55241,0.26428,1.46171,0.01194,92.85714,0.98863,1.24104,0.0,-39.4156,55.3977,0.0,131.769,-109.8064,-23.456,380,44,290,757,30,53,91,931,756,77,98,0,757,121,53,0,82,3,115,0.8120300751879699,0.8131041890440387,929,162,37,2.833,6401.457,4.391,0.0,100.0,0.0,-1216.212,-718.949,-1994.5,0.0,-649.0,6401.457,4.391,0.0,100.0,0.0,-1216.212,-718.949,-1994.5,0.0,-649.0,0,52,40,38,2,4,3,0,529,5,4,0,4,0,1.0,0,8,7,2,2,3200,73,73,1490,1490,536,208,498,498,12,0,861,62,0,0,624,0,0,2,4,4,0,0,16,96,2,40,0,305,0,42,2,0,10,12739,55.64801004788445,1.7930596699111299,23.54972917811445,1.6159416921858987,13.658842923306382,8.49360232357328,1.7459770114942528,0.0018446430434914873,0.0023675077850930392,0.010511866101587657,-0.05439214676618576,0.9433048034459353,0.7780220771580935,0.12474800775758922,0.027069525440310827,0.3147698176283008,0.19904688019505706,0.02260427311025687,9023.0,0.401360579647118,0.8566995456056744,9023.0,864,611,1.0,3.5,3.12,5.0,109.0,,,,,,,,,,,,,,,,,,,,,,,,,
122,50_20_5_10_5_2,50_20_5_10_5_2_StartGoalLocations_Seed1002.csv,60,10455.899842858315,59,0.9833333333333333,0,0,0,0,0,0,0,0,0,0,0.0,0.0,9.67251712328767,4,3,2,0.0008561643835616438,0.8809931506849316,0.0,1,3,0,0,0,0,0,0,0,0,0,0,0,0,0,0,0,0,0,0,0,0,0,0,0,0,0,0,0,0,0,0,0,0,0.0,0.0,0.0,0.0,0.0,0.0,0,0,0,0,1.0,3.0,4,20.0,20.83,55.0,37.0,0.0,0.0,0.0,0.0,21.39,0.0,0.0,0,0,0,0,0,0,0,0,144,0,121,8,15,0,0,0.8403,0.0556,0,0,0,350.4,0.0,5900.0,0.0,4617.0,-459.0,0.0,0.0,0.0,0.0,0.0,0.0,0.0,0.0,0.0,0.0,75.0,0.0,0.0,0.0,0.0,-27.5,0.0,0.0,2.97043,12.74019,0.0,0.0,0.0,0.0,0.0214,0.73119,-0.00785,0.06215,0.0,0.0,5975.0,0.0,5933.95,-368.445,0.0,0.0,1.70519,12.88435,1.58833,0.98135,0.0,0.0,0.01769,96.37097,0.98259,1.8305,0.0,0.0,84.8722,0.0,263.8286,-27.8,0.0,0,0,0,0,0,0,0,0,0,0,0,0,0,0,0,0,0,0,0,,,0,0,0,0.0,10836.8,0.0,0.0,75.0,0.0,-428.4,0.0,0.0,0.0,-27.5,10836.8,0.0,0.0,75.0,0.0,-428.4,0.0,0.0,0.0,-27.5,0,0,60,59,1,3,2,0,0,5,0,0,0,0,,0,0,0,0,0,896,0,0,0,0,4,0,0,0,0,0,80,0,0,0,334,0,0,0,0,0,0,0,0,0,0,0,0,3200,0,0,0,0,0,8003,10.046232662751468,1.0,2.199175309259028,1.4420454740862956,2.074222166687492,0.32487817068599273,3.0963855421686746,0.002213753337075884,0.0023871930716268253,0.011699496647841963,-0.057008696670111804,0.9414830133318901,0.7764530434672322,0.14813106194404618,-0.0021151816067036372,0.36652378520509465,0.15909972836631742,0.022716173305969672,2577.0,0.42045381992619796,0.8451688009313155,2577.0,0,0,,,,,,,,,,,,,,,,,,,,,,,,,,,,,,
123,50_20_5_10_5_2,50_20_5_10_5_2_StartGoalLocations_Seed1001.csv,40,6422.19991055131,40,1.0,0,0,0,0,0,0,0,0,0,0,0.0,0.0,9.919401266551526,0,0,0,0.0017271157167530224,0.9078871617731722,0.0,0,0,0,0,0,0,0,0,0,0,0,0,0,0,0,0,0,0,0,0,0,0,0,0,0,0,0,0,0,0,0,0,0,0,0.0,0.0,0.0,0.0,0.0,0.0,0,0,0,0,,,0,,,,,,,,,19.5,0.0,0.0,0,0,0,0,0,0,0,0,81,0,80,1,0,0,0,0.9877,0.0123,0,0,0,173.7,0.0,4000.0,0.0,2365.5,-85.5,0.0,0.0,0.0,0.0,0.0,0.0,0.0,0.0,0.0,0.0,0.0,0.0,0.0,0.0,0.0,-31.5,0.0,0.0,3.71543,14.8097,0.0,0.0,0.0,0.0,0.0,0.0,-0.01813,0.09348,0.0,0.0,4000.0,0.0,2932.315,-80.275,0.0,0.0,2.30282,14.9993,1.64193,0.74421,0.0,0.0,0.02303,100.0,0.97697,1.77524,0.0,0.0,56.8182,0.0,135.1714,-6.6857,0.0,0,0,0,0,0,0,0,0,0,0,0,0,0,0,0,0,0,0,0,,,0,0,0,0.0,6533.5,0.0,0.0,0.0,0.0,-79.8,0.0,0.0,0.0,-31.5,6533.5,0.0,0.0,0.0,0.0,-79.8,0.0,0.0,0.0,-31.5,0,0,40,40,0,0,0,0,0,5,0,0,0,0,,0,0,0,0,0,400,0,0,0,0,0,0,0,0,0,0,0,0,0,0,102,0,0,0,0,0,0,0,0,0,0,0,0,3200,0,0,0,0,0,3393,4.0377247273799,1.0,0.0,0.0,0.0,0.0,0.0,0.0019868423522711965,0.0023933409864548595,0.011159667996689677,-0.0549737323820591,0.9229761087894439,0.8141929331421852,0.15250389337539672,-0.01564339083386585,0.33057010263406916,0.17458777885548013,0.020429932711582163,1031.0,0.42987916629967415,0.8438409311348206,1031.0,0,0,,,,,,,,,,,,,,,,,,,,,,,,,,,,,,
124,50_20_5_10_5_2,50_20_5_10_5_2_StartGoalLocations_Seed1001.csv,40,6647.499943315983,40,1.0,0,1,0,0,0,1,0,42,1,42,0.023809523809523808,0.022879684418145956,9.625838264299803,5,5,3,0.009861932938856016,0.7857988165680473,0.0,1,4,0,1,2,0,42,42,42,0,2,0,0,0,0,0,0,0,0,0,0,0,0,0,0,0,0,0,0,0,0,0,0,0,0.0,0.0,1.0,0.0,0.0,-100.0,2,0,82,0,,5.0,5,,20.0,,35.2,,0.0,,0.0,19.7,0.0,1.4,0,2,0,0,0,0,0,0,173,0,80,71,22,0,26,0.4624,0.4104,0,0,0,253.5,0.0,4000.0,0.0,3021.0,-211.5,3.5,0.0,0.0,0.0,0.0,0.0,0.0,-341.5,0.0,-44.0,125.0,0.0,0.0,0.0,0.0,-158.5,0.0,0.0,2.78757,12.34867,0.0,0.0,-0.15207,0.33713,0.04931,1.10919,-0.06252,0.16539,0.0,-50.0,4125.0,0.0,3829.24,-248.865,-0.01972,0.15386,1.62722,12.50503,1.41238,1.01458,0.03314,0.59524,0.01775,91.66667,0.98264,1.63714,0.0,-4.1399,58.5937,0.0,172.8286,-21.1429,0.0,24,24,21,81,0,1,1,84,83,0,1,0,81,2,1,0,0,0,2,0.9880952380952381,0.9642857142857143,84,0,0,0.0,7263.9,0.0,0.0,125.0,0.0,-197.4,0.0,-385.5,0.0,-158.5,7263.9,0.0,0.0,125.0,0.0,-197.4,0.0,-385.5,0.0,-158.5,0,0,40,40,0,5,5,0,42,5,1,0,1,0,1.0,0,2,1,0,0,872,0,0,127,127,64,0,41,41,0,0,0,0,0,0,226,0,0,0,0,0,0,0,0,0,0,0,0,3200,0,0,0,0,0,6711,14.02175532707495,1.006376195536663,8.41901355982715,1.3266814356323628,5.260020861272538,0.9238563552376695,2.912181303116147,0.0020187654811314867,0.0023280683821579867,0.010639405196293368,-0.0567339183848112,0.9394711832934564,0.7867507968747288,0.14108369229446857,0.00977223816727194,0.3440468762194117,0.1575,0.022014479471324774,2400.0,0.4017076550082614,0.85125,2400.0,81,8,,,,,,,,,,,,,,,,,,,,,,,,,,,,,,
125,50_20_5_10_5_2,50_20_5_10_5_2_StartGoalLocations_Seed1000.csv,25,3438.699931025505,21,0.84,0,0,0,0,0,0,0,0,0,0,0.0,0.0,9.91206313416009,4,0,0,0.0,0.963923337091319,0.0,1,4,0,0,0,0,0,0,0,0,0,0,0,0,0,0,0,0,0,0,0,0,0,0,0,0,0,0,0,0,0,0,0,0,0.0,0.0,0.0,0.0,0.0,0.0,0,0,0,0,4.0,,4,3.5,,24.25,,0.0,,0.0,,16.48,0.0,0.0,0,0,0,0,0,0,0,0,51,0,43,7,1,0,0,0.8431,0.1373,0,0,0,88.7,0.0,2100.0,0.0,1269.0,-13.5,0.0,0.0,0.0,0.0,0.0,0.0,0.0,0.0,0.0,0.0,0.0,0.0,0.0,0.0,0.0,-5.5,0.0,0.0,3.88298,14.98703,0.0,0.0,0.0,0.0,0.0,0.0,-0.0062,0.05533,0.0,0.0,2100.0,0.0,1523.835,-16.255,0.0,0.0,2.36753,15.20355,1.69964,0.50853,0.0,0.0,0.02368,100.0,0.97632,1.77839,0.0,0.0,29.8295,0.0,72.5143,-1.0857,0.0,0,0,0,0,0,0,0,0,0,0,0,0,0,0,0,0,0,0,0,,,0,0,0,0.0,3456.8,0.0,0.0,0.0,0.0,-12.6,0.0,0.0,0.0,-5.5,3456.8,0.0,0.0,0.0,0.0,-12.6,0.0,0.0,0.0,-5.5,0,0,25,21,4,0,0,0,0,5,0,0,0,0,,0,0,0,0,0,208,0,0,0,0,0,0,0,0,0,0,0,0,0,0,6,0,0,0,0,0,0,0,0,0,0,0,0,3200,0,0,0,0,0,1800,1.2222222222222223,1.0,0.0,0.0,0.0,0.0,0.0,0.0024966128278790098,0.002071363627552413,0.00902069138828665,-0.05713271614737236,0.9381688913473716,0.7943164362357213,0.14812433948883644,-0.002121603349223733,0.3569191050991206,0.16725352112676056,0.021939378134794386,568.0,0.39165268748552656,0.8609154929577465,568.0,0,0,,,,,,,,,,,,,,,,,,,,,,,,,,,,,,
126,25_5_2_5_2_1,25_5_2_5_2_1_StartGoalLocations_Seed1010.csv,60,2311.2398284226656,58,0.9666666666666667,2,6,2,2,0,6,4,688,6,686,0.00872093023255814,0.5367463026166098,3.687177390733202,3,3,3,0.24681528662420382,0.43016378525932664,3.9311344623565674,1,2,0,6,12,1,688,1020,937,83,4,173,173,0,171,2,4,45,127,127,127,0,0,0,0,0,0,0,0,0,0,0,0,0,127.0,3.0,6.0,-609.5999999999971,-120.59999999999998,-600.0,464,0,1699,127,,3.0,5,,6.0,,15.67,,0.0,,33.0,6.94,0.0,10.3,1,12,0,6,0,0,3,4,222,0,144,36,42,0,36,0.6486,0.1622,0,0,0,439.6,0.0,5800.0,0.0,2453.535,-1159.557,7.0,0.0,0.0,-200.0,3.505,-1398.842,0.0,-2014.0,0.0,-724.0,75.0,0.0,0.0,0.0,0.0,-281.0,0.0,-690.0,1.71533,11.4214,-0.36291,1.54319,-0.62284,0.88534,0.01706,0.65287,-0.22088,1.15498,0.0,-2909.517,5875.0,0.0,2909.544,-1824.975,-0.66186,1.70151,1.33644,11.4271,0.24672,1.59019,0.50728,1.30472,0.01388,96.31148,0.98681,1.09141,0.0,-79.5858,83.4517,0.0,139.4085,-120.5526,-99.093,415,30,230,1229,18,561,389,2198,1760,307,131,0,1228,409,561,0,254,3,666,0.8007279344858963,0.5586897179253867,2198,1070,127,-26.32,8588.966,3.335,0.0,75.0,0.0,-1048.389,-1598.672,-2738.0,0.0,-971.0,8588.966,3.335,0.0,75.0,0.0,-1048.389,-1598.672,-2738.0,0.0,-971.0,0,278,60,58,2,3,3,0,925,5,6,0,6,0,1.0,0,12,8,4,5,3200,1236,1236,1816,1816,2207,1110,542,542,24,0,909,114,0,0,547,1,0,2,3,2,1,0,97,54,1,197,2,305,0,45,4,0,20,12946,60.02626293835934,2.0002573671342168,30.4341109222926,1.5733693065358145,23.28904680982543,10.497450950100417,1.9333333333333333,0.0016464516250334783,0.0023359225669992156,0.01101386925962288,-0.05334244564175606,0.9343650870770216,0.8102258222550154,0.23245108688250185,-0.0039466057749814355,0.3246650631680044,0.191537276283039,0.021425877394186128,8437.0,0.4391627203282856,0.8357235984354628,8437.0,2080,1522,1.0,4.3,5.0,10.0,181.0,,,,,,,,,,,,,,,,0.86,0.86,0.0,1.0,100.0,1.0,3.56,4.0,10.0,347.0
127,50_20_5_10_5_2,50_20_5_10_5_2_StartGoalLocations_Seed1012.csv,25,5129.852783411741,25,1.0,0,0,0,0,0,0,0,46,0,46,0.0,0.007849978194505015,9.561139724788008,6,6,4,0.019188835586567816,0.8273004797208897,0.0,1,4,0,0,0,0,46,46,46,0,2,0,0,0,0,0,0,0,0,0,0,0,0,0,0,0,0,0,0,0,0,0,0,0,0.0,0.0,0.0,0.0,0.0,0.0,0,0,90,0,,6.0,6,,13.0,,35.33,,0.0,,0.0,26.29,0.0,0.1,0,0,0,0,0,0,0,0,129,0,54,66,9,0,0,0.4186,0.5116,0,0,0,229.3,0.0,2500.0,0.0,2934.0,-171.0,0.0,0.0,0.0,0.0,0.413,-7.36,0.0,-416.0,0.0,0.0,150.0,0.0,0.0,0.0,0.0,-89.5,0.0,0.0,2.39525,10.28529,-0.00303,0.04916,-0.18142,0.24041,0.06542,1.27716,-0.03903,0.13414,0.0,-52.624,2650.0,0.0,3989.203,-158.32,-0.02295,0.11994,1.15569,10.45597,1.67069,0.94933,0.04012,0.572,0.01352,85.48387,0.9891,1.82871,0.0,-1.3797,37.642,0.0,167.6572,-14.8857,-1.323,0,0,0,82,0,0,10,92,88,4,0,0,82,10,0,0,2,0,8,0.9565217391304348,0.8913043478260869,92,6,2,-0.323,5651.9,0.413,0.0,150.0,0.0,-159.6,-7.36,-416.0,0.0,-89.5,5651.9,0.413,0.0,150.0,0.0,-159.6,-7.36,-416.0,0.0,-89.5,0,5,25,25,0,6,6,0,41,5,0,0,0,0,,0,0,0,0,0,1496,0,0,0,0,24,20,164,164,0,0,20,0,0,0,108,0,0,0,0,0,0,0,0,0,0,2,0,3200,0,1,0,0,0,7904,12.5,1.0,6.907894736842105,1.3368132051503483,4.187753036437247,0.9109311740890689,2.4622356495468276,0.0015798316972822331,0.002259465739103582,0.010795311123272155,-0.052670955767526347,0.9356824393897133,0.8096397104747792,0.2071591560295559,-0.0020863106567661632,0.32007866343712743,0.19084349340631998,0.02189272869185685,4019.0,0.40097229487282826,0.84921622294103,4019.0,92,52,,,,,,,,,,,,,,,,,,,,,,,,,,,,,,
128,25_5_2_5_2_1,25_5_2_5_2_1_StartGoalLocations_Seed1019.csv,25,3042.730866163969,25,1.0,0,0,0,0,0,0,0,38,0,38,0.0,0.013663535439795047,7.4034645602196125,2,2,2,0.011101622544833475,0.6524338172502135,0.0,1,2,0,0,0,0,38,38,38,0,2,0,0,0,0,0,0,0,0,0,0,0,0,0,0,0,0,0,0,0,0,0,0,0,0.0,1.0,0.0,0.0,-69.6,0.0,4,0,76,0,,2.0,2,,1.5,,9.0,,0.0,,0.0,9.59,0.0,0.0,0,0,0,0,0,0,0,0,72,0,57,4,11,0,2,0.7917,0.0556,0,0,0,117.1,0.0,2500.0,0.0,1124.631,-403.5,0.0,0.0,0.0,0.0,0.0,0.0,0.0,-284.5,0.0,0.0,50.0,0.0,0.0,0.0,0.0,-61.0,0.0,0.0,2.85075,14.41805,0.0,0.0,-0.24295,0.2499,0.0427,1.0323,-0.05209,0.15275,0.0,-37.0,2550.0,0.0,1293.452,-375.68,-0.0316,0.12166,2.17763,14.4851,0.78375,1.29801,0.06319,0.5,0.02306,94.44444,0.9778,1.45776,0.0,-3.1291,36.2216,0.0,64.2646,-26.5429,-0.727,0,0,0,70,0,4,2,76,71,1,4,0,70,2,4,0,0,0,1,0.9342105263157895,0.9210526315789473,76,0,0,0.0,3714.831,0.0,0.0,50.0,0.0,-376.6,0.0,-284.5,0.0,-61.0,3714.831,0.0,0.0,50.0,0.0,-376.6,0.0,-284.5,0.0,-61.0,0,0,25,25,0,2,2,0,37,5,0,0,0,0,,0,0,0,0,0,484,0,0,98,98,136,0,52,52,0,0,144,0,0,0,325,0,0,1,1,1,0,0,0,0,0,0,0,305,0,0,0,0,0,2485,62.17303822937626,1.601294498381877,20.6841046277666,0.8440661583610372,10.583501006036217,0.482897384305835,3.429657794676806,0.0015860408242257438,0.0023925518309158727,0.01183874210850759,-0.05187476497174295,0.9410227724343292,0.7810408918818167,0.17202454608333997,0.008928321399110224,0.3388552984048527,0.1754894851341552,0.023157851108914117,1379.0,0.3660226360603659,0.8600435097897027,1379.0,72,69,,,,,,,,,,,,,,,,,,,,,,,,,,,,,,
129,50_20_5_10_5_2,50_20_5_10_5_2_StartGoalLocations_Seed1003.csv,60,10400.799957752228,60,1.0,0,0,0,0,0,0,0,1,0,1,0.0,0.0,9.726172234140362,0,0,0,0.002451731535396874,0.907447134538768,0.0,0,0,0,0,0,0,1,1,1,0,2,0,0,0,0,0,0,0,0,0,0,0,0,0,0,0,0,0,0,0,0,0,0,0,0.0,0.0,0.0,0.0,0.0,0.0,0,0,2,0,,,0,,,,,,,,,23.38,0.0,0.0,0,0,0,0,0,0,0,0,130,0,122,2,6,0,0,0.9385,0.0154,0,0,0,326.3,0.0,6000.0,0.0,4440.0,-321.0,0.0,0.0,0.0,0.0,0.0,0.0,0.0,-30.0,0.0,0.0,0.0,0.0,0.0,0.0,0.0,-14.5,0.0,0.0,3.20113,13.2835,0.0,0.0,-0.00919,0.06717,0.0,0.0,-0.00444,0.04693,0.0,0.0,6000.0,0.0,5901.445,-218.3,0.0,0.0,1.8388,13.43498,1.74169,0.87199,0.0,0.0,0.01839,100.0,0.98161,1.91063,0.0,0.0,85.2273,0.0,253.7143,-19.1714,0.0,0,0,0,0,0,0,2,2,0,2,0,0,0,2,0,0,0,0,0,0.0,0.0,2,0,0,0.0,10744.9,0.0,0.0,0.0,0.0,-299.6,0.0,-30.0,0.0,-14.5,10744.9,0.0,0.0,0.0,0.0,-299.6,0.0,-30.0,0.0,-14.5,0,0,60,60,0,0,0,0,0,5,0,0,0,0,,0,0,0,0,0,560,0,0,2,2,12,0,0,0,0,0,12,0,0,0,595,0,0,0,0,0,0,0,0,0,0,0,0,3200,0,0,0,0,0,6408,10.674157303370787,1.0526315789473684,0.8426966292134831,0.49444445181224084,0.4525593008739076,0.0,4.758620689655173,0.0015802782944644735,0.0024239055080605403,0.011160661526290434,-0.050964065907256946,0.9347332417964935,0.8068058158670153,0.1776484291468348,-0.0045178881996045155,0.34529125940992894,0.17218095881161377,0.02149893478129699,1481.0,0.38987065915359154,0.8555030384875084,1481.0,2,0,,,,,,,,,,,,,,,,,,,,,,,,,,,,,,
130,25_5_2_5_2_1,25_5_2_5_2_1_StartGoalLocations_Seed1009.csv,40,2954.5712897777557,39,0.975,2,1,2,2,0,1,1,198,1,196,0.005050505050505051,0.1421037210665104,6.896921702626511,8,5,5,0.06152944623498389,0.5080574274831526,2.0,1,3,0,1,2,0,177,222,186,36,3,2,2,0,2,2,1,2,0,0,0,0,0,0,0,0,0,0,0,0,0,0,0,0,0.0,1.0,1.0,0.0,-55.199999999999996,-100.0,36,0,543,0,2.0,5.0,9,1.0,9.0,9.0,11.5,0.0,0.0,21.0,0.2,10.0,0.0,2.3,0,6,0,6,0,0,0,2,350,0,268,5,77,0,3,0.7657,0.0143,0,0,0,341.3,0.0,3900.0,0.0,2681.317,-1447.921,0.0,0.0,0.0,-200.0,0.204,-294.829,0.0,-1227.0,0.0,-368.0,125.0,0.0,0.0,0.0,0.0,-210.5,0.0,-345.0,1.60407,10.6678,-0.14492,1.72419,-0.46733,0.82093,0.03662,0.95618,-0.16276,0.93212,0.0,-822.705,4025.0,0.0,3020.822,-1691.853,-0.24105,1.81385,1.17931,10.66742,0.38938,1.65306,0.16437,1.4665,0.01289,91.47727,0.98682,1.39925,0.0,-19.0403,57.1733,0.0,151.3419,-112.605,-18.383,167,26,127,452,0,37,65,555,532,7,16,0,453,65,37,0,2,0,83,0.9585585585585585,0.8162162162162162,553,152,11,0.58,6823.617,0.0,0.0,125.0,0.0,-1348.921,-494.625,-1595.0,0.0,-555.5,6823.617,0.0,0.0,125.0,0.0,-1348.921,-494.625,-1595.0,0.0,-555.5,0,11,40,39,1,4,4,1,285,5,1,0,1,0,1.0,0,2,3,0,0,3200,8,8,850,850,335,44,130,130,0,0,701,156,0,0,1012,2,0,1,1,1,0,0,4,0,0,5,0,305,0,8,0,0,0,16812,58.345229597906254,1.6938525843613008,24.541993813942423,1.315208452060761,15.102307875327147,7.185343802046157,2.2564001575423394,0.0015998540858163323,0.0023951733371359294,0.010781465063337237,-0.05187145964708179,0.9454017414152622,0.7928503914549947,0.2049645623192191,-0.02118464592131204,0.3174473058213465,0.1876108287031564,0.02117295073008872,8459.0,0.39511294860614876,0.853410568625133,8459.0,535,455,,,,,,1.0,1.0,2.0,1.38,13.0,2.0,0.0,0.0,125.0,77.0,,,,,,,,,,,,,,,
131,25_5_2_5_2_1,25_5_2_5_2_1_StartGoalLocations_Seed1012.csv,25,2716.2019065618515,25,1.0,0,1,0,0,0,1,0,60,1,60,0.016666666666666666,0.10909090909090909,6.271894774752215,0,0,0,0.033884297520661154,0.5520661157024793,0.0,0,0,0,1,2,0,60,117,117,0,2,2,2,0,2,2,2,1,1,1,1,0,0,0,0,0,0,0,0,0,0,0,0,0,1.0,1.0,1.0,-4.8,-16.8,-100.0,1,0,223,1,,,0,,,,,,,,,9.4,0.0,3.5,0,2,0,0,0,0,0,0,54,0,49,0,5,0,2,0.9074,0.0,0,0,0,121.0,0.0,2500.0,0.0,1003.05,-337.5,7.0,0.0,0.0,0.0,1.037,-49.885,0.0,-364.5,0.0,-48.0,0.0,0.0,0.0,0.0,0.0,-116.0,0.0,0.0,2.72194,14.19214,-0.04037,0.17473,-0.34091,0.43941,0.0,0.0,-0.09587,0.19683,0.0,-189.112,2500.0,0.0,1178.509,-343.274,-0.15629,0.43219,2.06612,14.22472,0.69028,1.23799,0.19504,0.80132,0.02066,100.0,0.97934,1.28421,0.0,-7.0182,35.5114,0.0,57.7171,-25.9143,-2.124,37,24,30,213,0,6,15,234,227,3,4,0,213,15,6,0,3,0,13,0.9700854700854701,0.9102564102564102,234,16,6,-0.736,3608.45,1.037,0.0,0.0,0.0,-314.9,-49.885,-412.5,0.0,-116.0,3608.45,1.037,0.0,0.0,0.0,-314.9,-49.885,-412.5,0.0,-116.0,0,8,25,25,0,0,0,0,109,5,1,0,1,0,1.0,0,2,1,0,0,532,13,13,211,211,128,32,212,212,4,0,164,0,0,0,279,1,1,0,1,1,0,0,0,6,1,0,0,305,0,4,0,0,0,2375,71.87368421052632,1.568248388986526,33.34736842105263,1.3395833504771946,24.126315789473683,11.873684210526315,2.232111692844677,0.0020152102530611366,0.002206605581629713,0.010776681878036798,-0.052366849819296284,0.9657395643399174,0.7553036035899829,0.2529680658327906,-0.01110966198489462,0.31120912316606775,0.19438877755511022,0.02208531351721828,1497.0,0.3770439079841356,0.8650634602538411,1497.0,228,224,,,,,,,,,,,,,,,,,,,,,,,,,,,,,,
132,50_20_5_10_5_2,50_20_5_10_5_2_StartGoalLocations_Seed1014.csv,25,5221.19999948144,24,0.96,0,0,0,0,0,0,0,0,0,0,0.0,0.0,9.894425259003453,5,4,3,0.033547113961519485,0.8539713862851505,0.0,1,4,0,0,0,0,0,0,0,0,0,0,0,0,0,0,0,0,0,0,0,0,0,0,0,0,0,0,0,0,0,0,0,0,0.0,0.0,0.0,0.0,0.0,0.0,0,0,0,0,1.0,4.0,5,29.0,10.0,56.0,27.5,0.0,0.0,0.0,0.0,29.62,0.0,0.0,0,0,0,0,0,0,0,0,77,0,52,13,12,0,0,0.6753,0.1688,0,0,0,202.7,0.0,2400.0,0.0,2721.0,-168.0,0.0,0.0,0.0,0.0,0.0,0.0,0.0,0.0,0.0,0.0,100.0,0.0,0.0,0.0,0.0,-34.5,0.0,0.0,2.54351,10.70368,0.0,0.0,0.0,0.0,0.04933,1.10947,-0.01702,0.09067,0.0,0.0,2500.0,0.0,3894.71,-59.915,0.0,0.0,1.23335,10.86802,1.89186,0.85095,0.0,0.0,0.01381,89.28571,0.98668,1.97731,0.0,0.0,35.5114,0.0,155.4857,-11.5714,0.0,0,0,0,0,0,0,0,0,0,0,0,0,0,0,0,0,0,0,0,,,0,0,0,0.0,5312.5,0.0,0.0,100.0,0.0,-156.8,0.0,0.0,0.0,-34.5,5312.5,0.0,0.0,100.0,0.0,-156.8,0.0,0.0,0.0,-34.5,0,0,25,24,1,4,4,0,0,5,0,0,0,0,,0,0,0,0,0,1280,0,0,0,0,0,0,0,0,0,0,0,0,0,0,88,0,0,0,0,0,0,0,0,0,0,0,0,3200,0,0,0,0,0,6257,13.440946140322838,1.0,6.776410420329231,1.5358490769944664,5.641681316925044,2.141601406424804,2.4334277620396603,0.0014772348032806803,0.0022225481319765096,0.011143913025443907,-0.05114913276629522,0.9620305482298136,0.7633639654144645,0.26598442243412135,-0.024992057402414503,0.31182934053390693,0.18053927315357562,0.021552696773238005,3412.0,0.39217820346443993,0.8514067995310668,3412.0,0,0,,,,,,,,,,,,,,,,,,,,,,,,,,,,,,
133,25_5_2_5_2_1,25_5_2_5_2_1_StartGoalLocations_Seed1001.csv,25,2812.3715793788433,25,1.0,0,0,0,0,0,0,0,74,0,74,0.0,0.11309949892627058,7.042272823042074,0,0,0,0.04151753758052971,0.5776664280601288,0.0,0,0,0,0,0,0,74,83,83,0,2,1,1,0,1,2,1,1,0,0,0,0,0,0,0,0,0,0,0,0,0,0,0,0,0.0,0.0,0.0,0.0,0.0,0.0,13,0,169,0,,,0,,,,,,,,,10.24,0.0,3.3,0,0,0,0,0,0,0,0,52,0,48,1,3,0,2,0.9231,0.0192,0,0,0,139.7,0.0,2500.0,0.0,1215.34,-485.29,0.0,0.0,0.0,0.0,0.0,-79.378,0.0,-406.5,0.0,0.0,0.0,0.0,0.0,0.0,0.0,-71.5,0.0,0.0,2.41213,13.2444,-0.05682,0.22116,-0.29098,0.24662,0.0,0.0,-0.05118,0.15156,0.0,-163.898,2500.0,0.0,1468.795,-400.534,-0.11732,0.35439,1.78955,13.25716,0.76468,1.256,0.12169,0.9641,0.0179,100.0,0.9821,1.36248,0.0,-2.6658,35.5114,0.0,69.448,-31.8166,-6.436,30,15,16,131,1,13,25,170,149,3,18,0,131,26,13,0,1,0,23,0.8764705882352941,0.7705882352941177,170,38,8,-0.481,3821.54,0.0,0.0,0.0,0.0,-451.79,-79.378,-406.5,0.0,-71.5,3821.54,0.0,0.0,0.0,0.0,-451.79,-79.378,-406.5,0.0,-71.5,0,11,25,25,0,0,0,0,74,5,0,0,0,0,,0,0,0,0,0,636,4,4,160,160,148,44,124,124,0,0,156,8,0,0,319,1,0,0,0,0,0,0,4,0,0,6,0,305,0,8,0,0,0,2748,59.75254730713246,1.881851400730816,22.561863173216885,1.1316532422187588,13.24599708879185,1.7467248908296944,2.8104395604395602,0.0014157968005793296,0.002233955963022726,0.010316264595976978,-0.05133557516448903,0.9728601818564553,0.7508512144943453,0.24991365620550118,0.002931150402756607,0.314070894995096,0.1588340273646639,0.02143010218535958,1681.0,0.379339003834623,0.8477096966091612,1681.0,167,151,,,,,,,,,,,,,,,,,,,,,,,,,,,,,,
134,50_20_5_10_5_2,50_20_5_10_5_2_StartGoalLocations_Seed1016.csv,25,5776.100020639598,25,1.0,0,0,0,0,0,0,0,0,0,0,0.0,0.0,10.0,5,3,5,0.0022361359570661895,0.9038461538461539,0.0,1,3,0,0,0,0,0,0,0,0,0,0,0,0,0,0,0,0,0,0,0,0,0,0,0,0,0,0,0,0,0,0,0,0,0.0,0.0,0.0,0.0,0.0,0.0,0,0,0,0,2.0,3.0,5,7.5,6.5,33.5,49.0,0.0,0.0,0.0,0.0,30.82,0.0,0.0,0,0,0,0,0,0,0,0,85,0,54,7,24,0,0,0.6353,0.0824,0,0,0,223.6,0.0,2500.0,0.0,3108.0,-96.0,0.0,0.0,0.0,0.0,0.0,0.0,0.0,0.0,0.0,0.0,75.0,0.0,0.0,0.0,0.0,-34.5,0.0,0.0,2.56512,10.3865,0.0,0.0,0.0,0.0,0.03354,0.91511,-0.01543,0.08647,0.0,0.0,2575.0,0.0,4543.03,-69.505,0.0,0.0,1.15161,10.55079,2.00068,0.85247,0.0,0.0,0.01252,91.96429,0.98837,2.08712,0.0,0.0,36.5767,0.0,177.6,-7.4571,0.0,0,0,0,0,0,0,0,0,0,0,0,0,0,0,0,0,0,0,0,,,0,0,0,0.0,5825.2,0.0,0.0,75.0,0.0,-89.6,0.0,0.0,0.0,-34.5,5825.2,0.0,0.0,75.0,0.0,-89.6,0.0,0.0,0.0,-34.5,0,0,25,25,0,3,3,0,0,5,0,0,0,0,,0,0,0,0,0,1968,0,0,0,0,0,0,0,0,0,0,0,0,0,0,8,0,0,0,0,0,0,0,0,0,0,0,0,3200,0,0,0,0,0,7853,6.952756908187953,1.0,1.8846300776773208,1.6783783998642419,1.5790143894053228,0.40748758436266397,3.0483870967741935,0.0017814282368189146,0.0022463312853370013,0.010507506626938296,-0.05369658270714486,0.9638535925527898,0.7679597324714428,0.2651742062856996,-0.01522466256633416,0.3176177670962875,0.16730875068794718,0.022358688146508234,5451.0,0.3782289624028796,0.8651623555310952,5451.0,0,0,,,,,,,,,,,,,,,,,,,,,,,,,,,,,,
135,25_5_2_5_2_1,25_5_2_5_2_1_StartGoalLocations_Seed1016.csv,25,2591.18251311779,24,0.96,0,1,0,0,0,1,0,91,1,91,0.01098901098901099,0.07165605095541401,6.928359391582999,5,4,2,0.06740976645435244,0.5376857749469215,0.0,1,4,0,1,2,0,91,121,121,0,2,1,1,0,0,2,1,1,0,0,0,0,0,0,0,0,0,0,0,0,0,0,0,0,0.0,1.0,1.0,0.0,-21.6,-100.0,10,0,186,0,1.0,4.0,5,1.5,5.75,17.0,14.0,0.0,0.0,0.0,0.0,11.07,0.0,4.4,0,2,0,1,0,0,0,1,110,0,84,0,26,0,0,0.7636,0.0,0,0,0,188.4,0.0,2400.0,0.0,1567.877,-678.377,0.0,0.0,0.0,0.0,1.6,-66.317,0.0,-688.5,0.0,-84.0,100.0,0.0,0.0,0.0,0.0,-149.5,0.0,0.0,1.84602,11.23027,-0.03435,0.15746,-0.41003,0.43925,0.05308,1.15072,-0.07935,0.1827,0.0,-207.331,2500.0,0.0,1879.943,-600.932,-0.11005,0.36599,1.32696,11.26742,0.67888,1.28474,0.12845,0.85674,0.01486,89.28571,0.98567,1.33596,0.0,-7.097,35.5114,0.0,89.593,-47.3072,-2.827,36,30,28,208,4,10,20,242,217,9,16,0,208,24,10,0,4,0,15,0.8966942148760331,0.859504132231405,242,23,13,-0.386,4110.777,1.6,0.0,100.0,0.0,-632.877,-66.317,-772.5,0.0,-149.5,4110.777,1.6,0.0,100.0,0.0,-632.877,-66.317,-772.5,0.0,-149.5,0,8,25,24,1,4,3,0,111,5,1,0,1,0,1.0,0,2,1,0,0,764,4,4,203,203,282,32,241,241,0,0,284,0,0,0,499,1,0,1,1,1,0,0,2,93,0,1,0,305,0,37,0,0,0,4694,62.249680443118876,1.82580424366872,33.5960801022582,1.341764446166648,20.920323817639538,3.7281636131231357,2.8105906313645623,0.0018778503926547673,0.0022015109017042745,0.0104916877581382,-0.05470062856664833,0.9678046572270818,0.7584028220613589,0.27814740043972175,-0.025548566775201426,0.3180757858434846,0.18978761861726162,0.023579149166680972,2213.0,0.3758030953394965,0.8576592860370538,2213.0,233,143,,,,,,,,,,,,,,,,,,,,,,,,,,,,,,
136,50_20_5_10_5_2,50_20_5_10_5_2_StartGoalLocations_Seed1004.csv,25,5501.6999352276325,25,1.0,0,0,0,0,0,0,0,0,0,0,0.0,0.0,9.97972972972973,8,6,7,0.006274131274131274,0.8788610038610039,0.0,2,5,2,0,0,0,0,0,0,0,0,0,0,0,0,0,0,0,0,0,0,0,0,0,0,0,0,0,0,0,0,0,0,0,0.0,0.0,0.0,0.0,0.0,0.0,0,0,0,0,2.0,6.0,8,9.75,14.0,20.0,40.17,0.0,0.0,0.0,0.0,26.5,0.0,0.0,0,0,0,0,0,0,0,0,69,0,54,14,1,0,0,0.7826,0.2029,0,0,0,207.2,0.0,2500.0,0.0,2779.5,-64.5,0.0,0.0,0.0,0.0,0.0,0.0,0.0,0.0,0.0,0.0,150.0,0.0,0.0,0.0,0.0,-70.5,0.0,0.0,2.61689,10.78798,0.0,0.0,0.0,0.0,0.07239,1.34336,-0.03403,0.12592,0.0,0.0,2650.0,0.0,3779.49,-83.73,0.0,0.0,1.27896,10.99229,1.78367,0.84726,0.0,0.0,0.01496,85.48387,0.98697,1.88911,0.0,0.0,37.642,0.0,158.8286,-7.7143,0.0,0,0,0,0,0,0,0,0,0,0,0,0,0,0,0,0,0,0,0,,,0,0,0,0.0,5482.4,0.0,0.0,150.0,0.0,-60.2,0.0,0.0,0.0,-70.5,5482.4,0.0,0.0,150.0,0.0,-60.2,0.0,0.0,0.0,-70.5,0,0,25,25,0,5,5,0,0,5,0,0,0,0,,0,0,0,0,0,1240,0,0,0,0,0,0,0,0,0,0,0,0,0,0,0,0,0,0,0,0,0,0,0,0,0,0,0,3200,0,0,0,0,0,7666,12.353248108531176,1.0,5.217845030002609,1.7670000217854978,4.356900600052178,1.5653535090007826,3.0,0.0017648125014309171,0.002145524157376419,0.011168876393217474,-0.05409368459255465,0.9630938641486629,0.7540607668699757,0.25331056242988953,0.003061144016007142,0.3247321506110608,0.16400580551523947,0.022657852568918273,3445.0,0.39063319954152675,0.8597968069666183,3445.0,0,0,,,,,,,,,,,,,,,,,,,,,,,,,,,,,,
137,50_20_5_10_5_2,50_20_5_10_5_2_StartGoalLocations_Seed1003.csv,25,5966.300069287419,25,1.0,0,0,0,0,0,0,0,0,0,0,0.0,0.0,9.950778139703221,11,8,9,0.010495837857401375,0.8045602605863192,0.0,2,8,1,0,0,0,0,0,0,0,0,0,0,0,0,0,0,0,0,0,0,0,0,0,0,0,0,0,0,0,0,0,0,0,0.0,0.0,0.0,0.0,0.0,0.0,0,0,0,0,3.0,8.0,11,15.5,10.81,45.0,43.5,0.0,0.0,0.0,0.0,16.57,0.0,0.0,0,0,0,0,0,0,0,0,102,0,62,15,25,0,0,0.6078,0.1471,0,0,0,276.3,0.0,2500.0,0.0,3405.0,-279.0,0.0,0.0,0.0,0.0,0.0,0.0,0.0,0.0,0.0,0.0,200.0,0.0,0.0,0.0,0.0,-136.0,0.0,0.0,2.13619,9.39868,0.0,0.0,0.0,0.0,0.07239,1.34327,-0.04922,0.14896,0.0,0.0,2700.0,0.0,4804.765,-262.85,0.0,0.0,0.9772,9.55699,1.64383,1.10454,0.0,0.0,0.01194,81.81818,0.98987,1.85288,0.0,0.0,38.3523,0.0,194.5714,-23.7143,0.0,0,0,0,0,0,0,0,0,0,0,0,0,0,0,0,0,0,0,0,,,0,0,0,0.0,6162.7,0.0,0.0,200.0,0.0,-260.4,0.0,0.0,0.0,-136.0,6162.7,0.0,0.0,200.0,0.0,-260.4,0.0,0.0,0.0,-136.0,0,0,25,25,0,8,8,0,0,5,0,0,0,0,,0,0,0,0,0,2076,0,0,0,0,0,0,0,0,0,0,0,0,0,0,244,0,0,0,0,0,0,0,0,0,0,0,0,3200,0,0,0,0,0,14139,9.788528184454346,1.0,4.095056227455973,1.7958549431465656,3.755569700827498,0.8062805007426268,2.3389830508474576,0.00204363416337322,0.0021229039068802157,0.010795709058850545,-0.05466827706421271,0.9589762005502778,0.7656827179395624,0.2502392331759135,-0.028259210561057607,0.3301186011931279,0.18005399932500843,0.02309752468986489,5926.0,0.3719968596683772,0.8680391495106311,5926.0,0,0,,,,,,,,,,,,,,,,,,,,,,,,,,,,,,
138,25_5_2_5_2_1,25_5_2_5_2_1_StartGoalLocations_Seed1013.csv,25,3696.4999567866325,25,1.0,0,0,0,0,0,0,0,4,0,4,0.0,0.0,8.955357142857142,8,8,5,0.022023809523809525,0.6309523809523809,0.0,2,7,0,0,0,0,4,4,4,0,2,0,0,0,0,0,0,0,0,0,0,0,0,0,0,0,0,0,0,0,0,0,0,0,0.0,0.0,0.0,0.0,0.0,0.0,1,0,8,0,,8.0,8,,7.25,,10.06,,0.0,,0.0,10.5,0.0,0.0,0,0,0,0,0,0,0,0,164,0,102,9,53,0,0,0.622,0.0549,0,0,0,168.0,0.0,2500.0,0.0,1617.0,-747.0,0.0,0.0,0.0,0.0,0.0,0.0,0.0,-8.0,0.0,0.0,200.0,0.0,0.0,0.0,0.0,-33.5,0.0,0.0,2.10595,12.12008,0.0,0.0,-0.00476,0.04856,0.11905,1.72105,-0.01994,0.09784,0.0,-4.0,2700.0,0.0,1841.135,-638.83,-0.00238,0.03442,1.60714,12.21486,0.71566,1.36275,0.00476,0.5,0.01964,81.81818,0.98274,1.5021,0.0,-0.1166,38.3523,0.0,92.4,-44.6,0.0,0,0,0,6,0,1,1,8,6,0,2,0,6,1,1,0,0,0,1,0.75,0.75,8,0,0,0.0,4235.2,0.0,0.0,200.0,0.0,-697.2,0.0,-8.0,0.0,-33.5,4235.2,0.0,0.0,200.0,0.0,-697.2,0.0,-8.0,0.0,-33.5,0,0,25,25,0,8,8,0,4,5,0,0,0,0,,0,0,0,0,0,1000,0,0,16,16,12,0,0,0,0,0,204,0,0,0,643,0,0,0,0,0,0,0,0,0,0,0,0,305,0,0,0,0,0,6748,48.62181387077653,1.284364523011277,20.406046235921753,1.3076162120008121,14.95257854179016,3.1713100177830467,2.635282457879088,0.0022191216094652193,0.0021775897275656464,0.011232973001897335,-0.05475462029874325,0.961770126581192,0.7573748162984848,0.22645080471038817,-0.01740611939318478,0.334786354500967,0.1699134199134199,0.0227491669459932,2772.0,0.33892614203470783,0.8744588744588745,2772.0,8,8,,,,,,,,,,,,,,,,,,,,,,,,,,,,,,
139,25_5_2_5_2_1,25_5_2_5_2_1_StartGoalLocations_Seed1013.csv,40,3729.664308011532,39,0.975,0,1,0,0,0,1,0,105,1,105,0.009523809523809525,0.2756349952963311,5.776693207398408,1,0,0,0.10536218250235184,0.5366886171213546,0.0,0,0,0,1,2,0,105,212,183,29,4,1,1,0,1,2,1,1,0,0,0,0,0,0,0,0,0,0,0,0,0,0,0,0,0.0,2.0,1.0,0.0,-33.6,-125.0,18,0,471,0,1.0,,1,3.0,,24.0,,0.0,,39.0,,9.26,0.0,9.5,0,2,0,1,0,0,0,1,107,0,76,1,30,0,0,0.7103,0.0093,0,0,0,212.6,0.0,3900.0,0.0,1671.443,-577.943,0.0,0.0,0.0,0.0,1.6,-214.536,0.0,-992.0,0.0,-108.0,0.0,0.0,0.0,0.0,0.0,-163.5,0.0,0.0,2.44878,13.39686,-0.10016,0.2483,-0.5174,0.41085,0.0,0.0,-0.0769,0.18038,0.0,-480.588,3900.0,0.0,1989.849,-551.554,-0.22605,0.48578,1.83443,13.41931,0.67653,1.16788,0.23424,0.96504,0.01834,100.0,0.98166,1.21773,0.0,-12.1517,55.3977,0.0,95.511,-42.3682,-10.204,178,30,132,386,38,19,59,502,456,21,25,0,385,98,19,0,18,0,89,0.9083665338645418,0.7669322709163346,502,95,24,-4.347,5744.207,1.6,0.0,0.0,0.0,-538.107,-214.536,-1100.0,0.0,-163.5,5744.207,1.6,0.0,0.0,0.0,-538.107,-214.536,-1100.0,0.0,-163.5,0,47,40,39,1,0,0,0,232,5,1,0,1,0,1.0,0,2,1,0,0,544,4,4,564,564,360,188,244,244,8,0,769,122,0,0,486,0,0,0,2,2,0,0,21,43,2,36,0,305,0,69,0,0,0,4170,81.12709832134293,1.9689624593556014,28.345323741007196,1.5303775575945655,19.35251798561151,5.851318944844125,2.5724907063197024,0.001931522615129378,0.002038375210866113,0.010993664289879449,-0.05343226765227668,0.948389949167476,0.7875805494978148,0.22478139400482178,-0.007809461570372257,0.3416679672491013,0.14660390047074648,0.021875318328169805,1487.0,0.35320992935857554,0.8695359784801614,1487.0,490,394,,,,,,,,,,,,,,,,,,,,,,,,,,,,,,
140,25_5_2_5_2_1,25_5_2_5_2_1_StartGoalLocations_Seed1010.csv,40,3693.892510101199,40,1.0,1,2,1,1,0,2,0,109,2,108,0.01834862385321101,0.13817537643932684,6.9797553858258645,4,4,3,0.04118689105403012,0.5496014171833481,0.0,1,3,0,2,6,0,109,212,212,0,2,0,0,0,0,0,0,0,0,0,0,0,0,0,0,0,0,0,0,0,0,0,0,0,0.0,0.0,2.0,0.0,0.0,-300.0,6,0,410,0,,4.0,4,,8.88,,13.25,,0.0,,9.0,8.11,0.0,5.8,0,8,0,2,0,0,0,3,179,0,95,44,40,0,37,0.5307,0.2458,0,0,0,225.8,0.0,4000.0,0.0,1803.272,-789.358,3.5,0.0,0.0,-100.0,0.817,-178.138,0.0,-943.0,0.0,-256.0,100.0,0.0,0.0,0.0,0.0,-173.0,0.0,0.0,2.32206,13.18821,-0.12282,1.50152,-0.531,0.6925,0.04429,1.05129,-0.07662,0.18011,0.0,-551.691,4100.0,0.0,2055.653,-795.451,-0.24433,1.61122,1.81577,13.22717,0.55811,1.27787,0.18866,1.29505,0.01949,93.18182,0.98007,1.28834,0.0,-18.0497,58.2386,0.0,103.2441,-54.9919,-7.103,106,27,85,387,0,2,34,424,410,12,2,0,387,35,2,0,1,0,24,0.9669811320754716,0.9127358490566038,424,58,10,-1.63,5979.572,0.8,0.0,100.0,0.0,-736.358,-278.121,-1199.0,0.0,-173.0,5979.572,0.8,0.0,100.0,0.0,-736.358,-278.121,-1199.0,0.0,-173.0,0,18,40,40,0,4,4,0,192,5,2,0,2,0,1.0,0,6,3,0,0,964,0,0,487,487,234,72,286,286,0,0,368,0,0,0,721,1,0,0,0,0,0,0,0,0,0,2,0,305,0,3,0,0,0,5925,66.09282700421942,1.8388661899897856,23.79746835443038,1.4438120787580173,13.38396624472574,2.0253164556962027,2.5056746532156366,0.001897078150080486,0.00209450061071695,0.01047630974814234,-0.05324818197004033,0.9457734595690526,0.8001848791892103,0.23984887787909923,-0.03229164214866599,0.3162337294485805,0.1700300558179476,0.01904552639305879,2329.0,0.3437939890991597,0.8741949334478317,2329.0,404,318,,,,,,,,,,,,,,,,,,,,,,,,,,,,,,
141,25_5_2_5_2_1,25_5_2_5_2_1_StartGoalLocations_Seed1002.csv,40,4047.2051098942757,40,1.0,0,2,0,0,0,2,2,64,2,64,0.03125,0.07210268025670064,6.849609979641757,3,3,3,0.028690071725179313,0.545111362778407,0.0,1,3,0,2,4,0,64,176,148,28,3,0,0,0,0,0,0,0,0,0,0,0,0,0,0,0,0,0,0,0,0,0,0,0,0.0,0.0,2.0,0.0,0.0,-200.0,10,0,375,0,,3.0,3,,4.5,,15.67,,0.0,,0.0,8.64,0.0,2.1,0,4,0,1,0,0,0,1,114,0,89,4,21,0,3,0.7807,0.0351,0,0,0,264.9,0.0,4000.0,0.0,2189.504,-1057.004,0.0,0.0,0.0,0.0,0.764,-44.959,0.0,-999.0,0.0,-204.0,75.0,0.0,0.0,0.0,0.0,-178.0,0.0,0.0,2.03752,12.20917,-0.01668,0.09129,-0.45413,0.53886,0.02831,0.84084,-0.0672,0.17054,0.0,-262.312,4075.0,0.0,2531.34,-992.757,-0.09902,0.3181,1.53832,12.22055,0.58082,1.31502,0.14383,0.68848,0.01623,94.76744,0.98414,1.35178,0.0,-11.4536,57.8835,0.0,125.1145,-70.5717,-5.359,31,30,27,349,7,9,17,384,361,13,10,0,349,26,9,0,1,0,13,0.9401041666666666,0.9088541666666666,384,18,10,-1.382,6381.804,0.764,0.0,75.0,0.0,-984.404,-44.959,-1203.0,0.0,-178.0,6381.804,0.764,0.0,75.0,0.0,-984.404,-44.959,-1203.0,0.0,-178.0,0,14,40,40,0,3,3,0,187,5,2,0,2,0,1.0,0,4,2,0,0,596,0,0,359,359,112,56,392,392,0,0,569,6,0,0,862,0,0,0,0,0,0,0,0,0,0,2,0,305,0,2,0,0,0,5772,76.4899514899515,2.050056625141563,15.661815661815663,1.3695243546838123,10.221760221760222,1.6978516978516978,2.8559322033898304,0.0015303784062694868,0.0021406865191189637,0.011630597943127555,-0.053233240124763256,0.9559565514526112,0.8096904164592692,0.23962890241770135,-0.029349340508760723,0.3324114457379439,0.16580310880829016,0.018267567934191986,1351.0,0.3699206698763093,0.8704663212435233,1351.0,371,347,,,,,,,,,,,,,,,,,,,,,,,,,,,,,,
142,50_20_5_10_5_2,50_20_5_10_5_2_StartGoalLocations_Seed1000.csv,60,8992.59986448288,60,1.0,0,0,0,0,0,0,0,0,0,0,0.0,0.0,9.647785182281458,0,0,0,0.005096040768326146,0.8498627989023912,0.0,0,0,0,0,0,0,0,0,0,0,0,0,0,0,0,0,0,0,0,0,0,0,0,0,0,0,0,0,0,0,0,0,0,0,0.0,0.0,0.0,0.0,0.0,0.0,0,0,0,0,,,0,,,,,,,,,15.88,0.0,0.0,0,0,0,0,0,0,0,0,185,0,119,0,66,0,0,0.6432,0.0,0,0,0,255.1,0.0,6000.0,0.0,3205.5,-436.5,0.0,0.0,0.0,0.0,0.0,0.0,0.0,0.0,0.0,0.0,0.0,0.0,0.0,0.0,0.0,-31.5,0.0,0.0,3.53748,15.01756,0.0,0.0,0.0,0.0,0.0,0.0,-0.01235,0.0776,0.0,0.0,6000.0,0.0,3845.305,-360.085,0.0,0.0,2.35202,15.15486,1.36622,1.02767,0.0,0.0,0.02352,100.0,0.97648,1.68823,0.0,0.0,85.2273,0.0,183.1714,-26.7429,0.0,0,0,0,0,0,0,0,0,0,0,0,0,0,0,0,0,0,0,0,,,0,0,0,0.0,9431.5,0.0,0.0,0.0,0.0,-407.4,0.0,0.0,0.0,-31.5,9431.5,0.0,0.0,0.0,0.0,-407.4,0.0,0.0,0.0,-31.5,0,0,60,60,0,0,0,0,0,5,0,0,0,0,,0,0,0,0,0,460,0,0,0,0,8,0,0,0,0,0,48,0,0,0,214,0,0,0,0,0,0,0,0,0,0,0,0,3200,0,0,0,0,0,4976,9.32475884244373,1.0,0.5627009646302251,0.4142857204590525,0.3617363344051447,0.0,4.777777777777778,0.0019413362771877514,0.0020598700715471867,0.013254809699466696,-0.0533839522820452,0.9611637535302535,0.8012446343898774,0.2355216964431431,-0.026062224019804726,0.33356999567379503,0.18805704099821746,0.01910582051666984,1122.0,0.2899800654477481,0.8877005347593583,1122.0,0,0,,,,,,,,,,,,,,,,,,,,,,,,,,,,,,
143,50_20_5_10_5_2,50_20_5_10_5_2_StartGoalLocations_Seed1000.csv,25,3870.499927997589,25,1.0,0,0,0,0,0,0,0,0,0,0,0.0,0.0,9.930890052356022,0,0,0,0.0,0.9528795811518325,0.0,0,0,0,0,0,0,0,0,0,0,0,0,0,0,0,0,0,0,0,0,0,0,0,0,0,0,0,0,0,0,0,0,0,0,0.0,0.0,0.0,0.0,0.0,0.0,0,0,0,0,,,0,,,,,,,,,17.52,0.0,0.0,0,0,0,0,0,0,0,0,54,0,51,0,3,0,0,0.9444,0.0,0,0,0,95.5,0.0,2500.0,0.0,1333.5,-57.0,0.0,0.0,0.0,0.0,0.0,0.0,0.0,0.0,0.0,0.0,0.0,0.0,0.0,0.0,0.0,-1.5,0.0,0.0,4.05445,15.75838,0.0,0.0,0.0,0.0,0.0,0.0,-0.00157,0.02798,0.0,0.0,2500.0,0.0,1597.725,-44.76,0.0,0.0,2.6178,15.96644,1.62614,0.67004,0.0,0.0,0.02618,100.0,0.97382,1.76611,0.0,0.0,35.5114,0.0,76.2,-3.3429,0.0,0,0,0,0,0,0,0,0,0,0,0,0,0,0,0,0,0,0,0,,,0,0,0,0.0,3925.2,0.0,0.0,0.0,0.0,-53.2,0.0,0.0,0.0,-1.5,3925.2,0.0,0.0,0.0,0.0,-53.2,0.0,0.0,0.0,-1.5,0,0,25,25,0,0,0,0,0,5,0,0,0,0,,0,0,0,0,0,280,0,0,0,0,0,0,0,0,0,0,0,0,0,0,22,0,0,0,0,0,0,0,0,0,0,0,0,3200,0,0,0,0,0,1862,1.933404940923738,1.0,0.0,0.0,0.0,0.0,0.0,0.0010240527325679847,0.0020081108951541995,0.011206663100581084,-0.05197555146047047,0.9639408733163561,0.8147330177681786,0.2337087067110198,-0.02820548848249018,0.2928852372755439,0.20508474576271185,0.016493356425707772,590.0,0.3142752899362122,0.8932203389830509,590.0,0,0,,,,,,,,,,,,,,,,,,,,,,,,,,,,,,
144,50_20_5_10_5_2,50_20_5_10_5_2_StartGoalLocations_Seed1019.csv,25,6416.2000082582235,25,1.0,0,0,0,0,0,0,0,0,0,0,0.0,0.0,9.907539118065435,7,6,6,0.008890469416785207,0.8748221906116643,0.0,2,5,1,0,0,0,0,0,0,0,0,0,0,0,0,0,0,0,0,0,0,0,0,0,0,0,0,0,0,0,0,0,0,0,0.0,0.0,0.0,0.0,0.0,0.0,0,0,0,0,1.0,6.0,7,4.5,11.58,60.0,33.17,0.0,0.0,0.0,0.0,32.53,0.0,0.0,0,0,0,0,0,0,0,0,120,0,76,14,30,0,0,0.6333,0.1167,0,0,0,281.2,0.0,2500.0,0.0,3765.0,-223.5,0.0,0.0,0.0,0.0,0.0,0.0,0.0,0.0,0.0,0.0,150.0,0.0,0.0,0.0,0.0,-56.5,0.0,0.0,2.24847,9.29604,0.0,0.0,0.0,0.0,0.05334,1.15357,-0.02009,0.0982,0.0,0.0,2650.0,0.0,5402.31,-183.025,0.0,0.0,0.94239,9.45252,1.85608,0.96979,0.0,0.0,0.01102,85.48387,0.98862,2.00911,0.0,0.0,37.642,0.0,215.1429,-16.0,0.0,0,0,0,0,0,0,0,0,0,0,0,0,0,0,0,0,0,0,0,,,0,0,0,0.0,6531.3,0.0,0.0,150.0,0.0,-208.6,0.0,0.0,0.0,-56.5,6531.3,0.0,0.0,150.0,0.0,-208.6,0.0,0.0,0.0,-56.5,0,0,25,25,0,6,6,0,0,5,0,0,0,0,,0,0,0,0,0,2096,0,0,0,0,0,0,0,0,0,0,22,0,0,0,76,0,0,0,0,0,0,0,0,0,0,0,0,3200,0,0,0,0,0,10624,12.368222891566266,1.060882800608828,4.480421686746988,1.5471638882642282,3.595632530120482,0.884789156626506,2.717277486910995,0.0013175137327664723,0.0020811781947028232,0.011704065304654758,-0.05313214848799105,0.9508924840288308,0.8346534797651622,0.21721866661469444,-0.002124104586399679,0.30669826455800575,0.19908751555371215,0.01774870989748098,4822.0,0.35536419332034386,0.866860223973455,4822.0,0,0,,,,,,,,,,,,,,,,,,,,,,,,,,,,,,
145,25_5_2_5_2_1,25_5_2_5_2_1_StartGoalLocations_Seed1006.csv,25,2611.4945669844747,25,1.0,1,1,1,1,0,1,1,43,1,42,0.023255813953488372,0.13767019667170954,7.261620656805572,1,1,1,0.04236006051437216,0.6066565809379728,0.0,0,0,0,1,2,0,15,16,16,0,2,0,0,0,0,0,0,0,0,0,0,0,0,0,0,0,0,0,0,0,0,0,0,0,0.0,0.0,1.0,0.0,0.0,-100.0,2,0,133,0,,1.0,1,,7.49,,26.0,,0.0,,1.0,10.08,0.0,5.2,0,4,0,2,0,0,0,2,82,0,49,2,31,0,0,0.5976,0.0244,0,0,0,132.2,0.0,2500.0,0.0,1213.901,-456.358,0.0,0.0,0.0,-200.0,0.196,-105.944,0.0,-355.0,0.0,-88.0,25.0,0.0,0.0,0.0,0.0,-54.5,0.0,0.0,2.5641,13.59821,-0.23128,2.74959,-0.3351,0.58022,0.01891,0.68732,-0.04123,0.13753,0.0,-415.188,2525.0,0.0,1398.326,-408.148,-0.31406,2.84642,1.90998,13.63569,0.749,1.2633,0.1112,2.82441,0.01967,97.11538,0.98033,1.39388,0.0,-10.9684,35.8665,0.0,69.3658,-29.1919,-4.217,56,30,47,126,0,0,12,138,133,3,2,0,126,12,0,0,2,0,9,0.9637681159420289,0.9130434782608695,138,22,4,1.44,3815.101,0.0,0.0,25.0,0.0,-425.358,-305.748,-443.0,0.0,-54.5,3815.101,0.0,0.0,25.0,0.0,-425.358,-305.748,-443.0,0.0,-54.5,0,5,25,25,0,1,1,0,65,5,1,0,1,0,1.0,0,2,2,0,0,744,0,0,45,45,64,20,0,0,0,0,414,218,0,0,465,0,0,0,0,0,0,0,3,0,0,3,0,305,0,6,0,0,0,2753,71.08608790410462,1.4675523760858458,21.83073011260443,1.0341098293314956,13.040319651289503,0.5811841627315656,3.348189415041783,0.0014623604599941617,0.002141330028153075,0.011494787124496314,-0.05384193865522262,0.9575839484891584,0.829710022095711,0.21355234999810496,0.005877941969521744,0.31296446005223505,0.19154929577464788,0.01825489056184717,1775.0,0.36746804084464857,0.8636619718309859,1775.0,133,133,,,,,,,,,,,,,,,,,,,,,,,,,,,,,,
146,25_5_2_5_2_1,25_5_2_5_2_1_StartGoalLocations_Seed1011.csv,40,2629.185187160969,39,0.975,3,4,3,3,0,4,0,196,4,193,0.02040816326530612,0.3406439570695287,4.988465755976253,1,0,0,0.11142191142191142,0.4358974358974359,0.0,0,0,0,4,8,0,149,336,272,64,3,4,4,0,4,2,4,2,2,2,2,0,0,0,0,0,0,0,0,0,0,0,0,0,2.0,0.0,4.0,-9.6,0.0,-412.5,32,0,769,2,1.0,,1,11.0,,24.0,,5.0,,110.0,,8.03,0.3,10.8,0,11,0,2,0,0,2,4,135,0,70,28,37,0,38,0.5185,0.2074,0,0,0,214.5,0.0,3900.0,0.0,1378.302,-451.409,0.0,0.0,0.0,-300.0,0.613,-376.321,0.0,-996.5,0.0,-444.0,0.0,0.0,0.0,0.0,0.0,-296.0,0.0,0.0,2.3503,13.34167,-0.31502,2.64867,-0.67156,1.02073,0.0,0.0,-0.138,0.22351,0.0,-1260.735,3900.0,0.0,1628.905,-513.868,-0.58776,2.78829,1.81818,13.36085,0.51983,1.0948,0.41445,1.41815,0.01818,100.0,0.98182,1.01746,0.0,-34.4594,55.3977,0.0,78.7601,-42.7091,-18.357,264,29,200,731,28,35,84,883,757,32,94,0,733,115,35,0,63,6,100,0.8573046432616082,0.8301245753114382,881,159,20,-0.473,5460.502,0.192,0.0,0.0,0.0,-419.109,-675.9,-1440.5,0.0,-296.0,5460.502,0.192,0.0,0.0,0.0,-419.109,-675.9,-1440.5,0.0,-296.0,0,32,40,39,1,0,0,0,483,5,4,0,4,0,1.0,0,8,7,3,3,1004,41,41,924,924,355,127,638,638,8,0,1189,343,0,0,401,1,0,0,0,0,0,0,30,0,0,40,2,305,0,5,3,0,15,4222,79.29891046897205,2.1968339307048983,37.89673140691615,1.73478127195267,25.20132638559924,7.318806252960682,2.299812030075188,0.0015197129380892483,0.001984227445455216,0.01112927290503366,-0.05325754092212217,0.9514699390684941,0.839232032517513,0.23256940255127104,0.012096292207080618,0.32732341467604015,0.16243194192377494,0.016948552921865024,2204.0,0.3476472866549839,0.8738656987295825,2204.0,829,764,,,,,,,,,,,,,,,,,,,,,,,,,,,,,,
147,25_5_2_5_2_1,25_5_2_5_2_1_StartGoalLocations_Seed1005.csv,25,2357.2294238209724,24,0.96,1,1,1,1,0,1,0,92,1,91,0.010869565217391304,0.120020964360587,7.555505857027802,7,4,4,0.2032477737035097,0.6280775275013096,0.0,2,5,2,1,2,0,90,91,91,0,2,1,1,0,1,2,1,1,0,0,0,0,0,0,0,0,0,0,0,0,0,0,0,0,0.0,0.0,1.0,0.0,0.0,-100.0,15,0,193,0,3.0,4.0,7,7.38,6.5,11.67,12.5,1.7,0.0,19.7,8.2,8.0,0.0,4.2,0,3,0,2,0,0,1,1,141,0,86,3,52,0,0,0.6099,0.0213,0,0,0,190.9,0.0,2400.0,0.0,1376.78,-658.726,0.0,0.0,0.0,-100.0,0.032,-125.256,0.0,-520.5,0.0,-104.0,100.0,0.0,0.0,0.0,0.0,-202.0,0.0,0.0,1.73334,11.16408,-0.11798,1.62864,-0.32713,0.61752,0.05238,1.14317,-0.10581,0.20423,0.0,-350.133,2500.0,0.0,1578.281,-651.164,-0.18341,1.71688,1.30959,11.19441,0.48566,1.24218,0.10686,1.71634,0.01467,89.28571,0.98428,1.18651,0.0,-9.0265,35.5114,0.0,78.6731,-49.1843,-6.608,69,24,48,162,10,13,19,204,169,20,15,0,162,29,13,0,6,1,18,0.8284313725490197,0.7941176470588235,204,54,8,-2.092,3922.746,0.0,0.0,100.0,0.0,-613.793,-225.224,-624.5,0.0,-202.0,3922.746,0.0,0.0,100.0,0.0,-613.793,-225.224,-624.5,0.0,-202.0,0,24,25,24,1,4,4,0,77,5,1,0,1,0,1.0,0,2,2,1,2,1704,4,4,265,265,136,96,0,0,0,0,182,42,0,0,248,4,2,0,0,0,0,0,1,0,0,7,0,305,0,7,1,0,5,7790,35.224646983311935,1.2543731778425655,15.301668806161747,1.5947986811074435,10.654685494223363,4.2618741976893455,2.444578313253012,0.001594446298304106,0.0019798020156157232,0.0114293158045607,-0.05338264989531096,0.9599883487806634,0.8285420178807398,0.2446486814201158,-0.0036525541649772807,0.30596569015959807,0.16875981161695447,0.017562509551672975,3822.0,0.3215548294171894,0.8830455259026687,3822.0,196,145,,,,,,,,,,,,,,,,,,,,,,,,,,,,,,
148,25_5_2_5_2_1,25_5_2_5_2_1_StartGoalLocations_Seed1011.csv,40,3304.221281185746,38,0.95,1,1,1,1,0,1,0,131,1,130,0.007633587786259542,0.13262508567511994,6.2425281319248915,2,1,0,0.05791638108293352,0.5332419465387251,0.0,0,0,0,1,2,0,124,148,112,36,3,2,2,0,2,2,2,1,1,1,1,0,0,0,0,0,0,0,0,0,0,0,0,0,1.0,2.0,1.0,-4.8,-110.4,-112.5,52,0,372,1,1.0,1.0,2,4.5,11.15,6.0,20.0,5.0,0.0,62.0,7.0,9.5,0.0,4.0,0,3,0,2,0,0,1,1,196,0,91,22,83,0,45,0.4643,0.1122,0,0,0,291.8,0.0,3800.0,0.0,2335.232,-1262.033,7.0,0.0,0.0,-100.0,1.616,-159.394,0.0,-1294.0,0.0,-200.0,25.0,0.0,0.0,0.0,0.0,-141.0,0.0,0.0,1.77245,11.36965,-0.08834,1.32151,-0.51199,0.67311,0.00857,0.46272,-0.04832,0.14773,0.0,-479.02,3825.0,0.0,2692.756,-1173.586,-0.16416,1.40034,1.31083,11.34558,0.52062,1.33224,0.13263,1.23778,0.01337,98.07692,0.98629,1.34341,0.0,-15.5703,54.3324,0.0,133.8418,-80.1733,-11.861,96,25,60,287,6,53,41,388,312,15,61,0,287,48,53,0,8,1,32,0.8041237113402062,0.7396907216494846,388,66,18,-1.258,6347.832,1.6,0.0,25.0,0.0,-1175.833,-259.378,-1494.0,0.0,-141.0,6347.832,1.6,0.0,25.0,0.0,-1175.833,-259.378,-1494.0,0.0,-141.0,0,23,40,38,2,1,0,0,188,5,1,0,1,0,1.0,0,2,2,1,2,1408,12,12,517,517,372,92,116,116,0,0,776,110,0,0,978,0,0,2,2,2,0,0,4,29,0,3,2,305,0,33,1,0,5,6196,79.06714009038089,2.4866299244743826,33.134280180761785,1.6694837060466199,23.03098773402195,1.4686894770819883,2.89208128941836,0.0014003139941781808,0.001888932882469486,0.011271354992376555,-0.0533972707238387,0.9653835853731091,0.8178387506102974,0.24459668799218806,0.0044916494099941865,0.31986276760301596,0.1775787523162446,0.017699618267834706,3238.0,0.3369219087159829,0.8851142680667079,3238.0,380,355,,,,,,,,,,,,,,,,,,,,,,,,,,,,,,
149,25_5_2_5_2_1,25_5_2_5_2_1_StartGoalLocations_Seed1006.csv,25,3205.4679375886917,25,1.0,0,0,0,0,0,0,0,19,0,19,0.0,0.03938730853391685,7.521104300309062,0,0,0,0.031363967906637494,0.6316557257476295,0.0,0,0,0,0,0,0,19,27,27,0,2,0,0,0,0,0,0,0,0,0,0,0,0,0,0,0,0,0,0,0,0,0,0,0,0.0,1.0,0.0,0.0,-16.8,0.0,1,0,38,0,,,0,,,,,,,,,10.2,0.0,0.9,0,0,0,0,0,0,0,0,89,0,64,0,25,0,0,0.7191,0.0,0,0,0,137.1,0.0,2500.0,0.0,1327.83,-600.33,0.0,0.0,0.0,0.0,0.0,-13.632,0.0,-127.0,0.0,0.0,0.0,0.0,0.0,0.0,0.0,-18.5,0.0,0.0,2.45412,13.37581,-0.00994,0.08731,-0.09263,0.19426,0.0,0.0,-0.01349,0.08102,0.0,-39.48,2500.0,0.0,1542.402,-500.237,-0.0288,0.15891,1.82349,13.37997,0.76015,1.35152,0.03939,0.73111,0.01823,100.0,0.98177,1.51756,0.0,-1.3228,35.5114,0.0,75.876,-35.3617,-1.571,6,6,3,50,0,1,3,54,53,0,1,0,50,3,1,0,0,0,3,0.9814814814814815,0.9259259259259259,54,4,2,-1.152,3924.83,0.0,0.0,0.0,0.0,-560.23,-13.632,-127.0,0.0,-18.5,3924.83,0.0,0.0,0.0,0.0,-560.23,-13.632,-127.0,0.0,-18.5,0,2,25,25,0,0,0,0,25,5,0,0,0,0,,0,0,0,0,0,504,0,0,24,24,124,8,76,76,0,0,174,0,0,0,576,1,0,0,1,1,0,0,2,16,1,0,0,305,0,4,0,0,0,2650,68.0377358490566,2.1713810316139766,32.0,1.027063696346474,20.18867924528302,0.0,4.0,0.0016142971576228442,0.002047439666634928,0.011391829359271223,-0.05603463235237296,0.9895778951190767,0.8138756962522627,0.2643156586185334,0.03894058067078096,0.33933093394101327,0.16824644549763032,0.01947452715514089,1266.0,0.3941079280592058,0.8712480252764613,1266.0,54,54,,,,,,,,,,,,,,,,,,,,,,,,,,,,,,
150,50_20_5_10_5_2,50_20_5_10_5_2_StartGoalLocations_Seed1009.csv,40,7390.999902009964,40,1.0,0,0,0,0,0,0,0,0,0,0,0.0,0.0,9.894929006085192,0,0,0,0.0032454361054766734,0.9196754563894524,0.0,0,0,0,0,0,0,0,0,0,0,0,0,0,0,0,0,0,0,0,0,0,0,0,0,0,0,0,0,0,0,0,0,0,0,0.0,0.0,0.0,0.0,0.0,0.0,0,0,0,0,,,0,,,,,,,,,26.75,0.0,0.0,0,0,0,0,0,0,0,0,88,0,82,0,6,0,0,0.9318,0.0,0,0,0,246.5,0.0,4000.0,0.0,3385.5,-235.5,0.0,0.0,0.0,0.0,0.0,0.0,0.0,0.0,0.0,0.0,0.0,0.0,0.0,0.0,0.0,-5.5,0.0,0.0,3.00061,12.49247,0.0,0.0,0.0,0.0,0.0,0.0,-0.00223,0.03333,0.0,0.0,4000.0,0.0,4571.915,-145.605,0.0,0.0,1.62272,12.63482,1.79566,0.85281,0.0,0.0,0.01623,100.0,0.98377,1.94537,0.0,0.0,56.8182,0.0,193.4572,-13.7714,0.0,0,0,0,0,0,0,0,0,0,0,0,0,0,0,0,0,0,0,0,,,0,0,0,0.0,7616.3,0.0,0.0,0.0,0.0,-219.8,0.0,0.0,0.0,-5.5,7616.3,0.0,0.0,0.0,0.0,-219.8,0.0,0.0,0.0,-5.5,0,0,40,40,0,0,0,0,0,5,0,0,0,0,,0,0,0,0,0,588,0,0,0,0,0,0,0,0,0,0,0,0,0,0,324,0,0,0,0,0,0,0,0,0,0,0,0,3200,0,0,0,0,0,4855,6.570545829042224,1.0,1.7713697219361484,0.6303052414306115,0.9680741503604532,0.0,3.6808510638297873,0.001375927936852368,0.001971956475504807,0.010474968996203067,-0.054790799563028375,0.9832494396741699,0.8282036237976178,0.2544613135915224,0.043336775435806336,0.3216568782463554,0.17519379844961241,0.01684672075123924,1290.0,0.34362166851484616,0.875968992248062,1290.0,0,0,,,,,,,,,,,,,,,,,,,,,,,,,,,,,,
