{
  "episode_rewards": [
    222.61545154325665,
    13.822213481664658,
    4.142214757502079,
    0.1247186616063118,
    3.273294446095824,
    -9.140796392634511,
    -9.864717914238572,
    -9.504384816288947,
    -10.037670175656677,
    -9.272076112627984,
    -9.769719618037342,
    -11.315978410914541,
    -15.131341837644577,
    -15.129207040071487,
    -15.165007075667381,
    -15.038125338554382,
    -15.083712906241416,
    -15.184844135046005,
    -15.08143994152546,
    -15.074981496930123
  ],
  "federation_metrics": [
    {
      "step": 8000,
      "num_holons": 4,
      "total_breaches": 268,
      "breaches_per_step": 0.0335,
      "grid_size": 2
    }
  ],
  "holon_metrics": {
    "0": [
      {
        "holon_id": 0,
        "partition_id": 0,
        "steps": 8000,
        "num_nodes": 8,
        "avg_reward": 8.913795839816286,
        "total_breaches": 227,
        "boundary_repulsion_active": true,
        "orchestrator_stats": {
          "step": 8000,
          "mode": "training",
          "coverage": 100.0,
          "avg_reward": 9.027295839816333,
          "num_nodes": 8,
          "buffer_size": 9213,
          "loop_integrity": 0.625,
          "total_loop_breaks": 3728,
          "total_reconnections": 19,
          "wfc_triggers": 1214,
          "collision_events": 2804,
          "num_obstacles": 5,
          "density_collision_splats": 2803,
          "density_wfc_splats": 9712,
          "repulsion_field_coverage": 0.9683333333333334
        }
      }
    ],
    "1": [
      {
        "holon_id": 1,
        "partition_id": 1,
        "steps": 8000,
        "num_nodes": 8,
        "avg_reward": 0.4939786936044957,
        "total_breaches": 27,
        "boundary_repulsion_active": true,
        "orchestrator_stats": {
          "step": 8000,
          "mode": "training",
          "coverage": 100.0,
          "avg_reward": 0.5074786936044693,
          "num_nodes": 8,
          "buffer_size": 10280,
          "loop_integrity": 1.0,
          "total_loop_breaks": 9118,
          "total_reconnections": 5,
          "wfc_triggers": 2281,
          "collision_events": 561,
          "num_obstacles": 5,
          "density_collision_splats": 561,
          "density_wfc_splats": 18248,
          "repulsion_field_coverage": 0.9002777777777777
        }
      }
    ],
    "2": [
      {
        "holon_id": 2,
        "partition_id": 2,
        "steps": 8000,
        "num_nodes": 8,
        "avg_reward": -1.9401077476442015,
        "total_breaches": 7,
        "boundary_repulsion_active": true,
        "orchestrator_stats": {
          "step": 8000,
          "mode": "training",
          "coverage": 87.47,
          "avg_reward": -1.936607747644186,
          "num_nodes": 8,
          "buffer_size": 10526,
          "loop_integrity": 0.625,
          "total_loop_breaks": 7699,
          "total_reconnections": 3,
          "wfc_triggers": 2527,
          "collision_events": 554,
          "num_obstacles": 4,
          "density_collision_splats": 554,
          "density_wfc_splats": 20216,
          "repulsion_field_coverage": 0.5238888888888888
        }
      }
    ],
    "3": [
      {
        "holon_id": 3,
        "partition_id": 3,
        "steps": 8000,
        "num_nodes": 8,
        "avg_reward": 3.369111149832585,
        "total_breaches": 7,
        "boundary_repulsion_active": true,
        "orchestrator_stats": {
          "step": 8000,
          "mode": "training",
          "coverage": 100.0,
          "avg_reward": 3.3726111498326063,
          "num_nodes": 8,
          "buffer_size": 9976,
          "loop_integrity": 0.5,
          "total_loop_breaks": 7909,
          "total_reconnections": 15,
          "wfc_triggers": 1977,
          "collision_events": 233,
          "num_obstacles": 5,
          "density_collision_splats": 233,
          "density_wfc_splats": 15816,
          "repulsion_field_coverage": 0.8855555555555555
        }
      }
    ]
  },
  "config": {
    "federation": {
      "num_holons": 4,
      "world_bounds": [
        1.0,
        1.0
      ],
      "breach_threshold": 0.1,
      "coordination_mode": "positional",
      "enable_dynamic_splitting": false
    },
    "holon": {
      "mode": "training",
      "independent_training": true,
      "share_experience": false,
      "use_r_gnn": false
    },
    "node": {
      "total_nodes": 32,
      "num_nodes_per_holon": 8,
      "move_speed": 0.01,
      "sensor_range": 0.15
    },
    "spatial": {
      "dimensions": 2,
      "world_bounds": [
        1.0,
        1.0
      ]
    },
    "gnn": {
      "hidden_dim": 128,
      "num_layers": 3,
      "n_heads": 4,
      "lr": 0.0001,
      "gamma": 0.98,
      "dropout": 0.1,
      "buffer_capacity": 15000
    },
    "loop": {
      "ideal_distance": 0.11,
      "stiffness": 0.45,
      "break_threshold": 0.23
    },
    "rewards": {
      "r_flow": 2.0,
      "r_collision": 35.0,
      "r_idle": 1.0,
      "r_loop_integrity": 10.0,
      "r_collapse_penalty": 20.0,
      "r_explore": 10.0,
      "r_reconnection": 10.0,
      "r_boundary_breach": 4.0
    },
    "repulsion": {
      "local_grid_size": [
        5,
        5
      ],
      "global_grid_shape": [
        60,
        60
      ],
      "eta": 0.5,
      "gamma_f": 0.9,
      "k_f": 5,
      "sigma_f": 0.05,
      "decay_lambda": 0.9,
      "blur_delta": 0.1,
      "beta": 2.0
    },
    "exploration": {
      "map_resolution": 0.01,
      "sensor_range": 0.15
    },
    "wfc": {
      "history_length": 200,
      "tail_length": 15,
      "collapse_threshold": 0.55,
      "tau": 3
    },
    "obstacles": [
      [
        0.029,
        0.257,
        0.008
      ],
      [
        0.129,
        0.486,
        0.008
      ],
      [
        0.486,
        0.143,
        0.008
      ],
      [
        0.071,
        0.429,
        0.008
      ],
      [
        0.029,
        0.208,
        0.008
      ],
      [
        0.029,
        0.657,
        0.008
      ],
      [
        0.129,
        0.786,
        0.008
      ],
      [
        0.486,
        0.843,
        0.008
      ],
      [
        0.071,
        0.882,
        0.008
      ],
      [
        0.629,
        0.257,
        0.008
      ],
      [
        0.829,
        0.486,
        0.008
      ],
      [
        0.986,
        0.143,
        0.008
      ],
      [
        0.571,
        0.429,
        0.008
      ],
      [
        0.729,
        0.208,
        0.008
      ],
      [
        0.629,
        0.557,
        0.008
      ],
      [
        0.829,
        0.786,
        0.008
      ],
      [
        0.986,
        0.643,
        0.008
      ],
      [
        0.571,
        0.829,
        0.008
      ],
      [
        0.729,
        0.908,
        0.008
      ]
    ],
    "moving_obstacles": [],
    "training": {
      "num_episodes": 20,
      "steps_per_episode": 400,
      "target_update_frequency": 100,
      "save_frequency": 100,
      "metrics_save_frequency": 20
    },
    "visualization": {
      "show_partitions": true,
      "show_breach_alerts": true,
      "partition_color_scheme": "rainbow",
      "render_frequency": 50,
      "save_history": true
    }
  }
}