{
  "episode_rewards": [
    132.95411796972155,
    7.5543141175434,
    7.28350119445473,
    5.686824269928038,
    5.150060766339302,
    4.532444226443768,
    5.934515117220581,
    7.353660224862397,
    6.6441197950392965,
    6.245728742964566,
    7.875330483093858,
    7.3721772335842255,
    7.471110562011599,
    7.36879384368658,
    7.712305413894355,
    7.640641758553683,
    7.461607744246721,
    6.138883452601731,
    7.6163501605764035,
    6.833104122951627,
    6.849783715307712,
    6.440235007815063,
    5.865409909673035,
    5.053603308908642,
    5.041015942506492,
    4.418387205153704,
    4.270916284620762,
    4.894605731144548,
    6.954176622182131,
    5.829718233309686,
    6.71229934964329,
    6.505146864317357,
    6.12710596177727,
    6.759244731776416,
    6.023838922008872,
    4.47835348855704,
    5.028225929327309,
    3.2569439401477576,
    3.166506144441664,
    2.4800405533984304
  ],
  "federation_metrics": [
    {
      "step": 16000,
      "num_holons": 4,
      "total_breaches": 826,
      "breaches_per_step": 0.051625,
      "grid_size": 2
    },
    {
      "step": 32000,
      "num_holons": 4,
      "total_breaches": 1494,
      "breaches_per_step": 0.0466875,
      "grid_size": 2
    }
  ],
  "holon_metrics": {
    "0": [
      {
        "holon_id": 0,
        "partition_id": 0,
        "steps": 16000,
        "num_nodes": 8,
        "avg_reward": 14.13379493714865,
        "total_breaches": 198,
        "boundary_repulsion_active": true,
        "orchestrator_stats": {
          "step": 16000,
          "mode": "training",
          "coverage": 100.0,
          "avg_reward": 14.19566993714869,
          "num_nodes": 8,
          "buffer_size": 15000,
          "loop_integrity": 1.0,
          "total_loop_breaks": 736,
          "total_reconnections": 49,
          "wfc_triggers": 203,
          "collision_events": 2077,
          "num_obstacles": 5,
          "density_collision_splats": 2077,
          "density_wfc_splats": 1504,
          "repulsion_field_coverage": 1.0
        }
      },
      {
        "holon_id": 0,
        "partition_id": 0,
        "steps": 32000,
        "num_nodes": 8,
        "avg_reward": 10.542476732507348,
        "total_breaches": 334,
        "boundary_repulsion_active": true,
        "orchestrator_stats": {
          "step": 32000,
          "mode": "training",
          "coverage": 100.0,
          "avg_reward": 10.594664232507348,
          "num_nodes": 8,
          "buffer_size": 15000,
          "loop_integrity": 0.75,
          "total_loop_breaks": 1635,
          "total_reconnections": 92,
          "wfc_triggers": 481,
          "collision_events": 3744,
          "num_obstacles": 5,
          "density_collision_splats": 3744,
          "density_wfc_splats": 3672,
          "repulsion_field_coverage": 1.0
        }
      }
    ],
    "1": [
      {
        "holon_id": 1,
        "partition_id": 1,
        "steps": 16000,
        "num_nodes": 8,
        "avg_reward": 11.054751003138689,
        "total_breaches": 230,
        "boundary_repulsion_active": true,
        "orchestrator_stats": {
          "step": 16000,
          "mode": "training",
          "coverage": 100.0,
          "avg_reward": 11.126626003138721,
          "num_nodes": 8,
          "buffer_size": 15000,
          "loop_integrity": 0.75,
          "total_loop_breaks": 2447,
          "total_reconnections": 32,
          "wfc_triggers": 792,
          "collision_events": 2445,
          "num_obstacles": 5,
          "density_collision_splats": 2445,
          "density_wfc_splats": 6024,
          "repulsion_field_coverage": 1.0
        }
      },
      {
        "holon_id": 1,
        "partition_id": 1,
        "steps": 32000,
        "num_nodes": 8,
        "avg_reward": 8.219572269432268,
        "total_breaches": 486,
        "boundary_repulsion_active": true,
        "orchestrator_stats": {
          "step": 32000,
          "mode": "training",
          "coverage": 100.0,
          "avg_reward": 8.295509769432247,
          "num_nodes": 8,
          "buffer_size": 15000,
          "loop_integrity": 0.625,
          "total_loop_breaks": 4541,
          "total_reconnections": 62,
          "wfc_triggers": 1386,
          "collision_events": 4966,
          "num_obstacles": 5,
          "density_collision_splats": 4966,
          "density_wfc_splats": 10648,
          "repulsion_field_coverage": 1.0
        }
      }
    ],
    "2": [
      {
        "holon_id": 2,
        "partition_id": 2,
        "steps": 16000,
        "num_nodes": 8,
        "avg_reward": 13.18408866889778,
        "total_breaches": 134,
        "boundary_repulsion_active": true,
        "orchestrator_stats": {
          "step": 16000,
          "mode": "training",
          "coverage": 100.0,
          "avg_reward": 13.225963668897748,
          "num_nodes": 8,
          "buffer_size": 15000,
          "loop_integrity": 0.75,
          "total_loop_breaks": 788,
          "total_reconnections": 32,
          "wfc_triggers": 246,
          "collision_events": 1102,
          "num_obstacles": 4,
          "density_collision_splats": 1101,
          "density_wfc_splats": 1904,
          "repulsion_field_coverage": 1.0
        }
      },
      {
        "holon_id": 2,
        "partition_id": 2,
        "steps": 32000,
        "num_nodes": 8,
        "avg_reward": 7.897625259790605,
        "total_breaches": 158,
        "boundary_repulsion_active": true,
        "orchestrator_stats": {
          "step": 32000,
          "mode": "training",
          "coverage": 100.0,
          "avg_reward": 7.92231275979057,
          "num_nodes": 8,
          "buffer_size": 15000,
          "loop_integrity": 0.75,
          "total_loop_breaks": 4996,
          "total_reconnections": 41,
          "wfc_triggers": 1636,
          "collision_events": 2349,
          "num_obstacles": 4,
          "density_collision_splats": 2348,
          "density_wfc_splats": 13024,
          "repulsion_field_coverage": 1.0
        }
      }
    ],
    "3": [
      {
        "holon_id": 3,
        "partition_id": 3,
        "steps": 16000,
        "num_nodes": 8,
        "avg_reward": 14.193283630758417,
        "total_breaches": 264,
        "boundary_repulsion_active": true,
        "orchestrator_stats": {
          "step": 16000,
          "mode": "training",
          "coverage": 100.0,
          "avg_reward": 14.275783630758523,
          "num_nodes": 8,
          "buffer_size": 15000,
          "loop_integrity": 0.75,
          "total_loop_breaks": 285,
          "total_reconnections": 28,
          "wfc_triggers": 94,
          "collision_events": 895,
          "num_obstacles": 5,
          "density_collision_splats": 895,
          "density_wfc_splats": 624,
          "repulsion_field_coverage": 1.0
        }
      },
      {
        "holon_id": 3,
        "partition_id": 3,
        "steps": 32000,
        "num_nodes": 8,
        "avg_reward": 10.238840642843348,
        "total_breaches": 516,
        "boundary_repulsion_active": true,
        "orchestrator_stats": {
          "step": 32000,
          "mode": "training",
          "coverage": 100.0,
          "avg_reward": 10.319465642843396,
          "num_nodes": 8,
          "buffer_size": 15000,
          "loop_integrity": 0.75,
          "total_loop_breaks": 2147,
          "total_reconnections": 55,
          "wfc_triggers": 644,
          "collision_events": 1746,
          "num_obstacles": 5,
          "density_collision_splats": 1746,
          "density_wfc_splats": 4904,
          "repulsion_field_coverage": 1.0
        }
      }
    ]
  },
  "config": {
    "federation": {
      "num_holons": 4,
      "world_bounds": [
        1.0,
        1.0
      ],
      "breach_threshold": 0.1,
      "coordination_mode": "positional",
      "enable_dynamic_splitting": false
    },
    "holon": {
      "mode": "training",
      "independent_training": true,
      "share_experience": false,