{
  "episode_rewards": [
    144.0942549650073,
    20.76940070310235,
    20.474834878653287,
    19.84151891160011,
    19.15843965676427,
    19.313122604638338,
    20.184611386716366,
    19.77410737863183,
    19.966244554042817,
    20.094405408918856,
    18.25000598064065,
    19.55715141940117,
    21.14950363224745,
    20.601562834620477,
    20.877422761678694,
    21.15702127844095,
    21.50548910498619,
    20.81628338587284,
    20.70230897963047,
    20.76264023000002
  ],
  "federation_metrics": [
    {
      "step": 20000,
      "num_holons": 4,
      "total_breaches": 832,
      "breaches_per_step": 0.0416,
      "grid_size": 2
    }
  ],
  "holon_metrics": {
    "0": [
      {
        "holon_id": 0,
        "partition_id": 0,
        "steps": 20000,
        "num_nodes": 8,
        "avg_reward": 27.95100557795175,
        "total_breaches": 251,
        "boundary_repulsion_active": true,
        "orchestrator_stats": {
          "step": 20000,
          "mode": "training",
          "coverage": 100.0,
          "avg_reward": 28.01375557795167,
          "num_nodes": 8,
          "buffer_size": 15000,
          "loop_integrity": 1.0,
          "total_loop_breaks": 845,
          "total_reconnections": 102,
          "wfc_triggers": 253,
          "collision_events": 2638,
          "num_obstacles": 5,
          "density_collision_splats": 2637,
          "density_wfc_splats": 1752,
          "repulsion_field_coverage": 1.0
        }
      }
    ],
    "1": [
      {
        "holon_id": 1,
        "partition_id": 1,
        "steps": 20000,
        "num_nodes": 8,
        "avg_reward": 27.151672742325104,
        "total_breaches": 135,
        "boundary_repulsion_active": true,
        "orchestrator_stats": {
          "step": 20000,
          "mode": "training",
          "coverage": 100.0,
          "avg_reward": 27.185422742325066,
          "num_nodes": 8,
          "buffer_size": 15000,
          "loop_integrity": 0.75,
          "total_loop_breaks": 930,
          "total_reconnections": 59,
          "wfc_triggers": 277,
          "collision_events": 2648,
          "num_obstacles": 5,
          "density_collision_splats": 2647,
          "density_wfc_splats": 2088,
          "repulsion_field_coverage": 1.0
        }
      }
    ],
    "2": [
      {
        "holon_id": 2,
        "partition_id": 2,
        "steps": 20000,
        "num_nodes": 8,
        "avg_reward": 24.411159576886792,
        "total_breaches": 297,
        "boundary_repulsion_active": true,
        "orchestrator_stats": {
          "step": 20000,
          "mode": "training",
          "coverage": 100.0,
          "avg_reward": 24.48540957688689,
          "num_nodes": 8,
          "buffer_size": 15000,
          "loop_integrity": 0.75,
          "total_loop_breaks": 2597,
          "total_reconnections": 99,
          "wfc_triggers": 833,
          "collision_events": 4009,
          "num_obstacles": 4,
          "density_collision_splats": 4009,
          "density_wfc_splats": 6552,
          "repulsion_field_coverage": 1.0
        }
      }
    ],
    "3": [
      {
        "holon_id": 3,
        "partition_id": 3,
        "steps": 20000,
        "num_nodes": 8,
        "avg_reward": 26.296228113955284,
        "total_breaches": 149,
        "boundary_repulsion_active": true,
        "orchestrator_stats": {
          "step": 20000,
          "mode": "training",
          "coverage": 100.0,
          "avg_reward": 26.33347811395526,
          "num_nodes": 8,
          "buffer_size": 15000,
          "loop_integrity": 1.0,
          "total_loop_breaks": 1617,
          "total_reconnections": 72,
          "wfc_triggers": 470,
          "collision_events": 3312,
          "num_obstacles": 5,
          "density_collision_splats": 3312,
          "density_wfc_splats": 3672,
          "repulsion_field_coverage": 1.0
        }
      }
    ]
  },
  "config": {
    "federation": {
      "num_holons": 4,
      "world_bounds": [
        1.0,
        1.0
      ],
      "breach_threshold": 0.1,
      "coordination_mode": "positional",
      "enable_dynamic_splitting": false
    },
    "holon": {
      "mode": "training",
      "independent_training": true,
      "share_experience": false,
      "use_r_gnn": false
    },
    "node": {
      "total_nodes": 32,
      "num_nodes_per_holon": 8,
      "move_speed": 0.01,
      "sensor_range": 0.25
    },
    "spatial": {
      "dimensions": 2,
      "world_bounds": [
        1.0,
        1.0
      ]
    },
    "gnn": {
      "hidden_dim": 128,
      "num_layers": 3,
      "n_heads": 4,
      "lr": 0.0001,
      "gamma": 0.98,
      "dropout": 0.1,
      "buffer_capacity": 15000,
      "stability_coef": 0.55
    },
    "loop": {
      "ideal_distance": 0.12,
      "stiffness": 0.45,
      "break_threshold": 0.32
    },
    "patrol": {
      "enabled": true,
      "waypoint_threshold": 0.15,
      "stick_prob": 0.05,
      "bias_force": 0.002
    },
    "rewards": {
      "r_flow": 5.0,
      "r_collision": 35.0,
      "r_idle": 1.0,
      "r_loop_integrity": 10.0,
      "r_collapse_penalty": 30.0,
      "r_explore": 10.0,
      "r_reconnection_spatial": 40.0,
      "r_reconnection_temporal": 10.0,
      "r_boundary_breach": 5.0
    },
    "repulsion": {
      "local_grid_size": [
        5,
        5
      ],
      "global_grid_shape": [
        60,
        60
      ],
      "eta": 0.5,
      "gamma_f": 0.9,
      "k_f": 5,
      "sigma_f": 0.05,
      "decay_lambda": 0.9,
      "blur_delta": 0.1,
      "beta": 0.3
    },
    "exploration": {
      "map_resolution": 0.01,
      "sensor_range": 0.2
    },
    "wfc": {
      "history_length": 150,
      "tail_length": 5,
      "collapse_threshold": 0.55,
      "tau": 2,
      "spatial_search_radius_mult": 1.2,
      "spatial_samples": 32,
      "spatial_accept_threshold": 0.6,
      "spatial_improvement_min": 0.988
    },
    "obstacles": [
      [
        0.229,
        0.257,
        0.008
      ],
      [
        0.329,
        0.186,
        0.008
      ],
      [
        0.286,
        0.143,
        0.008
      ],
      [
        0.071,
        0.429,
        0.008
      ],
      [
        0.029,
        0.208,
        0.008
      ],
      [
        0.029,
        0.657,
        0.008
      ],
      [
        0.129,
        0.786,
        0.008
      ],
      [
        0.486,
        0.843,
        0.008
      ],
      [
        0.071,
        0.882,
        0.008
      ],
      [
        0.629,
        0.257,
        0.008
      ],
      [
        0.829,
        0.486,
        0.008
      ],
      [
        0.986,
        0.143,
        0.008
      ],
      [
        0.571,
        0.429,
        0.008
      ],
      [
        0.729,
        0.208,
        0.008
      ],
      [
        0.629,
        0.557,
        0.008
      ],
      [
        0.749,
        0.786,
        0.008
      ],
      [
        0.986,
        0.643,
        0.008
      ],
      [
        0.571,
        0.829,
        0.008
      ],
      [
        0.729,
        0.908,
        0.008
      ]
    ],
    "moving_obstacles": [],
    "training": {
      "num_episodes": 30,
      "steps_per_episode": 1000,
      "target_update_frequency": 100,
      "save_frequency": 100,
      "metrics_save_frequency": 20
    },
    "visualization": {
      "show_partitions": true,
      "show_breach_alerts": true,
      "partition_color_scheme": "rainbow",
      "render_frequency": 50,
      "save_history": true
    }
  }
}