{
  "episode_rewards": [
    166.2602262262106,
    23.411800492227076,
    7.602068614304065,
    10.425267901957035,
    5.16725367218256,
    7.088729798972607,
    7.29606466537714,
    6.71501903706789,
    -1.2090028500556946,
    0.07826487803459167,
    -1.3288889365196228,
    -0.7349026341438294,
    -1.294508703172207,
    -1.27815865367651,
    -0.07065392702817917,
    -2.630305819571018,
    -1.009768877208233,
    -0.9843957878351212,
    -0.7900471408367157,
    -3.0804505642652513,
    -4.961289546966553,
    -9.225434117674828,
    -11.693796803534031,
    -14.781130586981773,
    -11.620000586152077,
    -8.839451174020768,
    -9.202534812927246,
    -8.896825075149536,
    -8.633687069416046,
    -8.783215530395507,
    -8.734554371833802,
    -8.709164503574371,
    -8.708556474685668,
    -8.702803418159485,
    -8.70724277973175,
    -8.73491085100174,
    -8.709380462646484,
    -8.78789924287796,
    -8.741608592033387,
    -8.707657845020295
  ],
  "federation_metrics": [
    {
      "step": 10000,
      "num_holons": 4,
      "total_breaches": 340,
      "breaches_per_step": 0.034,
      "grid_size": 2
    },
    {
      "step": 20000,
      "num_holons": 4,
      "total_breaches": 473,
      "breaches_per_step": 0.02365,
      "grid_size": 2
    }
  ],
  "holon_metrics": {
    "0": [
      {
        "holon_id": 0,
        "partition_id": 0,
        "steps": 10000,
        "num_nodes": 8,
        "avg_reward": 16.62981535277355,
        "total_breaches": 132,
        "boundary_repulsion_active": true,
        "orchestrator_stats": {
          "step": 10000,
          "mode": "training",
          "coverage": 100.0,
          "avg_reward": 16.682615352773666,
          "num_nodes": 8,
          "buffer_size": 10175,
          "loop_integrity": 0.75,
          "total_loop_breaks": 707,
          "total_reconnections": 53,
          "wfc_triggers": 217,
          "collision_events": 2323,
          "num_obstacles": 5,
          "density_collision_splats": 2323,
          "density_wfc_splats": 1408,
          "repulsion_field_coverage": 1.0
        }
      },
      {
        "holon_id": 0,
        "partition_id": 0,
        "steps": 20000,
        "num_nodes": 8,
        "avg_reward": 1.3588011373161701,
        "total_breaches": 138,
        "boundary_repulsion_active": true,
        "orchestrator_stats": {
          "step": 20000,
          "mode": "training",
          "coverage": 100.0,
          "avg_reward": 1.386401137316227,
          "num_nodes": 8,
          "buffer_size": 15000,
          "loop_integrity": 0.5,
          "total_loop_breaks": 13456,
          "total_reconnections": 53,
          "wfc_triggers": 3402,
          "collision_events": 2346,
          "num_obstacles": 5,
          "density_collision_splats": 2346,
          "density_wfc_splats": 26888,
          "repulsion_field_coverage": 1.0
        }
      }
    ],
    "1": [
      {
        "holon_id": 1,
        "partition_id": 1,
        "steps": 10000,
        "num_nodes": 8,
        "avg_reward": 10.081423201155621,
        "total_breaches": 66,
        "boundary_repulsion_active": true,
        "orchestrator_stats": {
          "step": 10000,
          "mode": "training",
          "coverage": 100.0,
          "avg_reward": 10.107823201155663,
          "num_nodes": 8,
          "buffer_size": 10816,
          "loop_integrity": 1.0,
          "total_loop_breaks": 2668,
          "total_reconnections": 22,
          "wfc_triggers": 827,
          "collision_events": 5727,
          "num_obstacles": 5,
          "density_collision_splats": 5727,
          "density_wfc_splats": 6536,
          "repulsion_field_coverage": 1.0
        }
      },
      {
        "holon_id": 1,
        "partition_id": 1,
        "steps": 20000,
        "num_nodes": 8,
        "avg_reward": -2.495549210369601,
        "total_breaches": 66,
        "boundary_repulsion_active": true,
        "orchestrator_stats": {
          "step": 20000,
          "mode": "training",
          "coverage": 100.0,
          "avg_reward": -2.482349210369587,
          "num_nodes": 8,
          "buffer_size": 15000,
          "loop_integrity": 0.5,
          "total_loop_breaks": 16004,
          "total_reconnections": 22,
          "wfc_triggers": 4160,
          "collision_events": 5938,
          "num_obstacles": 5,
          "density_collision_splats": 5938,
          "density_wfc_splats": 33200,
          "repulsion_field_coverage": 1.0
        }
      }
    ],
    "2": [
      {
        "holon_id": 2,
        "partition_id": 2,
        "steps": 10000,
        "num_nodes": 8,
        "avg_reward": 16.503106743657614,
        "total_breaches": 132,
        "boundary_repulsion_active": true,
        "orchestrator_stats": {
          "step": 10000,
          "mode": "training",
          "coverage": 100.0,
          "avg_reward": 16.555906743657587,
          "num_nodes": 8,
          "buffer_size": 10173,
          "loop_integrity": 0.75,
          "total_loop_breaks": 669,
          "total_reconnections": 43,
          "wfc_triggers": 192,
          "collision_events": 1142,
          "num_obstacles": 4,
          "density_collision_splats": 1142,
          "density_wfc_splats": 1392,
          "repulsion_field_coverage": 1.0
        }
      },
      {
        "holon_id": 2,
        "partition_id": 2,
        "steps": 20000,
        "num_nodes": 8,
        "avg_reward": 11.845711821663384,
        "total_breaches": 259,
        "boundary_repulsion_active": true,
        "orchestrator_stats": {
          "step": 20000,
          "mode": "training",
          "coverage": 100.0,
          "avg_reward": 11.897511821663379,
          "num_nodes": 8,
          "buffer_size": 15000,
          "loop_integrity": 1.0,
          "total_loop_breaks": 1820,
          "total_reconnections": 49,
          "wfc_triggers": 545,
          "collision_events": 1245,
          "num_obstacles": 4,
          "density_collision_splats": 1245,
          "density_wfc_splats": 4056,
          "repulsion_field_coverage": 1.0
        }
      }
    ],
    "3": [
      {
        "holon_id": 3,
        "partition_id": 3,
        "steps": 10000,
        "num_nodes": 8,
        "avg_reward": 0.7123769808173128,
        "total_breaches": 10,
        "boundary_repulsion_active": true,
        "orchestrator_stats": {
          "step": 10000,
          "mode": "training",
          "coverage": 100.0,
          "avg_reward": 0.7163769808173179,
          "num_nodes": 8,
          "buffer_size": 12446,
          "loop_integrity": 0.5,
          "total_loop_breaks": 9813,
          "total_reconnections": 21,
          "wfc_triggers": 2449,
          "collision_events": 861,
          "num_obstacles": 5,
          "density_collision_splats": 861,
          "density_wfc_splats": 19576,
          "repulsion_field_coverage": 1.0
        }
      },
      {
        "holon_id": 3,
        "partition_id": 3,
        "steps": 20000,
        "num_nodes": 8,
        "avg_reward": -7.1337169938862415,
        "total_breaches": 10,
        "boundary_repulsion_active": true,
        "orchestrator_stats": {
          "step": 20000,
          "mode": "training",
          "coverage": 100.0,
          "avg_reward": -7.131716993886233,
          "num_nodes": 8,
          "buffer_size": 15000,
          "loop_integrity": 1.0,
          "total_loop_breaks": 23145,
          "total_reconnections": 21,
          "wfc_triggers": 5783,
          "collision_events": 861,
          "num_obstacles": 5,
          "density_collision_splats": 861,
          "density_wfc_splats": 46248,
          "repulsion_field_coverage": 1.0
        }
      }
    ]
  },
  "config": {
    "federation": {
      "num_holons": 4,
      "world_bounds": [
        1.0,
        1.0
      ],
      "breach_threshold": 0.1,
      "coordination_mode": "positional",
      "enable_dynamic_splitting": false
    },
    "holon": {
      "mode": "training",