{
  "episode_rewards": [
    123.70011757993699,
    14.656650495529174,
    12.338631680965424,
    15.652968193948269,
    13.63107105332613,
    14.403712749660015,
    14.778302403092384,
    16.616679361879825,
    17.240711734712125,
    15.903077693879604,
    18.22940203741193,
    18.200965301662684,
    20.5360717459321,
    17.914150098204612,
    18.30882210278511,
    20.323154871344567,
    19.310950653910638,
    21.414138286948205,
    19.57375917893648,
    17.552822127640248,
    16.5791397203207,
    15.030305757105351,
    11.171050215363502,
    11.470039791285991,
    13.067120150089265,
    17.234155541479588,
    15.820942765474319,
    10.995537113457917,
    14.636758087724447,
    14.24038682872057,
    13.794862851440907,
    14.6855984416008,
    17.501317350387573,
    12.58912141227722,
    12.657399333119393,
    11.92278168731928,
    13.239261240541936,
    11.994651717215776,
    12.225334658980369,
    11.101537784278392
  ],
  "federation_metrics": [
    {
      "step": 20000,
      "num_holons": 4,
      "total_breaches": 600,
      "breaches_per_step": 0.03,
      "grid_size": 2
    },
    {
      "step": 40000,
      "num_holons": 4,
      "total_breaches": 1293,
      "breaches_per_step": 0.032325,
      "grid_size": 2
    }
  ],
  "holon_metrics": {
    "0": [
      {
        "holon_id": 0,
        "partition_id": 0,
        "steps": 20000,
        "num_nodes": 8,
        "avg_reward": 24.594655240291406,
        "total_breaches": 49,
        "boundary_repulsion_active": true,
        "orchestrator_stats": {
          "step": 20000,
          "mode": "training",
          "coverage": 100.0,
          "avg_reward": 24.606905240291358,
          "num_nodes": 8,
          "buffer_size": 15000,
          "loop_integrity": 0.875,
          "total_loop_breaks": 914,
          "total_reconnections": 32,
          "wfc_triggers": 274,
          "collision_events": 1144,
          "num_obstacles": 5,
          "density_collision_splats": 1144,
          "density_wfc_splats": 2168,
          "repulsion_field_coverage": 1.0
        }
      },
      {
        "holon_id": 0,
        "partition_id": 0,
        "steps": 40000,
        "num_nodes": 8,
        "avg_reward": 19.337544393664633,
        "total_breaches": 220,
        "boundary_repulsion_active": true,
        "orchestrator_stats": {
          "step": 40000,
          "mode": "training",
          "coverage": 100.0,
          "avg_reward": 19.365044393664597,
          "num_nodes": 8,
          "buffer_size": 15000,
          "loop_integrity": 0.75,
          "total_loop_breaks": 2362,
          "total_reconnections": 169,
          "wfc_triggers": 719,
          "collision_events": 4586,
          "num_obstacles": 5,
          "density_collision_splats": 4584,
          "density_wfc_splats": 5488,
          "repulsion_field_coverage": 1.0
        }
      }
    ],
    "1": [
      {
        "holon_id": 1,
        "partition_id": 1,
        "steps": 20000,
        "num_nodes": 8,
        "avg_reward": 21.482307069009583,
        "total_breaches": 241,
        "boundary_repulsion_active": true,
        "orchestrator_stats": {
          "step": 20000,
          "mode": "training",
          "coverage": 100.0,
          "avg_reward": 21.542557069009543,
          "num_nodes": 8,
          "buffer_size": 15000,
          "loop_integrity": 1.0,
          "total_loop_breaks": 1578,
          "total_reconnections": 55,
          "wfc_triggers": 453,
          "collision_events": 3822,
          "num_obstacles": 5,
          "density_collision_splats": 3822,
          "density_wfc_splats": 3504,
          "repulsion_field_coverage": 1.0
        }
      },
      {
        "holon_id": 1,
        "partition_id": 1,
        "steps": 40000,
        "num_nodes": 8,
        "avg_reward": 18.361800735753746,
        "total_breaches": 353,
        "boundary_repulsion_active": true,
        "orchestrator_stats": {
          "step": 40000,
          "mode": "training",
          "coverage": 100.0,
          "avg_reward": 18.405925735753776,
          "num_nodes": 8,
          "buffer_size": 15000,
          "loop_integrity": 0.75,
          "total_loop_breaks": 2379,
          "total_reconnections": 108,
          "wfc_triggers": 719,
          "collision_events": 7917,
          "num_obstacles": 5,
          "density_collision_splats": 7917,
          "density_wfc_splats": 5416,
          "repulsion_field_coverage": 1.0
        }
      }
    ],
    "2": [
      {
        "holon_id": 2,
        "partition_id": 2,
        "steps": 20000,
        "num_nodes": 8,
        "avg_reward": 26.158679559409567,
        "total_breaches": 149,
        "boundary_repulsion_active": true,
        "orchestrator_stats": {
          "step": 20000,
          "mode": "training",
          "coverage": 100.0,
          "avg_reward": 26.195929559409617,
          "num_nodes": 8,
          "buffer_size": 15000,
          "loop_integrity": 0.75,
          "total_loop_breaks": 353,
          "total_reconnections": 22,
          "wfc_triggers": 105,
          "collision_events": 677,
          "num_obstacles": 4,
          "density_collision_splats": 677,
          "density_wfc_splats": 808,
          "repulsion_field_coverage": 1.0
        }
      },
      {
        "holon_id": 2,
        "partition_id": 2,
        "steps": 40000,
        "num_nodes": 8,
        "avg_reward": 20.57181167282471,
        "total_breaches": 240,
        "boundary_repulsion_active": true,
        "orchestrator_stats": {
          "step": 40000,
          "mode": "training",
          "coverage": 100.0,
          "avg_reward": 20.60181167282462,
          "num_nodes": 8,
          "buffer_size": 15000,
          "loop_integrity": 0.875,
          "total_loop_breaks": 893,
          "total_reconnections": 75,
          "wfc_triggers": 263,
          "collision_events": 1791,
          "num_obstacles": 4,
          "density_collision_splats": 1791,
          "density_wfc_splats": 2064,
          "repulsion_field_coverage": 1.0
        }
      }
    ],
    "3": [
      {
        "holon_id": 3,
        "partition_id": 3,
        "steps": 20000,
        "num_nodes": 8,
        "avg_reward": 17.821590001630753,
        "total_breaches": 161,
        "boundary_repulsion_active": true,
        "orchestrator_stats": {
          "step": 20000,
          "mode": "training",
          "coverage": 100.0,
          "avg_reward": 17.86184000163078,
          "num_nodes": 8,
          "buffer_size": 15000,
          "loop_integrity": 0.75,
          "total_loop_breaks": 2693,
          "total_reconnections": 98,
          "wfc_triggers": 839,
          "collision_events": 3421,
          "num_obstacles": 5,
          "density_collision_splats": 3421,
          "density_wfc_splats": 6592,
          "repulsion_field_coverage": 1.0
        }
      },
      {
        "holon_id": 3,
        "partition_id": 3,
        "steps": 40000,
        "num_nodes": 8,
        "avg_reward": 13.953189377745945,
        "total_breaches": 480,
        "boundary_repulsion_active": true,
        "orchestrator_stats": {
          "step": 40000,
          "mode": "training",
          "coverage": 100.0,
          "avg_reward": 14.013189377745986,
          "num_nodes": 8,
          "buffer_size": 15000,
          "loop_integrity": 0.875,
          "total_loop_breaks": 6415,
          "total_reconnections": 173,
          "wfc_triggers": 2061,
          "collision_events": 8525,
          "num_obstacles": 5,
          "density_collision_splats": 8524,
          "density_wfc_splats": 16232,
          "repulsion_field_coverage": 1.0
        }
      }
    ]
  },
  "config": {
    "federation": {
      "num_holons": 4,
      "world_bounds": [
        1.0,
        1.0
      ],
      "breach_threshold": 0.1,
      "coordination_mode": "positional",
      "enable_dynamic_splitting": false
    },
    "holon": {
      "mode": "training",
      "independent_training": true,