{
  "episode_rewards": [
    180.16119904589652,
    20.16315203458071,
    15.530041826725006,
    6.771398544132709,
    5.108482941091061,
    7.526692331373692,
    7.605543335258961,
    7.45408160418272,
    7.534714622139931,
    7.972154905319214,
    7.24475750041008,
    7.8967827575206755,
    8.018320040524006,
    7.330561081886292,
    7.497555570185185,
    6.305244524717331,
    5.009598635077476,
    5.269236751675606,
    4.756362376511097,
    5.973333658337593,
    5.211190464377403,
    5.063607089996338,
    4.785854982495308,
    4.046542967319488,
    5.963015685796738,
    5.864792739033699,
    7.02176466858387,
    7.845841094493866,
    7.757076276421547,
    7.374815972566605,
    5.286998951077461,
    7.1681096049547195,
    8.102255418360233,
    6.79043406945467,
    6.313179238259792,
    7.8262332153320315,
    7.340435373783111,
    4.6663603661060336,
    4.14466714155674,
    5.318897124290467
  ],
  "federation_metrics": [
    {
      "step": 10000,
      "num_holons": 4,
      "total_breaches": 473,
      "breaches_per_step": 0.0473,
      "grid_size": 2
    },
    {
      "step": 20000,
      "num_holons": 4,
      "total_breaches": 873,
      "breaches_per_step": 0.04365,
      "grid_size": 2
    }
  ],
  "holon_metrics": {
    "0": [
      {
        "holon_id": 0,
        "partition_id": 0,
        "steps": 10000,
        "num_nodes": 8,
        "avg_reward": 16.710145699667944,
        "total_breaches": 58,
        "boundary_repulsion_active": true,
        "orchestrator_stats": {
          "step": 10000,
          "mode": "training",
          "coverage": 100.0,
          "avg_reward": 16.73914569966793,
          "num_nodes": 8,
          "buffer_size": 10129,
          "loop_integrity": 0.75,
          "total_loop_breaks": 445,
          "total_reconnections": 27,
          "wfc_triggers": 135,
          "collision_events": 892,
          "num_obstacles": 5,
          "density_collision_splats": 892,
          "density_wfc_splats": 1040,
          "repulsion_field_coverage": 1.0
        }
      },
      {
        "holon_id": 0,
        "partition_id": 0,
        "steps": 20000,
        "num_nodes": 8,
        "avg_reward": 11.568491335648327,
        "total_breaches": 204,
        "boundary_repulsion_active": true,
        "orchestrator_stats": {
          "step": 20000,
          "mode": "training",
          "coverage": 100.0,
          "avg_reward": 11.619491335648299,
          "num_nodes": 8,
          "buffer_size": 15000,
          "loop_integrity": 1.0,
          "total_loop_breaks": 1208,
          "total_reconnections": 48,
          "wfc_triggers": 378,
          "collision_events": 1733,
          "num_obstacles": 5,
          "density_collision_splats": 1733,
          "density_wfc_splats": 2960,
          "repulsion_field_coverage": 1.0
        }
      }
    ],
    "1": [
      {
        "holon_id": 1,
        "partition_id": 1,
        "steps": 10000,
        "num_nodes": 8,
        "avg_reward": 16.53026067672963,
        "total_breaches": 140,
        "boundary_repulsion_active": true,
        "orchestrator_stats": {
          "step": 10000,
          "mode": "training",
          "coverage": 100.0,
          "avg_reward": 16.60026067672968,
          "num_nodes": 8,
          "buffer_size": 10156,
          "loop_integrity": 0.75,
          "total_loop_breaks": 541,
          "total_reconnections": 29,
          "wfc_triggers": 157,
          "collision_events": 1503,
          "num_obstacles": 5,
          "density_collision_splats": 1503,
          "density_wfc_splats": 1256,
          "repulsion_field_coverage": 1.0
        }
      },
      {
        "holon_id": 1,
        "partition_id": 1,
        "steps": 20000,
        "num_nodes": 8,
        "avg_reward": 10.916815946990209,
        "total_breaches": 219,
        "boundary_repulsion_active": true,
        "orchestrator_stats": {
          "step": 20000,
          "mode": "training",
          "coverage": 100.0,
          "avg_reward": 10.971565946990252,
          "num_nodes": 8,
          "buffer_size": 15000,
          "loop_integrity": 0.75,
          "total_loop_breaks": 1894,
          "total_reconnections": 47,
          "wfc_triggers": 591,
          "collision_events": 1896,
          "num_obstacles": 5,
          "density_collision_splats": 1896,
          "density_wfc_splats": 4712,
          "repulsion_field_coverage": 1.0
        }
      }
    ],
    "2": [
      {
        "holon_id": 2,
        "partition_id": 2,
        "steps": 10000,
        "num_nodes": 8,
        "avg_reward": 17.22438028906588,
        "total_breaches": 162,
        "boundary_repulsion_active": true,
        "orchestrator_stats": {
          "step": 10000,
          "mode": "training",
          "coverage": 100.0,
          "avg_reward": 17.305380289065837,
          "num_nodes": 8,
          "buffer_size": 10182,
          "loop_integrity": 0.75,
          "total_loop_breaks": 604,
          "total_reconnections": 37,
          "wfc_triggers": 183,
          "collision_events": 549,
          "num_obstacles": 4,
          "density_collision_splats": 549,
          "density_wfc_splats": 1464,
          "repulsion_field_coverage": 1.0
        }
      },
      {
        "holon_id": 2,
        "partition_id": 2,
        "steps": 20000,
        "num_nodes": 8,
        "avg_reward": 12.058037151497645,
        "total_breaches": 254,
        "boundary_repulsion_active": true,
        "orchestrator_stats": {
          "step": 20000,
          "mode": "training",
          "coverage": 100.0,
          "avg_reward": 12.121537151497602,
          "num_nodes": 8,
          "buffer_size": 15000,
          "loop_integrity": 0.75,
          "total_loop_breaks": 1278,
          "total_reconnections": 65,
          "wfc_triggers": 395,
          "collision_events": 1019,
          "num_obstacles": 4,
          "density_collision_splats": 1019,
          "density_wfc_splats": 3152,
          "repulsion_field_coverage": 1.0
        }
      }
    ],
    "3": [
      {
        "holon_id": 3,
        "partition_id": 3,
        "steps": 10000,
        "num_nodes": 8,
        "avg_reward": 15.761056152045755,
        "total_breaches": 113,
        "boundary_repulsion_active": true,
        "orchestrator_stats": {
          "step": 10000,
          "mode": "training",
          "coverage": 100.0,
          "avg_reward": 15.817556152045727,
          "num_nodes": 8,
          "buffer_size": 10365,
          "loop_integrity": 0.875,
          "total_loop_breaks": 1169,
          "total_reconnections": 38,
          "wfc_triggers": 386,
          "collision_events": 1387,
          "num_obstacles": 5,
          "density_collision_splats": 1387,
          "density_wfc_splats": 2928,
          "repulsion_field_coverage": 1.0
        }
      },
      {
        "holon_id": 3,
        "partition_id": 3,
        "steps": 20000,
        "num_nodes": 8,
        "avg_reward": 10.958784219044416,
        "total_breaches": 196,
        "boundary_repulsion_active": true,
        "orchestrator_stats": {
          "step": 20000,
          "mode": "training",
          "coverage": 100.0,
          "avg_reward": 11.007784219044447,
          "num_nodes": 8,
          "buffer_size": 15000,
          "loop_integrity": 0.75,
          "total_loop_breaks": 2389,
          "total_reconnections": 59,
          "wfc_triggers": 770,
          "collision_events": 1986,
          "num_obstacles": 5,
          "density_collision_splats": 1986,
          "density_wfc_splats": 6000,
          "repulsion_field_coverage": 1.0
        }
      }
    ]
  },
  "config": {
    "federation": {
      "num_holons": 4,
      "world_bounds": [
        1.0,
        1.0
      ],
      "breach_threshold": 0.1,
      "coordination_mode": "positional",
      "enable_dynamic_splitting": false
    },
    "holon": {
      "mode": "training",
      "independent_training": true,
      "share_experience": false,