{
  "episode_rewards": [
    115.2276688090316,
    5.7881413808465005,
    4.2139603701536545,
    9.418091835500672,
    5.7040725030307655,
    4.075161685317289,
    3.756803224827163,
    4.17663559702225,
    4.181221872093156,
    4.466878391609061,
    4.718362898232881,
    5.036086906790733,
    4.639007358849049,
    4.65735611230135,
    2.13682248800993,
    1.941428643465042,
    1.9880909734964372,
    1.687620863218326,
    1.7024055366474204,
    1.8481237882375716,
    1.7200138491392136,
    1.932856730222702,
    4.199216538728215,
    4.5102449636929665,
    4.7549661785364155,
    4.915523572564125,
    4.9410456093586985,
    4.997101864814758,
    4.9823989272117615,
    5.015870937108994,
    4.97857214987278,
    4.949706507921219,
    4.98192013502121,
    4.9199528127908705,
    4.708559122204315,
    2.248499600291252,
    1.9665795570611955,
    2.634759987951256,
    4.5265926196589135,
    4.563919884264469,
    4.112151354909875,
    4.597207341538742,
    4.57156698889099,
    4.608249450952281,
    4.743991245925426,
    4.564908915490378,
    4.6329018427734265,
    4.210959669351578,
    4.654826480746269,
    4.524828533411491,
    3.970146878659725,
    3.3484718396072277,
    1.8156914436817169,
    2.8609268268942833,
    1.9070867657661439,
    1.8272961401939392,
    1.9811825406551362,
    3.0033991032838823,
    4.711700423359871,
    4.664039761305321
  ],
  "federation_metrics": [
    {
      "step": 2000,
      "num_holons": 4,
      "total_breaches": 149,
      "breaches_per_step": 0.0745,
      "grid_size": 2
    },
    {
      "step": 4000,
      "num_holons": 4,
      "total_breaches": 177,
      "breaches_per_step": 0.04425,
      "grid_size": 2
    },
    {
      "step": 6000,
      "num_holons": 4,
      "total_breaches": 208,
      "breaches_per_step": 0.034666666666666665,
      "grid_size": 2
    }
  ],
  "holon_metrics": {
    "0": [
      {
        "holon_id": 0,
        "partition_id": 0,
        "steps": 2000,
        "num_nodes": 10,
        "avg_reward": 5.341635963562426,
        "total_breaches": 149,
        "boundary_repulsion_active": true,
        "orchestrator_stats": {
          "step": 2000,
          "mode": "training",
          "coverage": 100.0,
          "avg_reward": 5.56513596356241,
          "num_nodes": 10,
          "buffer_size": 2041,
          "loop_integrity": 0.6,
          "total_loop_breaks": 165,
          "total_reconnections": 4,
          "wfc_triggers": 42,
          "collision_events": 596,
          "num_obstacles": 6,
          "density_collision_splats": 596,
          "density_wfc_splats": 420,
          "repulsion_field_coverage": 0.9338888888888889
        }
      },
      {
        "holon_id": 0,
        "partition_id": 0,
        "steps": 4000,
        "num_nodes": 10,
        "avg_reward": 3.5465749098004475,
        "total_breaches": 177,
        "boundary_repulsion_active": true,
        "orchestrator_stats": {
          "step": 4000,
          "mode": "training",
          "coverage": 100.0,
          "avg_reward": 3.679324909800431,
          "num_nodes": 10,
          "buffer_size": 4045,
          "loop_integrity": 0.7,
          "total_loop_breaks": 185,
          "total_reconnections": 9,
          "wfc_triggers": 46,
          "collision_events": 649,
          "num_obstacles": 6,
          "density_collision_splats": 649,
          "density_wfc_splats": 460,
          "repulsion_field_coverage": 0.9908333333333333
        }
      },
      {
        "holon_id": 0,
        "partition_id": 0,
        "steps": 6000,
        "num_nodes": 10,
        "avg_reward": 2.4365411051861137,
        "total_breaches": 208,
        "boundary_repulsion_active": true,
        "orchestrator_stats": {
          "step": 6000,
          "mode": "training",
          "coverage": 100.0,
          "avg_reward": 2.540541105186101,
          "num_nodes": 10,
          "buffer_size": 6063,
          "loop_integrity": 0.8,
          "total_loop_breaks": 250,
          "total_reconnections": 17,
          "wfc_triggers": 64,
          "collision_events": 964,
          "num_obstacles": 6,
          "density_collision_splats": 964,
          "density_wfc_splats": 640,
          "repulsion_field_coverage": 0.9977777777777778
        }
      }
    ],
    "1": [
      {
        "holon_id": 1,
        "partition_id": 1,
        "steps": 2000,
        "num_nodes": 10,
        "avg_reward": 10.81562172885333,
        "total_breaches": 0,
        "boundary_repulsion_active": false,
        "orchestrator_stats": {
          "step": 2000,
          "mode": "training",
          "coverage": 100.0,
          "avg_reward": 10.815621728853323,
          "num_nodes": 10,
          "buffer_size": 1999,
          "loop_integrity": 1.0,
          "total_loop_breaks": 0,
          "total_reconnections": 0,
          "wfc_triggers": 0,
          "collision_events": 376,
          "num_obstacles": 5,
          "density_collision_splats": 376,
          "density_wfc_splats": 0,
          "repulsion_field_coverage": 0.6505555555555556
        }
      },
      {
        "holon_id": 1,
        "partition_id": 1,
        "steps": 4000,
        "num_nodes": 10,
        "avg_reward": 7.894467139758604,
        "total_breaches": 0,
        "boundary_repulsion_active": false,
        "orchestrator_stats": {
          "step": 4000,
          "mode": "training",
          "coverage": 100.0,
          "avg_reward": 7.8944671397586355,
          "num_nodes": 10,
          "buffer_size": 3999,
          "loop_integrity": 1.0,
          "total_loop_breaks": 0,
          "total_reconnections": 0,
          "wfc_triggers": 0,
          "collision_events": 435,
          "num_obstacles": 5,
          "density_collision_splats": 435,
          "density_wfc_splats": 0,
          "repulsion_field_coverage": 0.7980555555555555
        }
      },
      {
        "holon_id": 1,
        "partition_id": 1,
        "steps": 6000,
        "num_nodes": 10,
        "avg_reward": 6.926814610943492,
        "total_breaches": 0,
        "boundary_repulsion_active": false,
        "orchestrator_stats": {
          "step": 6000,
          "mode": "training",
          "coverage": 100.0,
          "avg_reward": 6.9268146109435085,
          "num_nodes": 10,
          "buffer_size": 5999,
          "loop_integrity": 1.0,
          "total_loop_breaks": 0,
          "total_reconnections": 0,
          "wfc_triggers": 0,
          "collision_events": 476,
          "num_obstacles": 5,
          "density_collision_splats": 476,
          "density_wfc_splats": 0,
          "repulsion_field_coverage": 0.9075
        }
      }
    ],
    "2": [
      {
        "holon_id": 2,
        "partition_id": 2,
        "steps": 2000,
        "num_nodes": 10,
        "avg_reward": 11.028294641376,
        "total_breaches": 0,
        "boundary_repulsion_active": false,
        "orchestrator_stats": {
          "step": 2000,
          "mode": "training",
          "coverage": 100.0,
          "avg_reward": 11.028294641376007,
          "num_nodes": 10,
          "buffer_size": 1999,
          "loop_integrity": 1.0,
          "total_loop_breaks": 0,
          "total_reconnections": 0,
          "wfc_triggers": 0,
          "collision_events": 201,
          "num_obstacles": 3,
          "density_collision_splats": 201,
          "density_wfc_splats": 0,
          "repulsion_field_coverage": 0.22916666666666666
        }
      },
      {
        "holon_id": 2,
        "partition_id": 2,
        "steps": 4000,
        "num_nodes": 10,
        "avg_reward": 8.013705231309164,
        "total_breaches": 0,
        "boundary_repulsion_active": false,
        "orchestrator_stats": {
          "step": 4000,
          "mode": "training",
          "coverage": 100.0,
          "avg_reward": 8.01370523130917,
          "num_nodes": 10,
          "buffer_size": 3999,
          "loop_integrity": 1.0,
          "total_loop_breaks": 0,