{
  "episode_rewards": [
    112.28232604215542,
    11.680402675519387,
    11.432863365486265,
    9.38466982225577,
    8.983343458945553,
    8.611033918435375,
    11.30239694374303,
    9.618314050883054,
    11.142201585744818,
    10.028319434473913,
    9.744057536522547,
    11.343147771755854,
    11.42693039521575,
    11.070894323910276,
    9.89018910082678,
    3.743732383896907,
    7.5834594271828735,
    8.669243802676599,
    8.926520755824944,
    7.937816716109713
  ],
  "federation_metrics": [
    {
      "step": 24000,
      "num_holons": 4,
      "total_breaches": 1124,
      "breaches_per_step": 0.04683333333333333,
      "grid_size": 2
    }
  ],
  "holon_metrics": {
    "0": [
      {
        "holon_id": 0,
        "partition_id": 0,
        "steps": 24000,
        "num_total_nodes": 8,
        "num_active_nodes": 8,
        "num_frozen_nodes": 0,
        "avg_reward": 15.163986433580522,
        "total_breaches": 288,
        "boundary_repulsion_active": true,
        "orchestrator_stats": {
          "step": 24000,
          "mode": "training",
          "coverage": 100.0,
          "avg_reward": 15.283986433580518,
          "num_total_nodes": 8,
          "num_active_nodes": 8,
          "num_frozen_nodes": 0,
          "frozen_node_ids": [],
          "buffer_size": 15000,
          "loop_integrity": 0.75,
          "total_loop_breaks": 2992,
          "total_reconnections": 142,
          "wfc_triggers": 876,
          "collision_events": 3181,
          "num_obstacles": 5,
          "density_collision_splats": 3181,
          "density_wfc_splats": 4480,
          "repulsion_field_coverage": 1.0,
          "freeze_stats": {
            "cycles_completed": 2,
            "cycle_in_progress": false,
            "current_cycle_step": 0,
            "currently_frozen": 0,
            "frozen_node_ids": [],
            "pending_unfreezes": 0,
            "total_freeze_events": 81,
            "total_unfreeze_events": 0
          }
        },
        "strategic_freezing_enabled": false
      }
    ],
    "1": [
      {
        "holon_id": 1,
        "partition_id": 1,
        "steps": 24000,
        "num_total_nodes": 8,
        "num_active_nodes": 5,
        "num_frozen_nodes": 3,
        "avg_reward": 12.327674867165529,
        "total_breaches": 197,
        "boundary_repulsion_active": true,
        "orchestrator_stats": {
          "step": 24000,
          "mode": "training",
          "coverage": 100.0,
          "avg_reward": 12.409758200498919,
          "num_total_nodes": 8,
          "num_active_nodes": 5,
          "num_frozen_nodes": 3,
          "frozen_node_ids": [
            10,
            13,
            15
          ],
          "buffer_size": 15000,
          "loop_integrity": 1.0,
          "total_loop_breaks": 6254,
          "total_reconnections": 97,
          "wfc_triggers": 1985,
          "collision_events": 6085,
          "num_obstacles": 5,
          "density_collision_splats": 6085,
          "density_wfc_splats": 13792,
          "repulsion_field_coverage": 1.0,
          "freeze_stats": {
            "cycles_completed": 2,
            "cycle_in_progress": false,
            "current_cycle_step": 0,
            "currently_frozen": 3,
            "frozen_node_ids": [
              10,
              13,
              15
            ],
            "pending_unfreezes": 0,
            "total_freeze_events": 66,
            "total_unfreeze_events": 0
          }
        },
        "strategic_freezing_enabled": false
      }
    ],
    "2": [
      {
        "holon_id": 2,
        "partition_id": 2,
        "steps": 24000,
        "num_total_nodes": 8,
        "num_active_nodes": 8,
        "num_frozen_nodes": 0,
        "avg_reward": 15.042792784243824,
        "total_breaches": 176,
        "boundary_repulsion_active": true,
        "orchestrator_stats": {
          "step": 24000,
          "mode": "training",
          "coverage": 100.0,
          "avg_reward": 15.116126117577155,
          "num_total_nodes": 8,
          "num_active_nodes": 8,
          "num_frozen_nodes": 0,
          "frozen_node_ids": [],
          "buffer_size": 15000,
          "loop_integrity": 0.875,
          "total_loop_breaks": 1899,
          "total_reconnections": 120,
          "wfc_triggers": 643,
          "collision_events": 3851,
          "num_obstacles": 4,
          "density_collision_splats": 3851,
          "density_wfc_splats": 2320,
          "repulsion_field_coverage": 1.0,
          "freeze_stats": {
            "cycles_completed": 2,
            "cycle_in_progress": false,
            "current_cycle_step": 0,
            "currently_frozen": 0,
            "frozen_node_ids": [],
            "pending_unfreezes": 0,
            "total_freeze_events": 85,
            "total_unfreeze_events": 0
          }
        },
        "strategic_freezing_enabled": false
      }
    ],
    "3": [
      {
        "holon_id": 3,
        "partition_id": 3,
        "steps": 24000,
        "num_total_nodes": 8,
        "num_active_nodes": 8,
        "num_frozen_nodes": 0,
        "avg_reward": 16.425918617323212,
        "total_breaches": 202,
        "boundary_repulsion_active": true,
        "orchestrator_stats": {
          "step": 24000,
          "mode": "training",
          "coverage": 100.0,
          "avg_reward": 16.510085283989707,
          "num_total_nodes": 8,
          "num_active_nodes": 8,
          "num_frozen_nodes": 0,
          "frozen_node_ids": [],
          "buffer_size": 15000,
          "loop_integrity": 1.0,
          "total_loop_breaks": 1164,
          "total_reconnections": 85,
          "wfc_triggers": 420,
          "collision_events": 5695,
          "num_obstacles": 5,
          "density_collision_splats": 5693,
          "density_wfc_splats": 848,
          "repulsion_field_coverage": 1.0,
          "freeze_stats": {
            "cycles_completed": 2,
            "cycle_in_progress": false,
            "current_cycle_step": 0,
            "currently_frozen": 0,
            "frozen_node_ids": [],
            "pending_unfreezes": 0,
            "total_freeze_events": 72,
            "total_unfreeze_events": 0
          }
        },
        "strategic_freezing_enabled": false
      }
    ]
  },
  "config": {
    "federation": {
      "num_holons": 4,
      "world_bounds": [
        1.0,
        1.0
      ],
      "breach_threshold": 0.1,
      "coordination_mode": "positional",
      "enable_dynamic_splitting": false
    },
    "holon": {
      "mode": "training",
      "independent_training": true,
      "share_experience": false,
      "use_r_gnn": false
    },
    "node": {
      "total_nodes": 32,
      "num_nodes_per_holon": 8,
      "move_speed": 0.01,
      "sensor_range": 0.25
    },
    "spatial": {
      "dimensions": 2,
      "world_bounds": [
        1.0,
        1.0
      ]
    },
    "gnn": {
      "hidden_dim": 128,
      "num_layers": 3,
      "n_heads": 4,
      "lr": 0.0001,
      "gamma": 0.98,
      "dropout": 0.1,
      "buffer_capacity": 15000,
      "stability_coef": 0.55
    },
    "loop": {
      "ideal_distance": 0.12,
      "stiffness": 0.45,
      "break_threshold": 0.32
    },
    "patrol": {
      "enabled": true,
      "waypoint_threshold": 0.15,
      "stick_prob": 0.05,
      "bias_force": 0.002
    },
    "rewards": {
      "r_flow": 5.0,
      "r_collision": 30.0,
      "r_idle": 2.0,
      "r_loop_integrity": 10.0,
      "r_collapse_penalty": 25.0,
      "r_explore": 12.0,
      "r_reconnection_spatial": 40.0,
      "r_reconnection_temporal": 10.0,
      "r_boundary_breach": 10.0,
      "r_frozen_node_bonus": 50.0,
      "r_frozen_utility": 1.0,
      "r_reconnection": 5.0
    },
    "repulsion": {
      "local_grid_size": [
        5,
        5
      ],
      "global_grid_shape": [
        60,
        60
      ],
      "eta": 0.5,
      "gamma_f": 0.9,
      "k_f": 5,
      "sigma_f": 0.05,
      "decay_lambda": 0.9,
      "blur_delta": 0.1,