{
    "vmas": {
        "navigation": {
            "mappo": {
                "seed_42": {
                    "absolute_metrics": {
                        "agents_return": [
                            -0.3298587203025818
                        ],
                        "return": [
                            -0.3298587203025818
                        ]
                    },
                    "step_1": {
                        "step_count": 6000,
                        "agents_return": [
                            -0.7639122605323792,
                            -0.3298587203025818,
                            -0.706378698348999,
                            -0.7283875942230225,
                            -1.1945487260818481,
                            -0.7891697883605957,
                            -0.5526556372642517,
                            -1.1919087171554565,
                            -0.5774837732315063,
                            -1.1708247661590576
                        ],
                        "return": [
                            -0.7639122605323792,
                            -0.3298587203025818,
                            -0.706378698348999,
                            -0.7283875942230225,
                            -1.1945487260818481,
                            -0.7891697883605957,
                            -0.5526556372642517,
                            -1.1919087171554565,
                            -0.5774837732315063,
                            -1.1708247661590576
                        ]
                    }
                }
            }
        }
    }
}