Timestamp_Sys,Timestamp_VDA,Topic,AgentId,X,Y,Z,Theta,Battery,Driving
2026-08-13T13:19:40.056997Z,2026-08-13T13:19:40.056Z,state,s0,-1.999392865782133,2.0552738817825347,4.4904591827562195,0.0,0.0,False
2026-08-13T13:19:40.057397Z,2026-08-13T13:19:40.056Z,visualization,s0,-1.999392865782133,2.0552738817825347,4.4904591827562195,0.0,,
2026-08-13T13:19:40.057873Z,2026-08-13T13:19:40.057Z,state,s1,-2.432187958261566,-0.5196455173476988,3.220901454595795,0.0,0.0,False
2026-08-13T13:19:40.058203Z,2026-08-13T13:19:40.057Z,visualization,s1,-2.432187958261566,-0.5196455173476988,3.220901454595795,0.0,,
2026-08-13T13:19:40.058686Z,2026-08-13T13:19:40.058Z,state,s2,1.442849664489911,-0.6441626409787582,1.4730560230357685,0.0,0.0,False
2026-08-13T13:19:40.058965Z,2026-08-13T13:19:40.058Z,visualization,s2,1.442849664489911,-0.6441626409787582,1.4730560230357685,0.0,,
2026-08-13T13:19:40.059358Z,2026-08-13T13:19:40.059Z,state,s3,2.318773189086003,0.47501314067049893,2.9037117305391695,0.0,0.0,False
2026-08-13T13:19:40.059716Z,2026-08-13T13:19:40.059Z,visualization,s3,2.318773189086003,0.47501314067049893,2.9037117305391695,0.0,,
2026-08-13T13:19:40.060118Z,2026-08-13T13:19:40.059Z,state,s4,1.8541838492687779,1.830345920190294,2.970027192300884,0.0,0.0,False
2026-08-13T13:19:40.060414Z,2026-08-13T13:19:40.060Z,visualization,s4,1.8541838492687779,1.830345920190294,2.970027192300884,0.0,,
2026-08-13T13:19:40.060755Z,2026-08-13T13:19:40.060Z,state,s5,-2.104040799505249,1.0943465154616505,1.5374709719011066,0.0,0.0,False
2026-08-13T13:19:40.061027Z,2026-08-13T13:19:40.060Z,visualization,s5,-2.104040799505249,1.0943465154616505,1.5374709719011066,0.0,,
2026-08-13T13:19:40.061399Z,2026-08-13T13:19:40.061Z,state,s6,-1.2129036510249203,-0.8933757952096149,2.531627395227834,0.0,0.0,False
2026-08-13T13:19:40.061707Z,2026-08-13T13:19:40.061Z,visualization,s6,-1.2129036510249203,-0.8933757952096149,2.531627395227834,0.0,,
2026-08-13T13:19:40.062007Z,2026-08-13T13:19:40.061Z,state,s7,-1.494491468720126,0.8316282193280333,3.7447936283776295,0.0,0.0,False
2026-08-13T13:19:40.062246Z,2026-08-13T13:19:40.062Z,visualization,s7,-1.494491468720126,0.8316282193280333,3.7447936283776295,0.0,,
2026-08-13T13:19:40.062636Z,2026-08-13T13:19:40.062Z,state,s8,-2.1858224189039897,-0.23269454078991503,2.744399906662524,0.0,0.0,False
2026-08-13T13:19:40.062883Z,2026-08-13T13:19:40.062Z,visualization,s8,-2.1858224189039897,-0.23269454078991503,2.744399906662524,0.0,,
2026-08-13T13:19:40.063184Z,2026-08-13T13:19:40.062Z,state,s9,1.8236535249526655,-0.5049118429255635,3.6644044385145618,0.0,0.0,False
2026-08-13T13:19:40.063455Z,2026-08-13T13:19:40.063Z,visualization,s9,1.8236535249526655,-0.5049118429255635,3.6644044385145618,0.0,,
2026-08-13T13:19:40.063731Z,2026-08-13T13:19:40.063Z,state,s10,-1.6751536727406973,-1.9662509491200109,0.47065592575234516,0.0,0.0,False
2026-08-13T13:19:40.063979Z,2026-08-13T13:19:40.063Z,visualization,s10,-1.6751536727406973,-1.9662509491200109,0.47065592575234516,0.0,,
2026-08-13T13:19:40.064231Z,2026-08-13T13:19:40.063Z,state,s11,2.402483322209851,2.265077021235415,4.474940766422649,0.0,0.0,False
2026-08-13T13:19:40.064469Z,2026-08-13T13:19:40.064Z,visualization,s11,2.402483322209851,2.265077021235415,4.474940766422649,0.0,,
2026-08-13T13:19:40.064740Z,2026-08-13T13:19:40.064Z,state,s12,2.491841346478087,-1.236359728867873,4.756559360982873,0.0,0.0,False
2026-08-13T13:19:40.065015Z,2026-08-13T13:19:40.064Z,visualization,s12,2.491841346478087,-1.236359728867873,4.756559360982873,0.0,,
2026-08-13T13:19:40.065313Z,2026-08-13T13:19:40.065Z,state,s13,0.714706599674737,-0.6534346980460319,0.16514086138754325,0.0,0.0,False
2026-08-13T13:19:40.065591Z,2026-08-13T13:19:40.065Z,visualization,s13,0.714706599674737,-0.6534346980460319,0.16514086138754325,0.0,,
2026-08-13T13:19:40.065933Z,2026-08-13T13:19:40.065Z,state,s14,-1.5296975946450775,-0.9394427076903926,2.662569145742775,0.0,0.0,False
2026-08-13T13:19:40.066180Z,2026-08-13T13:19:40.065Z,visualization,s14,-1.5296975946450775,-0.9394427076903926,2.662569145742775,0.0,,
2026-08-13T13:19:40.066476Z,2026-08-13T13:19:40.066Z,state,s15,-1.6555453345452242,1.5982082796178156,2.151242120865415,0.0,0.0,False
2026-08-13T13:19:40.066733Z,2026-08-13T13:19:40.066Z,visualization,s15,-1.6555453345452242,1.5982082796178156,2.151242120865415,0.0,,
2026-08-13T13:19:40.067082Z,2026-08-13T13:19:40.066Z,state,s16,1.18041367365295,-0.46178677323990236,0.26002680124774635,0.0,0.0,False
2026-08-13T13:19:40.067334Z,2026-08-13T13:19:40.067Z,visualization,s16,1.18041367365295,-0.46178677323990236,0.26002680124774635,0.0,,
2026-08-13T13:19:40.067662Z,2026-08-13T13:19:40.067Z,state,s17,0.44464327221574385,-1.4818210765065816,3.139872846629838,0.0,0.0,False
2026-08-13T13:19:40.067936Z,2026-08-13T13:19:40.067Z,visualization,s17,0.44464327221574385,-1.4818210765065816,3.139872846629838,0.0,,
2026-08-13T13:19:40.068245Z,2026-08-13T13:19:40.067Z,state,s18,0.17649723524320926,-1.9436712848467015,0.5293806322747141,0.0,0.0,False
2026-08-13T13:19:40.068511Z,2026-08-13T13:19:40.068Z,visualization,s18,0.17649723524320926,-1.9436712848467015,0.5293806322747141,0.0,,
2026-08-13T13:19:40.068814Z,2026-08-13T13:19:40.068Z,state,s19,0.1782509427470229,0.5537082219823337,3.552397824893446,0.0,0.0,False
2026-08-13T13:19:40.069077Z,2026-08-13T13:19:40.068Z,visualization,s19,0.1782509427470229,0.5537082219823337,3.552397824893446,0.0,,
2026-08-13T13:19:40.069411Z,2026-08-13T13:19:40.069Z,state,s20,-1.1900088886269349,-2.4665866591208223,4.627330794852527,0.0,0.0,False
2026-08-13T13:19:40.069659Z,2026-08-13T13:19:40.069Z,visualization,s20,-1.1900088886269349,-2.4665866591208223,4.627330794852527,0.0,,
2026-08-13T13:19:40.069988Z,2026-08-13T13:19:40.069Z,state,s21,0.6467709292382247,0.8140537285963401,0.34014757253322536,0.0,0.0,False
2026-08-13T13:19:40.070216Z,2026-08-13T13:19:40.069Z,visualization,s21,0.6467709292382247,0.8140537285963401,0.34014757253322536,0.0,,
2026-08-13T13:19:40.070558Z,2026-08-13T13:19:40.070Z,state,s22,-1.4410451286646424,2.2862127433717996,4.4983363562007,0.0,0.0,False
2026-08-13T13:19:40.070846Z,2026-08-13T13:19:40.070Z,visualization,s22,-1.4410451286646424,2.2862127433717996,4.4983363562007,0.0,,
2026-08-13T13:19:40.071182Z,2026-08-13T13:19:40.070Z,state,s23,-0.4186110379239505,-0.7652424659478219,1.1960658805107398,0.0,0.0,False
2026-08-13T13:19:40.071426Z,2026-08-13T13:19:40.071Z,visualization,s23,-0.4186110379239505,-0.7652424659478219,1.1960658805107398,0.0,,
2026-08-13T13:19:40.071722Z,2026-08-13T13:19:40.071Z,state,s24,2.169720163214415,0.5154382285283621,4.67768747664628,0.0,0.0,False
2026-08-13T13:19:40.071937Z,2026-08-13T13:19:40.071Z,visualization,s24,2.169720163214415,0.5154382285283621,4.67768747664628,0.0,,
2026-08-13T13:19:40.617840Z,2026-08-13T13:19:40.617Z,state,s0,-1.999392865782133,2.0552738817825347,4.4904591827562195,0.0,0.0,False
2026-08-13T13:19:40.618188Z,2026-08-13T13:19:40.617Z,visualization,s0,-1.999392865782133,2.0552738817825347,4.4904591827562195,0.0,,
2026-08-13T13:19:40.618650Z,2026-08-13T13:19:40.618Z,state,s1,-2.432187958261566,-0.5196455173476988,3.220901454595795,0.0,0.0,False
2026-08-13T13:19:40.618990Z,2026-08-13T13:19:40.618Z,visualization,s1,-2.432187958261566,-0.5196455173476988,3.220901454595795,0.0,,
2026-08-13T13:19:40.619309Z,2026-08-13T13:19:40.619Z,state,s2,1.442849664489911,-0.6441626409787582,1.4730560230357685,0.0,0.0,False
2026-08-13T13:19:40.619606Z,2026-08-13T13:19:40.619Z,visualization,s2,1.442849664489911,-0.6441626409787582,1.4730560230357685,0.0,,
2026-08-13T13:19:40.619922Z,2026-08-13T13:19:40.619Z,state,s3,2.318773189086003,0.47501314067049893,2.9037117305391695,0.0,0.0,False
2026-08-13T13:19:40.620208Z,2026-08-13T13:19:40.619Z,visualization,s3,2.318773189086003,0.47501314067049893,2.9037117305391695,0.0,,
2026-08-13T13:19:40.620589Z,2026-08-13T13:19:40.620Z,state,s4,1.8541838492687779,1.830345920190294,2.970027192300884,0.0,0.0,False
2026-08-13T13:19:40.620828Z,2026-08-13T13:19:40.620Z,visualization,s4,1.8541838492687779,1.830345920190294,2.970027192300884,0.0,,
2026-08-13T13:19:40.621163Z,2026-08-13T13:19:40.620Z,state,s5,-2.104040799505249,1.0943465154616505,1.5374709719011066,0.0,0.0,False
2026-08-13T13:19:40.621432Z,2026-08-13T13:19:40.621Z,visualization,s5,-2.104040799505249,1.0943465154616505,1.5374709719011066,0.0,,
2026-08-13T13:19:40.621751Z,2026-08-13T13:19:40.621Z,state,s6,-1.2129036510249203,-0.8933757952096149,2.531627395227834,0.0,0.0,False
2026-08-13T13:19:40.621991Z,2026-08-13T13:19:40.621Z,visualization,s6,-1.2129036510249203,-0.8933757952096149,2.531627395227834,0.0,,
2026-08-13T13:19:40.622295Z,2026-08-13T13:19:40.622Z,state,s7,-1.494491468720126,0.8316282193280333,3.7447936283776295,0.0,0.0,False
2026-08-13T13:19:40.630605Z,2026-08-13T13:19:40.622Z,visualization,s7,-1.494491468720126,0.8316282193280333,3.7447936283776295,0.0,,
2026-08-13T13:19:40.665006Z,2026-08-13T13:19:40.622Z,state,s8,-2.1858224189039897,-0.23269454078991503,2.744399906662524,0.0,0.0,False
2026-08-13T13:19:40.682349Z,2026-08-13T13:19:40.623Z,visualization,s8,-2.1858224189039897,-0.23269454078991503,2.744399906662524,0.0,,
2026-08-13T13:19:40.682496Z,2026-08-13T13:19:40.623Z,state,s9,1.8236535249526655,-0.5049118429255635,3.6644044385145618,0.0,0.0,False
2026-08-13T13:19:40.682586Z,2026-08-13T13:19:40.623Z,visualization,s9,1.8236535249526655,-0.5049118429255635,3.6644044385145618,0.0,,
2026-08-13T13:19:40.683091Z,2026-08-13T13:19:40.624Z,state,s10,-1.6751536727406973,-1.9662509491200109,0.47065592575234516,0.0,0.0,False
2026-08-13T13:19:40.683207Z,2026-08-13T13:19:40.624Z,visualization,s10,-1.6751536727406973,-1.9662509491200109,0.47065592575234516,0.0,,
2026-08-13T13:19:40.683307Z,2026-08-13T13:19:40.624Z,state,s11,2.402483322209851,2.265077021235415,4.474940766422649,0.0,0.0,False
2026-08-13T13:19:40.683406Z,2026-08-13T13:19:40.625Z,visualization,s11,2.402483322209851,2.265077021235415,4.474940766422649,0.0,,
2026-08-13T13:19:40.683485Z,2026-08-13T13:19:40.625Z,state,s12,2.491841346478087,-1.236359728867873,4.756559360982873,0.0,0.0,False
2026-08-13T13:19:40.683566Z,2026-08-13T13:19:40.626Z,visualization,s12,2.491841346478087,-1.236359728867873,4.756559360982873,0.0,,
2026-08-13T13:19:40.683655Z,2026-08-13T13:19:40.626Z,state,s13,0.714706599674737,-0.6534346980460319,0.16514086138754325,0.0,0.0,False
2026-08-13T13:19:40.683726Z,2026-08-13T13:19:40.626Z,visualization,s13,0.714706599674737,-0.6534346980460319,0.16514086138754325,0.0,,
2026-08-13T13:19:40.683788Z,2026-08-13T13:19:40.626Z,state,s14,-1.5296975946450775,-0.9394427076903926,2.662569145742775,0.0,0.0,False
2026-08-13T13:19:40.683848Z,2026-08-13T13:19:40.627Z,visualization,s14,-1.5296975946450775,-0.9394427076903926,2.662569145742775,0.0,,
2026-08-13T13:19:40.683926Z,2026-08-13T13:19:40.627Z,state,s15,-1.6555453345452242,1.5982082796178156,2.151242120865415,0.0,0.0,False
2026-08-13T13:19:40.684013Z,2026-08-13T13:19:40.627Z,visualization,s15,-1.6555453345452242,1.5982082796178156,2.151242120865415,0.0,,
2026-08-13T13:19:40.684078Z,2026-08-13T13:19:40.628Z,state,s16,1.18041367365295,-0.46178677323990236,0.26002680124774635,0.0,0.0,False
2026-08-13T13:19:40.684136Z,2026-08-13T13:19:40.628Z,visualization,s16,1.18041367365295,-0.46178677323990236,0.26002680124774635,0.0,,
2026-08-13T13:19:40.684196Z,2026-08-13T13:19:40.628Z,state,s17,0.44464327221574385,-1.4818210765065816,3.139872846629838,0.0,0.0,False
2026-08-13T13:19:40.684548Z,2026-08-13T13:19:40.628Z,visualization,s17,0.44464327221574385,-1.4818210765065816,3.139872846629838,0.0,,
2026-08-13T13:19:40.685310Z,2026-08-13T13:19:40.629Z,state,s18,0.17649723524320926,-1.9436712848467015,0.5293806322747141,0.0,0.0,False
2026-08-13T13:19:40.685528Z,2026-08-13T13:19:40.629Z,visualization,s18,0.17649723524320926,-1.9436712848467015,0.5293806322747141,0.0,,
2026-08-13T13:19:40.685632Z,2026-08-13T13:19:40.629Z,state,s19,0.1782509427470229,0.5537082219823337,3.552397824893446,0.0,0.0,False
2026-08-13T13:19:40.685732Z,2026-08-13T13:19:40.629Z,visualization,s19,0.1782509427470229,0.5537082219823337,3.552397824893446,0.0,,
2026-08-13T13:19:40.685805Z,2026-08-13T13:19:40.630Z,state,s20,-1.1900088886269349,-2.4665866591208223,4.627330794852527,0.0,0.0,False
2026-08-13T13:19:40.685955Z,2026-08-13T13:19:40.630Z,visualization,s20,-1.1900088886269349,-2.4665866591208223,4.627330794852527,0.0,,
2026-08-13T13:19:40.686037Z,2026-08-13T13:19:40.630Z,state,s21,0.6467709292382247,0.8140537285963401,0.34014757253322536,0.0,0.0,False
2026-08-13T13:19:40.686118Z,2026-08-13T13:19:40.630Z,visualization,s21,0.6467709292382247,0.8140537285963401,0.34014757253322536,0.0,,
2026-08-13T13:19:40.686205Z,2026-08-13T13:19:40.631Z,state,s22,-1.4410451286646424,2.2862127433717996,4.4983363562007,0.0,0.0,False
2026-08-13T13:19:40.686272Z,2026-08-13T13:19:40.631Z,visualization,s22,-1.4410451286646424,2.2862127433717996,4.4983363562007,0.0,,
2026-08-13T13:19:40.686433Z,2026-08-13T13:19:40.631Z,state,s23,-0.4186110379239505,-0.7652424659478219,1.1960658805107398,0.0,0.0,False
2026-08-13T13:19:40.686509Z,2026-08-13T13:19:40.632Z,visualization,s23,-0.4186110379239505,-0.7652424659478219,1.1960658805107398,0.0,,
2026-08-13T13:19:40.686598Z,2026-08-13T13:19:40.632Z,state,s24,2.169720163214415,0.5154382285283621,4.67768747664628,0.0,0.0,False
2026-08-13T13:19:40.686688Z,2026-08-13T13:19:40.632Z,visualization,s24,2.169720163214415,0.5154382285283621,4.67768747664628,0.0,,
2026-08-13T13:19:41.182334Z,2026-08-13T13:19:41.181Z,state,s0,2.9815056921889482,2.491908231326414,4.4904591827562195,0.08743824473048947,0.0,True
2026-08-13T13:19:41.182751Z,2026-08-13T13:19:41.182Z,visualization,s0,2.9815056921889482,2.491908231326414,4.4904591827562195,0.08743824473048947,,
2026-08-13T13:19:41.183410Z,2026-08-13T13:19:41.182Z,state,s1,2.5602412338498963,-0.24459868178456753,3.220901454595795,0.05503714829613334,0.0,True
2026-08-13T13:19:41.183731Z,2026-08-13T13:19:41.183Z,visualization,s1,2.5602412338498963,-0.24459868178456753,3.220901454595795,0.05503714829613334,,
2026-08-13T13:19:41.184148Z,2026-08-13T13:19:41.183Z,state,s2,6.4247839051335145,-0.2195084029181524,1.4730560230357685,0.08503328502651997,0.0,True
2026-08-13T13:19:41.184434Z,2026-08-13T13:19:41.184Z,visualization,s2,6.4247839051335145,-0.2195084029181524,1.4730560230357685,0.08503328502651997,,
2026-08-13T13:19:41.185353Z,2026-08-13T13:19:41.184Z,state,s3,6.432450758249311,3.3171350340738504,2.9037117305391695,0.6045894847393058,0.0,True
2026-08-13T13:19:41.185607Z,2026-08-13T13:19:41.185Z,visualization,s3,6.432450758249311,3.3171350340738504,2.9037117305391695,0.6045894847393058,,
2026-08-13T13:19:41.186952Z,2026-08-13T13:19:41.185Z,state,s4,6.8509851808049715,1.6515263095260515,2.970027192300884,-0.0357715505469369,0.0,True
2026-08-13T13:19:41.187189Z,2026-08-13T13:19:41.186Z,visualization,s4,6.8509851808049715,1.6515263095260515,2.970027192300884,-0.0357715505469369,,
2026-08-13T13:19:41.187746Z,2026-08-13T13:19:41.187Z,state,s5,2.5785867214316265,2.847343805865879,1.5374709719011066,0.3582111143167884,0.0,True
2026-08-13T13:19:41.187965Z,2026-08-13T13:19:41.187Z,visualization,s5,2.5785867214316265,2.847343805865879,1.5374709719011066,0.3582111143167884,,
2026-08-13T13:19:41.188554Z,2026-08-13T13:19:41.188Z,state,s6,3.646487396396169,0.28404454105257676,2.531627395227834,0.23771661204899258,0.0,True
2026-08-13T13:19:41.188777Z,2026-08-13T13:19:41.188Z,visualization,s6,3.646487396396169,0.28404454105257676,2.531627395227834,0.23771661204899258,,
2026-08-13T13:19:41.189124Z,2026-08-13T13:19:41.188Z,state,s7,1.786508161822247,4.604563604990081,3.7447936283776295,0.8550246278128693,0.0,True
2026-08-13T13:19:41.189392Z,2026-08-13T13:19:41.189Z,visualization,s7,1.786508161822247,4.604563604990081,3.7447936283776295,0.8550246278128693,,
2026-08-13T13:19:41.190224Z,2026-08-13T13:19:41.189Z,state,s8,2.3918306889823446,1.7785468728296896,2.744399906662524,0.4139712406504874,0.0,True
2026-08-13T13:19:41.190437Z,2026-08-13T13:19:41.190Z,visualization,s8,2.3918306889823446,1.7785468728296896,2.744399906662524,0.4139712406504874,,
2026-08-13T13:19:41.190922Z,2026-08-13T13:19:41.190Z,state,s9,6.5558763758217,1.1094198732074414,3.6644044385145618,0.3287564669450395,0.0,True
2026-08-13T13:19:41.191095Z,2026-08-13T13:19:41.190Z,visualization,s9,6.5558763758217,1.1094198732074414,3.6644044385145618,0.3287564669450395,,
2026-08-13T13:19:41.191886Z,2026-08-13T13:19:41.191Z,state,s10,2.7158092752541365,0.42528504043492726,0.47065592575234516,0.49872610050207405,0.0,True
2026-08-13T13:19:41.192126Z,2026-08-13T13:19:41.191Z,visualization,s10,2.7158092752541365,0.42528504043492726,0.47065592575234516,0.49872610050207405,,
2026-08-13T13:19:41.192509Z,2026-08-13T13:19:41.192Z,state,s11,4.135661013738318,6.955076497737311,4.474940766422649,1.2168144577770417,0.0,True
2026-08-13T13:19:41.192765Z,2026-08-13T13:19:41.192Z,visualization,s11,4.135661013738318,6.955076497737311,4.474940766422649,1.2168144577770417,,
2026-08-13T13:19:41.193778Z,2026-08-13T13:19:41.192Z,state,s12,7.425399981239351,-0.4239563823874448,4.756559360982873,0.1632042124498766,0.0,True
2026-08-13T13:19:41.194032Z,2026-08-13T13:19:41.193Z,visualization,s12,7.425399981239351,-0.4239563823874448,4.756559360982873,0.1632042124498766,,
2026-08-13T13:19:41.194459Z,2026-08-13T13:19:41.193Z,state,s13,5.544759930188382,0.6390763558308961,0.16514086138754325,0.26147139117447527,0.0,True
2026-08-13T13:19:41.194711Z,2026-08-13T13:19:41.194Z,visualization,s13,5.544759930188382,0.6390763558308961,0.16514086138754325,0.26147139117447527,,
2026-08-13T13:19:41.195596Z,2026-08-13T13:19:41.194Z,state,s14,3.17391843565951,0.7564335376358156,2.662569145742775,0.34604003871480576,0.0,True
2026-08-13T13:19:41.195785Z,2026-08-13T13:19:41.195Z,visualization,s14,3.17391843565951,0.7564335376358156,2.662569145742775,0.34604003871480576,,
2026-08-13T13:19:41.196158Z,2026-08-13T13:19:41.195Z,state,s15,2.886189334337561,3.689295603826963,2.151242120865415,0.4314820368320696,0.0,True
2026-08-13T13:19:41.196351Z,2026-08-13T13:19:41.196Z,visualization,s15,2.886189334337561,3.689295603826963,2.151242120865415,0.4314820368320696,,
2026-08-13T13:19:41.196708Z,2026-08-13T13:19:41.196Z,state,s16,5.645282727597852,1.7887563459038216,0.26002680124774635,0.46688697811193935,0.0,True
2026-08-13T13:19:41.196965Z,2026-08-13T13:19:41.196Z,visualization,s16,5.645282727597852,1.7887563459038216,0.26002680124774635,0.46688697811193935,,
2026-08-13T13:19:41.197976Z,2026-08-13T13:19:41.197Z,state,s17,4.871998289559548,0.8416520889077824,3.139872846629838,0.48328971617327227,0.0,True
2026-08-13T13:19:41.198176Z,2026-08-13T13:19:41.197Z,visualization,s17,4.871998289559548,0.8416520889077824,3.139872846629838,0.48328971617327227,,
2026-08-13T13:19:41.199233Z,2026-08-13T13:19:41.198Z,state,s18,4.064402620418709,1.2002421547892168,0.5293806322747141,0.6799867073066178,0.0,True
2026-08-13T13:19:41.199473Z,2026-08-13T13:19:41.199Z,visualization,s18,4.064402620418709,1.2002421547892168,0.5293806322747141,0.6799867073066178,,
2026-08-13T13:19:41.199803Z,2026-08-13T13:19:41.199Z,state,s19,2.7174193577610533,4.8609838992747845,3.552397824893446,1.0381281242149714,0.0,True
2026-08-13T13:19:41.199987Z,2026-08-13T13:19:41.199Z,visualization,s19,2.7174193577610533,4.8609838992747845,3.552397824893446,1.0381281242149714,,
2026-08-13T13:19:41.200364Z,2026-08-13T13:19:41.200Z,state,s20,2.9039368787704443,0.4038850884511834,4.627330794852527,0.6114976334840003,0.0,True
2026-08-13T13:19:41.200699Z,2026-08-13T13:19:41.200Z,visualization,s20,2.9039368787704443,0.4038850884511834,4.627330794852527,0.6114976334840003,,
2026-08-13T13:19:41.201365Z,2026-08-13T13:19:41.200Z,state,s21,5.646062489562863,0.7298878515032768,0.34014757253322536,-0.01683397048296192,0.0,True
2026-08-13T13:19:41.201555Z,2026-08-13T13:19:41.201Z,visualization,s21,5.646062489562863,0.7298878515032768,0.34014757253322536,-0.01683397048296192,,
2026-08-13T13:19:41.202459Z,2026-08-13T13:19:41.201Z,state,s22,3.5454576430612956,2.6533504662627374,4.4983363562007,0.07349368722514406,0.0,True
2026-08-13T13:19:41.202637Z,2026-08-13T13:19:41.202Z,visualization,s22,3.5454576430612956,2.6533504662627374,4.4983363562007,0.07349368722514406,,
2026-08-13T13:19:41.203064Z,2026-08-13T13:19:41.202Z,state,s23,3.275866978020619,2.603857145180095,1.1960658805107398,0.7393664535813561,0.0,True
2026-08-13T13:19:41.203318Z,2026-08-13T13:19:41.203Z,visualization,s23,3.275866978020619,2.603857145180095,1.1960658805107398,0.7393664535813561,,
2026-08-13T13:19:41.204010Z,2026-08-13T13:19:41.203Z,state,s24,6.619522631462875,2.795626377249851,4.67768747664628,0.47353779418047476,0.0,True
2026-08-13T13:19:41.204211Z,2026-08-13T13:19:41.203Z,visualization,s24,6.619522631462875,2.795626377249851,4.67768747664628,0.47353779418047476,,
2026-08-13T13:19:41.742801Z,2026-08-13T13:19:41.742Z,state,s0,8.460494105957137,2.972206015824681,4.4904591827562195,0.08743824473048945,0.0,True
2026-08-13T13:19:41.743026Z,2026-08-13T13:19:41.742Z,visualization,s0,8.460494105957137,2.972206015824681,4.4904591827562195,0.08743824473048945,,
2026-08-13T13:19:41.743502Z,2026-08-13T13:19:41.743Z,state,s1,7.0,0.0,4.220901454595795,0.0,0.0,True
2026-08-13T13:19:41.743761Z,2026-08-13T13:19:41.743Z,visualization,s1,7.0,0.0,4.220901454595795,0.0,,
2026-08-13T13:19:41.744165Z,2026-08-13T13:19:41.743Z,state,s2,9.0,0.0,3.9730560230357685,0.0,0.0,True
2026-08-13T13:19:41.744427Z,2026-08-13T13:19:41.744Z,visualization,s2,9.0,0.0,3.9730560230357685,0.0,,
2026-08-13T13:19:41.745093Z,2026-08-13T13:19:41.744Z,state,s3,10.95749608432895,6.44346911681754,2.9037117305391695,0.6045894847393058,0.0,True
2026-08-13T13:19:41.745334Z,2026-08-13T13:19:41.745Z,visualization,s3,10.95749608432895,6.44346911681754,2.9037117305391695,0.6045894847393058,,
2026-08-13T13:19:41.746488Z,2026-08-13T13:19:41.745Z,state,s4,12.347466645494785,1.4548247377953847,2.970027192300884,-0.035771550546936905,0.0,True
2026-08-13T13:19:41.746673Z,2026-08-13T13:19:41.746Z,visualization,s4,12.347466645494785,1.4548247377953847,2.970027192300884,-0.035771550546936905,,
2026-08-13T13:19:41.747436Z,2026-08-13T13:19:41.746Z,state,s5,7.729476994462193,4.775640825310529,1.5374709719011066,0.35821111431678865,0.0,True
2026-08-13T13:19:41.747689Z,2026-08-13T13:19:41.747Z,visualization,s5,7.729476994462193,4.775640825310529,1.5374709719011066,0.35821111431678865,,
2026-08-13T13:19:41.748305Z,2026-08-13T13:19:41.747Z,state,s6,8.991817548559363,1.5792069109409874,2.531627395227834,0.23771661204899255,0.0,True
2026-08-13T13:19:41.748563Z,2026-08-13T13:19:41.748Z,visualization,s6,8.991817548559363,1.5792069109409874,2.531627395227834,0.23771661204899255,,
2026-08-13T13:19:41.748980Z,2026-08-13T13:19:41.748Z,state,s7,3.0,6.0,7.2447936283776295,0.0,0.0,True
2026-08-13T13:19:41.749236Z,2026-08-13T13:19:41.749Z,visualization,s7,3.0,6.0,7.2447936283776295,0.0,,
2026-08-13T13:19:41.750100Z,2026-08-13T13:19:41.749Z,state,s8,7.42724910765731,3.9909124278112547,2.744399906662524,0.41397124065048735,0.0,True
2026-08-13T13:19:41.750298Z,2026-08-13T13:19:41.749Z,visualization,s8,7.42724910765731,3.9909124278112547,2.744399906662524,0.41397124065048735,,
2026-08-13T13:19:41.750816Z,2026-08-13T13:19:41.750Z,state,s9,11.761321511777636,2.885184760953747,3.6644044385145618,0.3287564669450395,0.0,True
2026-08-13T13:19:41.750988Z,2026-08-13T13:19:41.750Z,visualization,s9,11.761321511777636,2.885184760953747,3.6644044385145618,0.3287564669450395,,
2026-08-13T13:19:41.751591Z,2026-08-13T13:19:41.751Z,state,s10,7.545868518048456,3.055974628945359,0.47065592575234516,0.49872610050207405,0.0,True
2026-08-13T13:19:41.751798Z,2026-08-13T13:19:41.751Z,visualization,s10,7.545868518048456,3.055974628945359,0.47065592575234516,0.49872610050207405,,
2026-08-13T13:19:41.752240Z,2026-08-13T13:19:41.751Z,state,s11,6.0,12.0,4.474940766422649,1.2168144577770417,0.0,True
2026-08-13T13:19:41.752492Z,2026-08-13T13:19:41.752Z,visualization,s11,6.0,12.0,4.474940766422649,1.2168144577770417,,
2026-08-13T13:19:41.753454Z,2026-08-13T13:19:41.752Z,state,s12,10.0,0.0,7.256559360982873,0.0,0.0,True
2026-08-13T13:19:41.753648Z,2026-08-13T13:19:41.753Z,visualization,s12,10.0,0.0,7.256559360982873,0.0,,
2026-08-13T13:19:41.754024Z,2026-08-13T13:19:41.753Z,state,s13,10.857818593753393,2.060838515095517,0.16514086138754325,0.26147139117447527,0.0,True
2026-08-13T13:19:41.754354Z,2026-08-13T13:19:41.754Z,visualization,s13,10.857818593753393,2.060838515095517,0.16514086138754325,0.26147139117447527,,
2026-08-13T13:19:41.756600Z,2026-08-13T13:19:41.755Z,state,s14,8.347896068994558,2.6218974074946444,2.662569145742775,0.34604003871480576,0.0,True
2026-08-13T13:19:41.756806Z,2026-08-13T13:19:41.756Z,visualization,s14,8.347896068994558,2.6218974074946444,2.662569145742775,0.34604003871480576,,
2026-08-13T13:19:41.757109Z,2026-08-13T13:19:41.756Z,state,s15,7.882097470108622,5.989491660457024,2.151242120865415,0.43148203683206954,0.0,True
2026-08-13T13:19:41.757366Z,2026-08-13T13:19:41.757Z,visualization,s15,7.882097470108622,5.989491660457024,2.151242120865415,0.43148203683206954,,
2026-08-13T13:19:41.757780Z,2026-08-13T13:19:41.757Z,state,s16,10.556638686937244,4.264353776961918,0.26002680124774635,0.46688697811193947,0.0,True
2026-08-13T13:19:41.758012Z,2026-08-13T13:19:41.757Z,visualization,s16,10.556638686937244,4.264353776961918,0.26002680124774635,0.46688697811193947,,
2026-08-13T13:19:41.758978Z,2026-08-13T13:19:41.758Z,state,s17,9.742088808637734,3.397472570863583,3.139872846629838,0.4832897161732723,0.0,True
2026-08-13T13:19:41.759174Z,2026-08-13T13:19:41.758Z,visualization,s17,9.742088808637734,3.397472570863583,3.139872846629838,0.4832897161732723,,
2026-08-13T13:19:41.760148Z,2026-08-13T13:19:41.759Z,state,s18,8.341098544111757,4.658546938388725,0.5293806322747141,0.6799867073066177,0.0,True
2026-08-13T13:19:41.760341Z,2026-08-13T13:19:41.760Z,visualization,s18,8.341098544111757,4.658546938388725,0.5293806322747141,0.6799867073066177,,
2026-08-13T13:19:41.760754Z,2026-08-13T13:19:41.760Z,state,s19,5.510504614276487,9.59898714429648,3.552397824893446,1.0381281242149716,0.0,True
2026-08-13T13:19:41.760954Z,2026-08-13T13:19:41.760Z,visualization,s19,5.510504614276487,9.59898714429648,3.552397824893446,1.0381281242149716,,
2026-08-13T13:19:41.761527Z,2026-08-13T13:19:41.761Z,state,s20,7.407277222907559,3.56140401078039,4.627330794852527,0.6114976334840002,0.0,True
2026-08-13T13:19:41.761788Z,2026-08-13T13:19:41.761Z,visualization,s20,7.407277222907559,3.56140401078039,4.627330794852527,0.6114976334840002,,
2026-08-13T13:19:41.762317Z,2026-08-13T13:19:41.761Z,state,s21,11.145283205919963,0.6373053867009069,0.34014757253322536,-0.01683397048296192,0.0,True
2026-08-13T13:19:41.762511Z,2026-08-13T13:19:41.762Z,visualization,s21,11.145283205919963,0.6373053867009069,0.34014757253322536,-0.01683397048296192,,
2026-08-13T13:19:41.763366Z,2026-08-13T13:19:41.762Z,state,s22,9.030610691959827,3.057201961442769,4.4983363562007,0.07349368722514407,0.0,True
2026-08-13T13:19:41.763575Z,2026-08-13T13:19:41.763Z,visualization,s22,9.030610691959827,3.057201961442769,4.4983363562007,0.07349368722514407,,
2026-08-13T13:19:41.763883Z,2026-08-13T13:19:41.763Z,state,s23,7.0,6.0,1.1960658805107398,0.7393664535813546,0.0,True
2026-08-13T13:19:41.764127Z,2026-08-13T13:19:41.763Z,visualization,s23,7.0,6.0,1.1960658805107398,0.7393664535813546,,
2026-08-13T13:19:41.764762Z,2026-08-13T13:19:41.764Z,state,s24,11.514305346536181,5.303833340843489,4.67768747664628,0.47353779418047476,0.0,True
2026-08-13T13:19:41.764987Z,2026-08-13T13:19:41.764Z,visualization,s24,11.514305346536181,5.303833340843489,4.67768747664628,0.47353779418047476,,
2026-08-13T13:19:42.302951Z,2026-08-13T13:19:42.301Z,state,s0,13.939482519725326,3.452503800322947,4.4904591827562195,0.08743824473048946,0.0,True
2026-08-13T13:19:42.303258Z,2026-08-13T13:19:42.302Z,visualization,s0,13.939482519725326,3.452503800322947,4.4904591827562195,0.08743824473048946,,
2026-08-13T13:19:42.303780Z,2026-08-13T13:19:42.303Z,state,s1,7.0,0.0,9.720901454595795,0.0,0.0,True
2026-08-13T13:19:42.304118Z,2026-08-13T13:19:42.303Z,visualization,s1,7.0,0.0,9.720901454595795,0.0,,
2026-08-13T13:19:42.304580Z,2026-08-13T13:19:42.304Z,state,s2,9.0,0.0,9.473056023035769,0.0,0.0,True
2026-08-13T13:19:42.304890Z,2026-08-13T13:19:42.304Z,visualization,s2,9.0,0.0,9.473056023035769,0.0,,
2026-08-13T13:19:42.305680Z,2026-08-13T13:19:42.304Z,state,s3,15.482541410408588,9.56980319956123,2.9037117305391695,0.6045894847393052,0.0,True
2026-08-13T13:19:42.306038Z,2026-08-13T13:19:42.305Z,visualization,s3,15.482541410408588,9.56980319956123,2.9037117305391695,0.6045894847393052,,
2026-08-13T13:19:42.307266Z,2026-08-13T13:19:42.306Z,state,s4,17.843948110184606,1.2581231660647179,2.970027192300884,-0.03577155054693692,0.0,True
2026-08-13T13:19:42.307533Z,2026-08-13T13:19:42.307Z,visualization,s4,17.843948110184606,1.2581231660647179,2.970027192300884,-0.03577155054693692,,
2026-08-13T13:19:42.308179Z,2026-08-13T13:19:42.307Z,state,s5,11.0,6.0,3.5374709719011066,0.0,0.0,True
2026-08-13T13:19:42.308358Z,2026-08-13T13:19:42.308Z,visualization,s5,11.0,6.0,3.5374709719011066,0.0,,
2026-08-13T13:19:42.308936Z,2026-08-13T13:19:42.308Z,state,s6,14.337147700722555,2.874369280829397,2.531627395227834,0.23771661204899258,0.0,True
2026-08-13T13:19:42.309446Z,2026-08-13T13:19:42.309Z,visualization,s6,14.337147700722555,2.874369280829397,2.531627395227834,0.23771661204899258,,
2026-08-13T13:19:42.309978Z,2026-08-13T13:19:42.309Z,state,s7,3.0,6.0,12.744793628377629,0.0,0.0,True
2026-08-13T13:19:42.310294Z,2026-08-13T13:19:42.309Z,visualization,s7,3.0,6.0,12.744793628377629,0.0,,
2026-08-13T13:19:42.311258Z,2026-08-13T13:19:42.310Z,state,s8,12.0,6.0,3.244399906662524,0.0,0.0,True
2026-08-13T13:19:42.311505Z,2026-08-13T13:19:42.311Z,visualization,s8,12.0,6.0,3.244399906662524,0.0,,
2026-08-13T13:19:42.312056Z,2026-08-13T13:19:42.311Z,state,s9,16.966766647733575,4.6609496487000515,3.6644044385145618,0.3287564669450395,0.0,True
2026-08-13T13:19:42.312247Z,2026-08-13T13:19:42.312Z,visualization,s9,16.966766647733575,4.6609496487000515,3.6644044385145618,0.3287564669450395,,
2026-08-13T13:19:42.312906Z,2026-08-13T13:19:42.312Z,state,s10,12.375927760842776,5.686664217455793,0.47065592575234516,0.49872610050207405,0.0,True
2026-08-13T13:19:42.313126Z,2026-08-13T13:19:42.312Z,visualization,s10,12.375927760842776,5.686664217455793,0.47065592575234516,0.49872610050207405,,
2026-08-13T13:19:42.313537Z,2026-08-13T13:19:42.313Z,state,s11,6.0,12.0,9.974940766422648,0.0,0.0,True
2026-08-13T13:19:42.313795Z,2026-08-13T13:19:42.313Z,visualization,s11,6.0,12.0,9.974940766422648,0.0,,
2026-08-13T13:19:42.314896Z,2026-08-13T13:19:42.313Z,state,s12,10.0,0.0,12.756559360982873,0.0,0.0,True
2026-08-13T13:19:42.315099Z,2026-08-13T13:19:42.314Z,visualization,s12,10.0,0.0,12.756559360982873,0.0,,
2026-08-13T13:19:42.315568Z,2026-08-13T13:19:42.315Z,state,s13,16.170877257318402,3.4826006743601376,0.16514086138754325,0.2614713911744753,0.0,True
2026-08-13T13:19:42.315830Z,2026-08-13T13:19:42.315Z,visualization,s13,16.170877257318402,3.4826006743601376,0.16514086138754325,0.2614713911744753,,
2026-08-13T13:19:42.316909Z,2026-08-13T13:19:42.315Z,state,s14,13.521873702329597,4.487361277353473,2.662569145742775,0.3460400387148058,0.0,True
2026-08-13T13:19:42.317154Z,2026-08-13T13:19:42.316Z,visualization,s14,13.521873702329597,4.487361277353473,2.662569145742775,0.3460400387148058,,
2026-08-13T13:19:42.317567Z,2026-08-13T13:19:42.317Z,state,s15,12.878005605879682,8.289687717087087,2.151242120865415,0.4314820368320696,0.0,True
2026-08-13T13:19:42.317852Z,2026-08-13T13:19:42.317Z,visualization,s15,12.878005605879682,8.289687717087087,2.151242120865415,0.4314820368320696,,
2026-08-13T13:19:42.318265Z,2026-08-13T13:19:42.317Z,state,s16,14.0,6.0,1.7600268012477462,0.0,0.0,True
2026-08-13T13:19:42.318568Z,2026-08-13T13:19:42.318Z,visualization,s16,14.0,6.0,1.7600268012477462,0.0,,
2026-08-13T13:19:42.319591Z,2026-08-13T13:19:42.318Z,state,s17,14.612179327715925,5.953293052819384,3.139872846629838,0.4832897161732724,0.0,True
2026-08-13T13:19:42.319826Z,2026-08-13T13:19:42.319Z,visualization,s17,14.612179327715925,5.953293052819384,3.139872846629838,0.4832897161732724,,
2026-08-13T13:19:42.320815Z,2026-08-13T13:19:42.319Z,state,s18,10.0,6.0,3.529380632274714,0.0,0.0,True
2026-08-13T13:19:42.321053Z,2026-08-13T13:19:42.320Z,visualization,s18,10.0,6.0,3.529380632274714,0.0,,
2026-08-13T13:19:42.321361Z,2026-08-13T13:19:42.320Z,state,s19,8.303589870791921,14.336990389318178,3.552397824893446,1.0381281242149714,0.0,True
2026-08-13T13:19:42.321624Z,2026-08-13T13:19:42.321Z,visualization,s19,8.303589870791921,14.336990389318178,3.552397824893446,1.0381281242149714,,
2026-08-13T13:19:42.322072Z,2026-08-13T13:19:42.321Z,state,s20,11.910617567044673,6.718922933109598,4.627330794852527,0.6114976334840001,0.0,True
2026-08-13T13:19:42.322306Z,2026-08-13T13:19:42.322Z,visualization,s20,11.910617567044673,6.718922933109598,4.627330794852527,0.6114976334840001,,
2026-08-13T13:19:42.322903Z,2026-08-13T13:19:42.322Z,state,s21,16.64450392227706,0.544722921898537,0.34014757253322536,-0.016833970482961917,0.0,True
2026-08-13T13:19:42.323113Z,2026-08-13T13:19:42.322Z,visualization,s21,16.64450392227706,0.544722921898537,0.34014757253322536,-0.016833970482961917,,
2026-08-13T13:19:42.324130Z,2026-08-13T13:19:42.323Z,state,s22,14.51576374085836,3.4610534566228006,4.4983363562007,0.07349368722514409,0.0,True
2026-08-13T13:19:42.324411Z,2026-08-13T13:19:42.323Z,visualization,s22,14.51576374085836,3.4610534566228006,4.4983363562007,0.07349368722514409,,
2026-08-13T13:19:42.324809Z,2026-08-13T13:19:42.324Z,state,s23,7.0,6.0,6.69606588051074,0.0,0.0,True
2026-08-13T13:19:42.325041Z,2026-08-13T13:19:42.324Z,visualization,s23,7.0,6.0,6.69606588051074,0.0,,
2026-08-13T13:19:42.325760Z,2026-08-13T13:19:42.325Z,state,s24,16.409088061609488,7.812040304437127,4.67768747664628,0.4735377941804747,0.0,True
2026-08-13T13:19:42.325960Z,2026-08-13T13:19:42.325Z,visualization,s24,16.409088061609488,7.812040304437127,4.67768747664628,0.4735377941804747,,
2026-08-13T13:19:42.863261Z,2026-08-13T13:19:42.862Z,state,s0,19.418470933493516,3.9328015848212132,4.4904591827562195,0.08743824473048946,0.0,True
2026-08-13T13:19:42.863539Z,2026-08-13T13:19:42.863Z,visualization,s0,19.418470933493516,3.9328015848212132,4.4904591827562195,0.08743824473048946,,
2026-08-13T13:19:42.864050Z,2026-08-13T13:19:42.863Z,state,s1,7.0,0.0,15.220901454595795,0.0,0.0,True
2026-08-13T13:19:42.864337Z,2026-08-13T13:19:42.864Z,visualization,s1,7.0,0.0,15.220901454595795,0.0,,
2026-08-13T13:19:42.864788Z,2026-08-13T13:19:42.864Z,state,s2,9.0,0.0,14.973056023035769,0.0,0.0,True
2026-08-13T13:19:42.865048Z,2026-08-13T13:19:42.864Z,visualization,s2,9.0,0.0,14.973056023035769,0.0,,
2026-08-13T13:19:42.866004Z,2026-08-13T13:19:42.865Z,state,s3,19.0,12.0,1.9037117305391695,0.0,0.0,True
2026-08-13T13:19:42.866217Z,2026-08-13T13:19:42.865Z,visualization,s3,19.0,12.0,1.9037117305391695,0.0,,
2026-08-13T13:19:42.867300Z,2026-08-13T13:19:42.866Z,state,s4,23.340429574874438,1.061421594334051,2.970027192300884,-0.03577155054693696,0.0,True
2026-08-13T13:19:42.867554Z,2026-08-13T13:19:42.867Z,visualization,s4,23.340429574874438,1.061421594334051,2.970027192300884,-0.03577155054693696,,
2026-08-13T13:19:42.868107Z,2026-08-13T13:19:42.867Z,state,s5,11.0,6.0,9.037470971901106,0.0,0.0,True
2026-08-13T13:19:42.868288Z,2026-08-13T13:19:42.868Z,visualization,s5,11.0,6.0,9.037470971901106,0.0,,
2026-08-13T13:19:42.868925Z,2026-08-13T13:19:42.868Z,state,s6,19.68247785288575,4.169531650717807,2.531627395227834,0.23771661204899253,0.0,True
2026-08-13T13:19:42.869196Z,2026-08-13T13:19:42.868Z,visualization,s6,19.68247785288575,4.169531650717807,2.531627395227834,0.23771661204899253,,
2026-08-13T13:19:42.869711Z,2026-08-13T13:19:42.869Z,state,s7,3.0,6.0,18.0,0.0,0.0,False
2026-08-13T13:19:42.870039Z,2026-08-13T13:19:42.869Z,visualization,s7,3.0,6.0,18.0,0.0,,
2026-08-13T13:19:42.870892Z,2026-08-13T13:19:42.870Z,state,s8,12.0,6.0,8.744399906662524,0.0,0.0,True
2026-08-13T13:19:42.871079Z,2026-08-13T13:19:42.870Z,visualization,s8,12.0,6.0,8.744399906662524,0.0,,
2026-08-13T13:19:42.871575Z,2026-08-13T13:19:42.871Z,state,s9,22.17221178368953,6.436714536446353,3.6644044385145618,0.3287564669450397,0.0,True
2026-08-13T13:19:42.871785Z,2026-08-13T13:19:42.871Z,visualization,s9,22.17221178368953,6.436714536446353,3.6644044385145618,0.3287564669450397,,
2026-08-13T13:19:42.873686Z,2026-08-13T13:19:42.872Z,state,s10,17.205987003637095,8.317353805966226,0.47065592575234516,0.498726100502074,0.0,True
2026-08-13T13:19:42.873917Z,2026-08-13T13:19:42.873Z,visualization,s10,17.205987003637095,8.317353805966226,0.47065592575234516,0.498726100502074,,
2026-08-13T13:19:42.874316Z,2026-08-13T13:19:42.873Z,state,s11,6.0,12.0,15.474940766422648,0.0,0.0,True
2026-08-13T13:19:42.874613Z,2026-08-13T13:19:42.874Z,visualization,s11,6.0,12.0,15.474940766422648,0.0,,
2026-08-13T13:19:42.875569Z,2026-08-13T13:19:42.874Z,state,s12,10.0,0.0,18.256559360982873,0.0,0.0,True
2026-08-13T13:19:42.875767Z,2026-08-13T13:19:42.875Z,visualization,s12,10.0,0.0,18.256559360982873,0.0,,
2026-08-13T13:19:42.876141Z,2026-08-13T13:19:42.875Z,state,s13,21.483935920883393,4.904362833624756,0.16514086138754325,0.2614713911744752,0.0,True
2026-08-13T13:19:42.876401Z,2026-08-13T13:19:42.876Z,visualization,s13,21.483935920883393,4.904362833624756,0.16514086138754325,0.2614713911744752,,
2026-08-13T13:19:42.877329Z,2026-08-13T13:19:42.876Z,state,s14,18.695851335664635,6.352825147212305,2.662569145742775,0.3460400387148056,0.0,True
2026-08-13T13:19:42.877538Z,2026-08-13T13:19:42.877Z,visualization,s14,18.695851335664635,6.352825147212305,2.662569145742775,0.3460400387148056,,
2026-08-13T13:19:42.877871Z,2026-08-13T13:19:42.877Z,state,s15,17.873913741650743,10.589883773717158,2.151242120865415,0.43148203683206937,0.0,True
2026-08-13T13:19:42.878159Z,2026-08-13T13:19:42.877Z,visualization,s15,17.873913741650743,10.589883773717158,2.151242120865415,0.43148203683206937,,
2026-08-13T13:19:42.878552Z,2026-08-13T13:19:42.878Z,state,s16,14.0,6.0,7.260026801247746,0.0,0.0,True
2026-08-13T13:19:42.878906Z,2026-08-13T13:19:42.878Z,visualization,s16,14.0,6.0,7.260026801247746,0.0,,
2026-08-13T13:19:42.880148Z,2026-08-13T13:19:42.879Z,state,s17,19.482269846794104,8.509113534775183,3.139872846629838,0.48328971617327227,0.0,True
2026-08-13T13:19:42.880348Z,2026-08-13T13:19:42.880Z,visualization,s17,19.482269846794104,8.509113534775183,3.139872846629838,0.48328971617327227,,
2026-08-13T13:19:42.881309Z,2026-08-13T13:19:42.880Z,state,s18,10.0,6.0,9.029380632274714,0.0,0.0,True
2026-08-13T13:19:42.881510Z,2026-08-13T13:19:42.881Z,visualization,s18,10.0,6.0,9.029380632274714,0.0,,
2026-08-13T13:19:42.881875Z,2026-08-13T13:19:42.881Z,state,s19,11.096675127307359,19.074993634339883,3.552397824893446,1.0381281242149714,0.0,True
2026-08-13T13:19:42.882096Z,2026-08-13T13:19:42.881Z,visualization,s19,11.096675127307359,19.074993634339883,3.552397824893446,1.0381281242149714,,
2026-08-13T13:19:42.883599Z,2026-08-13T13:19:42.883Z,state,s20,16.41395791118179,9.8764418554388,4.627330794852527,0.6114976334840002,0.0,True
2026-08-13T13:19:42.883825Z,2026-08-13T13:19:42.883Z,visualization,s20,16.41395791118179,9.8764418554388,4.627330794852527,0.6114976334840002,,
2026-08-13T13:19:42.884392Z,2026-08-13T13:19:42.883Z,state,s21,22.143724638634176,0.4521404570961668,0.34014757253322536,-0.016833970482961924,0.0,True
2026-08-13T13:19:42.884602Z,2026-08-13T13:19:42.884Z,visualization,s21,22.143724638634176,0.4521404570961668,0.34014757253322536,-0.016833970482961924,,
2026-08-13T13:19:42.885945Z,2026-08-13T13:19:42.884Z,state,s22,20.00091678975689,3.8649049518028322,4.4983363562007,0.0734936872251441,0.0,True
2026-08-13T13:19:42.886231Z,2026-08-13T13:19:42.885Z,visualization,s22,20.00091678975689,3.8649049518028322,4.4983363562007,0.0734936872251441,,
2026-08-13T13:19:42.886885Z,2026-08-13T13:19:42.886Z,state,s23,7.0,6.0,12.196065880510739,0.0,0.0,True
2026-08-13T13:19:42.887209Z,2026-08-13T13:19:42.886Z,visualization,s23,7.0,6.0,12.196065880510739,0.0,,
2026-08-13T13:19:42.888105Z,2026-08-13T13:19:42.887Z,state,s24,21.303870776682775,10.320247268030764,4.67768747664628,0.47353779418047454,0.0,True
2026-08-13T13:19:42.888434Z,2026-08-13T13:19:42.888Z,visualization,s24,21.303870776682775,10.320247268030764,4.67768747664628,0.47353779418047454,,
2026-08-13T13:19:43.424856Z,2026-08-13T13:19:43.424Z,state,s0,24.897459347261705,4.413099369319477,4.4904591827562195,0.08743824473048958,0.0,True
2026-08-13T13:19:43.425130Z,2026-08-13T13:19:43.424Z,visualization,s0,24.897459347261705,4.413099369319477,4.4904591827562195,0.08743824473048958,,
2026-08-13T13:19:43.425685Z,2026-08-13T13:19:43.425Z,state,s1,7.0,0.0,20.720901454595797,0.0,0.0,True
2026-08-13T13:19:43.425938Z,2026-08-13T13:19:43.425Z,visualization,s1,7.0,0.0,20.720901454595797,0.0,,
2026-08-13T13:19:43.426368Z,2026-08-13T13:19:43.426Z,state,s2,9.0,0.0,20.473056023035767,0.0,0.0,True
2026-08-13T13:19:43.426698Z,2026-08-13T13:19:43.426Z,visualization,s2,9.0,0.0,20.473056023035767,0.0,,
2026-08-13T13:19:43.427457Z,2026-08-13T13:19:43.426Z,state,s3,17.0,12.0,0.0,3.141592653589793,0.0,False
2026-08-13T13:19:43.427760Z,2026-08-13T13:19:43.427Z,visualization,s3,17.0,12.0,0.0,3.141592653589793,,
2026-08-13T13:19:43.429059Z,2026-08-13T13:19:43.427Z,state,s4,28.83691103956427,0.8647200226033833,2.970027192300884,-0.03577155054693699,0.0,True
2026-08-13T13:19:43.429312Z,2026-08-13T13:19:43.428Z,visualization,s4,28.83691103956427,0.8647200226033833,2.970027192300884,-0.03577155054693699,,
2026-08-13T13:19:43.429885Z,2026-08-13T13:19:43.429Z,state,s5,11.0,6.0,14.537470971901106,0.0,0.0,True
2026-08-13T13:19:43.430076Z,2026-08-13T13:19:43.429Z,visualization,s5,11.0,6.0,14.537470971901106,0.0,,
2026-08-13T13:19:43.430625Z,2026-08-13T13:19:43.430Z,state,s6,25.027808005048943,5.464694020606215,2.531627395227834,0.23771661204899258,0.0,True
2026-08-13T13:19:43.430835Z,2026-08-13T13:19:43.430Z,visualization,s6,25.027808005048943,5.464694020606215,2.531627395227834,0.23771661204899258,,
2026-08-13T13:19:43.431163Z,2026-08-13T13:19:43.430Z,state,s7,2.0,7.0,18.0,1.5707963267948966,0.0,False
2026-08-13T13:19:43.431406Z,2026-08-13T13:19:43.431Z,visualization,s7,2.0,7.0,18.0,1.5707963267948966,,
2026-08-13T13:19:43.432343Z,2026-08-13T13:19:43.431Z,state,s8,12.0,6.0,14.244399906662524,0.0,0.0,True
2026-08-13T13:19:43.432573Z,2026-08-13T13:19:43.432Z,visualization,s8,12.0,6.0,14.244399906662524,0.0,,
2026-08-13T13:19:43.433153Z,2026-08-13T13:19:43.432Z,state,s9,27.377656919645485,8.212479424192658,3.6644044385145618,0.32875646694503985,0.0,True
2026-08-13T13:19:43.433338Z,2026-08-13T13:19:43.433Z,visualization,s9,27.377656919645485,8.212479424192658,3.6644044385145618,0.32875646694503985,,
2026-08-13T13:19:43.434279Z,2026-08-13T13:19:43.433Z,state,s10,22.036046246431415,10.94804339447665,0.47065592575234516,0.4987261005020742,0.0,True
2026-08-13T13:19:43.434540Z,2026-08-13T13:19:43.434Z,visualization,s10,22.036046246431415,10.94804339447665,0.47065592575234516,0.4987261005020742,,
2026-08-13T13:19:43.435007Z,2026-08-13T13:19:43.434Z,state,s11,6.0,12.0,20.974940766422648,0.0,0.0,True
2026-08-13T13:19:43.435253Z,2026-08-13T13:19:43.434Z,visualization,s11,6.0,12.0,20.974940766422648,0.0,,
2026-08-13T13:19:43.436380Z,2026-08-13T13:19:43.435Z,state,s12,10.0,0.0,23.756559360982873,0.0,0.0,True
2026-08-13T13:19:43.436609Z,2026-08-13T13:19:43.436Z,visualization,s12,10.0,0.0,23.756559360982873,0.0,,
2026-08-13T13:19:43.437130Z,2026-08-13T13:19:43.436Z,state,s13,26.796994584448385,6.326124992889372,0.16514086138754325,0.26147139117447515,0.0,True
2026-08-13T13:19:43.437340Z,2026-08-13T13:19:43.437Z,visualization,s13,26.796994584448385,6.326124992889372,0.16514086138754325,0.26147139117447515,,
2026-08-13T13:19:43.438417Z,2026-08-13T13:19:43.437Z,state,s14,23.869828968999673,8.218289017071136,2.662569145742775,0.34604003871480543,0.0,True
2026-08-13T13:19:43.438655Z,2026-08-13T13:19:43.438Z,visualization,s14,23.869828968999673,8.218289017071136,2.662569145742775,0.34604003871480543,,
2026-08-13T13:19:43.438929Z,2026-08-13T13:19:43.438Z,state,s15,22.869821877421803,12.890079830347226,2.151242120865415,0.4314820368320691,0.0,True
2026-08-13T13:19:43.439224Z,2026-08-13T13:19:43.438Z,visualization,s15,22.869821877421803,12.890079830347226,2.151242120865415,0.4314820368320691,,
2026-08-13T13:19:43.439666Z,2026-08-13T13:19:43.439Z,state,s16,14.0,6.0,12.760026801247747,0.0,0.0,True
2026-08-13T13:19:43.439924Z,2026-08-13T13:19:43.439Z,visualization,s16,14.0,6.0,12.760026801247747,0.0,,
2026-08-13T13:19:43.441041Z,2026-08-13T13:19:43.439Z,state,s17,24.352360365872276,11.064934016730975,3.139872846629838,0.4832897161732724,0.0,True
2026-08-13T13:19:43.441260Z,2026-08-13T13:19:43.440Z,visualization,s17,24.352360365872276,11.064934016730975,3.139872846629838,0.4832897161732724,,
2026-08-13T13:19:43.442416Z,2026-08-13T13:19:43.441Z,state,s18,10.0,6.0,14.529380632274714,0.0,0.0,True
2026-08-13T13:19:43.442669Z,2026-08-13T13:19:43.442Z,visualization,s18,10.0,6.0,14.529380632274714,0.0,,
2026-08-13T13:19:43.443007Z,2026-08-13T13:19:43.442Z,state,s19,13.889760383822798,23.812996879361588,3.552397824893446,1.0381281242149702,0.0,True
2026-08-13T13:19:43.443178Z,2026-08-13T13:19:43.442Z,visualization,s19,13.889760383822798,23.812996879361588,3.552397824893446,1.0381281242149702,,
2026-08-13T13:19:43.443642Z,2026-08-13T13:19:43.443Z,state,s20,20.91729825531892,13.033960777768005,4.627330794852527,0.6114976334840013,0.0,True
2026-08-13T13:19:43.443859Z,2026-08-13T13:19:43.443Z,visualization,s20,20.91729825531892,13.033960777768005,4.627330794852527,0.6114976334840013,,
2026-08-13T13:19:43.444430Z,2026-08-13T13:19:43.443Z,state,s21,27.64294535499129,0.35955799229379676,0.34014757253322536,-0.016833970482961935,0.0,True
2026-08-13T13:19:43.444631Z,2026-08-13T13:19:43.444Z,visualization,s21,27.64294535499129,0.35955799229379676,0.34014757253322536,-0.016833970482961935,,
2026-08-13T13:19:43.445527Z,2026-08-13T13:19:43.444Z,state,s22,25.48606983865542,4.268756446982864,4.4983363562007,0.07349368722514414,0.0,True
2026-08-13T13:19:43.445748Z,2026-08-13T13:19:43.445Z,visualization,s22,25.48606983865542,4.268756446982864,4.4983363562007,0.07349368722514414,,
2026-08-13T13:19:43.445981Z,2026-08-13T13:19:43.445Z,state,s23,7.0,6.0,14.0,0.0,0.0,False
2026-08-13T13:19:43.446247Z,2026-08-13T13:19:43.445Z,visualization,s23,7.0,6.0,14.0,0.0,,
2026-08-13T13:19:43.448163Z,2026-08-13T13:19:43.447Z,state,s24,26.198653491756062,12.828454231624402,4.67768747664628,0.47353779418047415,0.0,True
2026-08-13T13:19:43.448351Z,2026-08-13T13:19:43.448Z,visualization,s24,26.198653491756062,12.828454231624402,4.67768747664628,0.47353779418047415,,
2026-08-13T13:19:43.984112Z,2026-08-13T13:19:43.983Z,state,s0,30.376447761029894,4.893397153817741,4.4904591827562195,0.08743824473048982,0.0,True
2026-08-13T13:19:43.984403Z,2026-08-13T13:19:43.984Z,visualization,s0,30.376447761029894,4.893397153817741,4.4904591827562195,0.08743824473048982,,
2026-08-13T13:19:43.984838Z,2026-08-13T13:19:43.984Z,state,s1,7.0,0.0,26.220901454595797,0.0,0.0,True
2026-08-13T13:19:43.985118Z,2026-08-13T13:19:43.984Z,visualization,s1,7.0,0.0,26.220901454595797,0.0,,
2026-08-13T13:19:43.985538Z,2026-08-13T13:19:43.985Z,state,s2,9.0,0.0,25.973056023035767,0.0,0.0,True
2026-08-13T13:19:43.985895Z,2026-08-13T13:19:43.985Z,visualization,s2,9.0,0.0,25.973056023035767,0.0,,
2026-08-13T13:19:43.986709Z,2026-08-13T13:19:43.985Z,state,s3,13.0,12.0,0.0,3.141592653589793,0.0,True
2026-08-13T13:19:43.986930Z,2026-08-13T13:19:43.986Z,visualization,s3,13.0,12.0,0.0,3.141592653589793,,
2026-08-13T13:19:43.988065Z,2026-08-13T13:19:43.987Z,state,s4,34.333392504254086,0.6680184508727153,2.970027192300884,-0.035771550546936974,0.0,True
2026-08-13T13:19:43.988245Z,2026-08-13T13:19:43.987Z,visualization,s4,34.333392504254086,0.6680184508727153,2.970027192300884,-0.035771550546936974,,
2026-08-13T13:19:43.988812Z,2026-08-13T13:19:43.988Z,state,s5,11.0,6.0,20.037470971901108,0.0,0.0,True
2026-08-13T13:19:43.989031Z,2026-08-13T13:19:43.988Z,visualization,s5,11.0,6.0,20.037470971901108,0.0,,
2026-08-13T13:19:43.989592Z,2026-08-13T13:19:43.989Z,state,s6,30.373138157212136,6.759856390494623,2.531627395227834,0.23771661204899266,0.0,True
2026-08-13T13:19:43.989800Z,2026-08-13T13:19:43.989Z,visualization,s6,30.373138157212136,6.759856390494623,2.531627395227834,0.23771661204899266,,
2026-08-13T13:19:43.990139Z,2026-08-13T13:19:43.989Z,state,s7,2.0,7.0,18.0,1.5707963267948966,0.0,False
2026-08-13T13:19:43.990383Z,2026-08-13T13:19:43.990Z,visualization,s7,2.0,7.0,18.0,1.5707963267948966,,
2026-08-13T13:19:43.991331Z,2026-08-13T13:19:43.990Z,state,s8,13.0,6.0,18.0,0.0,0.0,False
2026-08-13T13:19:43.991546Z,2026-08-13T13:19:43.991Z,visualization,s8,13.0,6.0,18.0,0.0,,
2026-08-13T13:19:43.992123Z,2026-08-13T13:19:43.991Z,state,s9,32.58310205560144,9.98824431193896,3.6644044385145618,0.3287564669450401,0.0,True
2026-08-13T13:19:43.992428Z,2026-08-13T13:19:43.992Z,visualization,s9,32.58310205560144,9.98824431193896,3.6644044385145618,0.3287564669450401,,
2026-08-13T13:19:43.993179Z,2026-08-13T13:19:43.992Z,state,s10,26.866105489225735,13.578732982987077,0.47065592575234516,0.49872610050207455,0.0,True
2026-08-13T13:19:43.993437Z,2026-08-13T13:19:43.993Z,visualization,s10,26.866105489225735,13.578732982987077,0.47065592575234516,0.49872610050207455,,
2026-08-13T13:19:43.993798Z,2026-08-13T13:19:43.993Z,state,s11,6.0,12.0,26.474940766422648,0.0,0.0,True
2026-08-13T13:19:43.994028Z,2026-08-13T13:19:43.993Z,visualization,s11,6.0,12.0,26.474940766422648,0.0,,
2026-08-13T13:19:43.996460Z,2026-08-13T13:19:43.995Z,state,s12,10.0,0.0,29.256559360982873,0.0,0.0,True
2026-08-13T13:19:43.996670Z,2026-08-13T13:19:43.995Z,visualization,s12,10.0,0.0,29.256559360982873,0.0,,
2026-08-13T13:19:43.996921Z,2026-08-13T13:19:43.996Z,state,s13,32.11005324801338,7.747887152153988,0.16514086138754325,0.26147139117447515,0.0,True
2026-08-13T13:19:43.997121Z,2026-08-13T13:19:43.996Z,visualization,s13,32.11005324801338,7.747887152153988,0.16514086138754325,0.26147139117447515,,
2026-08-13T13:19:43.998017Z,2026-08-13T13:19:43.997Z,state,s14,29.043806602334712,10.083752886929968,2.662569145742775,0.34604003871480515,0.0,True
2026-08-13T13:19:43.998243Z,2026-08-13T13:19:43.997Z,visualization,s14,29.043806602334712,10.083752886929968,2.662569145742775,0.34604003871480515,,
2026-08-13T13:19:43.998560Z,2026-08-13T13:19:43.998Z,state,s15,27.865730013192863,15.190275886977284,2.151242120865415,0.4314820368320691,0.0,True
2026-08-13T13:19:43.998836Z,2026-08-13T13:19:43.998Z,visualization,s15,27.865730013192863,15.190275886977284,2.151242120865415,0.4314820368320691,,
2026-08-13T13:19:43.999239Z,2026-08-13T13:19:43.998Z,state,s16,14.0,6.0,18.260026801247747,0.0,0.0,True
2026-08-13T13:19:43.999566Z,2026-08-13T13:19:43.999Z,visualization,s16,14.0,6.0,18.260026801247747,0.0,,
2026-08-13T13:19:44.000643Z,2026-08-13T13:19:43.999Z,state,s17,29.222450884950447,13.620754498686768,3.139872846629838,0.4832897161732724,0.0,True
2026-08-13T13:19:44.000847Z,2026-08-13T13:19:44.000Z,visualization,s17,29.222450884950447,13.620754498686768,3.139872846629838,0.4832897161732724,,
2026-08-13T13:19:44.001806Z,2026-08-13T13:19:44.000Z,state,s18,10.0,6.0,20.029380632274712,0.0,0.0,True
2026-08-13T13:19:44.001993Z,2026-08-13T13:19:44.001Z,visualization,s18,10.0,6.0,20.029380632274712,0.0,,
2026-08-13T13:19:44.002326Z,2026-08-13T13:19:44.001Z,state,s19,14.0,24.0,8.552397824893445,0.0,0.0,True
2026-08-13T13:19:44.002504Z,2026-08-13T13:19:44.002Z,visualization,s19,14.0,24.0,8.552397824893445,0.0,,
2026-08-13T13:19:44.002949Z,2026-08-13T13:19:44.002Z,state,s20,25.420638599456037,16.191479700097222,4.627330794852527,0.6114976334840009,0.0,True
2026-08-13T13:19:44.003141Z,2026-08-13T13:19:44.002Z,visualization,s20,25.420638599456037,16.191479700097222,4.627330794852527,0.6114976334840009,,
2026-08-13T13:19:44.003756Z,2026-08-13T13:19:44.003Z,state,s21,33.142166071348406,0.2669755274914267,0.34014757253322536,-0.016833970482961952,0.0,True
2026-08-13T13:19:44.003948Z,2026-08-13T13:19:44.003Z,visualization,s21,33.142166071348406,0.2669755274914267,0.34014757253322536,-0.016833970482961952,,
2026-08-13T13:19:44.004778Z,2026-08-13T13:19:44.003Z,state,s22,30.971222887553953,4.672607942162895,4.4983363562007,0.07349368722514418,0.0,True
2026-08-13T13:19:44.004966Z,2026-08-13T13:19:44.004Z,visualization,s22,30.971222887553953,4.672607942162895,4.4983363562007,0.07349368722514418,,
2026-08-13T13:19:44.005193Z,2026-08-13T13:19:44.004Z,state,s23,7.0,6.0,14.0,0.0,0.0,False
2026-08-13T13:19:44.005432Z,2026-08-13T13:19:44.005Z,visualization,s23,7.0,6.0,14.0,0.0,,
2026-08-13T13:19:44.006161Z,2026-08-13T13:19:44.005Z,state,s24,31.093436206829356,15.33666119521804,4.67768747664628,0.47353779418047365,0.0,True
2026-08-13T13:19:44.006439Z,2026-08-13T13:19:44.006Z,visualization,s24,31.093436206829356,15.33666119521804,4.67768747664628,0.47353779418047365,,
2026-08-13T13:19:44.544012Z,2026-08-13T13:19:44.543Z,state,s0,35.85543617479806,5.3736949383160075,4.4904591827562195,0.08743824473048992,0.0,True
2026-08-13T13:19:44.544261Z,2026-08-13T13:19:44.543Z,visualization,s0,35.85543617479806,5.3736949383160075,4.4904591827562195,0.08743824473048992,,
2026-08-13T13:19:44.544818Z,2026-08-13T13:19:44.544Z,state,s1,7.0,0.0,31.720901454595797,0.0,0.0,True
2026-08-13T13:19:44.545096Z,2026-08-13T13:19:44.544Z,visualization,s1,7.0,0.0,31.720901454595797,0.0,,
2026-08-13T13:19:44.545597Z,2026-08-13T13:19:44.545Z,state,s2,9.0,0.0,31.473056023035767,0.0,0.0,True
2026-08-13T13:19:44.545914Z,2026-08-13T13:19:44.545Z,visualization,s2,9.0,0.0,31.473056023035767,0.0,,
2026-08-13T13:19:44.546532Z,2026-08-13T13:19:44.545Z,state,s3,9.5,12.0,0.0,3.141592653589793,0.0,True
2026-08-13T13:19:44.546776Z,2026-08-13T13:19:44.546Z,visualization,s3,9.5,12.0,0.0,3.141592653589793,,
2026-08-13T13:19:44.547890Z,2026-08-13T13:19:44.546Z,state,s4,39.82987396894388,0.4713168791420478,2.970027192300884,-0.03577155054693693,0.0,True
2026-08-13T13:19:44.548094Z,2026-08-13T13:19:44.547Z,visualization,s4,39.82987396894388,0.4713168791420478,2.970027192300884,-0.03577155054693693,,
2026-08-13T13:19:44.548874Z,2026-08-13T13:19:44.548Z,state,s5,11.0,6.0,25.537470971901108,0.0,0.0,True
2026-08-13T13:19:44.549047Z,2026-08-13T13:19:44.548Z,visualization,s5,11.0,6.0,25.537470971901108,0.0,,
2026-08-13T13:19:44.549691Z,2026-08-13T13:19:44.549Z,state,s6,35.71846830937533,8.055018760383032,2.531627395227834,0.2377166120489928,0.0,True
2026-08-13T13:19:44.549949Z,2026-08-13T13:19:44.549Z,visualization,s6,35.71846830937533,8.055018760383032,2.531627395227834,0.2377166120489928,,
2026-08-13T13:19:44.550392Z,2026-08-13T13:19:44.550Z,state,s7,2.0,7.0,18.0,1.5707963267948966,0.0,False
2026-08-13T13:19:44.550714Z,2026-08-13T13:19:44.550Z,visualization,s7,2.0,7.0,18.0,1.5707963267948966,,
2026-08-13T13:19:44.551584Z,2026-08-13T13:19:44.550Z,state,s8,17.0,6.0,18.0,0.0,0.0,True
2026-08-13T13:19:44.551790Z,2026-08-13T13:19:44.551Z,visualization,s8,17.0,6.0,18.0,0.0,,
2026-08-13T13:19:44.552364Z,2026-08-13T13:19:44.551Z,state,s9,37.78854719155739,11.764009199685262,3.6644044385145618,0.3287564669450406,0.0,True
2026-08-13T13:19:44.552607Z,2026-08-13T13:19:44.552Z,visualization,s9,37.78854719155739,11.764009199685262,3.6644044385145618,0.3287564669450406,,
2026-08-13T13:19:44.553234Z,2026-08-13T13:19:44.552Z,state,s10,31.696164732020055,16.209422571497512,0.47065592575234516,0.49872610050207467,0.0,True
2026-08-13T13:19:44.553419Z,2026-08-13T13:19:44.553Z,visualization,s10,31.696164732020055,16.209422571497512,0.47065592575234516,0.49872610050207467,,
2026-08-13T13:19:44.553804Z,2026-08-13T13:19:44.553Z,state,s11,6.0,12.0,30.5,0.0,0.0,True
2026-08-13T13:19:44.553996Z,2026-08-13T13:19:44.553Z,visualization,s11,6.0,12.0,30.5,0.0,,
2026-08-13T13:19:44.555014Z,2026-08-13T13:19:44.554Z,state,s12,10.0,0.0,34.75655936098288,0.0,0.0,True
2026-08-13T13:19:44.555223Z,2026-08-13T13:19:44.554Z,visualization,s12,10.0,0.0,34.75655936098288,0.0,,
2026-08-13T13:19:44.555785Z,2026-08-13T13:19:44.555Z,state,s13,37.42311191157841,9.169649311418612,0.16514086138754325,0.2614713911744754,0.0,True
2026-08-13T13:19:44.555963Z,2026-08-13T13:19:44.555Z,visualization,s13,37.42311191157841,9.169649311418612,0.16514086138754325,0.2614713911744754,,
2026-08-13T13:19:44.556893Z,2026-08-13T13:19:44.556Z,state,s14,34.21778423566977,11.9492167567888,2.662569145742775,0.3460400387148049,0.0,True
2026-08-13T13:19:44.557082Z,2026-08-13T13:19:44.556Z,visualization,s14,34.21778423566977,11.9492167567888,2.662569145742775,0.3460400387148049,,
2026-08-13T13:19:44.557329Z,2026-08-13T13:19:44.557Z,state,s15,32.86163814896393,17.490471943607353,2.151242120865415,0.43148203683206876,0.0,True
2026-08-13T13:19:44.557587Z,2026-08-13T13:19:44.557Z,visualization,s15,32.86163814896393,17.490471943607353,2.151242120865415,0.43148203683206876,,
2026-08-13T13:19:44.557899Z,2026-08-13T13:19:44.557Z,state,s16,14.0,6.0,23.760026801247747,0.0,0.0,True
2026-08-13T13:19:44.558115Z,2026-08-13T13:19:44.557Z,visualization,s16,14.0,6.0,23.760026801247747,0.0,,
2026-08-13T13:19:44.559041Z,2026-08-13T13:19:44.558Z,state,s17,34.09254140402864,16.176574980642567,3.139872846629838,0.4832897161732726,0.0,True
2026-08-13T13:19:44.559201Z,2026-08-13T13:19:44.558Z,visualization,s17,34.09254140402864,16.176574980642567,3.139872846629838,0.4832897161732726,,
2026-08-13T13:19:44.560158Z,2026-08-13T13:19:44.559Z,state,s18,10.0,6.0,25.529380632274712,0.0,0.0,True
2026-08-13T13:19:44.560362Z,2026-08-13T13:19:44.559Z,visualization,s18,10.0,6.0,25.529380632274712,0.0,,
2026-08-13T13:19:44.560662Z,2026-08-13T13:19:44.560Z,state,s19,14.0,24.0,14.052397824893445,0.0,0.0,True
2026-08-13T13:19:44.560853Z,2026-08-13T13:19:44.560Z,visualization,s19,14.0,24.0,14.052397824893445,0.0,,
2026-08-13T13:19:44.562560Z,2026-08-13T13:19:44.562Z,state,s20,28.0,18.0,6.627330794852527,0.0,0.0,True
2026-08-13T13:19:44.562803Z,2026-08-13T13:19:44.562Z,visualization,s20,28.0,18.0,6.627330794852527,0.0,,
2026-08-13T13:19:44.563346Z,2026-08-13T13:19:44.562Z,state,s21,38.64138678770552,0.17439306268905644,0.34014757253322536,-0.016833970482961973,0.0,True
2026-08-13T13:19:44.563648Z,2026-08-13T13:19:44.563Z,visualization,s21,38.64138678770552,0.17439306268905644,0.34014757253322536,-0.016833970482961973,,
2026-08-13T13:19:44.564507Z,2026-08-13T13:19:44.563Z,state,s22,36.45637593645249,5.076459437342927,4.4983363562007,0.0734936872251443,0.0,True
2026-08-13T13:19:44.564691Z,2026-08-13T13:19:44.564Z,visualization,s22,36.45637593645249,5.076459437342927,4.4983363562007,0.0734936872251443,,
2026-08-13T13:19:44.564955Z,2026-08-13T13:19:44.564Z,state,s23,7.0,6.0,14.0,0.0,0.0,False
2026-08-13T13:19:44.565193Z,2026-08-13T13:19:44.564Z,visualization,s23,7.0,6.0,14.0,0.0,,
2026-08-13T13:19:44.565835Z,2026-08-13T13:19:44.565Z,state,s24,35.98821892190268,17.844868158811664,4.67768747664628,0.47353779418047454,0.0,True
2026-08-13T13:19:44.566006Z,2026-08-13T13:19:44.565Z,visualization,s24,35.98821892190268,17.844868158811664,4.67768747664628,0.47353779418047454,,
2026-08-13T13:19:45.104607Z,2026-08-13T13:19:45.103Z,state,s0,41.334424588566264,5.853992722814278,4.4904591827562195,0.08743824473049006,0.0,True
2026-08-13T13:19:45.104909Z,2026-08-13T13:19:45.104Z,visualization,s0,41.334424588566264,5.853992722814278,4.4904591827562195,0.08743824473049006,,
2026-08-13T13:19:45.105339Z,2026-08-13T13:19:45.104Z,state,s1,7.0,0.0,37.2209014545958,0.0,0.0,True
2026-08-13T13:19:45.105654Z,2026-08-13T13:19:45.105Z,visualization,s1,7.0,0.0,37.2209014545958,0.0,,
2026-08-13T13:19:45.106147Z,2026-08-13T13:19:45.105Z,state,s2,9.0,0.0,36.97305602303577,0.0,0.0,True
2026-08-13T13:19:45.106491Z,2026-08-13T13:19:45.106Z,visualization,s2,9.0,0.0,36.97305602303577,0.0,,
2026-08-13T13:19:45.107179Z,2026-08-13T13:19:45.106Z,state,s3,6.0,12.0,0.0,3.141592653589793,0.0,False
2026-08-13T13:19:45.107467Z,2026-08-13T13:19:45.107Z,visualization,s3,6.0,12.0,0.0,3.141592653589793,,
2026-08-13T13:19:45.108613Z,2026-08-13T13:19:45.107Z,state,s4,45.32635543363367,0.2746153074113806,2.970027192300884,-0.03577155054693686,0.0,True
2026-08-13T13:19:45.108807Z,2026-08-13T13:19:45.108Z,visualization,s4,45.32635543363367,0.2746153074113806,2.970027192300884,-0.03577155054693686,,
2026-08-13T13:19:45.109364Z,2026-08-13T13:19:45.108Z,state,s5,11.0,6.0,31.037470971901108,0.0,0.0,True
2026-08-13T13:19:45.109648Z,2026-08-13T13:19:45.109Z,visualization,s5,11.0,6.0,31.037470971901108,0.0,,
2026-08-13T13:19:45.110272Z,2026-08-13T13:19:45.109Z,state,s6,41.063798461538525,9.35018113027145,2.531627395227834,0.23771661204899228,0.0,True
2026-08-13T13:19:45.110521Z,2026-08-13T13:19:45.110Z,visualization,s6,41.063798461538525,9.35018113027145,2.531627395227834,0.23771661204899228,,
2026-08-13T13:19:45.111073Z,2026-08-13T13:19:45.110Z,state,s7,2.0,7.0,18.0,1.5707963267948966,0.0,False
2026-08-13T13:19:45.111334Z,2026-08-13T13:19:45.111Z,visualization,s7,2.0,7.0,18.0,1.5707963267948966,,
2026-08-13T13:19:45.112162Z,2026-08-13T13:19:45.111Z,state,s8,20.5,6.0,18.0,0.0,0.0,True
2026-08-13T13:19:45.112342Z,2026-08-13T13:19:45.112Z,visualization,s8,20.5,6.0,18.0,0.0,,
2026-08-13T13:19:45.112943Z,2026-08-13T13:19:45.112Z,state,s9,42.99399232751335,13.539774087431576,3.6644044385145618,0.32875646694504085,0.0,True
2026-08-13T13:19:45.113118Z,2026-08-13T13:19:45.112Z,visualization,s9,42.99399232751335,13.539774087431576,3.6644044385145618,0.32875646694504085,,
2026-08-13T13:19:45.113755Z,2026-08-13T13:19:45.113Z,state,s10,36.52622397481437,18.840112160007937,0.47065592575234516,0.49872610050207544,0.0,True
2026-08-13T13:19:45.113947Z,2026-08-13T13:19:45.113Z,visualization,s10,36.52622397481437,18.840112160007937,0.47065592575234516,0.49872610050207544,,
2026-08-13T13:19:45.114329Z,2026-08-13T13:19:45.114Z,state,s11,6.0,12.0,30.0,0.0,0.0,False
2026-08-13T13:19:45.114580Z,2026-08-13T13:19:45.114Z,visualization,s11,6.0,12.0,30.0,0.0,,
2026-08-13T13:19:45.115589Z,2026-08-13T13:19:45.114Z,state,s12,10.0,0.0,40.25655936098288,0.0,0.0,True
2026-08-13T13:19:45.115781Z,2026-08-13T13:19:45.115Z,visualization,s12,10.0,0.0,40.25655936098288,0.0,,
2026-08-13T13:19:45.116181Z,2026-08-13T13:19:45.115Z,state,s13,42.73617057514344,10.591411470683237,0.16514086138754325,0.2614713911744756,0.0,True
2026-08-13T13:19:45.116436Z,2026-08-13T13:19:45.116Z,visualization,s13,42.73617057514344,10.591411470683237,0.16514086138754325,0.2614713911744756,,
2026-08-13T13:19:45.117449Z,2026-08-13T13:19:45.116Z,state,s14,39.391761869004846,13.814680626647633,2.662569145742775,0.34604003871480515,0.0,True
2026-08-13T13:19:45.117729Z,2026-08-13T13:19:45.117Z,visualization,s14,39.391761869004846,13.814680626647633,2.662569145742775,0.34604003871480515,,
2026-08-13T13:19:45.117943Z,2026-08-13T13:19:45.117Z,state,s15,37.85754628473499,19.790668000237424,2.151242120865415,0.43148203683206754,0.0,True
2026-08-13T13:19:45.118123Z,2026-08-13T13:19:45.117Z,visualization,s15,37.85754628473499,19.790668000237424,2.151242120865415,0.43148203683206754,,
2026-08-13T13:19:45.118579Z,2026-08-13T13:19:45.118Z,state,s16,14.0,6.0,29.0,0.0,0.0,False
2026-08-13T13:19:45.118801Z,2026-08-13T13:19:45.118Z,visualization,s16,14.0,6.0,29.0,0.0,,
2026-08-13T13:19:45.119996Z,2026-08-13T13:19:45.118Z,state,s17,38.96263192310685,18.732395462598358,3.139872846629838,0.4832897161732743,0.0,True
2026-08-13T13:19:45.120261Z,2026-08-13T13:19:45.119Z,visualization,s17,38.96263192310685,18.732395462598358,3.139872846629838,0.4832897161732743,,
2026-08-13T13:19:45.121309Z,2026-08-13T13:19:45.120Z,state,s18,10.0,6.0,31.029380632274712,0.0,0.0,True
2026-08-13T13:19:45.121544Z,2026-08-13T13:19:45.121Z,visualization,s18,10.0,6.0,31.029380632274712,0.0,,
2026-08-13T13:19:45.121874Z,2026-08-13T13:19:45.121Z,state,s19,14.0,24.0,19.552397824893447,0.0,0.0,True
2026-08-13T13:19:45.122117Z,2026-08-13T13:19:45.121Z,visualization,s19,14.0,24.0,19.552397824893447,0.0,,
2026-08-13T13:19:45.122585Z,2026-08-13T13:19:45.122Z,state,s20,28.0,18.0,12.127330794852526,0.0,0.0,True
2026-08-13T13:19:45.122818Z,2026-08-13T13:19:45.122Z,visualization,s20,28.0,18.0,12.127330794852526,0.0,,
2026-08-13T13:19:45.123403Z,2026-08-13T13:19:45.122Z,state,s21,44.140607504062636,0.08181059788668603,0.34014757253322536,-0.016833970482962,0.0,True
2026-08-13T13:19:45.123594Z,2026-08-13T13:19:45.123Z,visualization,s21,44.140607504062636,0.08181059788668603,0.34014757253322536,-0.016833970482962,,
2026-08-13T13:19:45.124517Z,2026-08-13T13:19:45.123Z,state,s22,41.94152898535102,5.480310932522959,4.4983363562007,0.07349368722514453,0.0,True
2026-08-13T13:19:45.124770Z,2026-08-13T13:19:45.124Z,visualization,s22,41.94152898535102,5.480310932522959,4.4983363562007,0.07349368722514453,,
2026-08-13T13:19:45.125144Z,2026-08-13T13:19:45.124Z,state,s23,7.0,6.0,14.0,0.0,0.0,False
2026-08-13T13:19:45.125407Z,2026-08-13T13:19:45.125Z,visualization,s23,7.0,6.0,14.0,0.0,,
2026-08-13T13:19:45.126160Z,2026-08-13T13:19:45.125Z,state,s24,40.883001636976005,20.35307512240531,4.67768747664628,0.4735377941804749,0.0,True
2026-08-13T13:19:45.126419Z,2026-08-13T13:19:45.126Z,visualization,s24,40.883001636976005,20.35307512240531,4.67768747664628,0.4735377941804749,,
2026-08-13T13:19:45.664993Z,2026-08-13T13:19:45.663Z,state,s0,43.0,6.0,7.9904591827562195,0.0,0.0,True
2026-08-13T13:19:45.665219Z,2026-08-13T13:19:45.664Z,visualization,s0,43.0,6.0,7.9904591827562195,0.0,,
2026-08-13T13:19:45.665646Z,2026-08-13T13:19:45.665Z,state,s1,7.0,0.0,42.7209014545958,0.0,0.0,True
2026-08-13T13:19:45.665942Z,2026-08-13T13:19:45.665Z,visualization,s1,7.0,0.0,42.7209014545958,0.0,,
2026-08-13T13:19:45.666432Z,2026-08-13T13:19:45.665Z,state,s2,9.0,0.0,42.47305602303577,0.0,0.0,True
2026-08-13T13:19:45.666779Z,2026-08-13T13:19:45.666Z,visualization,s2,9.0,0.0,42.47305602303577,0.0,,
2026-08-13T13:19:45.668567Z,2026-08-13T13:19:45.667Z,state,s3,5.0,9.0,0.0,-1.5707963267948966,0.0,True
2026-08-13T13:19:45.668862Z,2026-08-13T13:19:45.668Z,visualization,s3,5.0,9.0,0.0,-1.5707963267948966,,
2026-08-13T13:19:45.670051Z,2026-08-13T13:19:45.668Z,state,s4,50.822836898323466,0.077913735680714,2.970027192300884,-0.0357715505469367,0.0,True
2026-08-13T13:19:45.670290Z,2026-08-13T13:19:45.669Z,visualization,s4,50.822836898323466,0.077913735680714,2.970027192300884,-0.0357715505469367,,
2026-08-13T13:19:45.670933Z,2026-08-13T13:19:45.670Z,state,s5,11.0,6.0,36.53747097190111,0.0,0.0,True
2026-08-13T13:19:45.671179Z,2026-08-13T13:19:45.670Z,visualization,s5,11.0,6.0,36.53747097190111,0.0,,
2026-08-13T13:19:45.671787Z,2026-08-13T13:19:45.671Z,state,s6,46.40912861370172,10.645343500159857,2.531627395227834,0.23771661204899208,0.0,True
2026-08-13T13:19:45.672043Z,2026-08-13T13:19:45.671Z,visualization,s6,46.40912861370172,10.645343500159857,2.531627395227834,0.23771661204899208,,
2026-08-13T13:19:45.672480Z,2026-08-13T13:19:45.672Z,state,s7,2.0,7.0,18.0,1.5707963267948966,0.0,False
2026-08-13T13:19:45.672739Z,2026-08-13T13:19:45.672Z,visualization,s7,2.0,7.0,18.0,1.5707963267948966,,
2026-08-13T13:19:45.673825Z,2026-08-13T13:19:45.672Z,state,s8,24.0,6.0,18.0,0.0,0.0,False
2026-08-13T13:19:45.674068Z,2026-08-13T13:19:45.673Z,visualization,s8,24.0,6.0,18.0,0.0,,
2026-08-13T13:19:45.674597Z,2026-08-13T13:19:45.674Z,state,s9,48.1994374634693,15.315538975177894,3.6644044385145618,0.3287564669450409,0.0,True
2026-08-13T13:19:45.674851Z,2026-08-13T13:19:45.674Z,visualization,s9,48.1994374634693,15.315538975177894,3.6644044385145618,0.3287564669450409,,
2026-08-13T13:19:45.675514Z,2026-08-13T13:19:45.674Z,state,s10,41.35628321760869,21.470801748518372,0.47065592575234516,0.4987261005020765,0.0,True
2026-08-13T13:19:45.675760Z,2026-08-13T13:19:45.675Z,visualization,s10,41.35628321760869,21.470801748518372,0.47065592575234516,0.4987261005020765,,
2026-08-13T13:19:45.676142Z,2026-08-13T13:19:45.675Z,state,s11,6.0,12.0,30.0,0.0,0.0,False
2026-08-13T13:19:45.676442Z,2026-08-13T13:19:45.676Z,visualization,s11,6.0,12.0,30.0,0.0,,
2026-08-13T13:19:45.677400Z,2026-08-13T13:19:45.676Z,state,s12,10.0,0.0,45.75655936098288,0.0,0.0,True
2026-08-13T13:19:45.677590Z,2026-08-13T13:19:45.677Z,visualization,s12,10.0,0.0,45.75655936098288,0.0,,
2026-08-13T13:19:45.677957Z,2026-08-13T13:19:45.677Z,state,s13,48.0,12.0,0.16514086138754325,0.2614713911744777,0.0,True
2026-08-13T13:19:45.678187Z,2026-08-13T13:19:45.677Z,visualization,s13,48.0,12.0,0.16514086138754325,0.2614713911744777,,
2026-08-13T13:19:45.679138Z,2026-08-13T13:19:45.678Z,state,s14,44.56573950233992,15.680144496506465,2.662569145742775,0.3460400387148057,0.0,True
2026-08-13T13:19:45.679335Z,2026-08-13T13:19:45.679Z,visualization,s14,44.56573950233992,15.680144496506465,2.662569145742775,0.3460400387148057,,
2026-08-13T13:19:45.679636Z,2026-08-13T13:19:45.679Z,state,s15,42.85345442050605,22.090864056867474,2.151242120865415,0.4314820368320668,0.0,True
2026-08-13T13:19:45.679880Z,2026-08-13T13:19:45.679Z,visualization,s15,42.85345442050605,22.090864056867474,2.151242120865415,0.4314820368320668,,
2026-08-13T13:19:45.680287Z,2026-08-13T13:19:45.679Z,state,s16,14.0,6.0,28.0,0.0,0.0,False
2026-08-13T13:19:45.680564Z,2026-08-13T13:19:45.680Z,visualization,s16,14.0,6.0,28.0,0.0,,
2026-08-13T13:19:45.681555Z,2026-08-13T13:19:45.680Z,state,s17,43.83272244218506,21.288215944554185,3.139872846629838,0.48328971617327476,0.0,True
2026-08-13T13:19:45.681782Z,2026-08-13T13:19:45.681Z,visualization,s17,43.83272244218506,21.288215944554185,3.139872846629838,0.48328971617327476,,
2026-08-13T13:19:45.682792Z,2026-08-13T13:19:45.681Z,state,s18,10.0,6.0,36.52938063227471,0.0,0.0,True
2026-08-13T13:19:45.683008Z,2026-08-13T13:19:45.682Z,visualization,s18,10.0,6.0,36.52938063227471,0.0,,
2026-08-13T13:19:45.683400Z,2026-08-13T13:19:45.683Z,state,s19,14.0,24.0,25.052397824893447,0.0,0.0,True
2026-08-13T13:19:45.683652Z,2026-08-13T13:19:45.683Z,visualization,s19,14.0,24.0,25.052397824893447,0.0,,
2026-08-13T13:19:45.684065Z,2026-08-13T13:19:45.683Z,state,s20,28.0,18.0,17.627330794852526,0.0,0.0,True
2026-08-13T13:19:45.684322Z,2026-08-13T13:19:45.684Z,visualization,s20,28.0,18.0,17.627330794852526,0.0,,
2026-08-13T13:19:45.684897Z,2026-08-13T13:19:45.684Z,state,s21,49.0,0.0,0.8401475725332254,0.0,0.0,True
2026-08-13T13:19:45.685116Z,2026-08-13T13:19:45.684Z,visualization,s21,49.0,0.0,0.8401475725332254,0.0,,
2026-08-13T13:19:45.686013Z,2026-08-13T13:19:45.685Z,state,s22,47.42668203424955,5.884162427702993,4.4983363562007,0.07349368722514471,0.0,True
2026-08-13T13:19:45.686226Z,2026-08-13T13:19:45.685Z,visualization,s22,47.42668203424955,5.884162427702993,4.4983363562007,0.07349368722514471,,
2026-08-13T13:19:45.686458Z,2026-08-13T13:19:45.686Z,state,s23,7.0,6.0,14.0,0.0,0.0,False
2026-08-13T13:19:45.686708Z,2026-08-13T13:19:45.686Z,visualization,s23,7.0,6.0,14.0,0.0,,
2026-08-13T13:19:45.687589Z,2026-08-13T13:19:45.686Z,state,s24,45.77778435204933,22.86128208599896,4.67768747664628,0.47353779418047576,0.0,True
2026-08-13T13:19:45.687896Z,2026-08-13T13:19:45.687Z,visualization,s24,45.77778435204933,22.86128208599896,4.67768747664628,0.47353779418047576,,
2026-08-13T13:19:46.224535Z,2026-08-13T13:19:46.223Z,state,s0,43.0,6.0,13.490459182756219,0.0,0.0,True
2026-08-13T13:19:46.224817Z,2026-08-13T13:19:46.224Z,visualization,s0,43.0,6.0,13.490459182756219,0.0,,
2026-08-13T13:19:46.225213Z,2026-08-13T13:19:46.224Z,state,s1,7.0,0.0,48.0,0.0,0.0,False
2026-08-13T13:19:46.225550Z,2026-08-13T13:19:46.225Z,visualization,s1,7.0,0.0,48.0,0.0,,
2026-08-13T13:19:46.225955Z,2026-08-13T13:19:46.225Z,state,s2,9.0,0.0,43.0,0.0,0.0,False
2026-08-13T13:19:46.226192Z,2026-08-13T13:19:46.225Z,visualization,s2,9.0,0.0,43.0,0.0,,
2026-08-13T13:19:46.227941Z,2026-08-13T13:19:46.227Z,state,s3,4.5,6.0,0.0,3.141592653589793,0.0,True
2026-08-13T13:19:46.228188Z,2026-08-13T13:19:46.227Z,visualization,s3,4.5,6.0,0.0,3.141592653589793,,
2026-08-13T13:19:46.229549Z,2026-08-13T13:19:46.228Z,state,s4,53.0,0.0,5.9700271923008845,0.0,0.0,True
2026-08-13T13:19:46.229819Z,2026-08-13T13:19:46.229Z,visualization,s4,53.0,0.0,5.9700271923008845,0.0,,
2026-08-13T13:19:46.230334Z,2026-08-13T13:19:46.229Z,state,s5,11.0,6.0,42.03747097190111,0.0,0.0,True
2026-08-13T13:19:46.230584Z,2026-08-13T13:19:46.230Z,visualization,s5,11.0,6.0,42.03747097190111,0.0,,
2026-08-13T13:19:46.231193Z,2026-08-13T13:19:46.230Z,state,s6,51.75445876586491,11.940505870048264,2.531627395227834,0.2377166120489913,0.0,True
2026-08-13T13:19:46.231499Z,2026-08-13T13:19:46.231Z,visualization,s6,51.75445876586491,11.940505870048264,2.531627395227834,0.2377166120489913,,
2026-08-13T13:19:46.231919Z,2026-08-13T13:19:46.231Z,state,s7,2.0,7.0,18.0,1.5707963267948966,0.0,False
2026-08-13T13:19:46.232167Z,2026-08-13T13:19:46.231Z,visualization,s7,2.0,7.0,18.0,1.5707963267948966,,
2026-08-13T13:19:46.234050Z,2026-08-13T13:19:46.233Z,state,s8,28.0,6.0,18.0,0.0,0.0,True
2026-08-13T13:19:46.234278Z,2026-08-13T13:19:46.234Z,visualization,s8,28.0,6.0,18.0,0.0,,
2026-08-13T13:19:46.234943Z,2026-08-13T13:19:46.234Z,state,s9,53.40488259942526,17.091303862924203,3.6644044385145618,0.32875646694504196,0.0,True
2026-08-13T13:19:46.235191Z,2026-08-13T13:19:46.234Z,visualization,s9,53.40488259942526,17.091303862924203,3.6644044385145618,0.32875646694504196,,
2026-08-13T13:19:46.236079Z,2026-08-13T13:19:46.235Z,state,s10,46.0,24.0,0.47065592575234516,0.49872610050207483,0.0,True
2026-08-13T13:19:46.236337Z,2026-08-13T13:19:46.236Z,visualization,s10,46.0,24.0,0.47065592575234516,0.49872610050207483,,
2026-08-13T13:19:46.236727Z,2026-08-13T13:19:46.236Z,state,s11,6.0,12.0,30.0,0.0,0.0,False
2026-08-13T13:19:46.236976Z,2026-08-13T13:19:46.236Z,visualization,s11,6.0,12.0,30.0,0.0,,
2026-08-13T13:19:46.238077Z,2026-08-13T13:19:46.237Z,state,s12,10.0,0.0,51.25655936098288,0.0,0.0,True
2026-08-13T13:19:46.238298Z,2026-08-13T13:19:46.237Z,visualization,s12,10.0,0.0,51.25655936098288,0.0,,
2026-08-13T13:19:46.238587Z,2026-08-13T13:19:46.238Z,state,s13,48.0,12.0,5.665140861387544,0.0,0.0,True
2026-08-13T13:19:46.238817Z,2026-08-13T13:19:46.238Z,visualization,s13,48.0,12.0,5.665140861387544,0.0,,
2026-08-13T13:19:46.239696Z,2026-08-13T13:19:46.238Z,state,s14,49.739717135674994,17.545608366365297,2.662569145742775,0.3460400387148097,0.0,True
2026-08-13T13:19:46.239866Z,2026-08-13T13:19:46.239Z,visualization,s14,49.739717135674994,17.545608366365297,2.662569145742775,0.3460400387148097,,
2026-08-13T13:19:46.240237Z,2026-08-13T13:19:46.239Z,state,s15,47.0,24.0,2.651242120865415,0.0,0.0,True
2026-08-13T13:19:46.240507Z,2026-08-13T13:19:46.240Z,visualization,s15,47.0,24.0,2.651242120865415,0.0,,
2026-08-13T13:19:46.240824Z,2026-08-13T13:19:46.240Z,state,s16,14.0,6.0,28.0,0.0,0.0,False
2026-08-13T13:19:46.241098Z,2026-08-13T13:19:46.240Z,visualization,s16,14.0,6.0,28.0,0.0,,
2026-08-13T13:19:46.242101Z,2026-08-13T13:19:46.241Z,state,s17,48.70281296126326,23.844036426510012,3.139872846629838,0.4832897161732774,0.0,True
2026-08-13T13:19:46.242292Z,2026-08-13T13:19:46.241Z,visualization,s17,48.70281296126326,23.844036426510012,3.139872846629838,0.4832897161732774,,
2026-08-13T13:19:46.243423Z,2026-08-13T13:19:46.242Z,state,s18,10.0,6.0,41.5,0.0,0.0,True
2026-08-13T13:19:46.243652Z,2026-08-13T13:19:46.243Z,visualization,s18,10.0,6.0,41.5,0.0,,
2026-08-13T13:19:46.243970Z,2026-08-13T13:19:46.243Z,state,s19,14.0,24.0,30.552397824893447,0.0,0.0,True
2026-08-13T13:19:46.244144Z,2026-08-13T13:19:46.243Z,visualization,s19,14.0,24.0,30.552397824893447,0.0,,
2026-08-13T13:19:46.244595Z,2026-08-13T13:19:46.244Z,state,s20,28.0,18.0,23.127330794852526,0.0,0.0,True
2026-08-13T13:19:46.244832Z,2026-08-13T13:19:46.244Z,visualization,s20,28.0,18.0,23.127330794852526,0.0,,
2026-08-13T13:19:46.245543Z,2026-08-13T13:19:46.244Z,state,s21,49.0,0.0,6.0,0.0,0.0,False
2026-08-13T13:19:46.245789Z,2026-08-13T13:19:46.245Z,visualization,s21,49.0,0.0,6.0,0.0,,
2026-08-13T13:19:46.246661Z,2026-08-13T13:19:46.245Z,state,s22,49.0,6.0,0.9983363562007002,0.0,0.0,True
2026-08-13T13:19:46.246849Z,2026-08-13T13:19:46.246Z,visualization,s22,49.0,6.0,0.9983363562007002,0.0,,
2026-08-13T13:19:46.247205Z,2026-08-13T13:19:46.246Z,state,s23,7.0,6.0,14.0,0.0,0.0,False
2026-08-13T13:19:46.247473Z,2026-08-13T13:19:46.247Z,visualization,s23,7.0,6.0,14.0,0.0,,
2026-08-13T13:19:46.248251Z,2026-08-13T13:19:46.247Z,state,s24,48.0,24.0,7.0,0.0,0.0,False
2026-08-13T13:19:46.248462Z,2026-08-13T13:19:46.248Z,visualization,s24,48.0,24.0,7.0,0.0,,
2026-08-13T13:19:46.784285Z,2026-08-13T13:19:46.783Z,state,s0,43.0,6.0,18.99045918275622,0.0,0.0,True
2026-08-13T13:19:46.784688Z,2026-08-13T13:19:46.784Z,visualization,s0,43.0,6.0,18.99045918275622,0.0,,
2026-08-13T13:19:46.785169Z,2026-08-13T13:19:46.784Z,state,s1,7.0,0.0,47.0,0.0,0.0,False
2026-08-13T13:19:46.785457Z,2026-08-13T13:19:46.785Z,visualization,s1,7.0,0.0,47.0,0.0,,
2026-08-13T13:19:46.785902Z,2026-08-13T13:19:46.785Z,state,s2,9.0,0.0,43.0,0.0,0.0,False
2026-08-13T13:19:46.786217Z,2026-08-13T13:19:46.785Z,visualization,s2,9.0,0.0,43.0,0.0,,
2026-08-13T13:19:46.789118Z,2026-08-13T13:19:46.788Z,state,s3,1.0,6.0,0.0,3.141592653589793,0.0,False
2026-08-13T13:19:46.789437Z,2026-08-13T13:19:46.789Z,visualization,s3,1.0,6.0,0.0,3.141592653589793,,
2026-08-13T13:19:46.790691Z,2026-08-13T13:19:46.789Z,state,s4,53.0,0.0,11.470027192300885,0.0,0.0,True
2026-08-13T13:19:46.790906Z,2026-08-13T13:19:46.790Z,visualization,s4,53.0,0.0,11.470027192300885,0.0,,
2026-08-13T13:19:46.791697Z,2026-08-13T13:19:46.790Z,state,s5,11.0,6.0,47.53747097190111,0.0,0.0,True
2026-08-13T13:19:46.791958Z,2026-08-13T13:19:46.791Z,visualization,s5,11.0,6.0,47.53747097190111,0.0,,
2026-08-13T13:19:46.792518Z,2026-08-13T13:19:46.792Z,state,s6,53.5,12.0,0.0,0.0,0.0,True
2026-08-13T13:19:46.792792Z,2026-08-13T13:19:46.792Z,visualization,s6,53.5,12.0,0.0,0.0,,
2026-08-13T13:19:46.793203Z,2026-08-13T13:19:46.792Z,state,s7,2.0,7.0,18.0,1.5707963267948966,0.0,False
2026-08-13T13:19:46.793386Z,2026-08-13T13:19:46.793Z,visualization,s7,2.0,7.0,18.0,1.5707963267948966,,
2026-08-13T13:19:46.795632Z,2026-08-13T13:19:46.794Z,state,s8,31.5,6.0,18.0,0.0,0.0,True
2026-08-13T13:19:46.795851Z,2026-08-13T13:19:46.795Z,visualization,s8,31.5,6.0,18.0,0.0,,
2026-08-13T13:19:46.796570Z,2026-08-13T13:19:46.795Z,state,s9,58.61032773538121,18.86706875067053,3.6644044385145618,0.32875646694504346,0.0,True
2026-08-13T13:19:46.796876Z,2026-08-13T13:19:46.796Z,visualization,s9,58.61032773538121,18.86706875067053,3.6644044385145618,0.32875646694504346,,
2026-08-13T13:19:46.797500Z,2026-08-13T13:19:46.796Z,state,s10,46.0,24.0,5.970655925752345,0.0,0.0,True
2026-08-13T13:19:46.797760Z,2026-08-13T13:19:46.797Z,visualization,s10,46.0,24.0,5.970655925752345,0.0,,
2026-08-13T13:19:46.798137Z,2026-08-13T13:19:46.797Z,state,s11,6.0,12.0,30.0,0.0,0.0,False
2026-08-13T13:19:46.798497Z,2026-08-13T13:19:46.798Z,visualization,s11,6.0,12.0,30.0,0.0,,
2026-08-13T13:19:46.799560Z,2026-08-13T13:19:46.798Z,state,s12,11.5,0.0,54.0,0.0,0.0,True
2026-08-13T13:19:46.799736Z,2026-08-13T13:19:46.799Z,visualization,s12,11.5,0.0,54.0,0.0,,
2026-08-13T13:19:46.800187Z,2026-08-13T13:19:46.799Z,state,s13,48.0,12.0,11.165140861387544,0.0,0.0,True
2026-08-13T13:19:46.800452Z,2026-08-13T13:19:46.800Z,visualization,s13,48.0,12.0,11.165140861387544,0.0,,
2026-08-13T13:19:46.801428Z,2026-08-13T13:19:46.800Z,state,s14,51.0,18.0,6.662569145742776,0.0,0.0,True
2026-08-13T13:19:46.801598Z,2026-08-13T13:19:46.801Z,visualization,s14,51.0,18.0,6.662569145742776,0.0,,
2026-08-13T13:19:46.801983Z,2026-08-13T13:19:46.801Z,state,s15,47.0,24.0,8.151242120865415,0.0,0.0,True
2026-08-13T13:19:46.802225Z,2026-08-13T13:19:46.801Z,visualization,s15,47.0,24.0,8.151242120865415,0.0,,
2026-08-13T13:19:46.802609Z,2026-08-13T13:19:46.802Z,state,s16,14.0,6.0,28.0,0.0,0.0,False
2026-08-13T13:19:46.802909Z,2026-08-13T13:19:46.802Z,visualization,s16,14.0,6.0,28.0,0.0,,
2026-08-13T13:19:46.803880Z,2026-08-13T13:19:46.802Z,state,s17,49.0,24.0,8.139872846629839,0.0,0.0,True
2026-08-13T13:19:46.804067Z,2026-08-13T13:19:46.803Z,visualization,s17,49.0,24.0,8.139872846629839,0.0,,
2026-08-13T13:19:46.805272Z,2026-08-13T13:19:46.804Z,state,s18,13.0,6.0,42.0,0.0,0.0,False
2026-08-13T13:19:46.805592Z,2026-08-13T13:19:46.805Z,visualization,s18,13.0,6.0,42.0,0.0,,
2026-08-13T13:19:46.806048Z,2026-08-13T13:19:46.805Z,state,s19,14.0,24.0,36.0,0.0,0.0,True
2026-08-13T13:19:46.806274Z,2026-08-13T13:19:46.806Z,visualization,s19,14.0,24.0,36.0,0.0,,
2026-08-13T13:19:46.806768Z,2026-08-13T13:19:46.806Z,state,s20,28.0,18.0,28.627330794852526,0.0,0.0,True
2026-08-13T13:19:46.807011Z,2026-08-13T13:19:46.806Z,visualization,s20,28.0,18.0,28.627330794852526,0.0,,
2026-08-13T13:19:46.807550Z,2026-08-13T13:19:46.807Z,state,s21,53.0,0.0,6.0,0.0,0.0,True
2026-08-13T13:19:46.807762Z,2026-08-13T13:19:46.807Z,visualization,s21,53.0,0.0,6.0,0.0,,
2026-08-13T13:19:46.808608Z,2026-08-13T13:19:46.807Z,state,s22,46.0,6.0,0.0,3.141592653589793,0.0,True
2026-08-13T13:19:46.808791Z,2026-08-13T13:19:46.808Z,visualization,s22,46.0,6.0,0.0,3.141592653589793,,
2026-08-13T13:19:46.809109Z,2026-08-13T13:19:46.808Z,state,s23,7.0,6.0,14.0,0.0,0.0,False
2026-08-13T13:19:46.809337Z,2026-08-13T13:19:46.809Z,visualization,s23,7.0,6.0,14.0,0.0,,
2026-08-13T13:19:46.810033Z,2026-08-13T13:19:46.809Z,state,s24,51.0,24.0,6.0,0.0,0.0,True
2026-08-13T13:19:46.810228Z,2026-08-13T13:19:46.809Z,visualization,s24,51.0,24.0,6.0,0.0,,
2026-08-13T13:19:47.345283Z,2026-08-13T13:19:47.344Z,state,s0,43.0,6.0,24.0,0.0,0.0,False
2026-08-13T13:19:47.345507Z,2026-08-13T13:19:47.345Z,visualization,s0,43.0,6.0,24.0,0.0,,
2026-08-13T13:19:47.345979Z,2026-08-13T13:19:47.345Z,state,s1,7.0,0.0,47.0,0.0,0.0,False
2026-08-13T13:19:47.346278Z,2026-08-13T13:19:47.345Z,visualization,s1,7.0,0.0,47.0,0.0,,
2026-08-13T13:19:47.346678Z,2026-08-13T13:19:47.346Z,state,s2,9.0,0.0,43.0,0.0,0.0,False
2026-08-13T13:19:47.346949Z,2026-08-13T13:19:47.346Z,visualization,s2,9.0,0.0,43.0,0.0,,
2026-08-13T13:19:47.348588Z,2026-08-13T13:19:47.348Z,state,s3,0.0,4.0,0.0,-1.5707963267948966,0.0,False
2026-08-13T13:19:47.348808Z,2026-08-13T13:19:47.348Z,visualization,s3,0.0,4.0,0.0,-1.5707963267948966,,
2026-08-13T13:19:47.351246Z,2026-08-13T13:19:47.350Z,state,s4,53.0,0.0,16.970027192300883,0.0,0.0,True
2026-08-13T13:19:47.351488Z,2026-08-13T13:19:47.351Z,visualization,s4,53.0,0.0,16.970027192300883,0.0,,
2026-08-13T13:19:47.352275Z,2026-08-13T13:19:47.351Z,state,s5,14.0,6.0,48.0,0.0,0.0,False
2026-08-13T13:19:47.352483Z,2026-08-13T13:19:47.352Z,visualization,s5,14.0,6.0,48.0,0.0,,
2026-08-13T13:19:47.353231Z,2026-08-13T13:19:47.352Z,state,s6,54.0,9.0,0.0,-1.5707963267948966,0.0,False
2026-08-13T13:19:47.353481Z,2026-08-13T13:19:47.353Z,visualization,s6,54.0,9.0,0.0,-1.5707963267948966,,
2026-08-13T13:19:47.353955Z,2026-08-13T13:19:47.353Z,state,s7,2.0,7.0,18.0,1.5707963267948966,0.0,False
2026-08-13T13:19:47.354185Z,2026-08-13T13:19:47.353Z,visualization,s7,2.0,7.0,18.0,1.5707963267948966,,
2026-08-13T13:19:47.355212Z,2026-08-13T13:19:47.354Z,state,s8,35.0,6.0,18.0,0.0,0.0,False
2026-08-13T13:19:47.355477Z,2026-08-13T13:19:47.355Z,visualization,s8,35.0,6.0,18.0,0.0,,
2026-08-13T13:19:47.355999Z,2026-08-13T13:19:47.355Z,state,s9,59.0,19.0,8.664404438514563,0.0,0.0,True
2026-08-13T13:19:47.356217Z,2026-08-13T13:19:47.355Z,visualization,s9,59.0,19.0,8.664404438514563,0.0,,
2026-08-13T13:19:47.357146Z,2026-08-13T13:19:47.356Z,state,s10,46.0,24.0,11.470655925752345,0.0,0.0,True
2026-08-13T13:19:47.357425Z,2026-08-13T13:19:47.357Z,visualization,s10,46.0,24.0,11.470655925752345,0.0,,
2026-08-13T13:19:47.357784Z,2026-08-13T13:19:47.357Z,state,s11,6.0,12.0,30.0,0.0,0.0,False
2026-08-13T13:19:47.358021Z,2026-08-13T13:19:47.357Z,visualization,s11,6.0,12.0,30.0,0.0,,
2026-08-13T13:19:47.359155Z,2026-08-13T13:19:47.358Z,state,s12,15.0,0.0,54.0,0.0,0.0,False
2026-08-13T13:19:47.359364Z,2026-08-13T13:19:47.359Z,visualization,s12,15.0,0.0,54.0,0.0,,
2026-08-13T13:19:47.359673Z,2026-08-13T13:19:47.359Z,state,s13,48.0,12.0,16.665140861387542,0.0,0.0,True
2026-08-13T13:19:47.359895Z,2026-08-13T13:19:47.359Z,visualization,s13,48.0,12.0,16.665140861387542,0.0,,
2026-08-13T13:19:47.360787Z,2026-08-13T13:19:47.359Z,state,s14,51.0,18.0,12.162569145742776,0.0,0.0,True
2026-08-13T13:19:47.360954Z,2026-08-13T13:19:47.360Z,visualization,s14,51.0,18.0,12.162569145742776,0.0,,
2026-08-13T13:19:47.361271Z,2026-08-13T13:19:47.360Z,state,s15,47.0,24.0,13.651242120865415,0.0,0.0,True
2026-08-13T13:19:47.361504Z,2026-08-13T13:19:47.361Z,visualization,s15,47.0,24.0,13.651242120865415,0.0,,
2026-08-13T13:19:47.361809Z,2026-08-13T13:19:47.361Z,state,s16,14.0,6.0,28.0,0.0,0.0,False
2026-08-13T13:19:47.362025Z,2026-08-13T13:19:47.361Z,visualization,s16,14.0,6.0,28.0,0.0,,
2026-08-13T13:19:47.363330Z,2026-08-13T13:19:47.362Z,state,s17,49.0,24.0,13.639872846629839,0.0,0.0,True
2026-08-13T13:19:47.363587Z,2026-08-13T13:19:47.362Z,visualization,s17,49.0,24.0,13.639872846629839,0.0,,
2026-08-13T13:19:47.364410Z,2026-08-13T13:19:47.363Z,state,s18,17.0,6.0,42.0,0.0,0.0,True
2026-08-13T13:19:47.364636Z,2026-08-13T13:19:47.364Z,visualization,s18,17.0,6.0,42.0,0.0,,
2026-08-13T13:19:47.364947Z,2026-08-13T13:19:47.364Z,state,s19,17.5,24.0,36.0,0.0,0.0,True
2026-08-13T13:19:47.365154Z,2026-08-13T13:19:47.364Z,visualization,s19,17.5,24.0,36.0,0.0,,
2026-08-13T13:19:47.365576Z,2026-08-13T13:19:47.365Z,state,s20,28.0,18.0,34.127330794852526,0.0,0.0,True
2026-08-13T13:19:47.365773Z,2026-08-13T13:19:47.365Z,visualization,s20,28.0,18.0,34.127330794852526,0.0,,
2026-08-13T13:19:47.366249Z,2026-08-13T13:19:47.365Z,state,s21,54.0,2.5,6.0,1.5707963267948966,0.0,True
2026-08-13T13:19:47.366480Z,2026-08-13T13:19:47.366Z,visualization,s21,54.0,2.5,6.0,1.5707963267948966,,
2026-08-13T13:19:47.368389Z,2026-08-13T13:19:47.367Z,state,s22,42.5,6.0,0.0,3.141592653589793,0.0,True
2026-08-13T13:19:47.368553Z,2026-08-13T13:19:47.368Z,visualization,s22,42.5,6.0,0.0,3.141592653589793,,
2026-08-13T13:19:47.368847Z,2026-08-13T13:19:47.368Z,state,s23,7.0,6.0,14.0,0.0,0.0,False
2026-08-13T13:19:47.369071Z,2026-08-13T13:19:47.368Z,visualization,s23,7.0,6.0,14.0,0.0,,
2026-08-13T13:19:47.369737Z,2026-08-13T13:19:47.369Z,state,s24,54.0,23.5,6.0,-1.5707963267948966,0.0,True
2026-08-13T13:19:47.369958Z,2026-08-13T13:19:47.369Z,visualization,s24,54.0,23.5,6.0,-1.5707963267948966,,
2026-08-13T13:19:47.908077Z,2026-08-13T13:19:47.907Z,state,s0,47.0,6.0,24.0,0.0,0.0,True
2026-08-13T13:19:47.908319Z,2026-08-13T13:19:47.907Z,visualization,s0,47.0,6.0,24.0,0.0,,
2026-08-13T13:19:47.908734Z,2026-08-13T13:19:47.908Z,state,s1,7.0,0.0,47.0,0.0,0.0,False
2026-08-13T13:19:47.909013Z,2026-08-13T13:19:47.908Z,visualization,s1,7.0,0.0,47.0,0.0,,
2026-08-13T13:19:47.909406Z,2026-08-13T13:19:47.909Z,state,s2,9.0,0.0,43.0,0.0,0.0,False
2026-08-13T13:19:47.909703Z,2026-08-13T13:19:47.909Z,visualization,s2,9.0,0.0,43.0,0.0,,
2026-08-13T13:19:47.910285Z,2026-08-13T13:19:47.909Z,state,s3,0.0,4.0,0.0,-1.5707963267948966,0.0,False
2026-08-13T13:19:47.910494Z,2026-08-13T13:19:47.910Z,visualization,s3,0.0,4.0,0.0,-1.5707963267948966,,
2026-08-13T13:19:47.915368Z,2026-08-13T13:19:47.913Z,state,s4,53.0,0.0,22.470027192300883,0.0,0.0,True
2026-08-13T13:19:47.915628Z,2026-08-13T13:19:47.915Z,visualization,s4,53.0,0.0,22.470027192300883,0.0,,
2026-08-13T13:19:47.916286Z,2026-08-13T13:19:47.915Z,state,s5,18.0,6.0,48.0,0.0,0.0,True
2026-08-13T13:19:47.916492Z,2026-08-13T13:19:47.916Z,visualization,s5,18.0,6.0,48.0,0.0,,
2026-08-13T13:19:47.917053Z,2026-08-13T13:19:47.916Z,state,s6,53.0,6.0,0.0,3.141592653589793,0.0,True
2026-08-13T13:19:47.917291Z,2026-08-13T13:19:47.916Z,visualization,s6,53.0,6.0,0.0,3.141592653589793,,
2026-08-13T13:19:47.917784Z,2026-08-13T13:19:47.917Z,state,s7,2.0,7.0,18.0,1.5707963267948966,0.0,False
2026-08-13T13:19:47.918058Z,2026-08-13T13:19:47.917Z,visualization,s7,2.0,7.0,18.0,1.5707963267948966,,
2026-08-13T13:19:47.918905Z,2026-08-13T13:19:47.918Z,state,s8,39.0,6.0,18.0,0.0,0.0,True
2026-08-13T13:19:47.919160Z,2026-08-13T13:19:47.918Z,visualization,s8,39.0,6.0,18.0,0.0,,
2026-08-13T13:19:47.919924Z,2026-08-13T13:19:47.919Z,state,s9,59.0,19.0,14.164404438514563,0.0,0.0,True
2026-08-13T13:19:47.920147Z,2026-08-13T13:19:47.919Z,visualization,s9,59.0,19.0,14.164404438514563,0.0,,
2026-08-13T13:19:47.920802Z,2026-08-13T13:19:47.920Z,state,s10,46.0,24.0,12.0,0.0,0.0,True
2026-08-13T13:19:47.920989Z,2026-08-13T13:19:47.920Z,visualization,s10,46.0,24.0,12.0,0.0,,
2026-08-13T13:19:47.921414Z,2026-08-13T13:19:47.921Z,state,s11,6.0,12.0,30.0,0.0,0.0,False
2026-08-13T13:19:47.921678Z,2026-08-13T13:19:47.921Z,visualization,s11,6.0,12.0,30.0,0.0,,
2026-08-13T13:19:47.922645Z,2026-08-13T13:19:47.921Z,state,s12,19.0,0.0,54.0,0.0,0.0,True
2026-08-13T13:19:47.922883Z,2026-08-13T13:19:47.922Z,visualization,s12,19.0,0.0,54.0,0.0,,
2026-08-13T13:19:47.923122Z,2026-08-13T13:19:47.922Z,state,s13,50.5,12.0,18.0,0.0,0.0,True
2026-08-13T13:19:47.923413Z,2026-08-13T13:19:47.923Z,visualization,s13,50.5,12.0,18.0,0.0,,
2026-08-13T13:19:47.924496Z,2026-08-13T13:19:47.923Z,state,s14,51.0,18.0,17.662569145742776,0.0,0.0,True
2026-08-13T13:19:47.924687Z,2026-08-13T13:19:47.924Z,visualization,s14,51.0,18.0,17.662569145742776,0.0,,
2026-08-13T13:19:47.925114Z,2026-08-13T13:19:47.924Z,state,s15,47.0,24.0,19.151242120865415,0.0,0.0,True
2026-08-13T13:19:47.925335Z,2026-08-13T13:19:47.925Z,visualization,s15,47.0,24.0,19.151242120865415,0.0,,
2026-08-13T13:19:47.925669Z,2026-08-13T13:19:47.925Z,state,s16,14.0,6.0,28.0,0.0,0.0,False
2026-08-13T13:19:47.925984Z,2026-08-13T13:19:47.925Z,visualization,s16,14.0,6.0,28.0,0.0,,
2026-08-13T13:19:47.927028Z,2026-08-13T13:19:47.926Z,state,s17,49.0,24.0,19.13987284662984,0.0,0.0,True
2026-08-13T13:19:47.927225Z,2026-08-13T13:19:47.926Z,visualization,s17,49.0,24.0,19.13987284662984,0.0,,
2026-08-13T13:19:47.928210Z,2026-08-13T13:19:47.927Z,state,s18,20.5,6.0,42.0,0.0,0.0,True
2026-08-13T13:19:47.928431Z,2026-08-13T13:19:47.928Z,visualization,s18,20.5,6.0,42.0,0.0,,
2026-08-13T13:19:47.928813Z,2026-08-13T13:19:47.928Z,state,s19,21.0,24.0,36.0,0.0,0.0,False
2026-08-13T13:19:47.929073Z,2026-08-13T13:19:47.928Z,visualization,s19,21.0,24.0,36.0,0.0,,
2026-08-13T13:19:47.929529Z,2026-08-13T13:19:47.929Z,state,s20,28.0,18.0,39.627330794852526,0.0,0.0,True
2026-08-13T13:19:47.929742Z,2026-08-13T13:19:47.929Z,visualization,s20,28.0,18.0,39.627330794852526,0.0,,
2026-08-13T13:19:47.930325Z,2026-08-13T13:19:47.929Z,state,s21,54.0,6.0,6.0,1.5707963267948966,0.0,False
2026-08-13T13:19:47.930549Z,2026-08-13T13:19:47.930Z,visualization,s21,54.0,6.0,6.0,1.5707963267948966,,
2026-08-13T13:19:47.931506Z,2026-08-13T13:19:47.930Z,state,s22,39.0,6.0,0.0,3.141592653589793,0.0,False
2026-08-13T13:19:47.931693Z,2026-08-13T13:19:47.931Z,visualization,s22,39.0,6.0,0.0,3.141592653589793,,
2026-08-13T13:19:47.931995Z,2026-08-13T13:19:47.931Z,state,s23,7.0,6.0,14.0,0.0,0.0,False
2026-08-13T13:19:47.932227Z,2026-08-13T13:19:47.932Z,visualization,s23,7.0,6.0,14.0,0.0,,
2026-08-13T13:19:47.932986Z,2026-08-13T13:19:47.932Z,state,s24,54.0,20.0,6.0,-1.5707963267948966,0.0,False
2026-08-13T13:19:47.933223Z,2026-08-13T13:19:47.932Z,visualization,s24,54.0,20.0,6.0,-1.5707963267948966,,
2026-08-13T13:19:48.469266Z,2026-08-13T13:19:48.468Z,state,s0,50.5,6.0,24.0,0.0,0.0,True
2026-08-13T13:19:48.469621Z,2026-08-13T13:19:48.469Z,visualization,s0,50.5,6.0,24.0,0.0,,
2026-08-13T13:19:48.469880Z,2026-08-13T13:19:48.469Z,state,s1,7.0,0.0,47.0,0.0,0.0,False
2026-08-13T13:19:48.470198Z,2026-08-13T13:19:48.469Z,visualization,s1,7.0,0.0,47.0,0.0,,
2026-08-13T13:19:48.470624Z,2026-08-13T13:19:48.470Z,state,s2,9.0,0.0,43.0,0.0,0.0,False
2026-08-13T13:19:48.470902Z,2026-08-13T13:19:48.470Z,visualization,s2,9.0,0.0,43.0,0.0,,
2026-08-13T13:19:48.471498Z,2026-08-13T13:19:48.470Z,state,s3,0.0,4.0,0.0,-1.5707963267948966,0.0,False
2026-08-13T13:19:48.471707Z,2026-08-13T13:19:48.471Z,visualization,s3,0.0,4.0,0.0,-1.5707963267948966,,
2026-08-13T13:19:48.472866Z,2026-08-13T13:19:48.471Z,state,s4,53.0,0.0,27.970027192300883,0.0,0.0,True
2026-08-13T13:19:48.473099Z,2026-08-13T13:19:48.472Z,visualization,s4,53.0,0.0,27.970027192300883,0.0,,
2026-08-13T13:19:48.473687Z,2026-08-13T13:19:48.473Z,state,s5,21.5,6.0,48.0,0.0,0.0,True
2026-08-13T13:19:48.473900Z,2026-08-13T13:19:48.473Z,visualization,s5,21.5,6.0,48.0,0.0,,
2026-08-13T13:19:48.474482Z,2026-08-13T13:19:48.474Z,state,s6,49.5,6.0,0.0,3.141592653589793,0.0,True
2026-08-13T13:19:48.474834Z,2026-08-13T13:19:48.474Z,visualization,s6,49.5,6.0,0.0,3.141592653589793,,
2026-08-13T13:19:48.475290Z,2026-08-13T13:19:48.474Z,state,s7,2.0,7.0,18.0,1.5707963267948966,0.0,False
2026-08-13T13:19:48.475700Z,2026-08-13T13:19:48.475Z,visualization,s7,2.0,7.0,18.0,1.5707963267948966,,
2026-08-13T13:19:48.476580Z,2026-08-13T13:19:48.475Z,state,s8,42.5,6.0,18.0,0.0,0.0,True
2026-08-13T13:19:48.476794Z,2026-08-13T13:19:48.476Z,visualization,s8,42.5,6.0,18.0,0.0,,
2026-08-13T13:19:48.477461Z,2026-08-13T13:19:48.476Z,state,s9,59.0,18.0,18.0,-1.5707963267948966,0.0,True
2026-08-13T13:19:48.477687Z,2026-08-13T13:19:48.477Z,visualization,s9,59.0,18.0,18.0,-1.5707963267948966,,
2026-08-13T13:19:48.478290Z,2026-08-13T13:19:48.477Z,state,s10,49.5,24.0,12.0,0.0,0.0,True
2026-08-13T13:19:48.478482Z,2026-08-13T13:19:48.478Z,visualization,s10,49.5,24.0,12.0,0.0,,
2026-08-13T13:19:48.478859Z,2026-08-13T13:19:48.478Z,state,s11,6.0,12.0,30.0,0.0,0.0,False
2026-08-13T13:19:48.479083Z,2026-08-13T13:19:48.478Z,visualization,s11,6.0,12.0,30.0,0.0,,
2026-08-13T13:19:48.480044Z,2026-08-13T13:19:48.479Z,state,s12,22.5,0.0,54.0,0.0,0.0,True
2026-08-13T13:19:48.480258Z,2026-08-13T13:19:48.479Z,visualization,s12,22.5,0.0,54.0,0.0,,
2026-08-13T13:19:48.480591Z,2026-08-13T13:19:48.480Z,state,s13,54.0,12.0,18.0,0.0,0.0,False
2026-08-13T13:19:48.480940Z,2026-08-13T13:19:48.480Z,visualization,s13,54.0,12.0,18.0,0.0,,
2026-08-13T13:19:48.482150Z,2026-08-13T13:19:48.481Z,state,s14,51.0,18.0,23.162569145742776,0.0,0.0,True
2026-08-13T13:19:48.482393Z,2026-08-13T13:19:48.481Z,visualization,s14,51.0,18.0,23.162569145742776,0.0,,
2026-08-13T13:19:48.482848Z,2026-08-13T13:19:48.482Z,state,s15,47.0,24.0,21.0,0.0,0.0,False
2026-08-13T13:19:48.483170Z,2026-08-13T13:19:48.482Z,visualization,s15,47.0,24.0,21.0,0.0,,
2026-08-13T13:19:48.483574Z,2026-08-13T13:19:48.483Z,state,s16,14.0,6.0,28.0,0.0,0.0,False
2026-08-13T13:19:48.483807Z,2026-08-13T13:19:48.483Z,visualization,s16,14.0,6.0,28.0,0.0,,
2026-08-13T13:19:48.484764Z,2026-08-13T13:19:48.483Z,state,s17,49.0,24.0,24.63987284662984,0.0,0.0,True
2026-08-13T13:19:48.484959Z,2026-08-13T13:19:48.484Z,visualization,s17,49.0,24.0,24.63987284662984,0.0,,
2026-08-13T13:19:48.487107Z,2026-08-13T13:19:48.486Z,state,s18,24.0,6.0,42.0,0.0,0.0,False
2026-08-13T13:19:48.487328Z,2026-08-13T13:19:48.486Z,visualization,s18,24.0,6.0,42.0,0.0,,
2026-08-13T13:19:48.487647Z,2026-08-13T13:19:48.487Z,state,s19,22.0,24.0,36.0,0.0,0.0,False
2026-08-13T13:19:48.487931Z,2026-08-13T13:19:48.487Z,visualization,s19,22.0,24.0,36.0,0.0,,
2026-08-13T13:19:48.488434Z,2026-08-13T13:19:48.487Z,state,s20,28.0,18.0,45.127330794852526,0.0,0.0,True
2026-08-13T13:19:48.488706Z,2026-08-13T13:19:48.488Z,visualization,s20,28.0,18.0,45.127330794852526,0.0,,
2026-08-13T13:19:48.489230Z,2026-08-13T13:19:48.488Z,state,s21,50.0,6.0,6.0,3.141592653589793,0.0,True
2026-08-13T13:19:48.489467Z,2026-08-13T13:19:48.489Z,visualization,s21,50.0,6.0,6.0,3.141592653589793,,
2026-08-13T13:19:48.490295Z,2026-08-13T13:19:48.489Z,state,s22,35.0,6.0,0.0,3.141592653589793,0.0,True
2026-08-13T13:19:48.490476Z,2026-08-13T13:19:48.490Z,visualization,s22,35.0,6.0,0.0,3.141592653589793,,
2026-08-13T13:19:48.490824Z,2026-08-13T13:19:48.490Z,state,s23,7.0,6.0,14.0,0.0,0.0,False
2026-08-13T13:19:48.491075Z,2026-08-13T13:19:48.490Z,visualization,s23,7.0,6.0,14.0,0.0,,
2026-08-13T13:19:48.491678Z,2026-08-13T13:19:48.491Z,state,s24,54.0,16.0,6.0,-1.5707963267948966,0.0,True
2026-08-13T13:19:48.491916Z,2026-08-13T13:19:48.491Z,visualization,s24,54.0,16.0,6.0,-1.5707963267948966,,
2026-08-13T13:19:49.030119Z,2026-08-13T13:19:49.029Z,state,s0,54.0,6.0,24.0,0.0,0.0,False
2026-08-13T13:19:49.030450Z,2026-08-13T13:19:49.029Z,visualization,s0,54.0,6.0,24.0,0.0,,
2026-08-13T13:19:49.030870Z,2026-08-13T13:19:49.030Z,state,s1,7.0,0.0,47.0,0.0,0.0,False
2026-08-13T13:19:49.031179Z,2026-08-13T13:19:49.030Z,visualization,s1,7.0,0.0,47.0,0.0,,
2026-08-13T13:19:49.031647Z,2026-08-13T13:19:49.031Z,state,s2,9.0,0.0,43.0,0.0,0.0,False
2026-08-13T13:19:49.031916Z,2026-08-13T13:19:49.031Z,visualization,s2,9.0,0.0,43.0,0.0,,
2026-08-13T13:19:49.032519Z,2026-08-13T13:19:49.031Z,state,s3,0.0,4.0,0.0,-1.5707963267948966,0.0,False
2026-08-13T13:19:49.032749Z,2026-08-13T13:19:49.032Z,visualization,s3,0.0,4.0,0.0,-1.5707963267948966,,
2026-08-13T13:19:49.033920Z,2026-08-13T13:19:49.032Z,state,s4,53.0,0.0,33.47002719230088,0.0,0.0,True
2026-08-13T13:19:49.034156Z,2026-08-13T13:19:49.033Z,visualization,s4,53.0,0.0,33.47002719230088,0.0,,
2026-08-13T13:19:49.034847Z,2026-08-13T13:19:49.034Z,state,s5,25.0,6.0,48.0,0.0,0.0,False
2026-08-13T13:19:49.035069Z,2026-08-13T13:19:49.034Z,visualization,s5,25.0,6.0,48.0,0.0,,
2026-08-13T13:19:49.035770Z,2026-08-13T13:19:49.035Z,state,s6,46.0,6.0,0.0,3.141592653589793,0.0,False
2026-08-13T13:19:49.035974Z,2026-08-13T13:19:49.035Z,visualization,s6,46.0,6.0,0.0,3.141592653589793,,
2026-08-13T13:19:49.036412Z,2026-08-13T13:19:49.036Z,state,s7,2.0,7.0,18.0,1.5707963267948966,0.0,False
2026-08-13T13:19:49.036650Z,2026-08-13T13:19:49.036Z,visualization,s7,2.0,7.0,18.0,1.5707963267948966,,
2026-08-13T13:19:49.037467Z,2026-08-13T13:19:49.036Z,state,s8,46.0,6.0,18.0,0.0,0.0,False
2026-08-13T13:19:49.037746Z,2026-08-13T13:19:49.037Z,visualization,s8,46.0,6.0,18.0,0.0,,
2026-08-13T13:19:49.038431Z,2026-08-13T13:19:49.037Z,state,s9,55.5,18.0,18.0,3.141592653589793,0.0,True
2026-08-13T13:19:49.038709Z,2026-08-13T13:19:49.038Z,visualization,s9,55.5,18.0,18.0,3.141592653589793,,
2026-08-13T13:19:49.039411Z,2026-08-13T13:19:49.038Z,state,s10,53.0,24.0,12.0,0.0,0.0,False
2026-08-13T13:19:49.039639Z,2026-08-13T13:19:49.039Z,visualization,s10,53.0,24.0,12.0,0.0,,
2026-08-13T13:19:49.040018Z,2026-08-13T13:19:49.039Z,state,s11,6.0,12.0,30.0,0.0,0.0,False
2026-08-13T13:19:49.040259Z,2026-08-13T13:19:49.040Z,visualization,s11,6.0,12.0,30.0,0.0,,
2026-08-13T13:19:49.041314Z,2026-08-13T13:19:49.040Z,state,s12,26.0,0.0,54.0,0.0,0.0,False
2026-08-13T13:19:49.041524Z,2026-08-13T13:19:49.041Z,visualization,s12,26.0,0.0,54.0,0.0,,
2026-08-13T13:19:49.041855Z,2026-08-13T13:19:49.041Z,state,s13,57.0,12.0,18.0,0.0,0.0,False
2026-08-13T13:19:49.042089Z,2026-08-13T13:19:49.041Z,visualization,s13,57.0,12.0,18.0,0.0,,
2026-08-13T13:19:49.043062Z,2026-08-13T13:19:49.042Z,state,s14,51.0,18.0,28.662569145742776,0.0,0.0,True
2026-08-13T13:19:49.043279Z,2026-08-13T13:19:49.042Z,visualization,s14,51.0,18.0,28.662569145742776,0.0,,
2026-08-13T13:19:49.043496Z,2026-08-13T13:19:49.043Z,state,s15,47.0,24.0,21.0,0.0,0.0,False
2026-08-13T13:19:49.043761Z,2026-08-13T13:19:49.043Z,visualization,s15,47.0,24.0,21.0,0.0,,
2026-08-13T13:19:49.044075Z,2026-08-13T13:19:49.043Z,state,s16,14.0,6.0,28.0,0.0,0.0,False
2026-08-13T13:19:49.044294Z,2026-08-13T13:19:49.044Z,visualization,s16,14.0,6.0,28.0,0.0,,
2026-08-13T13:19:49.045230Z,2026-08-13T13:19:49.044Z,state,s17,49.0,24.0,30.0,0.0,0.0,True
2026-08-13T13:19:49.045468Z,2026-08-13T13:19:49.045Z,visualization,s17,49.0,24.0,30.0,0.0,,
2026-08-13T13:19:49.046292Z,2026-08-13T13:19:49.045Z,state,s18,28.0,6.0,42.0,0.0,0.0,True
2026-08-13T13:19:49.046494Z,2026-08-13T13:19:49.046Z,visualization,s18,28.0,6.0,42.0,0.0,,
2026-08-13T13:19:49.046711Z,2026-08-13T13:19:49.046Z,state,s19,22.0,24.0,36.0,0.0,0.0,False
2026-08-13T13:19:49.046961Z,2026-08-13T13:19:49.046Z,visualization,s19,22.0,24.0,36.0,0.0,,
2026-08-13T13:19:49.047356Z,2026-08-13T13:19:49.047Z,state,s20,29.5,18.0,48.0,0.0,0.0,True
2026-08-13T13:19:49.047596Z,2026-08-13T13:19:49.047Z,visualization,s20,29.5,18.0,48.0,0.0,,
2026-08-13T13:19:49.048017Z,2026-08-13T13:19:49.047Z,state,s21,47.0,6.0,5.5,0.0,0.0,True
2026-08-13T13:19:49.048203Z,2026-08-13T13:19:49.047Z,visualization,s21,47.0,6.0,5.5,0.0,,
2026-08-13T13:19:49.049026Z,2026-08-13T13:19:49.048Z,state,s22,31.5,6.0,0.0,3.141592653589793,0.0,True
2026-08-13T13:19:49.049214Z,2026-08-13T13:19:49.048Z,visualization,s22,31.5,6.0,0.0,3.141592653589793,,
2026-08-13T13:19:49.049514Z,2026-08-13T13:19:49.049Z,state,s23,7.0,6.0,14.0,0.0,0.0,False
2026-08-13T13:19:49.049735Z,2026-08-13T13:19:49.049Z,visualization,s23,7.0,6.0,14.0,0.0,,
2026-08-13T13:19:49.050239Z,2026-08-13T13:19:49.049Z,state,s24,54.0,12.5,6.0,-1.5707963267948966,0.0,True
2026-08-13T13:19:49.050450Z,2026-08-13T13:19:49.050Z,visualization,s24,54.0,12.5,6.0,-1.5707963267948966,,
2026-08-13T13:19:49.588554Z,2026-08-13T13:19:49.587Z,state,s0,55.0,8.0,24.0,1.5707963267948966,0.0,False
2026-08-13T13:19:49.588928Z,2026-08-13T13:19:49.588Z,visualization,s0,55.0,8.0,24.0,1.5707963267948966,,
2026-08-13T13:19:49.589442Z,2026-08-13T13:19:49.589Z,state,s1,7.0,0.0,47.0,0.0,0.0,False
2026-08-13T13:19:49.589741Z,2026-08-13T13:19:49.589Z,visualization,s1,7.0,0.0,47.0,0.0,,
2026-08-13T13:19:49.590178Z,2026-08-13T13:19:49.589Z,state,s2,9.0,0.0,43.0,0.0,0.0,False
2026-08-13T13:19:49.590506Z,2026-08-13T13:19:49.590Z,visualization,s2,9.0,0.0,43.0,0.0,,
2026-08-13T13:19:49.591134Z,2026-08-13T13:19:49.590Z,state,s3,0.0,4.0,0.0,-1.5707963267948966,0.0,False
2026-08-13T13:19:49.591445Z,2026-08-13T13:19:49.591Z,visualization,s3,0.0,4.0,0.0,-1.5707963267948966,,
2026-08-13T13:19:49.592949Z,2026-08-13T13:19:49.591Z,state,s4,53.0,0.0,37.5,0.0,0.0,True
2026-08-13T13:19:49.593213Z,2026-08-13T13:19:49.592Z,visualization,s4,53.0,0.0,37.5,0.0,,
2026-08-13T13:19:49.594083Z,2026-08-13T13:19:49.593Z,state,s5,29.0,6.0,48.0,0.0,0.0,True
2026-08-13T13:19:49.594499Z,2026-08-13T13:19:49.594Z,visualization,s5,29.0,6.0,48.0,0.0,,
2026-08-13T13:19:49.595130Z,2026-08-13T13:19:49.594Z,state,s6,45.0,6.0,1.0,0.0,0.0,False
2026-08-13T13:19:49.595480Z,2026-08-13T13:19:49.595Z,visualization,s6,45.0,6.0,1.0,0.0,,
2026-08-13T13:19:49.596156Z,2026-08-13T13:19:49.595Z,state,s7,2.0,7.0,18.0,1.5707963267948966,0.0,False
2026-08-13T13:19:49.596929Z,2026-08-13T13:19:49.596Z,visualization,s7,2.0,7.0,18.0,1.5707963267948966,,
2026-08-13T13:19:49.597969Z,2026-08-13T13:19:49.597Z,state,s8,50.0,6.0,18.0,0.0,0.0,True
2026-08-13T13:19:49.598244Z,2026-08-13T13:19:49.597Z,visualization,s8,50.0,6.0,18.0,0.0,,
2026-08-13T13:19:49.599190Z,2026-08-13T13:19:49.598Z,state,s9,54.0,16.0,18.0,-1.5707963267948966,0.0,False
2026-08-13T13:19:49.599910Z,2026-08-13T13:19:49.599Z,visualization,s9,54.0,16.0,18.0,-1.5707963267948966,,
2026-08-13T13:19:49.600597Z,2026-08-13T13:19:49.599Z,state,s10,54.0,21.0,12.0,-1.5707963267948966,0.0,True
2026-08-13T13:19:49.600901Z,2026-08-13T13:19:49.600Z,visualization,s10,54.0,21.0,12.0,-1.5707963267948966,,
2026-08-13T13:19:49.601438Z,2026-08-13T13:19:49.600Z,state,s11,6.0,12.0,30.0,0.0,0.0,False
2026-08-13T13:19:49.601770Z,2026-08-13T13:19:49.601Z,visualization,s11,6.0,12.0,30.0,0.0,,
2026-08-13T13:19:49.603054Z,2026-08-13T13:19:49.601Z,state,s12,30.0,0.0,54.0,0.0,0.0,True
2026-08-13T13:19:49.603390Z,2026-08-13T13:19:49.602Z,visualization,s12,30.0,0.0,54.0,0.0,,
2026-08-13T13:19:49.603843Z,2026-08-13T13:19:49.603Z,state,s13,57.0,12.0,18.0,0.0,0.0,False
2026-08-13T13:19:49.604118Z,2026-08-13T13:19:49.603Z,visualization,s13,57.0,12.0,18.0,0.0,,
2026-08-13T13:19:49.605440Z,2026-08-13T13:19:49.604Z,state,s14,49.0,18.0,30.0,3.141592653589793,0.0,False
2026-08-13T13:19:49.605711Z,2026-08-13T13:19:49.605Z,visualization,s14,49.0,18.0,30.0,3.141592653589793,,
2026-08-13T13:19:49.605966Z,2026-08-13T13:19:49.605Z,state,s15,47.0,24.0,21.0,0.0,0.0,False
2026-08-13T13:19:49.606405Z,2026-08-13T13:19:49.605Z,visualization,s15,47.0,24.0,21.0,0.0,,
2026-08-13T13:19:49.606849Z,2026-08-13T13:19:49.606Z,state,s16,14.0,6.0,28.0,0.0,0.0,False
2026-08-13T13:19:49.607180Z,2026-08-13T13:19:49.606Z,visualization,s16,14.0,6.0,28.0,0.0,,
2026-08-13T13:19:49.608584Z,2026-08-13T13:19:49.607Z,state,s17,45.5,24.0,30.0,3.141592653589793,0.0,True
2026-08-13T13:19:49.608851Z,2026-08-13T13:19:49.608Z,visualization,s17,45.5,24.0,30.0,3.141592653589793,,
2026-08-13T13:19:49.610138Z,2026-08-13T13:19:49.608Z,state,s18,31.5,6.0,42.0,0.0,0.0,True
2026-08-13T13:19:49.610409Z,2026-08-13T13:19:49.609Z,visualization,s18,31.5,6.0,42.0,0.0,,
2026-08-13T13:19:49.610839Z,2026-08-13T13:19:49.610Z,state,s19,22.0,24.0,36.0,0.0,0.0,False
2026-08-13T13:19:49.611134Z,2026-08-13T13:19:49.610Z,visualization,s19,22.0,24.0,36.0,0.0,,
2026-08-13T13:19:49.611695Z,2026-08-13T13:19:49.611Z,state,s20,33.0,18.0,48.0,0.0,0.0,False
2026-08-13T13:19:49.611966Z,2026-08-13T13:19:49.611Z,visualization,s20,33.0,18.0,48.0,0.0,,
2026-08-13T13:19:49.612577Z,2026-08-13T13:19:49.612Z,state,s21,47.0,6.0,5.0,0.0,0.0,False
2026-08-13T13:19:49.612862Z,2026-08-13T13:19:49.612Z,visualization,s21,47.0,6.0,5.0,0.0,,
2026-08-13T13:19:49.613997Z,2026-08-13T13:19:49.613Z,state,s22,28.0,6.0,0.0,3.141592653589793,0.0,False
2026-08-13T13:19:49.614235Z,2026-08-13T13:19:49.613Z,visualization,s22,28.0,6.0,0.0,3.141592653589793,,
2026-08-13T13:19:49.614767Z,2026-08-13T13:19:49.614Z,state,s23,7.0,6.0,14.0,0.0,0.0,False
2026-08-13T13:19:49.615104Z,2026-08-13T13:19:49.614Z,visualization,s23,7.0,6.0,14.0,0.0,,
2026-08-13T13:19:49.616022Z,2026-08-13T13:19:49.615Z,state,s24,51.0,12.0,6.0,3.141592653589793,0.0,False
2026-08-13T13:19:49.616355Z,2026-08-13T13:19:49.615Z,visualization,s24,51.0,12.0,6.0,3.141592653589793,,
2026-08-13T13:19:50.147877Z,2026-08-13T13:19:50.147Z,state,s0,55.0,8.0,24.0,1.5707963267948966,0.0,False
2026-08-13T13:19:50.148127Z,2026-08-13T13:19:50.147Z,visualization,s0,55.0,8.0,24.0,1.5707963267948966,,
2026-08-13T13:19:50.148588Z,2026-08-13T13:19:50.148Z,state,s1,7.0,0.0,47.0,0.0,0.0,False
2026-08-13T13:19:50.148872Z,2026-08-13T13:19:50.148Z,visualization,s1,7.0,0.0,47.0,0.0,,
2026-08-13T13:19:50.149234Z,2026-08-13T13:19:50.148Z,state,s2,9.0,0.0,43.0,0.0,0.0,False
2026-08-13T13:19:50.149466Z,2026-08-13T13:19:50.149Z,visualization,s2,9.0,0.0,43.0,0.0,,
2026-08-13T13:19:50.149968Z,2026-08-13T13:19:50.149Z,state,s3,0.0,4.0,0.0,-1.5707963267948966,0.0,False
2026-08-13T13:19:50.150163Z,2026-08-13T13:19:50.149Z,visualization,s3,0.0,4.0,0.0,-1.5707963267948966,,
2026-08-13T13:19:50.151566Z,2026-08-13T13:19:50.150Z,state,s4,54.0,1.0,36.0,1.5707963267948966,0.0,False
2026-08-13T13:19:50.151863Z,2026-08-13T13:19:50.151Z,visualization,s4,54.0,1.0,36.0,1.5707963267948966,,
2026-08-13T13:19:50.153715Z,2026-08-13T13:19:50.152Z,state,s5,32.5,6.0,48.0,0.0,0.0,True
2026-08-13T13:19:50.153983Z,2026-08-13T13:19:50.153Z,visualization,s5,32.5,6.0,48.0,0.0,,
2026-08-13T13:19:50.154760Z,2026-08-13T13:19:50.154Z,state,s6,45.0,6.0,1.0,0.0,0.0,False
2026-08-13T13:19:50.155577Z,2026-08-13T13:19:50.155Z,visualization,s6,45.0,6.0,1.0,0.0,,
2026-08-13T13:19:50.156135Z,2026-08-13T13:19:50.155Z,state,s7,2.0,7.0,18.0,1.5707963267948966,0.0,False
2026-08-13T13:19:50.156584Z,2026-08-13T13:19:50.156Z,visualization,s7,2.0,7.0,18.0,1.5707963267948966,,
2026-08-13T13:19:50.157559Z,2026-08-13T13:19:50.156Z,state,s8,53.5,6.0,18.0,0.0,0.0,True
2026-08-13T13:19:50.157857Z,2026-08-13T13:19:50.157Z,visualization,s8,53.5,6.0,18.0,0.0,,
2026-08-13T13:19:50.158593Z,2026-08-13T13:19:50.157Z,state,s9,54.0,12.0,18.0,-1.5707963267948966,0.0,True
2026-08-13T13:19:50.158836Z,2026-08-13T13:19:50.158Z,visualization,s9,54.0,12.0,18.0,-1.5707963267948966,,
2026-08-13T13:19:50.159487Z,2026-08-13T13:19:50.158Z,state,s10,53.5,18.0,12.0,3.141592653589793,0.0,True
2026-08-13T13:19:50.159690Z,2026-08-13T13:19:50.159Z,visualization,s10,53.5,18.0,12.0,3.141592653589793,,
2026-08-13T13:19:50.160017Z,2026-08-13T13:19:50.159Z,state,s11,6.0,12.0,30.0,0.0,0.0,False
2026-08-13T13:19:50.160205Z,2026-08-13T13:19:50.160Z,visualization,s11,6.0,12.0,30.0,0.0,,
2026-08-13T13:19:50.162298Z,2026-08-13T13:19:50.161Z,state,s12,33.5,0.0,54.0,0.0,0.0,True
2026-08-13T13:19:50.162523Z,2026-08-13T13:19:50.162Z,visualization,s12,33.5,0.0,54.0,0.0,,
2026-08-13T13:19:50.162869Z,2026-08-13T13:19:50.162Z,state,s13,57.0,12.0,18.0,0.0,0.0,False
2026-08-13T13:19:50.163158Z,2026-08-13T13:19:50.162Z,visualization,s13,57.0,12.0,18.0,0.0,,
2026-08-13T13:19:50.164257Z,2026-08-13T13:19:50.163Z,state,s14,45.0,18.0,30.0,3.141592653589793,0.0,True
2026-08-13T13:19:50.164568Z,2026-08-13T13:19:50.164Z,visualization,s14,45.0,18.0,30.0,3.141592653589793,,
2026-08-13T13:19:50.164971Z,2026-08-13T13:19:50.164Z,state,s15,47.0,24.0,21.0,0.0,0.0,False
2026-08-13T13:19:50.165247Z,2026-08-13T13:19:50.165Z,visualization,s15,47.0,24.0,21.0,0.0,,
2026-08-13T13:19:50.165601Z,2026-08-13T13:19:50.165Z,state,s16,14.0,6.0,28.0,0.0,0.0,False
2026-08-13T13:19:50.165867Z,2026-08-13T13:19:50.165Z,visualization,s16,14.0,6.0,28.0,0.0,,
2026-08-13T13:19:50.166962Z,2026-08-13T13:19:50.165Z,state,s17,42.0,24.0,30.0,3.141592653589793,0.0,False
2026-08-13T13:19:50.167167Z,2026-08-13T13:19:50.166Z,visualization,s17,42.0,24.0,30.0,3.141592653589793,,
2026-08-13T13:19:50.169191Z,2026-08-13T13:19:50.168Z,state,s18,35.0,6.0,42.0,0.0,0.0,False
2026-08-13T13:19:50.169393Z,2026-08-13T13:19:50.169Z,visualization,s18,35.0,6.0,42.0,0.0,,
2026-08-13T13:19:50.172014Z,2026-08-13T13:19:50.171Z,state,s19,22.0,24.0,36.0,0.0,0.0,False
2026-08-13T13:19:50.172305Z,2026-08-13T13:19:50.171Z,visualization,s19,22.0,24.0,36.0,0.0,,
2026-08-13T13:19:50.172777Z,2026-08-13T13:19:50.172Z,state,s20,33.0,18.0,48.0,0.0,0.0,False
2026-08-13T13:19:50.173126Z,2026-08-13T13:19:50.172Z,visualization,s20,33.0,18.0,48.0,0.0,,
2026-08-13T13:19:50.173853Z,2026-08-13T13:19:50.173Z,state,s21,47.0,6.0,5.0,0.0,0.0,False
2026-08-13T13:19:50.174199Z,2026-08-13T13:19:50.173Z,visualization,s21,47.0,6.0,5.0,0.0,,
2026-08-13T13:19:50.175097Z,2026-08-13T13:19:50.174Z,state,s22,24.0,6.0,0.0,3.141592653589793,0.0,True
2026-08-13T13:19:50.175258Z,2026-08-13T13:19:50.175Z,visualization,s22,24.0,6.0,0.0,3.141592653589793,,
2026-08-13T13:19:50.175616Z,2026-08-13T13:19:50.175Z,state,s23,7.0,6.0,14.0,0.0,0.0,False
2026-08-13T13:19:50.175848Z,2026-08-13T13:19:50.175Z,visualization,s23,7.0,6.0,14.0,0.0,,
2026-08-13T13:19:50.176421Z,2026-08-13T13:19:50.175Z,state,s24,47.0,12.0,6.0,3.141592653589793,0.0,True
2026-08-13T13:19:50.176621Z,2026-08-13T13:19:50.176Z,visualization,s24,47.0,12.0,6.0,3.141592653589793,,
2026-08-13T13:19:50.707250Z,2026-08-13T13:19:50.706Z,state,s0,55.0,8.0,24.0,1.5707963267948966,0.0,False
2026-08-13T13:19:50.707577Z,2026-08-13T13:19:50.707Z,visualization,s0,55.0,8.0,24.0,1.5707963267948966,,
2026-08-13T13:19:50.708019Z,2026-08-13T13:19:50.707Z,state,s1,7.0,0.0,47.0,0.0,0.0,False
2026-08-13T13:19:50.708242Z,2026-08-13T13:19:50.707Z,visualization,s1,7.0,0.0,47.0,0.0,,
2026-08-13T13:19:50.708621Z,2026-08-13T13:19:50.708Z,state,s2,9.0,0.0,43.0,0.0,0.0,False
2026-08-13T13:19:50.708835Z,2026-08-13T13:19:50.708Z,visualization,s2,9.0,0.0,43.0,0.0,,
2026-08-13T13:19:50.709410Z,2026-08-13T13:19:50.708Z,state,s3,0.0,4.0,0.0,-1.5707963267948966,0.0,False
2026-08-13T13:19:50.709622Z,2026-08-13T13:19:50.709Z,visualization,s3,0.0,4.0,0.0,-1.5707963267948966,,
2026-08-13T13:19:50.710656Z,2026-08-13T13:19:50.709Z,state,s4,54.0,5.0,36.0,1.5707963267948966,0.0,True
2026-08-13T13:19:50.710847Z,2026-08-13T13:19:50.710Z,visualization,s4,54.0,5.0,36.0,1.5707963267948966,,
2026-08-13T13:19:50.712594Z,2026-08-13T13:19:50.711Z,state,s5,36.0,6.0,48.0,0.0,0.0,False
2026-08-13T13:19:50.712963Z,2026-08-13T13:19:50.712Z,visualization,s5,36.0,6.0,48.0,0.0,,
2026-08-13T13:19:50.714563Z,2026-08-13T13:19:50.714Z,state,s6,45.0,6.0,1.0,0.0,0.0,False
2026-08-13T13:19:50.714830Z,2026-08-13T13:19:50.714Z,visualization,s6,45.0,6.0,1.0,0.0,,
2026-08-13T13:19:50.715246Z,2026-08-13T13:19:50.714Z,state,s7,2.0,7.0,18.0,1.5707963267948966,0.0,False
2026-08-13T13:19:50.715527Z,2026-08-13T13:19:50.715Z,visualization,s7,2.0,7.0,18.0,1.5707963267948966,,
2026-08-13T13:19:50.716332Z,2026-08-13T13:19:50.715Z,state,s8,56.0,5.0,18.0,-1.5707963267948966,0.0,False
2026-08-13T13:19:50.716620Z,2026-08-13T13:19:50.716Z,visualization,s8,56.0,5.0,18.0,-1.5707963267948966,,
2026-08-13T13:19:50.716900Z,2026-08-13T13:19:50.716Z,state,s9,54.0,8.5,18.0,-1.5707963267948966,0.0,True
2026-08-13T13:19:50.717162Z,2026-08-13T13:19:50.716Z,visualization,s9,54.0,8.5,18.0,-1.5707963267948966,,
2026-08-13T13:19:50.717784Z,2026-08-13T13:19:50.717Z,state,s10,50.0,18.0,12.0,3.141592653589793,0.0,False
2026-08-13T13:19:50.717989Z,2026-08-13T13:19:50.717Z,visualization,s10,50.0,18.0,12.0,3.141592653589793,,
2026-08-13T13:19:50.718390Z,2026-08-13T13:19:50.718Z,state,s11,6.0,12.0,30.0,0.0,0.0,False
2026-08-13T13:19:50.718642Z,2026-08-13T13:19:50.718Z,visualization,s11,6.0,12.0,30.0,0.0,,
2026-08-13T13:19:50.720934Z,2026-08-13T13:19:50.719Z,state,s12,37.0,0.0,54.0,0.0,0.0,False
2026-08-13T13:19:50.721125Z,2026-08-13T13:19:50.720Z,visualization,s12,37.0,0.0,54.0,0.0,,
2026-08-13T13:19:50.721455Z,2026-08-13T13:19:50.721Z,state,s13,57.0,12.0,18.0,0.0,0.0,False
2026-08-13T13:19:50.721697Z,2026-08-13T13:19:50.721Z,visualization,s13,57.0,12.0,18.0,0.0,,
2026-08-13T13:19:50.723855Z,2026-08-13T13:19:50.722Z,state,s14,41.5,18.0,30.0,3.141592653589793,0.0,True
2026-08-13T13:19:50.724090Z,2026-08-13T13:19:50.723Z,visualization,s14,41.5,18.0,30.0,3.141592653589793,,
2026-08-13T13:19:50.724246Z,2026-08-13T13:19:50.723Z,state,s15,47.0,24.0,21.0,0.0,0.0,False
2026-08-13T13:19:50.724549Z,2026-08-13T13:19:50.724Z,visualization,s15,47.0,24.0,21.0,0.0,,
2026-08-13T13:19:50.725056Z,2026-08-13T13:19:50.724Z,state,s16,14.0,6.0,28.0,0.0,0.0,False
2026-08-13T13:19:50.725335Z,2026-08-13T13:19:50.725Z,visualization,s16,14.0,6.0,28.0,0.0,,
2026-08-13T13:19:50.726344Z,2026-08-13T13:19:50.725Z,state,s17,38.0,24.0,30.0,3.141592653589793,0.0,True
2026-08-13T13:19:50.726556Z,2026-08-13T13:19:50.726Z,visualization,s17,38.0,24.0,30.0,3.141592653589793,,
2026-08-13T13:19:50.728547Z,2026-08-13T13:19:50.727Z,state,s18,39.0,6.0,42.0,0.0,0.0,True
2026-08-13T13:19:50.728760Z,2026-08-13T13:19:50.728Z,visualization,s18,39.0,6.0,42.0,0.0,,
2026-08-13T13:19:50.730188Z,2026-08-13T13:19:50.729Z,state,s19,22.0,24.0,36.0,0.0,0.0,False
2026-08-13T13:19:50.730517Z,2026-08-13T13:19:50.730Z,visualization,s19,22.0,24.0,36.0,0.0,,
2026-08-13T13:19:50.730951Z,2026-08-13T13:19:50.730Z,state,s20,33.0,18.0,48.0,0.0,0.0,False
2026-08-13T13:19:50.731233Z,2026-08-13T13:19:50.730Z,visualization,s20,33.0,18.0,48.0,0.0,,
2026-08-13T13:19:50.731776Z,2026-08-13T13:19:50.731Z,state,s21,47.0,6.0,5.0,0.0,0.0,False
2026-08-13T13:19:50.731951Z,2026-08-13T13:19:50.731Z,visualization,s21,47.0,6.0,5.0,0.0,,
2026-08-13T13:19:50.732849Z,2026-08-13T13:19:50.732Z,state,s22,20.5,6.0,0.0,3.141592653589793,0.0,True
2026-08-13T13:19:50.733067Z,2026-08-13T13:19:50.732Z,visualization,s22,20.5,6.0,0.0,3.141592653589793,,
2026-08-13T13:19:50.733339Z,2026-08-13T13:19:50.732Z,state,s23,7.0,6.0,14.0,0.0,0.0,False
2026-08-13T13:19:50.733609Z,2026-08-13T13:19:50.733Z,visualization,s23,7.0,6.0,14.0,0.0,,
2026-08-13T13:19:50.734249Z,2026-08-13T13:19:50.733Z,state,s24,46.0,12.0,8.0,0.0,0.0,False
2026-08-13T13:19:50.734543Z,2026-08-13T13:19:50.734Z,visualization,s24,46.0,12.0,8.0,0.0,,
2026-08-13T13:19:51.265711Z,2026-08-13T13:19:51.264Z,state,s0,55.0,8.0,24.0,1.5707963267948966,0.0,False
2026-08-13T13:19:51.266053Z,2026-08-13T13:19:51.265Z,visualization,s0,55.0,8.0,24.0,1.5707963267948966,,
2026-08-13T13:19:51.266539Z,2026-08-13T13:19:51.266Z,state,s1,7.0,0.0,47.0,0.0,0.0,False
2026-08-13T13:19:51.266889Z,2026-08-13T13:19:51.266Z,visualization,s1,7.0,0.0,47.0,0.0,,
2026-08-13T13:19:51.267297Z,2026-08-13T13:19:51.266Z,state,s2,9.0,0.0,43.0,0.0,0.0,False
2026-08-13T13:19:51.267576Z,2026-08-13T13:19:51.267Z,visualization,s2,9.0,0.0,43.0,0.0,,
2026-08-13T13:19:51.268110Z,2026-08-13T13:19:51.267Z,state,s3,0.0,4.0,0.0,-1.5707963267948966,0.0,False
2026-08-13T13:19:51.268337Z,2026-08-13T13:19:51.268Z,visualization,s3,0.0,4.0,0.0,-1.5707963267948966,,
2026-08-13T13:19:51.269798Z,2026-08-13T13:19:51.268Z,state,s4,54.0,8.5,36.0,1.5707963267948966,0.0,True
2026-08-13T13:19:51.270023Z,2026-08-13T13:19:51.269Z,visualization,s4,54.0,8.5,36.0,1.5707963267948966,,
2026-08-13T13:19:51.270206Z,2026-08-13T13:19:51.269Z,state,s5,40.0,6.0,48.0,0.0,0.0,True
2026-08-13T13:19:51.270340Z,2026-08-13T13:19:51.270Z,visualization,s5,40.0,6.0,48.0,0.0,,
2026-08-13T13:19:51.271893Z,2026-08-13T13:19:51.271Z,state,s6,45.0,6.0,1.0,0.0,0.0,False
2026-08-13T13:19:51.272140Z,2026-08-13T13:19:51.271Z,visualization,s6,45.0,6.0,1.0,0.0,,
2026-08-13T13:19:51.272529Z,2026-08-13T13:19:51.272Z,state,s7,2.0,7.0,18.0,1.5707963267948966,0.0,False
2026-08-13T13:19:51.272819Z,2026-08-13T13:19:51.272Z,visualization,s7,2.0,7.0,18.0,1.5707963267948966,,
2026-08-13T13:19:51.273700Z,2026-08-13T13:19:51.272Z,state,s8,56.0,3.0,18.0,-1.5707963267948966,0.0,False
2026-08-13T13:19:51.273882Z,2026-08-13T13:19:51.273Z,visualization,s8,56.0,3.0,18.0,-1.5707963267948966,,
2026-08-13T13:19:51.274492Z,2026-08-13T13:19:51.273Z,state,s9,53.0,6.0,18.0,3.141592653589793,0.0,False
2026-08-13T13:19:51.274736Z,2026-08-13T13:19:51.274Z,visualization,s9,53.0,6.0,18.0,3.141592653589793,,
2026-08-13T13:19:51.275340Z,2026-08-13T13:19:51.274Z,state,s10,48.0,18.0,14.0,0.0,0.0,True
2026-08-13T13:19:51.275592Z,2026-08-13T13:19:51.275Z,visualization,s10,48.0,18.0,14.0,0.0,,
2026-08-13T13:19:51.275993Z,2026-08-13T13:19:51.275Z,state,s11,6.0,12.0,30.0,0.0,0.0,False
2026-08-13T13:19:51.276230Z,2026-08-13T13:19:51.275Z,visualization,s11,6.0,12.0,30.0,0.0,,
2026-08-13T13:19:51.279659Z,2026-08-13T13:19:51.278Z,state,s12,41.0,0.0,54.0,0.0,0.0,True
2026-08-13T13:19:51.279893Z,2026-08-13T13:19:51.279Z,visualization,s12,41.0,0.0,54.0,0.0,,
2026-08-13T13:19:51.280052Z,2026-08-13T13:19:51.279Z,state,s13,57.0,12.0,18.0,0.0,0.0,False
2026-08-13T13:19:51.280185Z,2026-08-13T13:19:51.279Z,visualization,s13,57.0,12.0,18.0,0.0,,
2026-08-13T13:19:51.282539Z,2026-08-13T13:19:51.281Z,state,s14,38.0,18.0,30.0,3.141592653589793,0.0,False
2026-08-13T13:19:51.282811Z,2026-08-13T13:19:51.282Z,visualization,s14,38.0,18.0,30.0,3.141592653589793,,
2026-08-13T13:19:51.282975Z,2026-08-13T13:19:51.282Z,state,s15,47.0,24.0,21.0,0.0,0.0,False
2026-08-13T13:19:51.283131Z,2026-08-13T13:19:51.282Z,visualization,s15,47.0,24.0,21.0,0.0,,
2026-08-13T13:19:51.283583Z,2026-08-13T13:19:51.283Z,state,s16,14.0,6.0,28.0,0.0,0.0,False
2026-08-13T13:19:51.283908Z,2026-08-13T13:19:51.283Z,visualization,s16,14.0,6.0,28.0,0.0,,
2026-08-13T13:19:51.284806Z,2026-08-13T13:19:51.283Z,state,s17,34.5,24.0,30.0,3.141592653589793,0.0,True
2026-08-13T13:19:51.284985Z,2026-08-13T13:19:51.284Z,visualization,s17,34.5,24.0,30.0,3.141592653589793,,
2026-08-13T13:19:51.286911Z,2026-08-13T13:19:51.286Z,state,s18,42.5,6.0,42.0,0.0,0.0,True
2026-08-13T13:19:51.287087Z,2026-08-13T13:19:51.286Z,visualization,s18,42.5,6.0,42.0,0.0,,
2026-08-13T13:19:51.287534Z,2026-08-13T13:19:51.287Z,state,s19,22.0,24.0,36.0,0.0,0.0,False
2026-08-13T13:19:51.287711Z,2026-08-13T13:19:51.287Z,visualization,s19,22.0,24.0,36.0,0.0,,
2026-08-13T13:19:51.288167Z,2026-08-13T13:19:51.287Z,state,s20,33.0,18.0,48.0,0.0,0.0,False
2026-08-13T13:19:51.288432Z,2026-08-13T13:19:51.288Z,visualization,s20,33.0,18.0,48.0,0.0,,
2026-08-13T13:19:51.288781Z,2026-08-13T13:19:51.288Z,state,s21,47.0,6.0,5.0,0.0,0.0,False
2026-08-13T13:19:51.288991Z,2026-08-13T13:19:51.288Z,visualization,s21,47.0,6.0,5.0,0.0,,
2026-08-13T13:19:51.291312Z,2026-08-13T13:19:51.290Z,state,s22,17.0,6.0,0.0,3.141592653589793,0.0,False
2026-08-13T13:19:51.291611Z,2026-08-13T13:19:51.291Z,visualization,s22,17.0,6.0,0.0,3.141592653589793,,
2026-08-13T13:19:51.291828Z,2026-08-13T13:19:51.291Z,state,s23,7.0,6.0,14.0,0.0,0.0,False
2026-08-13T13:19:51.292105Z,2026-08-13T13:19:51.291Z,visualization,s23,7.0,6.0,14.0,0.0,,
2026-08-13T13:19:51.292646Z,2026-08-13T13:19:51.292Z,state,s24,46.0,12.0,8.0,0.0,0.0,False
2026-08-13T13:19:51.292871Z,2026-08-13T13:19:51.292Z,visualization,s24,46.0,12.0,8.0,0.0,,
2026-08-13T13:19:51.825937Z,2026-08-13T13:19:51.825Z,state,s0,55.0,8.0,24.0,1.5707963267948966,0.0,False
2026-08-13T13:19:51.826166Z,2026-08-13T13:19:51.825Z,visualization,s0,55.0,8.0,24.0,1.5707963267948966,,
2026-08-13T13:19:51.826623Z,2026-08-13T13:19:51.826Z,state,s1,7.0,0.0,47.0,0.0,0.0,False
2026-08-13T13:19:51.826884Z,2026-08-13T13:19:51.826Z,visualization,s1,7.0,0.0,47.0,0.0,,
2026-08-13T13:19:51.827246Z,2026-08-13T13:19:51.826Z,state,s2,9.0,0.0,43.0,0.0,0.0,False
2026-08-13T13:19:51.827472Z,2026-08-13T13:19:51.827Z,visualization,s2,9.0,0.0,43.0,0.0,,
2026-08-13T13:19:51.828102Z,2026-08-13T13:19:51.827Z,state,s3,0.0,4.0,0.0,-1.5707963267948966,0.0,False
2026-08-13T13:19:51.828307Z,2026-08-13T13:19:51.828Z,visualization,s3,0.0,4.0,0.0,-1.5707963267948966,,
2026-08-13T13:19:51.829435Z,2026-08-13T13:19:51.828Z,state,s4,54.0,12.0,36.0,1.5707963267948966,0.0,False
2026-08-13T13:19:51.829661Z,2026-08-13T13:19:51.829Z,visualization,s4,54.0,12.0,36.0,1.5707963267948966,,
2026-08-13T13:19:51.830065Z,2026-08-13T13:19:51.829Z,state,s5,40.0,6.0,48.0,0.0,0.0,False
2026-08-13T13:19:51.830238Z,2026-08-13T13:19:51.830Z,visualization,s5,40.0,6.0,48.0,0.0,,
2026-08-13T13:19:51.830802Z,2026-08-13T13:19:51.830Z,state,s6,45.0,6.0,1.0,0.0,0.0,False
2026-08-13T13:19:51.831037Z,2026-08-13T13:19:51.830Z,visualization,s6,45.0,6.0,1.0,0.0,,
2026-08-13T13:19:51.831454Z,2026-08-13T13:19:51.831Z,state,s7,2.0,7.0,18.0,1.5707963267948966,0.0,False
2026-08-13T13:19:51.831666Z,2026-08-13T13:19:51.831Z,visualization,s7,2.0,7.0,18.0,1.5707963267948966,,
2026-08-13T13:19:51.832270Z,2026-08-13T13:19:51.831Z,state,s8,56.0,3.0,18.0,-1.5707963267948966,0.0,False
2026-08-13T13:19:51.832489Z,2026-08-13T13:19:51.832Z,visualization,s8,56.0,3.0,18.0,-1.5707963267948966,,
2026-08-13T13:19:51.833062Z,2026-08-13T13:19:51.832Z,state,s9,51.0,6.0,19.0,0.0,0.0,False
2026-08-13T13:19:51.833300Z,2026-08-13T13:19:51.833Z,visualization,s9,51.0,6.0,19.0,0.0,,
2026-08-13T13:19:51.833894Z,2026-08-13T13:19:51.833Z,state,s10,48.0,18.0,15.0,0.0,0.0,False
2026-08-13T13:19:51.834124Z,2026-08-13T13:19:51.833Z,visualization,s10,48.0,18.0,15.0,0.0,,
2026-08-13T13:19:51.834550Z,2026-08-13T13:19:51.834Z,state,s11,6.0,12.0,30.0,0.0,0.0,False
2026-08-13T13:19:51.834768Z,2026-08-13T13:19:51.834Z,visualization,s11,6.0,12.0,30.0,0.0,,
2026-08-13T13:19:51.840077Z,2026-08-13T13:19:51.838Z,state,s12,44.5,0.0,54.0,0.0,0.0,True
2026-08-13T13:19:51.840280Z,2026-08-13T13:19:51.839Z,visualization,s12,44.5,0.0,54.0,0.0,,
2026-08-13T13:19:51.840564Z,2026-08-13T13:19:51.840Z,state,s13,57.0,12.0,18.0,0.0,0.0,False
2026-08-13T13:19:51.840821Z,2026-08-13T13:19:51.840Z,visualization,s13,57.0,12.0,18.0,0.0,,
2026-08-13T13:19:51.841770Z,2026-08-13T13:19:51.840Z,state,s14,34.0,18.0,30.0,3.141592653589793,0.0,True
2026-08-13T13:19:51.841982Z,2026-08-13T13:19:51.841Z,visualization,s14,34.0,18.0,30.0,3.141592653589793,,
2026-08-13T13:19:51.842149Z,2026-08-13T13:19:51.841Z,state,s15,47.0,24.0,21.0,0.0,0.0,False
2026-08-13T13:19:51.842366Z,2026-08-13T13:19:51.842Z,visualization,s15,47.0,24.0,21.0,0.0,,
2026-08-13T13:19:51.842687Z,2026-08-13T13:19:51.842Z,state,s16,14.0,6.0,28.0,0.0,0.0,False
2026-08-13T13:19:51.842883Z,2026-08-13T13:19:51.842Z,visualization,s16,14.0,6.0,28.0,0.0,,
2026-08-13T13:19:51.843998Z,2026-08-13T13:19:51.842Z,state,s17,31.0,24.0,30.0,3.141592653589793,0.0,False
2026-08-13T13:19:51.844295Z,2026-08-13T13:19:51.843Z,visualization,s17,31.0,24.0,30.0,3.141592653589793,,
2026-08-13T13:19:51.845426Z,2026-08-13T13:19:51.844Z,state,s18,46.0,6.0,42.0,0.0,0.0,False
2026-08-13T13:19:51.845640Z,2026-08-13T13:19:51.845Z,visualization,s18,46.0,6.0,42.0,0.0,,
2026-08-13T13:19:51.846083Z,2026-08-13T13:19:51.845Z,state,s19,22.0,24.0,36.0,0.0,0.0,False
2026-08-13T13:19:51.846321Z,2026-08-13T13:19:51.846Z,visualization,s19,22.0,24.0,36.0,0.0,,
2026-08-13T13:19:51.846802Z,2026-08-13T13:19:51.846Z,state,s20,33.0,18.0,48.0,0.0,0.0,False
2026-08-13T13:19:51.847031Z,2026-08-13T13:19:51.846Z,visualization,s20,33.0,18.0,48.0,0.0,,
2026-08-13T13:19:51.847551Z,2026-08-13T13:19:51.847Z,state,s21,47.0,6.0,5.0,0.0,0.0,False
2026-08-13T13:19:51.847744Z,2026-08-13T13:19:51.847Z,visualization,s21,47.0,6.0,5.0,0.0,,
2026-08-13T13:19:51.848598Z,2026-08-13T13:19:51.847Z,state,s22,13.0,6.0,0.0,3.141592653589793,0.0,True
2026-08-13T13:19:51.848762Z,2026-08-13T13:19:51.848Z,visualization,s22,13.0,6.0,0.0,3.141592653589793,,
2026-08-13T13:19:51.849127Z,2026-08-13T13:19:51.848Z,state,s23,7.0,6.0,14.0,0.0,0.0,False
2026-08-13T13:19:51.849425Z,2026-08-13T13:19:51.849Z,visualization,s23,7.0,6.0,14.0,0.0,,
2026-08-13T13:19:51.849991Z,2026-08-13T13:19:51.849Z,state,s24,46.0,12.0,8.0,0.0,0.0,False
2026-08-13T13:19:51.850163Z,2026-08-13T13:19:51.849Z,visualization,s24,46.0,12.0,8.0,0.0,,
2026-08-13T13:19:52.388105Z,2026-08-13T13:19:52.387Z,state,s0,55.0,8.0,24.0,1.5707963267948966,0.0,False
2026-08-13T13:19:52.388404Z,2026-08-13T13:19:52.388Z,visualization,s0,55.0,8.0,24.0,1.5707963267948966,,
2026-08-13T13:19:52.388705Z,2026-08-13T13:19:52.388Z,state,s1,7.0,0.0,47.0,0.0,0.0,False
2026-08-13T13:19:52.388961Z,2026-08-13T13:19:52.388Z,visualization,s1,7.0,0.0,47.0,0.0,,
2026-08-13T13:19:52.389367Z,2026-08-13T13:19:52.389Z,state,s2,9.0,0.0,43.0,0.0,0.0,False
2026-08-13T13:19:52.389687Z,2026-08-13T13:19:52.389Z,visualization,s2,9.0,0.0,43.0,0.0,,
2026-08-13T13:19:52.390255Z,2026-08-13T13:19:52.389Z,state,s3,0.0,4.0,0.0,-1.5707963267948966,0.0,False
2026-08-13T13:19:52.390500Z,2026-08-13T13:19:52.390Z,visualization,s3,0.0,4.0,0.0,-1.5707963267948966,,
2026-08-13T13:19:52.391564Z,2026-08-13T13:19:52.390Z,state,s4,54.0,16.0,36.0,1.5707963267948966,0.0,True
2026-08-13T13:19:52.391786Z,2026-08-13T13:19:52.391Z,visualization,s4,54.0,16.0,36.0,1.5707963267948966,,
2026-08-13T13:19:52.392272Z,2026-08-13T13:19:52.391Z,state,s5,40.0,6.0,48.0,0.0,0.0,False
2026-08-13T13:19:52.392572Z,2026-08-13T13:19:52.392Z,visualization,s5,40.0,6.0,48.0,0.0,,
2026-08-13T13:19:52.393039Z,2026-08-13T13:19:52.392Z,state,s6,45.0,6.0,1.0,0.0,0.0,False
2026-08-13T13:19:52.393311Z,2026-08-13T13:19:52.393Z,visualization,s6,45.0,6.0,1.0,0.0,,
2026-08-13T13:19:52.393712Z,2026-08-13T13:19:52.393Z,state,s7,2.0,7.0,18.0,1.5707963267948966,0.0,False
2026-08-13T13:19:52.394039Z,2026-08-13T13:19:52.393Z,visualization,s7,2.0,7.0,18.0,1.5707963267948966,,
2026-08-13T13:19:52.394660Z,2026-08-13T13:19:52.394Z,state,s8,56.0,3.0,18.0,-1.5707963267948966,0.0,False
2026-08-13T13:19:52.394858Z,2026-08-13T13:19:52.394Z,visualization,s8,56.0,3.0,18.0,-1.5707963267948966,,
2026-08-13T13:19:52.395437Z,2026-08-13T13:19:52.394Z,state,s9,51.0,6.0,19.0,0.0,0.0,False
2026-08-13T13:19:52.395639Z,2026-08-13T13:19:52.395Z,visualization,s9,51.0,6.0,19.0,0.0,,
2026-08-13T13:19:52.396268Z,2026-08-13T13:19:52.395Z,state,s10,48.0,18.0,15.0,0.0,0.0,False
2026-08-13T13:19:52.396495Z,2026-08-13T13:19:52.396Z,visualization,s10,48.0,18.0,15.0,0.0,,
2026-08-13T13:19:52.396779Z,2026-08-13T13:19:52.396Z,state,s11,6.0,12.0,30.0,0.0,0.0,False
2026-08-13T13:19:52.397050Z,2026-08-13T13:19:52.396Z,visualization,s11,6.0,12.0,30.0,0.0,,
2026-08-13T13:19:52.401429Z,2026-08-13T13:19:52.400Z,state,s12,48.0,0.0,54.0,0.0,0.0,False
2026-08-13T13:19:52.401683Z,2026-08-13T13:19:52.401Z,visualization,s12,48.0,0.0,54.0,0.0,,
2026-08-13T13:19:52.402250Z,2026-08-13T13:19:52.401Z,state,s13,57.0,12.0,18.0,0.0,0.0,False
2026-08-13T13:19:52.402525Z,2026-08-13T13:19:52.402Z,visualization,s13,57.0,12.0,18.0,0.0,,
2026-08-13T13:19:52.403614Z,2026-08-13T13:19:52.402Z,state,s14,30.5,18.0,30.0,3.141592653589793,0.0,True
2026-08-13T13:19:52.403832Z,2026-08-13T13:19:52.403Z,visualization,s14,30.5,18.0,30.0,3.141592653589793,,
2026-08-13T13:19:52.404351Z,2026-08-13T13:19:52.403Z,state,s15,47.0,24.0,21.0,0.0,0.0,False
2026-08-13T13:19:52.404867Z,2026-08-13T13:19:52.404Z,visualization,s15,47.0,24.0,21.0,0.0,,
2026-08-13T13:19:52.405339Z,2026-08-13T13:19:52.404Z,state,s16,14.0,6.0,28.0,0.0,0.0,False
2026-08-13T13:19:52.405621Z,2026-08-13T13:19:52.405Z,visualization,s16,14.0,6.0,28.0,0.0,,
2026-08-13T13:19:52.406610Z,2026-08-13T13:19:52.405Z,state,s17,27.0,24.0,30.0,3.141592653589793,0.0,True
2026-08-13T13:19:52.406806Z,2026-08-13T13:19:52.406Z,visualization,s17,27.0,24.0,30.0,3.141592653589793,,
2026-08-13T13:19:52.407664Z,2026-08-13T13:19:52.406Z,state,s18,50.0,6.0,42.0,0.0,0.0,True
2026-08-13T13:19:52.407858Z,2026-08-13T13:19:52.407Z,visualization,s18,50.0,6.0,42.0,0.0,,
2026-08-13T13:19:52.408206Z,2026-08-13T13:19:52.407Z,state,s19,22.0,24.0,36.0,0.0,0.0,False
2026-08-13T13:19:52.408492Z,2026-08-13T13:19:52.408Z,visualization,s19,22.0,24.0,36.0,0.0,,
2026-08-13T13:19:52.408905Z,2026-08-13T13:19:52.408Z,state,s20,33.0,18.0,48.0,0.0,0.0,False
2026-08-13T13:19:52.409074Z,2026-08-13T13:19:52.408Z,visualization,s20,33.0,18.0,48.0,0.0,,
2026-08-13T13:19:52.409519Z,2026-08-13T13:19:52.409Z,state,s21,47.0,6.0,5.0,0.0,0.0,False
2026-08-13T13:19:52.409770Z,2026-08-13T13:19:52.409Z,visualization,s21,47.0,6.0,5.0,0.0,,
2026-08-13T13:19:52.410519Z,2026-08-13T13:19:52.409Z,state,s22,9.5,6.0,0.0,3.141592653589793,0.0,True
2026-08-13T13:19:52.410679Z,2026-08-13T13:19:52.410Z,visualization,s22,9.5,6.0,0.0,3.141592653589793,,
2026-08-13T13:19:52.410995Z,2026-08-13T13:19:52.410Z,state,s23,7.0,6.0,14.0,0.0,0.0,False
2026-08-13T13:19:52.411210Z,2026-08-13T13:19:52.411Z,visualization,s23,7.0,6.0,14.0,0.0,,
2026-08-13T13:19:52.411762Z,2026-08-13T13:19:52.411Z,state,s24,46.0,12.0,8.0,0.0,0.0,False
2026-08-13T13:19:52.411947Z,2026-08-13T13:19:52.411Z,visualization,s24,46.0,12.0,8.0,0.0,,
2026-08-13T13:19:52.947395Z,2026-08-13T13:19:52.946Z,state,s0,55.0,8.0,24.0,1.5707963267948966,0.0,False
2026-08-13T13:19:52.947769Z,2026-08-13T13:19:52.947Z,visualization,s0,55.0,8.0,24.0,1.5707963267948966,,
2026-08-13T13:19:52.948246Z,2026-08-13T13:19:52.947Z,state,s1,7.0,0.0,47.0,0.0,0.0,False
2026-08-13T13:19:52.948854Z,2026-08-13T13:19:52.948Z,visualization,s1,7.0,0.0,47.0,0.0,,
2026-08-13T13:19:52.949274Z,2026-08-13T13:19:52.948Z,state,s2,9.0,0.0,43.0,0.0,0.0,False
2026-08-13T13:19:52.949547Z,2026-08-13T13:19:52.949Z,visualization,s2,9.0,0.0,43.0,0.0,,
2026-08-13T13:19:52.950076Z,2026-08-13T13:19:52.949Z,state,s3,0.0,4.0,0.0,-1.5707963267948966,0.0,False
2026-08-13T13:19:52.950318Z,2026-08-13T13:19:52.950Z,visualization,s3,0.0,4.0,0.0,-1.5707963267948966,,
2026-08-13T13:19:52.951277Z,2026-08-13T13:19:52.950Z,state,s4,54.0,19.5,36.0,1.5707963267948966,0.0,True
2026-08-13T13:19:52.951485Z,2026-08-13T13:19:52.951Z,visualization,s4,54.0,19.5,36.0,1.5707963267948966,,
2026-08-13T13:19:52.952151Z,2026-08-13T13:19:52.951Z,state,s5,40.0,6.0,48.0,0.0,0.0,False
2026-08-13T13:19:52.952312Z,2026-08-13T13:19:52.952Z,visualization,s5,40.0,6.0,48.0,0.0,,
2026-08-13T13:19:52.952872Z,2026-08-13T13:19:52.952Z,state,s6,45.0,6.0,1.0,0.0,0.0,False
2026-08-13T13:19:52.953153Z,2026-08-13T13:19:52.952Z,visualization,s6,45.0,6.0,1.0,0.0,,
2026-08-13T13:19:52.953535Z,2026-08-13T13:19:52.953Z,state,s7,2.0,7.0,18.0,1.5707963267948966,0.0,False
2026-08-13T13:19:52.953831Z,2026-08-13T13:19:52.953Z,visualization,s7,2.0,7.0,18.0,1.5707963267948966,,
2026-08-13T13:19:52.954515Z,2026-08-13T13:19:52.953Z,state,s8,56.0,3.0,18.0,-1.5707963267948966,0.0,False
2026-08-13T13:19:52.954725Z,2026-08-13T13:19:52.954Z,visualization,s8,56.0,3.0,18.0,-1.5707963267948966,,
2026-08-13T13:19:52.955152Z,2026-08-13T13:19:52.954Z,state,s9,51.0,6.0,19.0,0.0,0.0,False
2026-08-13T13:19:52.955384Z,2026-08-13T13:19:52.955Z,visualization,s9,51.0,6.0,19.0,0.0,,
2026-08-13T13:19:52.955848Z,2026-08-13T13:19:52.955Z,state,s10,48.0,18.0,15.0,0.0,0.0,False
2026-08-13T13:19:52.956069Z,2026-08-13T13:19:52.955Z,visualization,s10,48.0,18.0,15.0,0.0,,
2026-08-13T13:19:52.956442Z,2026-08-13T13:19:52.956Z,state,s11,6.0,12.0,30.0,0.0,0.0,False
2026-08-13T13:19:52.956661Z,2026-08-13T13:19:52.956Z,visualization,s11,6.0,12.0,30.0,0.0,,
2026-08-13T13:19:52.959842Z,2026-08-13T13:19:52.958Z,state,s12,52.0,0.0,54.0,0.0,0.0,True
2026-08-13T13:19:52.960077Z,2026-08-13T13:19:52.959Z,visualization,s12,52.0,0.0,54.0,0.0,,
2026-08-13T13:19:52.960660Z,2026-08-13T13:19:52.960Z,state,s13,57.0,12.0,18.0,0.0,0.0,False
2026-08-13T13:19:52.961067Z,2026-08-13T13:19:52.960Z,visualization,s13,57.0,12.0,18.0,0.0,,
2026-08-13T13:19:52.962098Z,2026-08-13T13:19:52.961Z,state,s14,27.0,18.0,30.0,3.141592653589793,0.0,False
2026-08-13T13:19:52.962265Z,2026-08-13T13:19:52.962Z,visualization,s14,27.0,18.0,30.0,3.141592653589793,,
2026-08-13T13:19:52.962662Z,2026-08-13T13:19:52.962Z,state,s15,47.0,24.0,21.0,0.0,0.0,False
2026-08-13T13:19:52.962934Z,2026-08-13T13:19:52.962Z,visualization,s15,47.0,24.0,21.0,0.0,,
2026-08-13T13:19:52.963314Z,2026-08-13T13:19:52.963Z,state,s16,14.0,6.0,28.0,0.0,0.0,False
2026-08-13T13:19:52.963569Z,2026-08-13T13:19:52.963Z,visualization,s16,14.0,6.0,28.0,0.0,,
2026-08-13T13:19:52.965568Z,2026-08-13T13:19:52.964Z,state,s17,23.5,24.0,30.0,3.141592653589793,0.0,True
2026-08-13T13:19:52.965783Z,2026-08-13T13:19:52.965Z,visualization,s17,23.5,24.0,30.0,3.141592653589793,,
2026-08-13T13:19:52.966764Z,2026-08-13T13:19:52.965Z,state,s18,53.5,6.0,42.0,0.0,0.0,True
2026-08-13T13:19:52.966980Z,2026-08-13T13:19:52.966Z,visualization,s18,53.5,6.0,42.0,0.0,,
2026-08-13T13:19:52.967421Z,2026-08-13T13:19:52.967Z,state,s19,22.0,24.0,36.0,0.0,0.0,False
2026-08-13T13:19:52.967654Z,2026-08-13T13:19:52.967Z,visualization,s19,22.0,24.0,36.0,0.0,,
2026-08-13T13:19:52.968009Z,2026-08-13T13:19:52.967Z,state,s20,33.0,18.0,48.0,0.0,0.0,False
2026-08-13T13:19:52.968202Z,2026-08-13T13:19:52.968Z,visualization,s20,33.0,18.0,48.0,0.0,,
2026-08-13T13:19:52.968646Z,2026-08-13T13:19:52.968Z,state,s21,47.0,6.0,5.0,0.0,0.0,False
2026-08-13T13:19:52.968865Z,2026-08-13T13:19:52.968Z,visualization,s21,47.0,6.0,5.0,0.0,,
2026-08-13T13:19:52.969769Z,2026-08-13T13:19:52.968Z,state,s22,6.0,6.0,0.0,3.141592653589793,0.0,False
2026-08-13T13:19:52.969980Z,2026-08-13T13:19:52.969Z,visualization,s22,6.0,6.0,0.0,3.141592653589793,,
2026-08-13T13:19:52.970274Z,2026-08-13T13:19:52.969Z,state,s23,7.0,6.0,14.0,0.0,0.0,False
2026-08-13T13:19:52.970528Z,2026-08-13T13:19:52.970Z,visualization,s23,7.0,6.0,14.0,0.0,,
2026-08-13T13:19:52.971031Z,2026-08-13T13:19:52.970Z,state,s24,46.0,12.0,8.0,0.0,0.0,False
2026-08-13T13:19:52.971231Z,2026-08-13T13:19:52.971Z,visualization,s24,46.0,12.0,8.0,0.0,,
2026-08-13T13:19:53.508569Z,2026-08-13T13:19:53.507Z,state,s0,55.0,8.0,24.0,1.5707963267948966,0.0,False
2026-08-13T13:19:53.508859Z,2026-08-13T13:19:53.508Z,visualization,s0,55.0,8.0,24.0,1.5707963267948966,,
2026-08-13T13:19:53.509275Z,2026-08-13T13:19:53.508Z,state,s1,7.0,0.0,47.0,0.0,0.0,False
2026-08-13T13:19:53.509562Z,2026-08-13T13:19:53.509Z,visualization,s1,7.0,0.0,47.0,0.0,,
2026-08-13T13:19:53.509973Z,2026-08-13T13:19:53.509Z,state,s2,9.0,0.0,43.0,0.0,0.0,False
2026-08-13T13:19:53.510245Z,2026-08-13T13:19:53.509Z,visualization,s2,9.0,0.0,43.0,0.0,,
2026-08-13T13:19:53.510850Z,2026-08-13T13:19:53.510Z,state,s3,0.0,4.0,0.0,-1.5707963267948966,0.0,False
2026-08-13T13:19:53.511095Z,2026-08-13T13:19:53.510Z,visualization,s3,0.0,4.0,0.0,-1.5707963267948966,,
2026-08-13T13:19:53.512276Z,2026-08-13T13:19:53.511Z,state,s4,54.0,23.0,36.0,1.5707963267948966,0.0,False
2026-08-13T13:19:53.512513Z,2026-08-13T13:19:53.512Z,visualization,s4,54.0,23.0,36.0,1.5707963267948966,,
2026-08-13T13:19:53.512937Z,2026-08-13T13:19:53.512Z,state,s5,40.0,6.0,48.0,0.0,0.0,False
2026-08-13T13:19:53.513148Z,2026-08-13T13:19:53.512Z,visualization,s5,40.0,6.0,48.0,0.0,,
2026-08-13T13:19:53.513608Z,2026-08-13T13:19:53.513Z,state,s6,45.0,6.0,1.0,0.0,0.0,False
2026-08-13T13:19:53.513920Z,2026-08-13T13:19:53.513Z,visualization,s6,45.0,6.0,1.0,0.0,,
2026-08-13T13:19:53.514357Z,2026-08-13T13:19:53.513Z,state,s7,2.0,7.0,18.0,1.5707963267948966,0.0,False
2026-08-13T13:19:53.514609Z,2026-08-13T13:19:53.514Z,visualization,s7,2.0,7.0,18.0,1.5707963267948966,,
2026-08-13T13:19:53.515244Z,2026-08-13T13:19:53.514Z,state,s8,56.0,3.0,18.0,-1.5707963267948966,0.0,False
2026-08-13T13:19:53.515465Z,2026-08-13T13:19:53.515Z,visualization,s8,56.0,3.0,18.0,-1.5707963267948966,,
2026-08-13T13:19:53.515910Z,2026-08-13T13:19:53.515Z,state,s9,51.0,6.0,19.0,0.0,0.0,False
2026-08-13T13:19:53.516146Z,2026-08-13T13:19:53.515Z,visualization,s9,51.0,6.0,19.0,0.0,,
2026-08-13T13:19:53.516620Z,2026-08-13T13:19:53.516Z,state,s10,48.0,18.0,15.0,0.0,0.0,False
2026-08-13T13:19:53.516835Z,2026-08-13T13:19:53.516Z,visualization,s10,48.0,18.0,15.0,0.0,,
2026-08-13T13:19:53.517176Z,2026-08-13T13:19:53.516Z,state,s11,6.0,12.0,30.0,0.0,0.0,False
2026-08-13T13:19:53.517415Z,2026-08-13T13:19:53.517Z,visualization,s11,6.0,12.0,30.0,0.0,,
2026-08-13T13:19:53.519353Z,2026-08-13T13:19:53.518Z,state,s12,54.0,1.5,54.0,1.5707963267948966,0.0,True
2026-08-13T13:19:53.519591Z,2026-08-13T13:19:53.519Z,visualization,s12,54.0,1.5,54.0,1.5707963267948966,,
2026-08-13T13:19:53.519922Z,2026-08-13T13:19:53.519Z,state,s13,57.0,12.0,18.0,0.0,0.0,False
2026-08-13T13:19:53.520223Z,2026-08-13T13:19:53.519Z,visualization,s13,57.0,12.0,18.0,0.0,,
2026-08-13T13:19:53.522215Z,2026-08-13T13:19:53.521Z,state,s14,23.0,18.0,30.0,3.141592653589793,0.0,True
2026-08-13T13:19:53.522430Z,2026-08-13T13:19:53.522Z,visualization,s14,23.0,18.0,30.0,3.141592653589793,,
2026-08-13T13:19:53.522731Z,2026-08-13T13:19:53.522Z,state,s15,47.0,24.0,21.0,0.0,0.0,False
2026-08-13T13:19:53.522970Z,2026-08-13T13:19:53.522Z,visualization,s15,47.0,24.0,21.0,0.0,,
2026-08-13T13:19:53.523319Z,2026-08-13T13:19:53.523Z,state,s16,14.0,6.0,28.0,0.0,0.0,False
2026-08-13T13:19:53.523604Z,2026-08-13T13:19:53.523Z,visualization,s16,14.0,6.0,28.0,0.0,,
2026-08-13T13:19:53.524561Z,2026-08-13T13:19:53.523Z,state,s17,20.0,24.0,30.0,3.141592653589793,0.0,False
2026-08-13T13:19:53.524755Z,2026-08-13T13:19:53.524Z,visualization,s17,20.0,24.0,30.0,3.141592653589793,,
2026-08-13T13:19:53.527952Z,2026-08-13T13:19:53.526Z,state,s18,54.0,9.0,42.0,1.5707963267948966,0.0,False
2026-08-13T13:19:53.528215Z,2026-08-13T13:19:53.527Z,visualization,s18,54.0,9.0,42.0,1.5707963267948966,,
2026-08-13T13:19:53.528763Z,2026-08-13T13:19:53.528Z,state,s19,22.0,24.0,36.0,0.0,0.0,False
2026-08-13T13:19:53.529049Z,2026-08-13T13:19:53.528Z,visualization,s19,22.0,24.0,36.0,0.0,,
2026-08-13T13:19:53.529421Z,2026-08-13T13:19:53.529Z,state,s20,33.0,18.0,48.0,0.0,0.0,False
2026-08-13T13:19:53.529644Z,2026-08-13T13:19:53.529Z,visualization,s20,33.0,18.0,48.0,0.0,,
2026-08-13T13:19:53.530055Z,2026-08-13T13:19:53.529Z,state,s21,47.0,6.0,5.0,0.0,0.0,False
2026-08-13T13:19:53.530250Z,2026-08-13T13:19:53.530Z,visualization,s21,47.0,6.0,5.0,0.0,,
2026-08-13T13:19:53.531023Z,2026-08-13T13:19:53.530Z,state,s22,5.0,9.0,0.0,1.5707963267948966,0.0,True
2026-08-13T13:19:53.531251Z,2026-08-13T13:19:53.530Z,visualization,s22,5.0,9.0,0.0,1.5707963267948966,,
2026-08-13T13:19:53.531534Z,2026-08-13T13:19:53.531Z,state,s23,7.0,6.0,14.0,0.0,0.0,False
2026-08-13T13:19:53.531774Z,2026-08-13T13:19:53.531Z,visualization,s23,7.0,6.0,14.0,0.0,,
2026-08-13T13:19:53.532254Z,2026-08-13T13:19:53.531Z,state,s24,46.0,12.0,8.0,0.0,0.0,False
2026-08-13T13:19:53.532504Z,2026-08-13T13:19:53.532Z,visualization,s24,46.0,12.0,8.0,0.0,,
2026-08-13T13:19:54.070393Z,2026-08-13T13:19:54.069Z,state,s0,55.0,8.0,24.0,1.5707963267948966,0.0,False
2026-08-13T13:19:54.070665Z,2026-08-13T13:19:54.070Z,visualization,s0,55.0,8.0,24.0,1.5707963267948966,,
2026-08-13T13:19:54.071249Z,2026-08-13T13:19:54.070Z,state,s1,7.0,0.0,47.0,0.0,0.0,False
2026-08-13T13:19:54.071507Z,2026-08-13T13:19:54.071Z,visualization,s1,7.0,0.0,47.0,0.0,,
2026-08-13T13:19:54.071889Z,2026-08-13T13:19:54.071Z,state,s2,9.0,0.0,43.0,0.0,0.0,False
2026-08-13T13:19:54.072173Z,2026-08-13T13:19:54.071Z,visualization,s2,9.0,0.0,43.0,0.0,,
2026-08-13T13:19:54.072767Z,2026-08-13T13:19:54.072Z,state,s3,0.0,4.0,0.0,-1.5707963267948966,0.0,False
2026-08-13T13:19:54.073014Z,2026-08-13T13:19:54.072Z,visualization,s3,0.0,4.0,0.0,-1.5707963267948966,,
2026-08-13T13:19:54.074087Z,2026-08-13T13:19:54.073Z,state,s4,51.0,24.0,36.0,3.141592653589793,0.0,True
2026-08-13T13:19:54.074304Z,2026-08-13T13:19:54.073Z,visualization,s4,51.0,24.0,36.0,3.141592653589793,,
2026-08-13T13:19:54.074754Z,2026-08-13T13:19:54.074Z,state,s5,40.0,6.0,48.0,0.0,0.0,False
2026-08-13T13:19:54.074969Z,2026-08-13T13:19:54.074Z,visualization,s5,40.0,6.0,48.0,0.0,,
2026-08-13T13:19:54.075411Z,2026-08-13T13:19:54.074Z,state,s6,45.0,6.0,1.0,0.0,0.0,False
2026-08-13T13:19:54.075614Z,2026-08-13T13:19:54.075Z,visualization,s6,45.0,6.0,1.0,0.0,,
2026-08-13T13:19:54.075977Z,2026-08-13T13:19:54.075Z,state,s7,2.0,7.0,18.0,1.5707963267948966,0.0,False
2026-08-13T13:19:54.076239Z,2026-08-13T13:19:54.076Z,visualization,s7,2.0,7.0,18.0,1.5707963267948966,,
2026-08-13T13:19:54.077011Z,2026-08-13T13:19:54.076Z,state,s8,56.0,3.0,18.0,-1.5707963267948966,0.0,False
2026-08-13T13:19:54.077236Z,2026-08-13T13:19:54.076Z,visualization,s8,56.0,3.0,18.0,-1.5707963267948966,,
2026-08-13T13:19:54.077765Z,2026-08-13T13:19:54.077Z,state,s9,51.0,6.0,19.0,0.0,0.0,False
2026-08-13T13:19:54.078083Z,2026-08-13T13:19:54.077Z,visualization,s9,51.0,6.0,19.0,0.0,,
2026-08-13T13:19:54.078606Z,2026-08-13T13:19:54.078Z,state,s10,48.0,18.0,15.0,0.0,0.0,False
2026-08-13T13:19:54.078860Z,2026-08-13T13:19:54.078Z,visualization,s10,48.0,18.0,15.0,0.0,,
2026-08-13T13:19:54.079220Z,2026-08-13T13:19:54.078Z,state,s11,6.0,12.0,30.0,0.0,0.0,False
2026-08-13T13:19:54.079414Z,2026-08-13T13:19:54.079Z,visualization,s11,6.0,12.0,30.0,0.0,,
2026-08-13T13:19:54.080312Z,2026-08-13T13:19:54.079Z,state,s12,54.0,5.0,54.0,1.5707963267948966,0.0,False
2026-08-13T13:19:54.080563Z,2026-08-13T13:19:54.080Z,visualization,s12,54.0,5.0,54.0,1.5707963267948966,,
2026-08-13T13:19:54.080914Z,2026-08-13T13:19:54.080Z,state,s13,57.0,12.0,18.0,0.0,0.0,False
2026-08-13T13:19:54.081157Z,2026-08-13T13:19:54.080Z,visualization,s13,57.0,12.0,18.0,0.0,,
2026-08-13T13:19:54.082035Z,2026-08-13T13:19:54.081Z,state,s14,19.5,18.0,30.0,3.141592653589793,0.0,True
2026-08-13T13:19:54.082237Z,2026-08-13T13:19:54.081Z,visualization,s14,19.5,18.0,30.0,3.141592653589793,,
2026-08-13T13:19:54.082566Z,2026-08-13T13:19:54.082Z,state,s15,47.0,24.0,21.0,0.0,0.0,False
2026-08-13T13:19:54.082817Z,2026-08-13T13:19:54.082Z,visualization,s15,47.0,24.0,21.0,0.0,,
2026-08-13T13:19:54.083172Z,2026-08-13T13:19:54.082Z,state,s16,14.0,6.0,28.0,0.0,0.0,False
2026-08-13T13:19:54.083497Z,2026-08-13T13:19:54.083Z,visualization,s16,14.0,6.0,28.0,0.0,,
2026-08-13T13:19:54.084328Z,2026-08-13T13:19:54.083Z,state,s17,16.0,24.0,30.0,3.141592653589793,0.0,True
2026-08-13T13:19:54.084535Z,2026-08-13T13:19:54.084Z,visualization,s17,16.0,24.0,30.0,3.141592653589793,,
2026-08-13T13:19:54.088659Z,2026-08-13T13:19:54.087Z,state,s18,54.0,13.0,42.0,1.5707963267948966,0.0,True
2026-08-13T13:19:54.088924Z,2026-08-13T13:19:54.088Z,visualization,s18,54.0,13.0,42.0,1.5707963267948966,,
2026-08-13T13:19:54.089395Z,2026-08-13T13:19:54.088Z,state,s19,22.0,24.0,36.0,0.0,0.0,False
2026-08-13T13:19:54.089683Z,2026-08-13T13:19:54.089Z,visualization,s19,22.0,24.0,36.0,0.0,,
2026-08-13T13:19:54.090012Z,2026-08-13T13:19:54.089Z,state,s20,33.0,18.0,48.0,0.0,0.0,False
2026-08-13T13:19:54.090254Z,2026-08-13T13:19:54.090Z,visualization,s20,33.0,18.0,48.0,0.0,,
2026-08-13T13:19:54.090778Z,2026-08-13T13:19:54.090Z,state,s21,47.0,6.0,5.0,0.0,0.0,False
2026-08-13T13:19:54.090970Z,2026-08-13T13:19:54.090Z,visualization,s21,47.0,6.0,5.0,0.0,,
2026-08-13T13:19:54.091732Z,2026-08-13T13:19:54.091Z,state,s22,5.5,12.0,0.0,0.0,0.0,True
2026-08-13T13:19:54.091941Z,2026-08-13T13:19:54.091Z,visualization,s22,5.5,12.0,0.0,0.0,,
2026-08-13T13:19:54.092273Z,2026-08-13T13:19:54.091Z,state,s23,7.0,6.0,14.0,0.0,0.0,False
2026-08-13T13:19:54.092505Z,2026-08-13T13:19:54.092Z,visualization,s23,7.0,6.0,14.0,0.0,,
2026-08-13T13:19:54.092985Z,2026-08-13T13:19:54.092Z,state,s24,46.0,12.0,8.0,0.0,0.0,False
2026-08-13T13:19:54.093167Z,2026-08-13T13:19:54.092Z,visualization,s24,46.0,12.0,8.0,0.0,,
2026-08-13T13:19:54.631117Z,2026-08-13T13:19:54.630Z,state,s0,55.0,8.0,24.0,1.5707963267948966,0.0,False
2026-08-13T13:19:54.631395Z,2026-08-13T13:19:54.631Z,visualization,s0,55.0,8.0,24.0,1.5707963267948966,,
2026-08-13T13:19:54.631736Z,2026-08-13T13:19:54.631Z,state,s1,7.0,0.0,47.0,0.0,0.0,False
2026-08-13T13:19:54.632001Z,2026-08-13T13:19:54.631Z,visualization,s1,7.0,0.0,47.0,0.0,,
2026-08-13T13:19:54.632465Z,2026-08-13T13:19:54.632Z,state,s2,9.0,0.0,43.0,0.0,0.0,False
2026-08-13T13:19:54.632758Z,2026-08-13T13:19:54.632Z,visualization,s2,9.0,0.0,43.0,0.0,,
2026-08-13T13:19:54.633341Z,2026-08-13T13:19:54.632Z,state,s3,0.0,4.0,0.0,-1.5707963267948966,0.0,False
2026-08-13T13:19:54.633601Z,2026-08-13T13:19:54.633Z,visualization,s3,0.0,4.0,0.0,-1.5707963267948966,,
2026-08-13T13:19:54.634662Z,2026-08-13T13:19:54.633Z,state,s4,47.5,24.0,36.0,3.141592653589793,0.0,True
2026-08-13T13:19:54.634885Z,2026-08-13T13:19:54.634Z,visualization,s4,47.5,24.0,36.0,3.141592653589793,,
2026-08-13T13:19:54.635324Z,2026-08-13T13:19:54.634Z,state,s5,40.0,6.0,48.0,0.0,0.0,False
2026-08-13T13:19:54.635599Z,2026-08-13T13:19:54.635Z,visualization,s5,40.0,6.0,48.0,0.0,,
2026-08-13T13:19:54.636057Z,2026-08-13T13:19:54.635Z,state,s6,45.0,6.0,1.0,0.0,0.0,False
2026-08-13T13:19:54.636281Z,2026-08-13T13:19:54.636Z,visualization,s6,45.0,6.0,1.0,0.0,,
2026-08-13T13:19:54.636684Z,2026-08-13T13:19:54.636Z,state,s7,2.0,7.0,18.0,1.5707963267948966,0.0,False
2026-08-13T13:19:54.636936Z,2026-08-13T13:19:54.636Z,visualization,s7,2.0,7.0,18.0,1.5707963267948966,,
2026-08-13T13:19:54.637580Z,2026-08-13T13:19:54.636Z,state,s8,56.0,3.0,18.0,-1.5707963267948966,0.0,False
2026-08-13T13:19:54.637777Z,2026-08-13T13:19:54.637Z,visualization,s8,56.0,3.0,18.0,-1.5707963267948966,,
2026-08-13T13:19:54.638317Z,2026-08-13T13:19:54.637Z,state,s9,51.0,6.0,19.0,0.0,0.0,False
2026-08-13T13:19:54.638562Z,2026-08-13T13:19:54.638Z,visualization,s9,51.0,6.0,19.0,0.0,,
2026-08-13T13:19:54.639055Z,2026-08-13T13:19:54.638Z,state,s10,48.0,18.0,15.0,0.0,0.0,False
2026-08-13T13:19:54.639308Z,2026-08-13T13:19:54.639Z,visualization,s10,48.0,18.0,15.0,0.0,,
2026-08-13T13:19:54.639700Z,2026-08-13T13:19:54.639Z,state,s11,6.0,12.0,30.0,0.0,0.0,False
2026-08-13T13:19:54.639934Z,2026-08-13T13:19:54.639Z,visualization,s11,6.0,12.0,30.0,0.0,,
2026-08-13T13:19:54.640738Z,2026-08-13T13:19:54.639Z,state,s12,54.0,9.0,54.0,1.5707963267948966,0.0,True
2026-08-13T13:19:54.640956Z,2026-08-13T13:19:54.640Z,visualization,s12,54.0,9.0,54.0,1.5707963267948966,,
2026-08-13T13:19:54.641248Z,2026-08-13T13:19:54.640Z,state,s13,57.0,12.0,18.0,0.0,0.0,False
2026-08-13T13:19:54.641482Z,2026-08-13T13:19:54.641Z,visualization,s13,57.0,12.0,18.0,0.0,,
2026-08-13T13:19:54.642394Z,2026-08-13T13:19:54.641Z,state,s14,16.0,18.0,30.0,3.141592653589793,0.0,False
2026-08-13T13:19:54.642595Z,2026-08-13T13:19:54.642Z,visualization,s14,16.0,18.0,30.0,3.141592653589793,,
2026-08-13T13:19:54.642842Z,2026-08-13T13:19:54.642Z,state,s15,47.0,24.0,21.0,0.0,0.0,False
2026-08-13T13:19:54.643083Z,2026-08-13T13:19:54.642Z,visualization,s15,47.0,24.0,21.0,0.0,,
2026-08-13T13:19:54.643402Z,2026-08-13T13:19:54.643Z,state,s16,14.0,6.0,28.0,0.0,0.0,False
2026-08-13T13:19:54.643639Z,2026-08-13T13:19:54.643Z,visualization,s16,14.0,6.0,28.0,0.0,,
2026-08-13T13:19:54.646539Z,2026-08-13T13:19:54.643Z,state,s17,12.5,24.0,30.0,3.141592653589793,0.0,True
2026-08-13T13:19:54.646828Z,2026-08-13T13:19:54.644Z,visualization,s17,12.5,24.0,30.0,3.141592653589793,,
2026-08-13T13:19:54.648775Z,2026-08-13T13:19:54.647Z,state,s18,54.0,16.5,42.0,1.5707963267948966,0.0,True
2026-08-13T13:19:54.648964Z,2026-08-13T13:19:54.648Z,visualization,s18,54.0,16.5,42.0,1.5707963267948966,,
2026-08-13T13:19:54.649458Z,2026-08-13T13:19:54.649Z,state,s19,22.0,24.0,36.0,0.0,0.0,False
2026-08-13T13:19:54.649690Z,2026-08-13T13:19:54.649Z,visualization,s19,22.0,24.0,36.0,0.0,,
2026-08-13T13:19:54.650028Z,2026-08-13T13:19:54.649Z,state,s20,33.0,18.0,48.0,0.0,0.0,False
2026-08-13T13:19:54.650235Z,2026-08-13T13:19:54.649Z,visualization,s20,33.0,18.0,48.0,0.0,,
2026-08-13T13:19:54.650696Z,2026-08-13T13:19:54.650Z,state,s21,47.0,6.0,5.0,0.0,0.0,False
2026-08-13T13:19:54.650884Z,2026-08-13T13:19:54.650Z,visualization,s21,47.0,6.0,5.0,0.0,,
2026-08-13T13:19:54.651594Z,2026-08-13T13:19:54.650Z,state,s22,6.0,12.0,1.0,0.0,0.0,False
2026-08-13T13:19:54.651816Z,2026-08-13T13:19:54.651Z,visualization,s22,6.0,12.0,1.0,0.0,,
2026-08-13T13:19:54.652088Z,2026-08-13T13:19:54.651Z,state,s23,7.0,6.0,14.0,0.0,0.0,False
2026-08-13T13:19:54.652339Z,2026-08-13T13:19:54.652Z,visualization,s23,7.0,6.0,14.0,0.0,,
2026-08-13T13:19:54.652917Z,2026-08-13T13:19:54.652Z,state,s24,46.0,12.0,8.0,0.0,0.0,False
2026-08-13T13:19:54.653115Z,2026-08-13T13:19:54.652Z,visualization,s24,46.0,12.0,8.0,0.0,,
2026-08-13T13:19:55.192254Z,2026-08-13T13:19:55.191Z,state,s0,55.0,8.0,24.0,1.5707963267948966,0.0,False
2026-08-13T13:19:55.192898Z,2026-08-13T13:19:55.192Z,visualization,s0,55.0,8.0,24.0,1.5707963267948966,,
2026-08-13T13:19:55.193359Z,2026-08-13T13:19:55.192Z,state,s1,7.0,0.0,47.0,0.0,0.0,False
2026-08-13T13:19:55.193635Z,2026-08-13T13:19:55.193Z,visualization,s1,7.0,0.0,47.0,0.0,,
2026-08-13T13:19:55.193990Z,2026-08-13T13:19:55.193Z,state,s2,9.0,0.0,43.0,0.0,0.0,False
2026-08-13T13:19:55.194238Z,2026-08-13T13:19:55.193Z,visualization,s2,9.0,0.0,43.0,0.0,,
2026-08-13T13:19:55.194870Z,2026-08-13T13:19:55.194Z,state,s3,0.0,4.0,0.0,-1.5707963267948966,0.0,False
2026-08-13T13:19:55.195038Z,2026-08-13T13:19:55.194Z,visualization,s3,0.0,4.0,0.0,-1.5707963267948966,,
2026-08-13T13:19:55.196092Z,2026-08-13T13:19:55.195Z,state,s4,44.0,24.0,36.0,3.141592653589793,0.0,False
2026-08-13T13:19:55.196281Z,2026-08-13T13:19:55.195Z,visualization,s4,44.0,24.0,36.0,3.141592653589793,,
2026-08-13T13:19:55.196838Z,2026-08-13T13:19:55.196Z,state,s5,40.0,6.0,48.0,0.0,0.0,False
2026-08-13T13:19:55.197097Z,2026-08-13T13:19:55.196Z,visualization,s5,40.0,6.0,48.0,0.0,,
2026-08-13T13:19:55.197629Z,2026-08-13T13:19:55.197Z,state,s6,45.0,6.0,1.0,0.0,0.0,False
2026-08-13T13:19:55.197877Z,2026-08-13T13:19:55.197Z,visualization,s6,45.0,6.0,1.0,0.0,,
2026-08-13T13:19:55.198280Z,2026-08-13T13:19:55.197Z,state,s7,2.0,7.0,18.0,1.5707963267948966,0.0,False
2026-08-13T13:19:55.198506Z,2026-08-13T13:19:55.198Z,visualization,s7,2.0,7.0,18.0,1.5707963267948966,,
2026-08-13T13:19:55.199161Z,2026-08-13T13:19:55.198Z,state,s8,56.0,3.0,18.0,-1.5707963267948966,0.0,False
2026-08-13T13:19:55.199340Z,2026-08-13T13:19:55.199Z,visualization,s8,56.0,3.0,18.0,-1.5707963267948966,,
2026-08-13T13:19:55.199817Z,2026-08-13T13:19:55.199Z,state,s9,51.0,6.0,19.0,0.0,0.0,False
2026-08-13T13:19:55.199976Z,2026-08-13T13:19:55.199Z,visualization,s9,51.0,6.0,19.0,0.0,,
2026-08-13T13:19:55.200543Z,2026-08-13T13:19:55.200Z,state,s10,48.0,18.0,15.0,0.0,0.0,False
2026-08-13T13:19:55.200753Z,2026-08-13T13:19:55.200Z,visualization,s10,48.0,18.0,15.0,0.0,,
2026-08-13T13:19:55.201030Z,2026-08-13T13:19:55.200Z,state,s11,6.0,12.0,30.0,0.0,0.0,False
2026-08-13T13:19:55.201224Z,2026-08-13T13:19:55.201Z,visualization,s11,6.0,12.0,30.0,0.0,,
2026-08-13T13:19:55.202011Z,2026-08-13T13:19:55.201Z,state,s12,53.5,12.0,54.0,3.141592653589793,0.0,True
2026-08-13T13:19:55.202186Z,2026-08-13T13:19:55.201Z,visualization,s12,53.5,12.0,54.0,3.141592653589793,,
2026-08-13T13:19:55.202660Z,2026-08-13T13:19:55.202Z,state,s13,57.0,12.0,18.0,0.0,0.0,False
2026-08-13T13:19:55.202920Z,2026-08-13T13:19:55.202Z,visualization,s13,57.0,12.0,18.0,0.0,,
2026-08-13T13:19:55.203841Z,2026-08-13T13:19:55.203Z,state,s14,12.0,18.0,30.0,3.141592653589793,0.0,True
2026-08-13T13:19:55.204010Z,2026-08-13T13:19:55.203Z,visualization,s14,12.0,18.0,30.0,3.141592653589793,,
2026-08-13T13:19:55.204401Z,2026-08-13T13:19:55.204Z,state,s15,47.0,24.0,21.0,0.0,0.0,False
2026-08-13T13:19:55.204646Z,2026-08-13T13:19:55.204Z,visualization,s15,47.0,24.0,21.0,0.0,,
2026-08-13T13:19:55.205026Z,2026-08-13T13:19:55.204Z,state,s16,14.0,6.0,28.0,0.0,0.0,False
2026-08-13T13:19:55.205274Z,2026-08-13T13:19:55.205Z,visualization,s16,14.0,6.0,28.0,0.0,,
2026-08-13T13:19:55.206251Z,2026-08-13T13:19:55.205Z,state,s17,9.0,24.0,30.0,3.141592653589793,0.0,False
2026-08-13T13:19:55.206450Z,2026-08-13T13:19:55.206Z,visualization,s17,9.0,24.0,30.0,3.141592653589793,,
2026-08-13T13:19:55.210624Z,2026-08-13T13:19:55.209Z,state,s18,54.0,20.0,42.0,1.5707963267948966,0.0,False
2026-08-13T13:19:55.210814Z,2026-08-13T13:19:55.210Z,visualization,s18,54.0,20.0,42.0,1.5707963267948966,,
2026-08-13T13:19:55.211203Z,2026-08-13T13:19:55.210Z,state,s19,22.0,24.0,36.0,0.0,0.0,False
2026-08-13T13:19:55.211469Z,2026-08-13T13:19:55.211Z,visualization,s19,22.0,24.0,36.0,0.0,,
2026-08-13T13:19:55.211867Z,2026-08-13T13:19:55.211Z,state,s20,33.0,18.0,48.0,0.0,0.0,False
2026-08-13T13:19:55.212117Z,2026-08-13T13:19:55.211Z,visualization,s20,33.0,18.0,48.0,0.0,,
2026-08-13T13:19:55.212581Z,2026-08-13T13:19:55.212Z,state,s21,47.0,6.0,5.0,0.0,0.0,False
2026-08-13T13:19:55.213057Z,2026-08-13T13:19:55.212Z,visualization,s21,47.0,6.0,5.0,0.0,,
2026-08-13T13:19:55.213893Z,2026-08-13T13:19:55.213Z,state,s22,6.0,12.0,1.0,0.0,0.0,False
2026-08-13T13:19:55.214123Z,2026-08-13T13:19:55.213Z,visualization,s22,6.0,12.0,1.0,0.0,,
2026-08-13T13:19:55.214488Z,2026-08-13T13:19:55.214Z,state,s23,7.0,6.0,14.0,0.0,0.0,False
2026-08-13T13:19:55.214737Z,2026-08-13T13:19:55.214Z,visualization,s23,7.0,6.0,14.0,0.0,,
2026-08-13T13:19:55.215262Z,2026-08-13T13:19:55.214Z,state,s24,46.0,12.0,8.0,0.0,0.0,False
2026-08-13T13:19:55.215511Z,2026-08-13T13:19:55.215Z,visualization,s24,46.0,12.0,8.0,0.0,,
2026-08-13T13:19:55.752479Z,2026-08-13T13:19:55.751Z,state,s0,55.0,8.0,24.0,1.5707963267948966,0.0,False
2026-08-13T13:19:55.752716Z,2026-08-13T13:19:55.752Z,visualization,s0,55.0,8.0,24.0,1.5707963267948966,,
2026-08-13T13:19:55.753135Z,2026-08-13T13:19:55.752Z,state,s1,7.0,0.0,47.0,0.0,0.0,False
2026-08-13T13:19:55.753454Z,2026-08-13T13:19:55.753Z,visualization,s1,7.0,0.0,47.0,0.0,,
2026-08-13T13:19:55.753849Z,2026-08-13T13:19:55.753Z,state,s2,9.0,0.0,43.0,0.0,0.0,False
2026-08-13T13:19:55.754117Z,2026-08-13T13:19:55.753Z,visualization,s2,9.0,0.0,43.0,0.0,,
2026-08-13T13:19:55.754687Z,2026-08-13T13:19:55.754Z,state,s3,0.0,4.0,0.0,-1.5707963267948966,0.0,False
2026-08-13T13:19:55.754892Z,2026-08-13T13:19:55.754Z,visualization,s3,0.0,4.0,0.0,-1.5707963267948966,,
2026-08-13T13:19:55.755784Z,2026-08-13T13:19:55.754Z,state,s4,40.0,24.0,36.0,3.141592653589793,0.0,True
2026-08-13T13:19:55.755975Z,2026-08-13T13:19:55.755Z,visualization,s4,40.0,24.0,36.0,3.141592653589793,,
2026-08-13T13:19:55.756449Z,2026-08-13T13:19:55.755Z,state,s5,40.0,6.0,48.0,0.0,0.0,False
2026-08-13T13:19:55.756665Z,2026-08-13T13:19:55.756Z,visualization,s5,40.0,6.0,48.0,0.0,,
2026-08-13T13:19:55.757165Z,2026-08-13T13:19:55.756Z,state,s6,45.0,6.0,1.0,0.0,0.0,False
2026-08-13T13:19:55.757518Z,2026-08-13T13:19:55.757Z,visualization,s6,45.0,6.0,1.0,0.0,,
2026-08-13T13:19:55.757902Z,2026-08-13T13:19:55.757Z,state,s7,2.0,7.0,18.0,1.5707963267948966,0.0,False
2026-08-13T13:19:55.758168Z,2026-08-13T13:19:55.757Z,visualization,s7,2.0,7.0,18.0,1.5707963267948966,,
2026-08-13T13:19:55.758810Z,2026-08-13T13:19:55.758Z,state,s8,56.0,3.0,18.0,-1.5707963267948966,0.0,False
2026-08-13T13:19:55.759041Z,2026-08-13T13:19:55.758Z,visualization,s8,56.0,3.0,18.0,-1.5707963267948966,,
2026-08-13T13:19:55.759545Z,2026-08-13T13:19:55.759Z,state,s9,51.0,6.0,19.0,0.0,0.0,False
2026-08-13T13:19:55.759770Z,2026-08-13T13:19:55.759Z,visualization,s9,51.0,6.0,19.0,0.0,,
2026-08-13T13:19:55.760294Z,2026-08-13T13:19:55.759Z,state,s10,48.0,18.0,15.0,0.0,0.0,False
2026-08-13T13:19:55.760521Z,2026-08-13T13:19:55.760Z,visualization,s10,48.0,18.0,15.0,0.0,,
2026-08-13T13:19:55.760916Z,2026-08-13T13:19:55.760Z,state,s11,6.0,12.0,30.0,0.0,0.0,False
2026-08-13T13:19:55.761158Z,2026-08-13T13:19:55.760Z,visualization,s11,6.0,12.0,30.0,0.0,,
2026-08-13T13:19:55.762035Z,2026-08-13T13:19:55.761Z,state,s12,53.0,12.0,51.0,0.0,0.0,False
2026-08-13T13:19:55.762230Z,2026-08-13T13:19:55.761Z,visualization,s12,53.0,12.0,51.0,0.0,,
2026-08-13T13:19:55.762620Z,2026-08-13T13:19:55.762Z,state,s13,57.0,12.0,18.0,0.0,0.0,False
2026-08-13T13:19:55.762816Z,2026-08-13T13:19:55.762Z,visualization,s13,57.0,12.0,18.0,0.0,,
2026-08-13T13:19:55.763566Z,2026-08-13T13:19:55.762Z,state,s14,8.5,18.0,30.0,3.141592653589793,0.0,True
2026-08-13T13:19:55.763752Z,2026-08-13T13:19:55.763Z,visualization,s14,8.5,18.0,30.0,3.141592653589793,,
2026-08-13T13:19:55.764254Z,2026-08-13T13:19:55.763Z,state,s15,47.0,24.0,21.0,0.0,0.0,False
2026-08-13T13:19:55.764519Z,2026-08-13T13:19:55.764Z,visualization,s15,47.0,24.0,21.0,0.0,,
2026-08-13T13:19:55.764970Z,2026-08-13T13:19:55.764Z,state,s16,14.0,6.0,28.0,0.0,0.0,False
2026-08-13T13:19:55.765233Z,2026-08-13T13:19:55.765Z,visualization,s16,14.0,6.0,28.0,0.0,,
2026-08-13T13:19:55.766055Z,2026-08-13T13:19:55.765Z,state,s17,5.0,24.0,30.0,3.141592653589793,0.0,True
2026-08-13T13:19:55.766252Z,2026-08-13T13:19:55.765Z,visualization,s17,5.0,24.0,30.0,3.141592653589793,,
2026-08-13T13:19:55.773462Z,2026-08-13T13:19:55.772Z,state,s18,54.0,24.0,42.0,1.5707963267948966,0.0,True
2026-08-13T13:19:55.773726Z,2026-08-13T13:19:55.773Z,visualization,s18,54.0,24.0,42.0,1.5707963267948966,,
2026-08-13T13:19:55.774037Z,2026-08-13T13:19:55.773Z,state,s19,22.0,24.0,36.0,0.0,0.0,False
2026-08-13T13:19:55.774313Z,2026-08-13T13:19:55.774Z,visualization,s19,22.0,24.0,36.0,0.0,,
2026-08-13T13:19:55.774779Z,2026-08-13T13:19:55.774Z,state,s20,33.0,18.0,48.0,0.0,0.0,False
2026-08-13T13:19:55.775080Z,2026-08-13T13:19:55.774Z,visualization,s20,33.0,18.0,48.0,0.0,,
2026-08-13T13:19:55.775572Z,2026-08-13T13:19:55.775Z,state,s21,47.0,6.0,5.0,0.0,0.0,False
2026-08-13T13:19:55.775775Z,2026-08-13T13:19:55.775Z,visualization,s21,47.0,6.0,5.0,0.0,,
2026-08-13T13:19:55.776458Z,2026-08-13T13:19:55.775Z,state,s22,6.0,12.0,1.0,0.0,0.0,False
2026-08-13T13:19:55.776662Z,2026-08-13T13:19:55.776Z,visualization,s22,6.0,12.0,1.0,0.0,,
2026-08-13T13:19:55.776903Z,2026-08-13T13:19:55.776Z,state,s23,7.0,6.0,14.0,0.0,0.0,False
2026-08-13T13:19:55.777143Z,2026-08-13T13:19:55.776Z,visualization,s23,7.0,6.0,14.0,0.0,,
2026-08-13T13:19:55.777670Z,2026-08-13T13:19:55.777Z,state,s24,46.0,12.0,8.0,0.0,0.0,False
2026-08-13T13:19:55.777923Z,2026-08-13T13:19:55.777Z,visualization,s24,46.0,12.0,8.0,0.0,,
2026-08-13T13:19:56.315604Z,2026-08-13T13:19:56.314Z,state,s0,55.0,8.0,24.0,1.5707963267948966,0.0,False
2026-08-13T13:19:56.316024Z,2026-08-13T13:19:56.315Z,visualization,s0,55.0,8.0,24.0,1.5707963267948966,,
2026-08-13T13:19:56.316474Z,2026-08-13T13:19:56.316Z,state,s1,7.0,0.0,47.0,0.0,0.0,False
2026-08-13T13:19:56.316786Z,2026-08-13T13:19:56.316Z,visualization,s1,7.0,0.0,47.0,0.0,,
2026-08-13T13:19:56.317180Z,2026-08-13T13:19:56.316Z,state,s2,9.0,0.0,43.0,0.0,0.0,False
2026-08-13T13:19:56.317468Z,2026-08-13T13:19:56.317Z,visualization,s2,9.0,0.0,43.0,0.0,,
2026-08-13T13:19:56.318029Z,2026-08-13T13:19:56.317Z,state,s3,0.0,4.0,0.0,-1.5707963267948966,0.0,False
2026-08-13T13:19:56.318204Z,2026-08-13T13:19:56.317Z,visualization,s3,0.0,4.0,0.0,-1.5707963267948966,,
2026-08-13T13:19:56.319103Z,2026-08-13T13:19:56.318Z,state,s4,36.5,24.0,36.0,3.141592653589793,0.0,True
2026-08-13T13:19:56.319298Z,2026-08-13T13:19:56.318Z,visualization,s4,36.5,24.0,36.0,3.141592653589793,,
2026-08-13T13:19:56.319757Z,2026-08-13T13:19:56.319Z,state,s5,40.0,6.0,48.0,0.0,0.0,False
2026-08-13T13:19:56.319983Z,2026-08-13T13:19:56.319Z,visualization,s5,40.0,6.0,48.0,0.0,,
2026-08-13T13:19:56.320540Z,2026-08-13T13:19:56.320Z,state,s6,45.0,6.0,1.0,0.0,0.0,False
2026-08-13T13:19:56.320766Z,2026-08-13T13:19:56.320Z,visualization,s6,45.0,6.0,1.0,0.0,,
2026-08-13T13:19:56.321107Z,2026-08-13T13:19:56.320Z,state,s7,2.0,7.0,18.0,1.5707963267948966,0.0,False
2026-08-13T13:19:56.321317Z,2026-08-13T13:19:56.321Z,visualization,s7,2.0,7.0,18.0,1.5707963267948966,,
2026-08-13T13:19:56.321930Z,2026-08-13T13:19:56.321Z,state,s8,56.0,3.0,18.0,-1.5707963267948966,0.0,False
2026-08-13T13:19:56.322128Z,2026-08-13T13:19:56.321Z,visualization,s8,56.0,3.0,18.0,-1.5707963267948966,,
2026-08-13T13:19:56.322498Z,2026-08-13T13:19:56.322Z,state,s9,51.0,6.0,19.0,0.0,0.0,False
2026-08-13T13:19:56.322782Z,2026-08-13T13:19:56.322Z,visualization,s9,51.0,6.0,19.0,0.0,,
2026-08-13T13:19:56.323294Z,2026-08-13T13:19:56.322Z,state,s10,48.0,18.0,15.0,0.0,0.0,False
2026-08-13T13:19:56.323505Z,2026-08-13T13:19:56.323Z,visualization,s10,48.0,18.0,15.0,0.0,,
2026-08-13T13:19:56.323846Z,2026-08-13T13:19:56.323Z,state,s11,6.0,12.0,30.0,0.0,0.0,False
2026-08-13T13:19:56.324064Z,2026-08-13T13:19:56.323Z,visualization,s11,6.0,12.0,30.0,0.0,,
2026-08-13T13:19:56.324837Z,2026-08-13T13:19:56.324Z,state,s12,53.0,12.0,51.0,0.0,0.0,False
2026-08-13T13:19:56.325040Z,2026-08-13T13:19:56.324Z,visualization,s12,53.0,12.0,51.0,0.0,,
2026-08-13T13:19:56.325276Z,2026-08-13T13:19:56.324Z,state,s13,57.0,12.0,18.0,0.0,0.0,False
2026-08-13T13:19:56.325503Z,2026-08-13T13:19:56.325Z,visualization,s13,57.0,12.0,18.0,0.0,,
2026-08-13T13:19:56.326364Z,2026-08-13T13:19:56.325Z,state,s14,5.0,18.0,30.0,3.141592653589793,0.0,False
2026-08-13T13:19:56.326611Z,2026-08-13T13:19:56.326Z,visualization,s14,5.0,18.0,30.0,3.141592653589793,,
2026-08-13T13:19:56.326976Z,2026-08-13T13:19:56.326Z,state,s15,47.0,24.0,21.0,0.0,0.0,False
2026-08-13T13:19:56.327302Z,2026-08-13T13:19:56.327Z,visualization,s15,47.0,24.0,21.0,0.0,,
2026-08-13T13:19:56.327729Z,2026-08-13T13:19:56.327Z,state,s16,14.0,6.0,28.0,0.0,0.0,False
2026-08-13T13:19:56.327976Z,2026-08-13T13:19:56.327Z,visualization,s16,14.0,6.0,28.0,0.0,,
2026-08-13T13:19:56.328776Z,2026-08-13T13:19:56.328Z,state,s17,5.0,20.5,30.0,-1.5707963267948966,0.0,True
2026-08-13T13:19:56.329008Z,2026-08-13T13:19:56.328Z,visualization,s17,5.0,20.5,30.0,-1.5707963267948966,,
2026-08-13T13:19:56.335103Z,2026-08-13T13:19:56.334Z,state,s18,54.0,24.0,39.0,0.0,0.0,False
2026-08-13T13:19:56.335357Z,2026-08-13T13:19:56.334Z,visualization,s18,54.0,24.0,39.0,0.0,,
2026-08-13T13:19:56.335804Z,2026-08-13T13:19:56.335Z,state,s19,22.0,24.0,36.0,0.0,0.0,False
2026-08-13T13:19:56.336077Z,2026-08-13T13:19:56.335Z,visualization,s19,22.0,24.0,36.0,0.0,,
2026-08-13T13:19:56.336476Z,2026-08-13T13:19:56.336Z,state,s20,33.0,18.0,48.0,0.0,0.0,False
2026-08-13T13:19:56.336729Z,2026-08-13T13:19:56.336Z,visualization,s20,33.0,18.0,48.0,0.0,,
2026-08-13T13:19:56.337177Z,2026-08-13T13:19:56.336Z,state,s21,47.0,6.0,5.0,0.0,0.0,False
2026-08-13T13:19:56.337444Z,2026-08-13T13:19:56.337Z,visualization,s21,47.0,6.0,5.0,0.0,,
2026-08-13T13:19:56.338098Z,2026-08-13T13:19:56.337Z,state,s22,6.0,12.0,1.0,0.0,0.0,False
2026-08-13T13:19:56.338276Z,2026-08-13T13:19:56.338Z,visualization,s22,6.0,12.0,1.0,0.0,,
2026-08-13T13:19:56.338585Z,2026-08-13T13:19:56.338Z,state,s23,7.0,6.0,14.0,0.0,0.0,False
2026-08-13T13:19:56.338762Z,2026-08-13T13:19:56.338Z,visualization,s23,7.0,6.0,14.0,0.0,,
2026-08-13T13:19:56.339283Z,2026-08-13T13:19:56.338Z,state,s24,46.0,12.0,8.0,0.0,0.0,False
2026-08-13T13:19:56.339475Z,2026-08-13T13:19:56.339Z,visualization,s24,46.0,12.0,8.0,0.0,,
2026-08-13T13:19:56.875536Z,2026-08-13T13:19:56.874Z,state,s0,55.0,8.0,24.0,1.5707963267948966,0.0,False
2026-08-13T13:19:56.875771Z,2026-08-13T13:19:56.875Z,visualization,s0,55.0,8.0,24.0,1.5707963267948966,,
2026-08-13T13:19:56.876296Z,2026-08-13T13:19:56.875Z,state,s1,7.0,0.0,47.0,0.0,0.0,False
2026-08-13T13:19:56.876580Z,2026-08-13T13:19:56.876Z,visualization,s1,7.0,0.0,47.0,0.0,,
2026-08-13T13:19:56.876989Z,2026-08-13T13:19:56.876Z,state,s2,9.0,0.0,43.0,0.0,0.0,False
2026-08-13T13:19:56.877242Z,2026-08-13T13:19:56.876Z,visualization,s2,9.0,0.0,43.0,0.0,,
2026-08-13T13:19:56.877815Z,2026-08-13T13:19:56.877Z,state,s3,0.0,4.0,0.0,-1.5707963267948966,0.0,False
2026-08-13T13:19:56.878020Z,2026-08-13T13:19:56.877Z,visualization,s3,0.0,4.0,0.0,-1.5707963267948966,,
2026-08-13T13:19:56.879155Z,2026-08-13T13:19:56.878Z,state,s4,33.0,24.0,36.0,3.141592653589793,0.0,False
2026-08-13T13:19:56.879403Z,2026-08-13T13:19:56.878Z,visualization,s4,33.0,24.0,36.0,3.141592653589793,,
2026-08-13T13:19:56.879785Z,2026-08-13T13:19:56.879Z,state,s5,40.0,6.0,48.0,0.0,0.0,False
2026-08-13T13:19:56.879995Z,2026-08-13T13:19:56.879Z,visualization,s5,40.0,6.0,48.0,0.0,,
2026-08-13T13:19:56.880477Z,2026-08-13T13:19:56.880Z,state,s6,45.0,6.0,1.0,0.0,0.0,False
2026-08-13T13:19:56.880707Z,2026-08-13T13:19:56.880Z,visualization,s6,45.0,6.0,1.0,0.0,,
2026-08-13T13:19:56.881032Z,2026-08-13T13:19:56.880Z,state,s7,2.0,7.0,18.0,1.5707963267948966,0.0,False
2026-08-13T13:19:56.881226Z,2026-08-13T13:19:56.881Z,visualization,s7,2.0,7.0,18.0,1.5707963267948966,,
2026-08-13T13:19:56.881848Z,2026-08-13T13:19:56.881Z,state,s8,56.0,3.0,18.0,-1.5707963267948966,0.0,False
2026-08-13T13:19:56.882095Z,2026-08-13T13:19:56.881Z,visualization,s8,56.0,3.0,18.0,-1.5707963267948966,,
2026-08-13T13:19:56.882715Z,2026-08-13T13:19:56.882Z,state,s9,51.0,6.0,19.0,0.0,0.0,False
2026-08-13T13:19:56.882949Z,2026-08-13T13:19:56.882Z,visualization,s9,51.0,6.0,19.0,0.0,,
2026-08-13T13:19:56.883451Z,2026-08-13T13:19:56.883Z,state,s10,48.0,18.0,15.0,0.0,0.0,False
2026-08-13T13:19:56.883687Z,2026-08-13T13:19:56.883Z,visualization,s10,48.0,18.0,15.0,0.0,,
2026-08-13T13:19:56.884035Z,2026-08-13T13:19:56.883Z,state,s11,6.0,12.0,30.0,0.0,0.0,False
2026-08-13T13:19:56.884284Z,2026-08-13T13:19:56.884Z,visualization,s11,6.0,12.0,30.0,0.0,,
2026-08-13T13:19:56.885072Z,2026-08-13T13:19:56.884Z,state,s12,53.0,12.0,51.0,0.0,0.0,False
2026-08-13T13:19:56.885261Z,2026-08-13T13:19:56.884Z,visualization,s12,53.0,12.0,51.0,0.0,,
2026-08-13T13:19:56.885647Z,2026-08-13T13:19:56.885Z,state,s13,57.0,12.0,18.0,0.0,0.0,False
2026-08-13T13:19:56.885904Z,2026-08-13T13:19:56.885Z,visualization,s13,57.0,12.0,18.0,0.0,,
2026-08-13T13:19:56.886623Z,2026-08-13T13:19:56.885Z,state,s14,5.0,14.0,30.0,-1.5707963267948966,0.0,True
2026-08-13T13:19:56.886819Z,2026-08-13T13:19:56.886Z,visualization,s14,5.0,14.0,30.0,-1.5707963267948966,,
2026-08-13T13:19:56.887016Z,2026-08-13T13:19:56.886Z,state,s15,47.0,24.0,21.0,0.0,0.0,False
2026-08-13T13:19:56.887200Z,2026-08-13T13:19:56.887Z,visualization,s15,47.0,24.0,21.0,0.0,,
2026-08-13T13:19:56.887470Z,2026-08-13T13:19:56.887Z,state,s16,14.0,6.0,28.0,0.0,0.0,False
2026-08-13T13:19:56.887662Z,2026-08-13T13:19:56.887Z,visualization,s16,14.0,6.0,28.0,0.0,,
2026-08-13T13:19:56.888501Z,2026-08-13T13:19:56.887Z,state,s17,5.0,17.0,30.0,-1.5707963267948966,0.0,False
2026-08-13T13:19:56.888709Z,2026-08-13T13:19:56.888Z,visualization,s17,5.0,17.0,30.0,-1.5707963267948966,,
2026-08-13T13:19:56.897620Z,2026-08-13T13:19:56.896Z,state,s18,54.0,24.0,39.0,0.0,0.0,False
2026-08-13T13:19:56.897883Z,2026-08-13T13:19:56.897Z,visualization,s18,54.0,24.0,39.0,0.0,,
2026-08-13T13:19:56.898153Z,2026-08-13T13:19:56.897Z,state,s19,22.0,24.0,36.0,0.0,0.0,False
2026-08-13T13:19:56.898430Z,2026-08-13T13:19:56.898Z,visualization,s19,22.0,24.0,36.0,0.0,,
2026-08-13T13:19:56.898790Z,2026-08-13T13:19:56.898Z,state,s20,33.0,18.0,48.0,0.0,0.0,False
2026-08-13T13:19:56.899023Z,2026-08-13T13:19:56.898Z,visualization,s20,33.0,18.0,48.0,0.0,,
2026-08-13T13:19:56.899530Z,2026-08-13T13:19:56.899Z,state,s21,47.0,6.0,5.0,0.0,0.0,False
2026-08-13T13:19:56.899782Z,2026-08-13T13:19:56.899Z,visualization,s21,47.0,6.0,5.0,0.0,,
2026-08-13T13:19:56.900432Z,2026-08-13T13:19:56.899Z,state,s22,6.0,12.0,1.0,0.0,0.0,False
2026-08-13T13:19:56.900610Z,2026-08-13T13:19:56.900Z,visualization,s22,6.0,12.0,1.0,0.0,,
2026-08-13T13:19:56.900973Z,2026-08-13T13:19:56.900Z,state,s23,7.0,6.0,14.0,0.0,0.0,False
2026-08-13T13:19:56.901246Z,2026-08-13T13:19:56.901Z,visualization,s23,7.0,6.0,14.0,0.0,,
2026-08-13T13:19:56.901796Z,2026-08-13T13:19:56.901Z,state,s24,46.0,12.0,8.0,0.0,0.0,False
2026-08-13T13:19:56.902033Z,2026-08-13T13:19:56.901Z,visualization,s24,46.0,12.0,8.0,0.0,,
2026-08-13T13:19:57.435549Z,2026-08-13T13:19:57.434Z,state,s0,55.0,8.0,24.0,1.5707963267948966,0.0,False
2026-08-13T13:19:57.435835Z,2026-08-13T13:19:57.435Z,visualization,s0,55.0,8.0,24.0,1.5707963267948966,,
2026-08-13T13:19:57.436294Z,2026-08-13T13:19:57.435Z,state,s1,7.0,0.0,47.0,0.0,0.0,False
2026-08-13T13:19:57.436603Z,2026-08-13T13:19:57.436Z,visualization,s1,7.0,0.0,47.0,0.0,,
2026-08-13T13:19:57.437041Z,2026-08-13T13:19:57.436Z,state,s2,9.0,0.0,43.0,0.0,0.0,False
2026-08-13T13:19:57.437304Z,2026-08-13T13:19:57.437Z,visualization,s2,9.0,0.0,43.0,0.0,,
2026-08-13T13:19:57.437917Z,2026-08-13T13:19:57.437Z,state,s3,0.0,4.0,0.0,-1.5707963267948966,0.0,False
2026-08-13T13:19:57.438171Z,2026-08-13T13:19:57.437Z,visualization,s3,0.0,4.0,0.0,-1.5707963267948966,,
2026-08-13T13:19:57.439132Z,2026-08-13T13:19:57.438Z,state,s4,29.0,24.0,36.0,3.141592653589793,0.0,True
2026-08-13T13:19:57.439337Z,2026-08-13T13:19:57.439Z,visualization,s4,29.0,24.0,36.0,3.141592653589793,,
2026-08-13T13:19:57.439858Z,2026-08-13T13:19:57.439Z,state,s5,40.0,6.0,48.0,0.0,0.0,False
2026-08-13T13:19:57.440097Z,2026-08-13T13:19:57.439Z,visualization,s5,40.0,6.0,48.0,0.0,,
2026-08-13T13:19:57.440618Z,2026-08-13T13:19:57.440Z,state,s6,45.0,6.0,1.0,0.0,0.0,False
2026-08-13T13:19:57.440880Z,2026-08-13T13:19:57.440Z,visualization,s6,45.0,6.0,1.0,0.0,,
2026-08-13T13:19:57.441251Z,2026-08-13T13:19:57.440Z,state,s7,2.0,7.0,18.0,1.5707963267948966,0.0,False
2026-08-13T13:19:57.441498Z,2026-08-13T13:19:57.441Z,visualization,s7,2.0,7.0,18.0,1.5707963267948966,,
2026-08-13T13:19:57.442143Z,2026-08-13T13:19:57.441Z,state,s8,56.0,3.0,18.0,-1.5707963267948966,0.0,False
2026-08-13T13:19:57.442350Z,2026-08-13T13:19:57.442Z,visualization,s8,56.0,3.0,18.0,-1.5707963267948966,,
2026-08-13T13:19:57.442846Z,2026-08-13T13:19:57.442Z,state,s9,51.0,6.0,19.0,0.0,0.0,False
2026-08-13T13:19:57.443112Z,2026-08-13T13:19:57.442Z,visualization,s9,51.0,6.0,19.0,0.0,,
2026-08-13T13:19:57.443603Z,2026-08-13T13:19:57.443Z,state,s10,48.0,18.0,15.0,0.0,0.0,False
2026-08-13T13:19:57.443866Z,2026-08-13T13:19:57.443Z,visualization,s10,48.0,18.0,15.0,0.0,,
2026-08-13T13:19:57.444227Z,2026-08-13T13:19:57.443Z,state,s11,6.0,12.0,30.0,0.0,0.0,False
2026-08-13T13:19:57.444578Z,2026-08-13T13:19:57.444Z,visualization,s11,6.0,12.0,30.0,0.0,,
2026-08-13T13:19:57.445347Z,2026-08-13T13:19:57.444Z,state,s12,53.0,12.0,51.0,0.0,0.0,False
2026-08-13T13:19:57.445571Z,2026-08-13T13:19:57.445Z,visualization,s12,53.0,12.0,51.0,0.0,,
2026-08-13T13:19:57.445972Z,2026-08-13T13:19:57.445Z,state,s13,57.0,12.0,18.0,0.0,0.0,False
2026-08-13T13:19:57.446202Z,2026-08-13T13:19:57.445Z,visualization,s13,57.0,12.0,18.0,0.0,,
2026-08-13T13:19:57.446994Z,2026-08-13T13:19:57.446Z,state,s14,6.5,12.0,30.0,0.0,0.0,True
2026-08-13T13:19:57.447201Z,2026-08-13T13:19:57.446Z,visualization,s14,6.5,12.0,30.0,0.0,,
2026-08-13T13:19:57.447570Z,2026-08-13T13:19:57.447Z,state,s15,47.0,24.0,21.0,0.0,0.0,False
2026-08-13T13:19:57.447817Z,2026-08-13T13:19:57.447Z,visualization,s15,47.0,24.0,21.0,0.0,,
2026-08-13T13:19:57.448195Z,2026-08-13T13:19:57.447Z,state,s16,14.0,6.0,28.0,0.0,0.0,False
2026-08-13T13:19:57.448441Z,2026-08-13T13:19:57.448Z,visualization,s16,14.0,6.0,28.0,0.0,,
2026-08-13T13:19:57.449183Z,2026-08-13T13:19:57.448Z,state,s17,5.0,13.0,30.0,-1.5707963267948966,0.0,True
2026-08-13T13:19:57.449368Z,2026-08-13T13:19:57.449Z,visualization,s17,5.0,13.0,30.0,-1.5707963267948966,,
2026-08-13T13:19:57.460696Z,2026-08-13T13:19:57.459Z,state,s18,54.0,24.0,39.0,0.0,0.0,False
2026-08-13T13:19:57.460954Z,2026-08-13T13:19:57.460Z,visualization,s18,54.0,24.0,39.0,0.0,,
2026-08-13T13:19:57.461493Z,2026-08-13T13:19:57.460Z,state,s19,22.0,24.0,36.0,0.0,0.0,False
2026-08-13T13:19:57.461795Z,2026-08-13T13:19:57.461Z,visualization,s19,22.0,24.0,36.0,0.0,,
2026-08-13T13:19:57.462211Z,2026-08-13T13:19:57.461Z,state,s20,33.0,18.0,48.0,0.0,0.0,False
2026-08-13T13:19:57.462502Z,2026-08-13T13:19:57.462Z,visualization,s20,33.0,18.0,48.0,0.0,,
2026-08-13T13:19:57.462961Z,2026-08-13T13:19:57.462Z,state,s21,47.0,6.0,5.0,0.0,0.0,False
2026-08-13T13:19:57.463223Z,2026-08-13T13:19:57.462Z,visualization,s21,47.0,6.0,5.0,0.0,,
2026-08-13T13:19:57.463904Z,2026-08-13T13:19:57.463Z,state,s22,6.0,12.0,1.0,0.0,0.0,False
2026-08-13T13:19:57.464079Z,2026-08-13T13:19:57.463Z,visualization,s22,6.0,12.0,1.0,0.0,,
2026-08-13T13:19:57.464451Z,2026-08-13T13:19:57.464Z,state,s23,7.0,6.0,14.0,0.0,0.0,False
2026-08-13T13:19:57.464690Z,2026-08-13T13:19:57.464Z,visualization,s23,7.0,6.0,14.0,0.0,,
2026-08-13T13:19:57.465189Z,2026-08-13T13:19:57.464Z,state,s24,46.0,12.0,8.0,0.0,0.0,False
2026-08-13T13:19:57.465406Z,2026-08-13T13:19:57.465Z,visualization,s24,46.0,12.0,8.0,0.0,,
2026-08-13T13:19:57.996031Z,2026-08-13T13:19:57.995Z,state,s0,55.0,8.0,24.0,1.5707963267948966,0.0,False
2026-08-13T13:19:57.996330Z,2026-08-13T13:19:57.995Z,visualization,s0,55.0,8.0,24.0,1.5707963267948966,,
2026-08-13T13:19:57.997175Z,2026-08-13T13:19:57.996Z,state,s1,7.0,0.0,47.0,0.0,0.0,False
2026-08-13T13:19:57.997493Z,2026-08-13T13:19:57.997Z,visualization,s1,7.0,0.0,47.0,0.0,,
2026-08-13T13:19:57.997928Z,2026-08-13T13:19:57.997Z,state,s2,9.0,0.0,43.0,0.0,0.0,False
2026-08-13T13:19:57.998239Z,2026-08-13T13:19:57.997Z,visualization,s2,9.0,0.0,43.0,0.0,,
2026-08-13T13:19:57.998830Z,2026-08-13T13:19:57.998Z,state,s3,0.0,4.0,0.0,-1.5707963267948966,0.0,False
2026-08-13T13:19:57.999047Z,2026-08-13T13:19:57.998Z,visualization,s3,0.0,4.0,0.0,-1.5707963267948966,,
2026-08-13T13:19:58.000004Z,2026-08-13T13:19:57.999Z,state,s4,25.5,24.0,36.0,3.141592653589793,0.0,True
2026-08-13T13:19:58.000202Z,2026-08-13T13:19:57.999Z,visualization,s4,25.5,24.0,36.0,3.141592653589793,,
2026-08-13T13:19:58.000802Z,2026-08-13T13:19:58.000Z,state,s5,40.0,6.0,48.0,0.0,0.0,False
2026-08-13T13:19:58.001069Z,2026-08-13T13:19:58.000Z,visualization,s5,40.0,6.0,48.0,0.0,,
2026-08-13T13:19:58.001630Z,2026-08-13T13:19:58.001Z,state,s6,45.0,6.0,1.0,0.0,0.0,False
2026-08-13T13:19:58.001917Z,2026-08-13T13:19:58.001Z,visualization,s6,45.0,6.0,1.0,0.0,,
2026-08-13T13:19:58.002346Z,2026-08-13T13:19:58.001Z,state,s7,2.0,7.0,18.0,1.5707963267948966,0.0,False
2026-08-13T13:19:58.002641Z,2026-08-13T13:19:58.002Z,visualization,s7,2.0,7.0,18.0,1.5707963267948966,,
2026-08-13T13:19:58.003319Z,2026-08-13T13:19:58.002Z,state,s8,56.0,3.0,18.0,-1.5707963267948966,0.0,False
2026-08-13T13:19:58.003555Z,2026-08-13T13:19:58.003Z,visualization,s8,56.0,3.0,18.0,-1.5707963267948966,,
2026-08-13T13:19:58.004009Z,2026-08-13T13:19:58.003Z,state,s9,51.0,6.0,19.0,0.0,0.0,False
2026-08-13T13:19:58.004186Z,2026-08-13T13:19:58.003Z,visualization,s9,51.0,6.0,19.0,0.0,,
2026-08-13T13:19:58.004725Z,2026-08-13T13:19:58.004Z,state,s10,48.0,18.0,15.0,0.0,0.0,False
2026-08-13T13:19:58.004949Z,2026-08-13T13:19:58.004Z,visualization,s10,48.0,18.0,15.0,0.0,,
2026-08-13T13:19:58.005272Z,2026-08-13T13:19:58.004Z,state,s11,6.0,12.0,30.0,0.0,0.0,False
2026-08-13T13:19:58.005525Z,2026-08-13T13:19:58.005Z,visualization,s11,6.0,12.0,30.0,0.0,,
2026-08-13T13:19:58.006262Z,2026-08-13T13:19:58.005Z,state,s12,53.0,12.0,51.0,0.0,0.0,False
2026-08-13T13:19:58.006492Z,2026-08-13T13:19:58.006Z,visualization,s12,53.0,12.0,51.0,0.0,,
2026-08-13T13:19:58.006799Z,2026-08-13T13:19:58.006Z,state,s13,57.0,12.0,18.0,0.0,0.0,False
2026-08-13T13:19:58.006997Z,2026-08-13T13:19:58.006Z,visualization,s13,57.0,12.0,18.0,0.0,,
2026-08-13T13:19:58.007716Z,2026-08-13T13:19:58.007Z,state,s14,7.0,12.0,28.0,0.0,0.0,False
2026-08-13T13:19:58.007926Z,2026-08-13T13:19:58.007Z,visualization,s14,7.0,12.0,28.0,0.0,,
2026-08-13T13:19:58.008318Z,2026-08-13T13:19:58.007Z,state,s15,47.0,24.0,21.0,0.0,0.0,False
2026-08-13T13:19:58.008591Z,2026-08-13T13:19:58.008Z,visualization,s15,47.0,24.0,21.0,0.0,,
2026-08-13T13:19:58.008951Z,2026-08-13T13:19:58.008Z,state,s16,14.0,6.0,28.0,0.0,0.0,False
2026-08-13T13:19:58.009194Z,2026-08-13T13:19:58.008Z,visualization,s16,14.0,6.0,28.0,0.0,,
2026-08-13T13:19:58.009936Z,2026-08-13T13:19:58.009Z,state,s17,5.0,12.0,32.0,0.0,0.0,False
2026-08-13T13:19:58.010095Z,2026-08-13T13:19:58.009Z,visualization,s17,5.0,12.0,32.0,0.0,,
2026-08-13T13:19:58.023634Z,2026-08-13T13:19:58.022Z,state,s18,54.0,24.0,39.0,0.0,0.0,False
2026-08-13T13:19:58.023872Z,2026-08-13T13:19:58.023Z,visualization,s18,54.0,24.0,39.0,0.0,,
2026-08-13T13:19:58.024276Z,2026-08-13T13:19:58.023Z,state,s19,22.0,24.0,36.0,0.0,0.0,False
2026-08-13T13:19:58.024557Z,2026-08-13T13:19:58.024Z,visualization,s19,22.0,24.0,36.0,0.0,,
2026-08-13T13:19:58.025000Z,2026-08-13T13:19:58.024Z,state,s20,33.0,18.0,48.0,0.0,0.0,False
2026-08-13T13:19:58.025225Z,2026-08-13T13:19:58.024Z,visualization,s20,33.0,18.0,48.0,0.0,,
2026-08-13T13:19:58.025742Z,2026-08-13T13:19:58.025Z,state,s21,47.0,6.0,5.0,0.0,0.0,False
2026-08-13T13:19:58.025957Z,2026-08-13T13:19:58.025Z,visualization,s21,47.0,6.0,5.0,0.0,,
2026-08-13T13:19:58.026665Z,2026-08-13T13:19:58.026Z,state,s22,6.0,12.0,1.0,0.0,0.0,False
2026-08-13T13:19:58.026838Z,2026-08-13T13:19:58.026Z,visualization,s22,6.0,12.0,1.0,0.0,,
2026-08-13T13:19:58.027180Z,2026-08-13T13:19:58.026Z,state,s23,7.0,6.0,14.0,0.0,0.0,False
2026-08-13T13:19:58.027426Z,2026-08-13T13:19:58.027Z,visualization,s23,7.0,6.0,14.0,0.0,,
2026-08-13T13:19:58.027900Z,2026-08-13T13:19:58.027Z,state,s24,46.0,12.0,8.0,0.0,0.0,False
2026-08-13T13:19:58.028052Z,2026-08-13T13:19:58.027Z,visualization,s24,46.0,12.0,8.0,0.0,,
2026-08-13T13:19:58.557024Z,2026-08-13T13:19:58.555Z,state,s0,55.0,8.0,24.0,1.5707963267948966,0.0,False
2026-08-13T13:19:58.557212Z,2026-08-13T13:19:58.556Z,visualization,s0,55.0,8.0,24.0,1.5707963267948966,,
2026-08-13T13:19:58.557696Z,2026-08-13T13:19:58.557Z,state,s1,7.0,0.0,47.0,0.0,0.0,False
2026-08-13T13:19:58.558044Z,2026-08-13T13:19:58.557Z,visualization,s1,7.0,0.0,47.0,0.0,,
2026-08-13T13:19:58.558485Z,2026-08-13T13:19:58.558Z,state,s2,9.0,0.0,43.0,0.0,0.0,False
2026-08-13T13:19:58.558789Z,2026-08-13T13:19:58.558Z,visualization,s2,9.0,0.0,43.0,0.0,,
2026-08-13T13:19:58.559397Z,2026-08-13T13:19:58.558Z,state,s3,0.0,4.0,0.0,-1.5707963267948966,0.0,False
2026-08-13T13:19:58.559648Z,2026-08-13T13:19:58.559Z,visualization,s3,0.0,4.0,0.0,-1.5707963267948966,,
2026-08-13T13:19:58.560894Z,2026-08-13T13:19:58.559Z,state,s4,22.0,24.0,36.0,3.141592653589793,0.0,False
2026-08-13T13:19:58.561145Z,2026-08-13T13:19:58.560Z,visualization,s4,22.0,24.0,36.0,3.141592653589793,,
2026-08-13T13:19:58.561344Z,2026-08-13T13:19:58.560Z,state,s5,40.0,6.0,48.0,0.0,0.0,False
2026-08-13T13:19:58.561532Z,2026-08-13T13:19:58.561Z,visualization,s5,40.0,6.0,48.0,0.0,,
2026-08-13T13:19:58.561917Z,2026-08-13T13:19:58.561Z,state,s6,45.0,6.0,1.0,0.0,0.0,False
2026-08-13T13:19:58.562149Z,2026-08-13T13:19:58.561Z,visualization,s6,45.0,6.0,1.0,0.0,,
2026-08-13T13:19:58.562599Z,2026-08-13T13:19:58.562Z,state,s7,2.0,7.0,18.0,1.5707963267948966,0.0,False
2026-08-13T13:19:58.562928Z,2026-08-13T13:19:58.562Z,visualization,s7,2.0,7.0,18.0,1.5707963267948966,,
2026-08-13T13:19:58.563584Z,2026-08-13T13:19:58.562Z,state,s8,56.0,3.0,18.0,-1.5707963267948966,0.0,False
2026-08-13T13:19:58.563824Z,2026-08-13T13:19:58.563Z,visualization,s8,56.0,3.0,18.0,-1.5707963267948966,,
2026-08-13T13:19:58.564335Z,2026-08-13T13:19:58.563Z,state,s9,51.0,6.0,19.0,0.0,0.0,False
2026-08-13T13:19:58.564581Z,2026-08-13T13:19:58.564Z,visualization,s9,51.0,6.0,19.0,0.0,,
2026-08-13T13:19:58.565112Z,2026-08-13T13:19:58.564Z,state,s10,48.0,18.0,15.0,0.0,0.0,False
2026-08-13T13:19:58.565412Z,2026-08-13T13:19:58.565Z,visualization,s10,48.0,18.0,15.0,0.0,,
2026-08-13T13:19:58.565862Z,2026-08-13T13:19:58.565Z,state,s11,6.0,12.0,30.0,0.0,0.0,False
2026-08-13T13:19:58.566142Z,2026-08-13T13:19:58.565Z,visualization,s11,6.0,12.0,30.0,0.0,,
2026-08-13T13:19:58.566958Z,2026-08-13T13:19:58.566Z,state,s12,53.0,12.0,51.0,0.0,0.0,False
2026-08-13T13:19:58.567121Z,2026-08-13T13:19:58.566Z,visualization,s12,53.0,12.0,51.0,0.0,,
2026-08-13T13:19:58.567534Z,2026-08-13T13:19:58.567Z,state,s13,57.0,12.0,18.0,0.0,0.0,False
2026-08-13T13:19:58.567802Z,2026-08-13T13:19:58.567Z,visualization,s13,57.0,12.0,18.0,0.0,,
2026-08-13T13:19:58.568559Z,2026-08-13T13:19:58.567Z,state,s14,7.0,12.0,28.0,0.0,0.0,False
2026-08-13T13:19:58.568745Z,2026-08-13T13:19:58.568Z,visualization,s14,7.0,12.0,28.0,0.0,,
2026-08-13T13:19:58.569175Z,2026-08-13T13:19:58.568Z,state,s15,47.0,24.0,21.0,0.0,0.0,False
2026-08-13T13:19:58.569434Z,2026-08-13T13:19:58.569Z,visualization,s15,47.0,24.0,21.0,0.0,,
2026-08-13T13:19:58.569854Z,2026-08-13T13:19:58.569Z,state,s16,14.0,6.0,28.0,0.0,0.0,False
2026-08-13T13:19:58.570138Z,2026-08-13T13:19:58.569Z,visualization,s16,14.0,6.0,28.0,0.0,,
2026-08-13T13:19:58.570864Z,2026-08-13T13:19:58.570Z,state,s17,5.0,12.0,32.0,0.0,0.0,False
2026-08-13T13:19:58.571119Z,2026-08-13T13:19:58.570Z,visualization,s17,5.0,12.0,32.0,0.0,,
2026-08-13T13:19:58.586572Z,2026-08-13T13:19:58.585Z,state,s18,54.0,24.0,39.0,0.0,0.0,False
2026-08-13T13:19:58.586771Z,2026-08-13T13:19:58.586Z,visualization,s18,54.0,24.0,39.0,0.0,,
2026-08-13T13:19:58.587009Z,2026-08-13T13:19:58.586Z,state,s19,22.0,24.0,36.0,0.0,0.0,False
2026-08-13T13:19:58.587326Z,2026-08-13T13:19:58.587Z,visualization,s19,22.0,24.0,36.0,0.0,,
2026-08-13T13:19:58.587730Z,2026-08-13T13:19:58.587Z,state,s20,33.0,18.0,48.0,0.0,0.0,False
2026-08-13T13:19:58.587958Z,2026-08-13T13:19:58.587Z,visualization,s20,33.0,18.0,48.0,0.0,,
2026-08-13T13:19:58.588484Z,2026-08-13T13:19:58.588Z,state,s21,47.0,6.0,5.0,0.0,0.0,False
2026-08-13T13:19:58.588735Z,2026-08-13T13:19:58.588Z,visualization,s21,47.0,6.0,5.0,0.0,,
2026-08-13T13:19:58.589337Z,2026-08-13T13:19:58.588Z,state,s22,6.0,12.0,1.0,0.0,0.0,False
2026-08-13T13:19:58.589530Z,2026-08-13T13:19:58.589Z,visualization,s22,6.0,12.0,1.0,0.0,,
2026-08-13T13:19:58.589940Z,2026-08-13T13:19:58.589Z,state,s23,7.0,6.0,14.0,0.0,0.0,False
2026-08-13T13:19:58.590202Z,2026-08-13T13:19:58.590Z,visualization,s23,7.0,6.0,14.0,0.0,,
2026-08-13T13:19:58.590786Z,2026-08-13T13:19:58.590Z,state,s24,46.0,12.0,8.0,0.0,0.0,False
2026-08-13T13:19:58.590959Z,2026-08-13T13:19:58.590Z,visualization,s24,46.0,12.0,8.0,0.0,,
2026-08-13T13:19:59.120433Z,2026-08-13T13:19:59.119Z,state,s0,55.0,8.0,24.0,1.5707963267948966,0.0,False
2026-08-13T13:19:59.120727Z,2026-08-13T13:19:59.120Z,visualization,s0,55.0,8.0,24.0,1.5707963267948966,,
2026-08-13T13:19:59.121206Z,2026-08-13T13:19:59.120Z,state,s1,7.0,0.0,47.0,0.0,0.0,False
2026-08-13T13:19:59.121437Z,2026-08-13T13:19:59.121Z,visualization,s1,7.0,0.0,47.0,0.0,,
2026-08-13T13:19:59.121935Z,2026-08-13T13:19:59.121Z,state,s2,9.0,0.0,43.0,0.0,0.0,False
2026-08-13T13:19:59.122195Z,2026-08-13T13:19:59.121Z,visualization,s2,9.0,0.0,43.0,0.0,,
2026-08-13T13:19:59.122787Z,2026-08-13T13:19:59.122Z,state,s3,0.0,4.0,0.0,-1.5707963267948966,0.0,False
2026-08-13T13:19:59.123046Z,2026-08-13T13:19:59.122Z,visualization,s3,0.0,4.0,0.0,-1.5707963267948966,,
2026-08-13T13:19:59.123946Z,2026-08-13T13:19:59.123Z,state,s4,18.0,24.0,36.0,3.141592653589793,0.0,True
2026-08-13T13:19:59.124127Z,2026-08-13T13:19:59.123Z,visualization,s4,18.0,24.0,36.0,3.141592653589793,,
2026-08-13T13:19:59.124705Z,2026-08-13T13:19:59.124Z,state,s5,40.0,6.0,48.0,0.0,0.0,False
2026-08-13T13:19:59.124928Z,2026-08-13T13:19:59.124Z,visualization,s5,40.0,6.0,48.0,0.0,,
2026-08-13T13:19:59.125480Z,2026-08-13T13:19:59.125Z,state,s6,45.0,6.0,1.0,0.0,0.0,False
2026-08-13T13:19:59.125708Z,2026-08-13T13:19:59.125Z,visualization,s6,45.0,6.0,1.0,0.0,,
2026-08-13T13:19:59.126066Z,2026-08-13T13:19:59.125Z,state,s7,2.0,7.0,18.0,1.5707963267948966,0.0,False
2026-08-13T13:19:59.126286Z,2026-08-13T13:19:59.126Z,visualization,s7,2.0,7.0,18.0,1.5707963267948966,,
2026-08-13T13:19:59.126950Z,2026-08-13T13:19:59.126Z,state,s8,56.0,3.0,18.0,-1.5707963267948966,0.0,False
2026-08-13T13:19:59.127159Z,2026-08-13T13:19:59.126Z,visualization,s8,56.0,3.0,18.0,-1.5707963267948966,,
2026-08-13T13:19:59.127590Z,2026-08-13T13:19:59.127Z,state,s9,51.0,6.0,19.0,0.0,0.0,False
2026-08-13T13:19:59.127766Z,2026-08-13T13:19:59.127Z,visualization,s9,51.0,6.0,19.0,0.0,,
2026-08-13T13:19:59.128295Z,2026-08-13T13:19:59.127Z,state,s10,48.0,18.0,15.0,0.0,0.0,False
2026-08-13T13:19:59.128588Z,2026-08-13T13:19:59.128Z,visualization,s10,48.0,18.0,15.0,0.0,,
2026-08-13T13:19:59.128943Z,2026-08-13T13:19:59.128Z,state,s11,6.0,12.0,30.0,0.0,0.0,False
2026-08-13T13:19:59.129141Z,2026-08-13T13:19:59.128Z,visualization,s11,6.0,12.0,30.0,0.0,,
2026-08-13T13:19:59.129894Z,2026-08-13T13:19:59.129Z,state,s12,53.0,12.0,51.0,0.0,0.0,False
2026-08-13T13:19:59.130108Z,2026-08-13T13:19:59.129Z,visualization,s12,53.0,12.0,51.0,0.0,,
2026-08-13T13:19:59.130423Z,2026-08-13T13:19:59.130Z,state,s13,57.0,12.0,18.0,0.0,0.0,False
2026-08-13T13:19:59.130623Z,2026-08-13T13:19:59.130Z,visualization,s13,57.0,12.0,18.0,0.0,,
2026-08-13T13:19:59.131387Z,2026-08-13T13:19:59.130Z,state,s14,7.0,12.0,28.0,0.0,0.0,False
2026-08-13T13:19:59.131598Z,2026-08-13T13:19:59.131Z,visualization,s14,7.0,12.0,28.0,0.0,,
2026-08-13T13:19:59.131797Z,2026-08-13T13:19:59.131Z,state,s15,47.0,24.0,21.0,0.0,0.0,False
2026-08-13T13:19:59.132030Z,2026-08-13T13:19:59.131Z,visualization,s15,47.0,24.0,21.0,0.0,,
2026-08-13T13:19:59.132331Z,2026-08-13T13:19:59.132Z,state,s16,14.0,6.0,28.0,0.0,0.0,False
2026-08-13T13:19:59.132550Z,2026-08-13T13:19:59.132Z,visualization,s16,14.0,6.0,28.0,0.0,,
2026-08-13T13:19:59.133184Z,2026-08-13T13:19:59.132Z,state,s17,5.0,12.0,32.0,0.0,0.0,False
2026-08-13T13:19:59.133338Z,2026-08-13T13:19:59.133Z,visualization,s17,5.0,12.0,32.0,0.0,,
2026-08-13T13:19:59.147010Z,2026-08-13T13:19:59.145Z,state,s18,54.0,24.0,39.0,0.0,0.0,False
2026-08-13T13:19:59.147205Z,2026-08-13T13:19:59.146Z,visualization,s18,54.0,24.0,39.0,0.0,,
2026-08-13T13:19:59.147581Z,2026-08-13T13:19:59.147Z,state,s19,22.0,24.0,36.0,0.0,0.0,False
2026-08-13T13:19:59.147824Z,2026-08-13T13:19:59.147Z,visualization,s19,22.0,24.0,36.0,0.0,,
2026-08-13T13:19:59.148242Z,2026-08-13T13:19:59.147Z,state,s20,33.0,18.0,48.0,0.0,0.0,False
2026-08-13T13:19:59.148499Z,2026-08-13T13:19:59.148Z,visualization,s20,33.0,18.0,48.0,0.0,,
2026-08-13T13:19:59.149037Z,2026-08-13T13:19:59.148Z,state,s21,47.0,6.0,5.0,0.0,0.0,False
2026-08-13T13:19:59.149204Z,2026-08-13T13:19:59.148Z,visualization,s21,47.0,6.0,5.0,0.0,,
2026-08-13T13:19:59.149865Z,2026-08-13T13:19:59.149Z,state,s22,6.0,12.0,1.0,0.0,0.0,False
2026-08-13T13:19:59.150110Z,2026-08-13T13:19:59.149Z,visualization,s22,6.0,12.0,1.0,0.0,,
2026-08-13T13:19:59.150485Z,2026-08-13T13:19:59.150Z,state,s23,7.0,6.0,14.0,0.0,0.0,False
2026-08-13T13:19:59.150754Z,2026-08-13T13:19:59.150Z,visualization,s23,7.0,6.0,14.0,0.0,,
2026-08-13T13:19:59.151309Z,2026-08-13T13:19:59.150Z,state,s24,46.0,12.0,8.0,0.0,0.0,False
2026-08-13T13:19:59.151499Z,2026-08-13T13:19:59.151Z,visualization,s24,46.0,12.0,8.0,0.0,,
2026-08-13T13:19:59.680772Z,2026-08-13T13:19:59.679Z,state,s0,55.0,8.0,24.0,1.5707963267948966,0.0,False
2026-08-13T13:19:59.680990Z,2026-08-13T13:19:59.680Z,visualization,s0,55.0,8.0,24.0,1.5707963267948966,,
2026-08-13T13:19:59.681406Z,2026-08-13T13:19:59.681Z,state,s1,7.0,0.0,47.0,0.0,0.0,False
2026-08-13T13:19:59.681640Z,2026-08-13T13:19:59.681Z,visualization,s1,7.0,0.0,47.0,0.0,,
2026-08-13T13:19:59.682073Z,2026-08-13T13:19:59.681Z,state,s2,9.0,0.0,43.0,0.0,0.0,False
2026-08-13T13:19:59.682322Z,2026-08-13T13:19:59.682Z,visualization,s2,9.0,0.0,43.0,0.0,,
2026-08-13T13:19:59.682891Z,2026-08-13T13:19:59.682Z,state,s3,0.0,4.0,0.0,-1.5707963267948966,0.0,False
2026-08-13T13:19:59.683140Z,2026-08-13T13:19:59.682Z,visualization,s3,0.0,4.0,0.0,-1.5707963267948966,,
2026-08-13T13:19:59.683953Z,2026-08-13T13:19:59.683Z,state,s4,14.5,24.0,36.0,3.141592653589793,0.0,True
2026-08-13T13:19:59.684121Z,2026-08-13T13:19:59.683Z,visualization,s4,14.5,24.0,36.0,3.141592653589793,,
2026-08-13T13:19:59.684702Z,2026-08-13T13:19:59.684Z,state,s5,40.0,6.0,48.0,0.0,0.0,False
2026-08-13T13:19:59.684905Z,2026-08-13T13:19:59.684Z,visualization,s5,40.0,6.0,48.0,0.0,,
2026-08-13T13:19:59.685419Z,2026-08-13T13:19:59.684Z,state,s6,45.0,6.0,1.0,0.0,0.0,False
2026-08-13T13:19:59.685675Z,2026-08-13T13:19:59.685Z,visualization,s6,45.0,6.0,1.0,0.0,,
2026-08-13T13:19:59.686074Z,2026-08-13T13:19:59.685Z,state,s7,2.0,7.0,18.0,1.5707963267948966,0.0,False
2026-08-13T13:19:59.686343Z,2026-08-13T13:19:59.686Z,visualization,s7,2.0,7.0,18.0,1.5707963267948966,,
2026-08-13T13:19:59.687015Z,2026-08-13T13:19:59.686Z,state,s8,56.0,3.0,18.0,-1.5707963267948966,0.0,False
2026-08-13T13:19:59.687209Z,2026-08-13T13:19:59.686Z,visualization,s8,56.0,3.0,18.0,-1.5707963267948966,,
2026-08-13T13:19:59.687774Z,2026-08-13T13:19:59.687Z,state,s9,51.0,6.0,19.0,0.0,0.0,False
2026-08-13T13:19:59.688022Z,2026-08-13T13:19:59.687Z,visualization,s9,51.0,6.0,19.0,0.0,,
2026-08-13T13:19:59.688544Z,2026-08-13T13:19:59.688Z,state,s10,48.0,18.0,15.0,0.0,0.0,False
2026-08-13T13:19:59.688704Z,2026-08-13T13:19:59.688Z,visualization,s10,48.0,18.0,15.0,0.0,,
2026-08-13T13:19:59.689082Z,2026-08-13T13:19:59.688Z,state,s11,6.0,12.0,30.0,0.0,0.0,False
2026-08-13T13:19:59.689253Z,2026-08-13T13:19:59.689Z,visualization,s11,6.0,12.0,30.0,0.0,,
2026-08-13T13:19:59.690065Z,2026-08-13T13:19:59.689Z,state,s12,53.0,12.0,51.0,0.0,0.0,False
2026-08-13T13:19:59.690272Z,2026-08-13T13:19:59.689Z,visualization,s12,53.0,12.0,51.0,0.0,,
2026-08-13T13:19:59.690519Z,2026-08-13T13:19:59.690Z,state,s13,57.0,12.0,18.0,0.0,0.0,False
2026-08-13T13:19:59.690743Z,2026-08-13T13:19:59.690Z,visualization,s13,57.0,12.0,18.0,0.0,,
2026-08-13T13:19:59.691430Z,2026-08-13T13:19:59.690Z,state,s14,7.0,12.0,28.0,0.0,0.0,False
2026-08-13T13:19:59.691631Z,2026-08-13T13:19:59.691Z,visualization,s14,7.0,12.0,28.0,0.0,,
2026-08-13T13:19:59.691842Z,2026-08-13T13:19:59.691Z,state,s15,47.0,24.0,21.0,0.0,0.0,False
2026-08-13T13:19:59.692055Z,2026-08-13T13:19:59.691Z,visualization,s15,47.0,24.0,21.0,0.0,,
2026-08-13T13:19:59.692400Z,2026-08-13T13:19:59.692Z,state,s16,14.0,6.0,28.0,0.0,0.0,False
2026-08-13T13:19:59.692646Z,2026-08-13T13:19:59.692Z,visualization,s16,14.0,6.0,28.0,0.0,,
2026-08-13T13:19:59.693386Z,2026-08-13T13:19:59.692Z,state,s17,5.0,12.0,32.0,0.0,0.0,False
2026-08-13T13:19:59.693565Z,2026-08-13T13:19:59.693Z,visualization,s17,5.0,12.0,32.0,0.0,,
2026-08-13T13:19:59.709255Z,2026-08-13T13:19:59.707Z,state,s18,54.0,24.0,39.0,0.0,0.0,False
2026-08-13T13:19:59.709504Z,2026-08-13T13:19:59.709Z,visualization,s18,54.0,24.0,39.0,0.0,,
2026-08-13T13:19:59.709711Z,2026-08-13T13:19:59.709Z,state,s19,22.0,24.0,36.0,0.0,0.0,False
2026-08-13T13:19:59.710005Z,2026-08-13T13:19:59.709Z,visualization,s19,22.0,24.0,36.0,0.0,,
2026-08-13T13:19:59.710419Z,2026-08-13T13:19:59.710Z,state,s20,33.0,18.0,48.0,0.0,0.0,False
2026-08-13T13:19:59.710663Z,2026-08-13T13:19:59.710Z,visualization,s20,33.0,18.0,48.0,0.0,,
2026-08-13T13:19:59.711131Z,2026-08-13T13:19:59.710Z,state,s21,47.0,6.0,5.0,0.0,0.0,False
2026-08-13T13:19:59.711408Z,2026-08-13T13:19:59.711Z,visualization,s21,47.0,6.0,5.0,0.0,,
2026-08-13T13:19:59.712153Z,2026-08-13T13:19:59.711Z,state,s22,6.0,12.0,1.0,0.0,0.0,False
2026-08-13T13:19:59.712361Z,2026-08-13T13:19:59.712Z,visualization,s22,6.0,12.0,1.0,0.0,,
2026-08-13T13:19:59.712817Z,2026-08-13T13:19:59.712Z,state,s23,7.0,6.0,14.0,0.0,0.0,False
2026-08-13T13:19:59.713095Z,2026-08-13T13:19:59.712Z,visualization,s23,7.0,6.0,14.0,0.0,,
2026-08-13T13:19:59.713684Z,2026-08-13T13:19:59.713Z,state,s24,46.0,12.0,8.0,0.0,0.0,False
2026-08-13T13:19:59.713928Z,2026-08-13T13:19:59.713Z,visualization,s24,46.0,12.0,8.0,0.0,,
2026-08-13T13:20:00.241587Z,2026-08-13T13:20:00.240Z,state,s0,55.0,8.0,24.0,1.5707963267948966,0.0,False
2026-08-13T13:20:00.241868Z,2026-08-13T13:20:00.241Z,visualization,s0,55.0,8.0,24.0,1.5707963267948966,,
2026-08-13T13:20:00.242298Z,2026-08-13T13:20:00.241Z,state,s1,7.0,0.0,47.0,0.0,0.0,False
2026-08-13T13:20:00.242587Z,2026-08-13T13:20:00.242Z,visualization,s1,7.0,0.0,47.0,0.0,,
2026-08-13T13:20:00.243040Z,2026-08-13T13:20:00.242Z,state,s2,9.0,0.0,43.0,0.0,0.0,False
2026-08-13T13:20:00.243355Z,2026-08-13T13:20:00.243Z,visualization,s2,9.0,0.0,43.0,0.0,,
2026-08-13T13:20:00.243931Z,2026-08-13T13:20:00.243Z,state,s3,0.0,4.0,0.0,-1.5707963267948966,0.0,False
2026-08-13T13:20:00.244178Z,2026-08-13T13:20:00.243Z,visualization,s3,0.0,4.0,0.0,-1.5707963267948966,,
2026-08-13T13:20:00.245011Z,2026-08-13T13:20:00.244Z,state,s4,14.0,24.0,38.0,0.0,0.0,False
2026-08-13T13:20:00.245201Z,2026-08-13T13:20:00.244Z,visualization,s4,14.0,24.0,38.0,0.0,,
2026-08-13T13:20:00.245701Z,2026-08-13T13:20:00.245Z,state,s5,40.0,6.0,48.0,0.0,0.0,False
2026-08-13T13:20:00.245901Z,2026-08-13T13:20:00.245Z,visualization,s5,40.0,6.0,48.0,0.0,,
2026-08-13T13:20:00.246410Z,2026-08-13T13:20:00.245Z,state,s6,45.0,6.0,1.0,0.0,0.0,False
2026-08-13T13:20:00.246661Z,2026-08-13T13:20:00.246Z,visualization,s6,45.0,6.0,1.0,0.0,,
2026-08-13T13:20:00.247146Z,2026-08-13T13:20:00.246Z,state,s7,2.0,7.0,18.0,1.5707963267948966,0.0,False
2026-08-13T13:20:00.247396Z,2026-08-13T13:20:00.247Z,visualization,s7,2.0,7.0,18.0,1.5707963267948966,,
2026-08-13T13:20:00.248125Z,2026-08-13T13:20:00.247Z,state,s8,56.0,3.0,18.0,-1.5707963267948966,0.0,False
2026-08-13T13:20:00.248356Z,2026-08-13T13:20:00.248Z,visualization,s8,56.0,3.0,18.0,-1.5707963267948966,,
2026-08-13T13:20:00.248902Z,2026-08-13T13:20:00.248Z,state,s9,51.0,6.0,19.0,0.0,0.0,False
2026-08-13T13:20:00.249168Z,2026-08-13T13:20:00.248Z,visualization,s9,51.0,6.0,19.0,0.0,,
2026-08-13T13:20:00.249740Z,2026-08-13T13:20:00.249Z,state,s10,48.0,18.0,15.0,0.0,0.0,False
2026-08-13T13:20:00.250059Z,2026-08-13T13:20:00.249Z,visualization,s10,48.0,18.0,15.0,0.0,,
2026-08-13T13:20:00.250493Z,2026-08-13T13:20:00.250Z,state,s11,6.0,12.0,30.0,0.0,0.0,False
2026-08-13T13:20:00.250730Z,2026-08-13T13:20:00.250Z,visualization,s11,6.0,12.0,30.0,0.0,,
2026-08-13T13:20:00.251483Z,2026-08-13T13:20:00.250Z,state,s12,53.0,12.0,51.0,0.0,0.0,False
2026-08-13T13:20:00.251704Z,2026-08-13T13:20:00.251Z,visualization,s12,53.0,12.0,51.0,0.0,,
2026-08-13T13:20:00.252079Z,2026-08-13T13:20:00.251Z,state,s13,57.0,12.0,18.0,0.0,0.0,False
2026-08-13T13:20:00.252327Z,2026-08-13T13:20:00.252Z,visualization,s13,57.0,12.0,18.0,0.0,,
2026-08-13T13:20:00.253116Z,2026-08-13T13:20:00.252Z,state,s14,7.0,12.0,28.0,0.0,0.0,False
2026-08-13T13:20:00.253338Z,2026-08-13T13:20:00.253Z,visualization,s14,7.0,12.0,28.0,0.0,,
2026-08-13T13:20:00.253658Z,2026-08-13T13:20:00.253Z,state,s15,47.0,24.0,21.0,0.0,0.0,False
2026-08-13T13:20:00.253944Z,2026-08-13T13:20:00.253Z,visualization,s15,47.0,24.0,21.0,0.0,,
2026-08-13T13:20:00.254320Z,2026-08-13T13:20:00.254Z,state,s16,14.0,6.0,28.0,0.0,0.0,False
2026-08-13T13:20:00.254600Z,2026-08-13T13:20:00.254Z,visualization,s16,14.0,6.0,28.0,0.0,,
2026-08-13T13:20:00.255326Z,2026-08-13T13:20:00.254Z,state,s17,5.0,12.0,32.0,0.0,0.0,False
2026-08-13T13:20:00.255525Z,2026-08-13T13:20:00.255Z,visualization,s17,5.0,12.0,32.0,0.0,,
2026-08-13T13:20:00.270808Z,2026-08-13T13:20:00.269Z,state,s18,54.0,24.0,39.0,0.0,0.0,False
2026-08-13T13:20:00.271067Z,2026-08-13T13:20:00.270Z,visualization,s18,54.0,24.0,39.0,0.0,,
2026-08-13T13:20:00.271586Z,2026-08-13T13:20:00.271Z,state,s19,22.0,24.0,36.0,0.0,0.0,False
2026-08-13T13:20:00.271903Z,2026-08-13T13:20:00.271Z,visualization,s19,22.0,24.0,36.0,0.0,,
2026-08-13T13:20:00.272315Z,2026-08-13T13:20:00.271Z,state,s20,33.0,18.0,48.0,0.0,0.0,False
2026-08-13T13:20:00.272605Z,2026-08-13T13:20:00.272Z,visualization,s20,33.0,18.0,48.0,0.0,,
2026-08-13T13:20:00.273072Z,2026-08-13T13:20:00.272Z,state,s21,47.0,6.0,5.0,0.0,0.0,False
2026-08-13T13:20:00.273390Z,2026-08-13T13:20:00.273Z,visualization,s21,47.0,6.0,5.0,0.0,,
2026-08-13T13:20:00.274321Z,2026-08-13T13:20:00.273Z,state,s22,6.0,12.0,1.0,0.0,0.0,False
2026-08-13T13:20:00.274552Z,2026-08-13T13:20:00.274Z,visualization,s22,6.0,12.0,1.0,0.0,,
2026-08-13T13:20:00.274873Z,2026-08-13T13:20:00.274Z,state,s23,7.0,6.0,14.0,0.0,0.0,False
2026-08-13T13:20:00.275159Z,2026-08-13T13:20:00.274Z,visualization,s23,7.0,6.0,14.0,0.0,,
2026-08-13T13:20:00.275700Z,2026-08-13T13:20:00.275Z,state,s24,46.0,12.0,8.0,0.0,0.0,False
2026-08-13T13:20:00.275926Z,2026-08-13T13:20:00.275Z,visualization,s24,46.0,12.0,8.0,0.0,,
