episode,map,scen,agents,reward,completed,completion_rate,collisions,recovery_invocations,recovery_forced,recovery_resolved,recovery_wasted,recovery_preemptive,recovery_preemptive_success,risk_steps,risk_steps_acted,warning_steps,intervention_rate,brake_duty_cycle,mean_peer_gap,errors_injected,handovers_completed,retired_recalled,action_override_rate,gradient_agreement,mean_hops_remaining,wave_fired,wave_failures,wave_rescuers_hit,ladder_l3_fired,ladder_l3_fleets,ladder_rules_while_held,ladder_shadow_steps_with_groups,ladder_shadow_groups,ladder_shadow_groups_2,ladder_shadow_groups_3plus,ladder_shadow_max_group,ladder_shadow_cycles_seen,ladder_shadow_cycles_2,ladder_shadow_cycles_3plus,ladder_shadow_cycles_in_corridor,ladder_shadow_max_cycle,ladder_shadow_max_cycle_persist,ladder_shadow_cycles_cleared_in_grace,ladder_retrace_orders,ladder_retrace_hops,ladder_retrace_released,ladder_retrace_timeouts,ladder_retrace_no_room,ladder_retrace_multi,ladder_retrace_skipped_corridor,ladder_retrace_timeout_not_arrived,ladder_retrace_timeout_others_stuck,ladder_retrace_timeout_last_head_on,ladder_retrace_timeout_last_contested,ladder_retrace_timeout_last_blocked,ladder_retrace_timeout_last_following,ladder_retrace_timeout_last_none,ladder_retrace_collisions_while_retreating,ladder_retrace_open,ladder_rung_l1_events,ladder_rung_l2_events,ladder_rung_l3_events,ladder_rung_l1_charged,ladder_rung_l2_charged,ladder_rung_l3_charged,ladder_shadow_cycles_needing_retreat,incomplete_moving,incomplete_dead_rescued,incomplete_total,hops_moving,hops_dead_rescued,start_hops_moving,start_hops_dead_rescued,steps_held_moving,steps_held_dead_rescued,steps_waiting_moving,steps_waiting_dead_rescued,start_hops_delivered,steps_held_delivered,steps_waiting_delivered,sep_pairs,tier1_real_escapes,tier1_noop_escapes,tier1_rejected_occupied,tier1_rejected_obstacle,tier2_rejected_obstacle,recurrence_escalations,recurrence_pairs_tracked,doorstep_steps,doorstep_arrived,doorstep_closer,doorstep_idle,doorstep_away,doorstep_overridden,doorstep_peer_within_warning,doorstep_step_in_rate,doorstep_idle_rate,convoy_fleets_exempted,convoy_invocations_skipped,held_pair_invocations_skipped,rwd_term_pos_goal_baseline,rwd_term_neg_goal_baseline,rwd_term_pos_goal_delivery,rwd_term_neg_goal_delivery,rwd_term_pos_goal_progress,rwd_term_neg_goal_progress,rwd_term_pos_goal_final_approach,rwd_term_neg_goal_final_approach,rwd_term_pos_safety_collision,rwd_term_neg_safety_collision,rwd_term_pos_safety_warning,rwd_term_neg_safety_warning,rwd_term_pos_integrity_coherence,rwd_term_neg_integrity_coherence,rwd_term_pos_integrity_recovery_events,rwd_term_neg_integrity_recovery_events,rwd_term_pos_rescue_pickup,rwd_term_neg_rescue_pickup,rwd_term_pos_rescue_rescue_delivery,rwd_term_neg_rescue_rescue_delivery,rwd_term_pos_time_idle,rwd_term_neg_time_idle,rwd_term_pos_time_overtime,rwd_term_neg_time_overtime,rwd_spread_mean_goal,rwd_spread_std_goal,rwd_spread_mean_safety,rwd_spread_std_safety,rwd_spread_mean_integrity,rwd_spread_std_integrity,rwd_spread_mean_rescue,rwd_spread_std_rescue,rwd_spread_mean_time,rwd_spread_std_time,rwd_shadow_pos_safety,rwd_shadow_neg_safety,rwd_shadow_pos_delivery,rwd_shadow_neg_delivery,rwd_shadow_pos_efficiency,rwd_shadow_neg_efficiency,rwd_shadow_mean_safety,rwd_shadow_std_safety,rwd_shadow_mean_delivery,rwd_shadow_std_delivery,rwd_shadow_mean_efficiency,rwd_shadow_std_efficiency,rwd_shadow_freq_safety,rwd_shadow_typical_safety,rwd_shadow_freq_delivery,rwd_shadow_typical_delivery,rwd_shadow_freq_efficiency,rwd_shadow_typical_efficiency,rwd_live_pos_safety,rwd_live_neg_safety,rwd_live_pos_delivery,rwd_live_neg_delivery,rwd_live_pos_efficiency,rwd_live_neg_efficiency,rwd_approach_total,rwd_standoff_pairsteps,rwd_standoff_longest,rwd_standoff_past_cap,rwd_choice_wait,rwd_choice_follow,rwd_choice_reroute,rwd_choice_proceed,choice_n,choice_policy_wait,choice_policy_toward,choice_policy_away,choice_policy_side,choice_exec_wait,choice_exec_toward,choice_exec_away,choice_exec_side,choice_over_rule,choice_over_hold,choice_over_other,choice_policy_wait_share,choice_exec_wait_share,rwd_warnundo_fleetsteps,rwd_warnundo_mismatched,rwd_warnundo_escaped_kept,rwd_warnundo_error,rwd_all_pos_goal,rwd_all_pos_safety,rwd_all_pos_integrity,rwd_all_pos_rescue,rwd_all_pos_time,rwd_all_neg_goal,rwd_all_neg_safety,rwd_all_neg_integrity,rwd_all_neg_rescue,rwd_all_neg_time,rwd_learned_pos_goal,rwd_learned_pos_safety,rwd_learned_pos_integrity,rwd_learned_pos_rescue,rwd_learned_pos_time,rwd_learned_neg_goal,rwd_learned_neg_safety,rwd_learned_neg_integrity,rwd_learned_neg_rescue,rwd_learned_neg_time,held_pair_fleets_exempted,convoy_splats_skipped,orders_total,orders_delivered,orders_undelivered,orders_inherited,orders_inherited_delivered,orders_stranded_in_open_pickups,sep_warning_splats,preempt_window,preempt_watched,preempt_collided_k,preempt_clear_k,preempt_pending,preempt_prevention_rate,preempt_fleets_hit_k,preempt_fleets_watched,conflict_collapses,conflict_repeat_offences,conflict_max_pair_repeat,conflict_evaluations,conflict_pairs_head_on,conflict_warned_head_on,conflict_pairs_blocked,conflict_warned_blocked,conflict_pairs_following,conflict_warned_following,conflict_pairs_contested,conflict_warned_contested,conflict_pairs_sequential,conflict_warned_sequential,conflict_pairs_none,conflict_warned_none,conflict_pairs_unknown,conflict_warned_unknown,conflict_brake_convoy_exempt,corridor_entry_waits,corridor_entry_contests,corridor_meetings,corridor_retreaters,corridor_released,corridor_timeouts,corridor_no_pullover,corridor_claim_waits,corridor_hold_steps,corridor_entry_pullovers,corridor_stopped_waits,corridor_stopped_cycles_left,corridor_count,corridor_orders_open,corridor_aging_resets,conflict_holds,conflict_holds_at_cap,conflict_hold_steps,path_views,path_seeing_pct,path_routes_seen_mean,path_shared_pct,path_overlap_mean,path_contested_pct,path_contested_next_pct,path_contested_soonest,loss_safety,loss_delivery,loss_efficiency,qval_safety,qval_delivery,qval_efficiency,loss_recovery,qval_recovery,loss_teacher,teacher_agree,teacher_share,teacher_n,incomplete_dead_no_pickup,hops_dead_no_pickup,start_hops_dead_no_pickup,steps_held_dead_no_pickup,steps_waiting_dead_no_pickup,sep_min,sep_mean_nearest,sep_within_collision,sep_within_warning,sep_pct_within_warning,incomplete_dead_rescue_late,incomplete_rescuer_busy,hops_dead_rescue_late,hops_rescuer_busy,start_hops_dead_rescue_late,start_hops_rescuer_busy,steps_held_dead_rescue_late,steps_held_rescuer_busy,steps_waiting_dead_rescue_late,steps_waiting_rescuer_busy
1,25_5_2_5_2_1,25_5_2_5_2_1_StartGoalLocations_Seed1016.csv,40,-1325.7679764032364,39,0.975,11,0,11,11,0,0,0,207,0,196,0.0,0.1521569848933188,7.196238185271094,2,2,2,0.29105058365758757,0.3777431906614786,5.352699279785156,0,0,0,0,0,10,205,376,338,38,3,25,25,0,19,2,4,10,14,14,14,0,1,0,0,0,0,0,0,0,0,0,0,0,14.0,9.0,0.0,-67.79999999999998,-467.9999999999997,0.0,15,1.0,2.0,3,5.35,13.25,1.0,24.5,5.0,0.0,9.0,34.0,7.96,0.4,10.6,0,16,0,11,0,0,0,7,138,0,46,29,63,0,17,0.3333,0.2101,0,0,0,642.5,0.0,3900.0,0.0,3996.071,-3039.773,56.0,0.0,0.0,-1100.0,13.226,-458.793,0.0,-2162.0,0.0,-2328.0,50.0,0.0,0.0,0.0,0.0,-550.0,0.0,-345.0,0.86456,7.85955,-0.24056,2.91754,-0.69883,1.60579,0.00778,0.44101,-0.1393,0.70927,0.0,-2128.928,3950.0,0.0,4955.68,-2956.418,-0.33135,3.07135,0.61479,7.77927,0.31117,1.47986,0.13105,2.52842,0.00638,96.34146,0.99393,1.23898,0.0,-61.7041,56.108,0.0,230.2898,-223.587,-52.651,159,14,45,412,43,169,194,819,228,221,370,0,409,238,172,0,240,13,121,0.2783882783882784,0.4993894993894994,817,347,99,-4.638,8381.328,10.431,0.0,50.0,0.0,-2826.529,-1555.997,-4490.0,0.0,-895.0,8381.328,10.431,0.0,50.0,0.0,-2826.529,-1555.997,-4490.0,0.0,-895.0,0,115,40,39,1,2,2,0,320,5,0,0,0,0,,0,0,11,4,3,3200,172,172,936,936,1292,460,130,130,4,0,774,58,0,0,611,9,1,5,9,8,0,0,96,282,4,120,4,305,0,215,4,0,20,15210,56.52202498356345,2.191578457601489,20.611439842209073,1.5904904549056145,12.978303747534516,2.9322813938198555,2.563323201621074,0.006314575719023806,0.007311525683865214,0.0013921242388940872,-0.004156436347184255,0.051318253624032466,-0.009472551429344313,0.0019879216029958895,0.04277886490420005,0.3857803887488306,0.44533127180794385,0.1154032963123427,95722.0,,,,,,,,,,,,,,,,,,,,
2,50_20_5_10_5_2,50_20_5_10_5_2_StartGoalLocations_Seed1015.csv,40,7332.895619541407,38,0.95,0,0,0,0,0,0,0,23,0,23,0.0,0.012165729369907036,9.791845261045019,10,7,7,0.06989555836106967,0.521634339492712,26.75,2,5,1,0,0,0,22,33,33,0,2,6,6,0,2,2,2,5,1,1,1,0,0,0,0,0,0,0,0,0,0,0,0,0,1.0,1.0,0.0,-4.8,-16.8,0.0,1,2.0,7.0,12,26.75,18.0,82.5,36.14,0.0,0.0,0.0,0.0,24.57,0.0,0.9,1,0,0,0,0,0,0,0,278,0,155,55,68,0,0,0.5576,0.1978,0,0,0,871.3,0.0,3800.0,0.0,7648.548,-3396.048,0.0,0.0,0.0,0.0,0.8,-41.204,0.0,-419.0,0.0,0.0,175.0,0.0,0.0,0.0,0.0,-616.5,0.0,-690.0,1.02419,6.68256,-0.00464,0.0544,-0.04809,0.14742,0.02008,0.70832,-0.14995,0.83483,0.0,-70.921,3975.0,0.0,11186.036,-2628.062,-0.00814,0.09406,0.45621,6.62623,0.98221,1.61139,0.0078,1.04296,0.00516,88.33333,0.99392,1.59516,0.0,-1.7537,56.4631,0.0,432.079,-263.7361,-4.551,7,1,0,19,4,33,12,68,4,18,46,0,19,16,33,0,19,0,2,0.058823529411764705,0.27941176470588236,68,36,14,-3.483,12091.448,0.8,0.0,175.0,0.0,-3167.648,-41.204,-419.0,0.0,-1306.5,12091.448,0.8,0.0,175.0,0.0,-3167.648,-41.204,-419.0,0.0,-1306.5,0,10,40,38,2,7,7,0,24,5,0,0,0,0,,0,0,0,0,0,3200,28,28,60,60,172,40,4,4,0,0,56,4,0,0,98,0,0,0,1,1,0,0,7,4,1,11,0,3200,0,7,0,0,0,29223,10.433562604797592,1.0,5.01317455428943,1.3852559940247406,3.5143551312322487,0.5030284365054922,3.13047711781889,0.0022845161383338564,0.004883132061877404,0.0015492569815251044,-0.0030028540189232446,0.0637406885297969,0.024068895209011315,0.0040366837957844836,0.05467136434977874,0.36458657485189955,0.39117281253151365,0.05370993687837462,29749.0,3.0,9.5,29.33,0.0,2.3,100.5,100.5,0.0,0.0,0.0,,,,,,,,,,
3,25_5_2_5_2_1,25_5_2_5_2_1_StartGoalLocations_Seed1004.csv,60,2654.4382042884827,59,0.9833333333333333,6,0,6,6,0,0,0,132,0,126,0.0,0.2069574430513862,5.297017973615638,4,3,2,0.15254237288135594,0.3852401129943503,0.0,1,2,0,0,0,0,130,301,274,27,3,27,26,1,22,3,4,16,11,11,11,0,0,1,0,0,0,0,0,0,0,0,0,0,11.0,4.0,0.0,-61.19999999999999,-225.6,0.0,11,,3.0,4,,8.17,,12.67,,0.0,,9.0,6.9,0.1,7.4,0,11,0,7,0,0,0,5,280,0,104,46,130,0,19,0.3714,0.1643,0,0,0,566.4,0.0,5900.0,0.0,3578.116,-2303.31,14.0,0.0,0.0,-600.0,6.736,-420.504,0.0,-2206.5,0.0,-1472.0,75.0,0.0,0.0,0.0,0.0,-483.5,0.0,0.0,1.36921,10.2018,-0.17898,2.30329,-0.64945,1.36092,0.01324,0.57521,-0.08536,0.18814,0.0,-1447.653,5975.0,0.0,4242.63,-2170.956,-0.25559,2.39801,1.05491,10.16784,0.36576,1.24099,0.1227,2.08295,0.01095,96.37097,0.98905,1.14487,0.0,-37.8254,84.8722,0.0,205.2638,-159.2463,-61.113,114,7,7,261,71,161,191,686,212,219,255,0,260,264,162,0,109,3,104,0.30903790087463556,0.37900874635568516,685,355,94,-11.614,9894.116,5.655,0.0,75.0,0.0,-2138.91,-1019.422,-3678.5,0.0,-483.5,9894.116,5.655,0.0,75.0,0.0,-2138.91,-1019.422,-3678.5,0.0,-483.5,0,141,60,59,1,3,3,0,227,5,0,0,0,0,,0,0,6,1,2,1216,173,173,508,508,1307,564,91,91,4,0,2463,154,0,0,650,5,0,2,4,4,0,0,40,158,2,89,3,305,0,171,1,0,5,12915,74.8586914440573,2.946421183285064,27.96747967479675,1.141580163449377,18.35075493612079,3.313975996902826,2.943459915611814,0.001583374459043721,0.004947329325085248,0.0018082773420150932,-0.005063930400479565,0.06633380321344655,0.0345134955377465,0.007302116997858607,0.03587849548019126,0.3669960909443814,0.3323455875544032,0.04972585001965335,10799.0,1.0,3.0,22.0,0.0,6.0,,,,,,,,,,,,,,,
4,25_5_2_5_2_1,25_5_2_5_2_1_StartGoalLocations_Seed1019.csv,25,2345.1360255256295,25,1.0,4,0,4,4,0,0,0,119,0,115,0.0,0.10780539026951348,7.233952577506532,7,6,7,0.09059111577474642,0.47359216509268975,0.0,2,4,0,0,0,3,113,130,130,0,2,10,10,0,10,2,27,3,7,7,7,0,0,0,0,0,0,0,0,0,0,0,0,0,7.0,0.0,0.0,-33.599999999999994,0.0,0.0,7,,6.0,7,,2.96,,11.33,,0.8,,7.2,8.69,0.3,5.1,0,6,0,2,0,0,0,2,95,0,57,22,16,0,3,0.6,0.2316,0,0,0,285.9,0.0,2500.0,0.0,2078.042,-1147.513,42.0,0.0,0.0,-400.0,0.53,-144.822,0.0,-649.5,0.0,-128.0,150.0,0.0,0.0,0.0,0.0,-241.5,0.0,0.0,1.3146,9.3653,-0.19038,2.64374,-0.27195,0.63071,0.05247,1.14407,-0.08447,0.18735,0.0,-730.665,2650.0,0.0,2463.43,-1082.776,-0.25557,2.83678,0.9269,9.37527,0.48291,1.30357,0.09444,2.70617,0.01084,85.48387,0.99091,1.25175,0.0,-17.2478,37.642,0.0,121.1452,-79.3722,-19.999,32,4,2,112,4,72,76,264,65,115,84,0,112,80,72,0,71,7,18,0.24621212121212122,0.42424242424242425,264,170,20,0.373,4826.442,0.251,0.0,150.0,0.0,-1068.013,-544.544,-777.5,0.0,-241.5,4826.442,0.251,0.0,150.0,0.0,-1068.013,-544.544,-777.5,0.0,-241.5,0,13,25,25,0,5,5,0,117,5,0,0,0,0,,0,0,4,2,3,1976,219,219,205,205,234,52,42,42,0,0,204,9,0,0,462,0,0,0,0,0,0,0,27,0,0,53,0,305,0,21,2,0,10,9964,46.376957045363305,1.3758926639255573,17.874347651545563,1.3110191112547351,9.634684865515856,3.5427539140907265,2.284375,0.0016412672073062348,0.005923464221018272,0.002086064945114588,-0.004853282907825347,0.07676471893483328,0.06218269111415153,0.013198241285097442,0.030877007775268847,0.3482256711427844,0.33934686888454013,0.047495823216570365,16352.0,1.0,0.5,4.0,0.0,0.0,,,,,,,,,,,,,,,
5,25_5_2_5_2_1,25_5_2_5_2_1_StartGoalLocations_Seed1003.csv,40,2314.2750514298677,40,1.0,3,0,3,3,0,0,0,144,0,141,0.0,0.1963876146788991,5.416064618992696,6,6,5,0.12930045871559634,0.4466743119266055,0.0,1,4,0,0,0,0,144,257,248,9,4,17,17,0,13,2,6,9,6,6,6,0,0,0,2,0,0,0,0,0,0,0,0,0,6.0,3.0,0.0,-29.39999999999999,-59.99999999999999,0.0,8,,6.0,6,,3.89,,9.83,,0.0,,4.3,7.26,0.0,8.7,0,6,0,3,0,0,0,3,244,0,102,38,104,0,26,0.418,0.1557,0,0,0,348.8,0.0,4000.0,0.0,2339.988,-1450.25,3.5,0.0,0.0,-400.0,3.814,-326.578,0.0,-1428.5,0.0,-680.0,150.0,0.0,0.0,0.0,0.0,-246.5,0.0,0.0,1.50288,10.69109,-0.20721,2.39686,-0.6045,1.18279,0.043,1.03599,-0.07067,0.17419,0.0,-1041.984,4150.0,0.0,2670.619,-1408.27,-0.29873,2.488,1.18979,10.69291,0.36191,1.25924,0.1551,1.92603,0.01319,90.21739,0.98681,1.18503,0.0,-23.1463,58.9489,0.0,133.9136,-96.9571,-33.019,108,13,30,255,41,99,135,531,173,198,160,0,255,177,99,0,143,0,73,0.3258003766478343,0.480225988700565,531,260,54,-0.279,6589.988,3.175,0.0,150.0,0.0,-1347.95,-725.938,-2108.5,0.0,-246.5,6589.988,3.175,0.0,150.0,0.0,-1347.95,-725.938,-2108.5,0.0,-246.5,0,99,40,40,0,6,6,0,172,5,0,0,0,0,,0,0,3,0,0,868,154,154,490,490,942,396,32,32,0,0,1533,19,0,0,634,4,0,1,3,2,1,0,36,111,2,73,1,305,0,73,0,0,0,8540,74.62529274004685,2.8696061509493176,22.060889929742387,1.2065087716533127,15.046838407494144,3.6182669789227164,2.4785992217898833,0.0018282766824895044,0.005905346276478902,0.0021285860373290934,-0.005832342744541518,0.08096157240977485,0.07647541891525968,0.016424696780912885,0.02586139434377753,0.35396700206040044,0.3243572395128552,0.04985884705024446,7390.0,,,,,,,,,,,,,,,,,,,,
6,50_20_5_10_5_2,50_20_5_10_5_2_StartGoalLocations_Seed1017.csv,40,7364.099902674556,40,1.0,0,0,0,0,0,0,0,0,0,0,0.0,0.0,9.913353252125948,4,2,4,0.02895886003217651,0.6460583773845093,0.0,0,0,0,0,0,0,0,0,0,0,0,0,0,0,0,0,0,0,0,0,0,0,0,0,0,0,0,0,0,0,0,0,0,0,0.0,0.0,0.0,0.0,0.0,0.0,0,,2.0,4,,21.75,,42.0,,0.0,,0.0,24.86,0.0,0.0,0,0,0,0,0,0,0,0,130,0,94,17,19,0,0,0.7231,0.1308,0,0,0,435.1,0.0,4000.0,0.0,4372.5,-1198.5,0.0,0.0,0.0,0.0,0.0,0.0,0.0,0.0,0.0,0.0,50.0,0.0,0.0,0.0,0.0,-295.0,0.0,0.0,1.74882,9.54646,0.0,0.0,0.0,0.0,0.01149,0.53587,-0.0678,0.17118,0.0,0.0,4050.0,0.0,5854.88,-893.055,0.0,0.0,0.93082,9.55792,1.14039,1.28285,0.0,0.0,0.00965,96.42857,0.98943,1.56746,0.0,0.0,57.5284,0.0,249.8572,-85.3429,0.0,0,0,0,0,0,0,0,0,0,0,0,0,0,0,0,0,0,0,0,,,0,0,0,0.0,8727.7,0.0,0.0,50.0,0.0,-1118.6,0.0,0.0,0.0,-295.0,8727.7,0.0,0.0,50.0,0.0,-1118.6,0.0,0.0,0.0,-295.0,0,0,40,40,0,2,2,0,0,5,0,0,0,0,,0,0,0,0,0,2624,0,0,0,0,0,0,0,0,0,0,0,0,0,0,62,0,0,0,0,0,0,0,0,0,0,0,0,3200,0,0,0,0,0,12615,6.967895362663496,1.0045506257110353,3.265953230281411,1.1140776870826494,2.6952041220768925,0.15854141894569956,3.7823529411764705,0.0015428654253632774,0.006129958429948779,0.002260120616794178,-0.006527456362369421,0.0879192873267684,0.0933034223129564,0.01799088764421801,0.023378162309577087,0.3707557241800089,0.24511842572399453,0.04457820266836277,19717.0,2.0,8.25,28.5,0.0,0.0,,,,,,,,,,,,,,,
7,50_20_5_10_5_2,50_20_5_10_5_2_StartGoalLocations_Seed1010.csv,40,8301.136014014482,40,1.0,0,0,0,0,0,0,0,11,0,11,0.0,0.0076468543621828295,9.752900346683719,8,5,7,0.030761209593326382,0.6618004866180048,0.0,2,6,2,0,0,0,6,6,6,0,2,0,0,0,0,0,0,0,0,0,0,0,0,0,0,0,0,0,0,0,0,0,0,0,0.0,2.0,0.0,0.0,-338.1,0.0,0,,5.0,8,,16.3,,48.0,,0.0,,0.8,28.56,0.0,0.2,0,0,0,0,0,0,0,0,177,0,93,29,55,0,0,0.5254,0.1638,0,0,0,575.4,0.0,4000.0,0.0,5850.099,-1708.599,0.0,0.0,0.0,0.0,0.0,-15.264,0.0,-206.0,0.0,0.0,125.0,0.0,0.0,0.0,0.0,-319.5,0.0,0.0,1.51493,8.33562,-0.00265,0.04467,-0.0358,0.12891,0.02172,0.73663,-0.05553,0.1571,0.0,-24.16,4125.0,0.0,8156.609,-1217.66,-0.0042,0.07247,0.71689,8.33943,1.20593,1.32421,0.00348,1.208,0.00782,91.66667,0.99183,1.64259,0.0,-10.2463,58.5937,0.0,334.2914,-115.8914,-3.347,4,1,0,3,6,6,7,22,3,13,6,0,3,13,6,0,0,0,0,0.13636363636363635,0.13636363636363635,22,4,4,-1.104,10310.999,0.0,0.0,125.0,0.0,-1594.099,-15.264,-206.0,0.0,-319.5,10310.999,0.0,0.0,125.0,0.0,-1594.099,-15.264,-206.0,0.0,-319.5,0,4,40,40,0,5,5,0,6,5,0,0,0,0,,0,0,0,0,0,1916,0,0,6,6,24,16,0,0,0,0,124,20,0,0,332,0,0,1,2,2,0,0,2,0,0,3,0,3200,0,4,0,0,0,16234,12.646297893310336,1.0038967364831952,4.903289392632746,1.3818153434189682,3.689786867069114,0.33263521005297525,3.1886477462437397,0.0016878576527445894,0.005592868768120095,0.002306142174697137,-0.008334319840420119,0.09954679287612314,0.12880176909283456,0.023360461455484025,0.01412310752077592,0.3783559045439148,0.22354291335355356,0.038458292425671003,12199.0,3.0,3.67,11.33,0.0,0.0,,,,,,,,,,,,,,,
8,50_20_5_10_5_2,50_20_5_10_5_2_StartGoalLocations_Seed1016.csv,40,6155.176736861467,38,0.95,3,0,3,3,0,0,0,161,0,158,0.0,0.048718919601161176,9.225495408644479,16,13,10,0.08277602523659305,0.625615141955836,26.25,3,11,1,0,0,0,149,149,149,0,2,36,36,0,36,2,5,15,21,22,21,0,0,0,0,0,0,0,0,0,0,0,0,0,21.0,1.0,0.0,-105.60000000000008,-21.6,0.0,21,1.0,13.0,18,42.0,16.88,70.0,36.81,0.0,0.0,0.0,0.5,20.43,0.2,2.9,1,4,0,1,0,0,0,1,147,0,104,26,17,0,0,0.7075,0.1769,0,0,0,792.5,0.0,3800.0,0.0,7317.658,-2713.094,0.0,0.0,0.0,-300.0,0.33,-265.217,0.0,-1254.5,0.0,-328.0,325.0,0.0,0.0,0.0,0.0,-459.5,0.0,-760.0,1.16051,6.97903,-0.07128,1.38283,-0.19968,0.60859,0.04101,1.01171,-0.15388,0.89392,0.0,-766.885,4125.0,0.0,10409.264,-2399.022,-0.09677,1.44648,0.5205,6.97881,1.01076,1.63687,0.04063,2.38163,0.00644,80.88235,0.99319,1.62728,0.0,-18.2591,58.5937,0.0,412.7233,-219.2911,-35.089,30,2,0,81,30,137,68,316,31,151,134,0,81,98,137,0,86,4,74,0.0981012658227848,0.2563291139240506,316,180,28,-10.002,11719.859,0.0,0.0,325.0,0.0,-2522.795,-564.887,-1582.5,0.0,-1219.5,11719.859,0.0,0.0,325.0,0.0,-2522.795,-564.887,-1582.5,0.0,-1219.5,0,49,40,38,2,13,12,1,109,5,0,0,0,0,,0,0,3,2,3,3200,276,276,126,126,345,197,0,0,0,0,204,36,0,0,459,2,0,1,1,1,0,0,34,13,0,44,0,3200,0,30,2,0,10,36623,14.47178002894356,1.0037735849056604,5.163421893345712,1.478080400640548,4.52994020151271,1.0867487644376486,2.9891500904159134,0.0012750516031246662,0.006604863634420326,0.0023965897153539117,-0.008247240326891187,0.1270278245024383,0.15473818090744318,0.018895307962666266,0.041281171836453724,0.39619156142804046,0.20878116938950989,0.034983812837985344,18608.0,2.0,27.5,49.0,0.0,0.0,84.5,84.5,0.0,0.0,0.0,1.0,1.0,7.5,10.5,20.0,20.0,0.0,5.0,0.0,29.0
9,25_5_2_5_2_1,25_5_2_5_2_1_StartGoalLocations_Seed1000.csv,60,5577.445454031229,60,1.0,1,0,1,1,0,0,0,100,0,99,0.0,0.13580246913580246,5.9255010637756715,4,4,3,0.09274314965371876,0.5040650406504065,0.0,1,2,0,0,0,0,99,151,119,32,4,17,17,0,17,2,3,9,8,8,8,0,0,0,0,0,0,0,0,0,0,0,0,0,8.0,7.0,0.0,-38.999999999999986,-306.8999999999999,0.0,8,,4.0,4,,5.5,,10.0,,0.0,,0.0,6.8,0.0,2.9,0,2,0,1,0,0,0,1,223,0,127,43,53,0,2,0.5695,0.1928,0,0,0,332.1,0.0,6000.0,0.0,2563.831,-1377.286,0.0,0.0,0.0,-100.0,3.931,-180.132,0.0,-1410.5,0.0,-184.0,100.0,0.0,0.0,0.0,0.0,-170.5,0.0,0.0,2.26397,13.3314,-0.08317,1.24023,-0.48013,0.65198,0.03011,0.86711,-0.05134,0.15177,0.0,-454.922,6100.0,0.0,2951.477,-1246.907,-0.13698,1.30494,1.8368,13.34344,0.51327,1.28692,0.10178,1.34592,0.01927,95.3125,0.98163,1.28785,0.0,-18.6735,86.6477,0.0,146.5047,-88.4449,-25.6,41,4,1,130,19,98,97,344,69,138,137,0,130,116,98,0,84,0,5,0.2005813953488372,0.37790697674418605,344,177,48,-6.278,8797.862,3.852,0.0,100.0,0.0,-1279.217,-280.052,-1594.5,0.0,-170.5,8797.862,3.852,0.0,100.0,0.0,-1279.217,-280.052,-1594.5,0.0,-170.5,0,40,60,60,0,3,3,0,150,5,0,0,0,0,,0,0,1,0,0,824,112,112,180,180,624,160,290,290,28,0,1063,30,0,0,619,4,1,3,7,7,0,0,10,57,4,31,0,305,0,22,0,0,0,7607,76.06152228210858,2.4097822329761494,25.91034573419219,1.337611004352269,16.760878138556592,3.391612988037334,2.824313725490196,0.0011654666400362243,0.006970822088899616,0.002454062775161696,-0.008772659792510558,0.1480775300449538,0.16536683053935616,0.016476445297882395,0.05339674170251068,0.3996129730654942,0.21597633136094674,0.03511843619977438,4732.0,,,,,,,,,,,,,,,,,,,,
10,50_20_5_10_5_2,50_20_5_10_5_2_StartGoalLocations_Seed1000.csv,60,8558.74044907093,60,1.0,0,0,0,0,0,0,0,10,0,10,0.0,0.008913097301312206,9.635193073327484,2,2,2,0.02574894775934637,0.6273830155979203,0.0,1,2,0,0,0,0,10,10,10,0,2,0,0,0,0,0,0,0,0,0,0,0,0,0,0,0,0,0,0,0,0,0,0,0,0.0,0.0,0.0,0.0,0.0,0.0,0,,2.0,2,,8.25,,18.0,,0.0,,0.0,14.98,0.0,0.2,0,0,0,0,0,0,0,0,163,0,121,21,21,0,2,0.7423,0.1288,0,0,0,403.9,0.0,6000.0,0.0,3877.429,-1184.929,0.0,0.0,0.0,0.0,0.0,-10.659,0.0,-288.0,0.0,0.0,50.0,0.0,0.0,0.0,0.0,-289.0,0.0,0.0,2.25214,12.07464,-0.00264,0.03756,-0.0713,0.17484,0.01238,0.55617,-0.07155,0.17509,0.0,-17.432,6050.0,0.0,4607.563,-1078.463,-0.00432,0.06579,1.4979,12.10857,0.87376,1.25381,0.00446,0.96844,0.01535,97.58065,0.98514,1.42901,0.0,-0.3259,85.9375,0.0,221.5674,-84.2245,-2.178,2,1,0,6,8,2,3,20,3,14,3,0,6,12,2,0,3,0,0,0.15,0.3,20,10,6,-2.227,10202.229,0.0,0.0,50.0,0.0,-1105.829,-10.659,-288.0,0.0,-289.0,10202.229,0.0,0.0,50.0,0.0,-1105.829,-10.659,-288.0,0.0,-289.0,0,3,60,60,0,2,2,0,6,5,0,0,0,0,,0,0,0,0,0,856,0,0,26,26,92,12,0,0,0,0,96,0,0,0,265,0,0,0,0,0,0,0,0,0,0,3,0,3200,0,2,0,0,0,8501,9.751793906599223,1.0,4.093636042818492,1.581609217128877,3.1760969297729678,0.42347959063639573,2.5185185185185186,0.0011858486080106737,0.007532192867414625,0.0024723334718826356,-0.008520398959713318,0.15206951164057322,0.16606230240001857,0.017909122852904497,0.04535809846455666,0.39734038755356316,0.23182100683654444,0.03304791284573236,4827.0,,,,,,,,,,,,,,,,,,,,
11,50_20_5_10_5_2,50_20_5_10_5_2_StartGoalLocations_Seed1010.csv,25,5928.168115466833,24,0.96,0,0,0,0,0,0,0,5,0,5,0.0,0.0029542097488921715,9.873040726728695,10,7,8,0.019202363367799114,0.6663853133572484,33.0,2,6,0,0,0,0,5,5,5,0,2,0,0,0,0,0,0,0,0,0,0,0,0,0,0,0,0,0,0,0,0,0,0,0,0.0,0.0,0.0,0.0,0.0,0.0,0,1.0,7.0,11,33.0,23.79,61.0,48.71,0.0,0.0,0.0,0.3,34.64,0.0,0.0,0,0,0,0,0,0,0,0,89,0,59,13,17,0,0,0.6629,0.1461,0,0,0,473.9,0.0,2400.0,0.0,4868.7,-1285.2,0.0,0.0,0.0,0.0,0.0,-7.232,0.0,-57.5,0.0,0.0,175.0,0.0,0.0,0.0,0.0,-294.5,0.0,-345.0,1.36261,7.14117,-0.00153,0.03393,-0.01213,0.07694,0.03693,0.96012,-0.13494,0.80003,0.0,-11.08,2575.0,0.0,7219.869,-1041.665,-0.00234,0.0528,0.54336,7.16041,1.30369,1.50504,0.00211,1.108,0.00654,83.06452,0.99261,1.75628,0.0,-0.1729,36.5767,0.0,274.8495,-106.621,-0.93,0,0,0,1,4,1,4,10,1,8,1,0,1,8,1,0,0,0,0,0.1,0.1,10,4,2,-1.152,7656.8,0.0,0.0,175.0,0.0,-1199.4,-7.232,-57.5,0.0,-639.5,7656.8,0.0,0.0,175.0,0.0,-1199.4,-7.232,-57.5,0.0,-639.5,0,4,25,24,1,7,6,0,1,5,0,0,0,0,,0,0,0,0,0,3200,0,0,0,0,44,16,4,4,0,0,8,0,0,0,92,0,0,0,0,0,0,0,0,0,0,0,0,3200,0,0,0,0,0,21403,9.087511096575247,1.0041131105398458,5.714152221651171,1.7412101659597867,4.8918375928608135,0.7382142690277064,3.206303724928367,0.0010397096244923888,0.007356844100577291,0.0028271612773824017,-0.009271077397279441,0.17276238257996737,0.19671989746391774,0.016705498160445132,0.04853501481964486,0.3901699789445287,0.2211015823167049,0.030593559584168827,16558.0,3.0,16.17,47.33,0.0,0.0,,,,,,,,,,,,,,,
12,25_5_2_5_2_1,25_5_2_5_2_1_StartGoalLocations_Seed1007.csv,60,5333.990854308009,60,1.0,1,0,1,1,0,0,0,138,0,137,0.0,0.23033463711429814,4.834566059378241,5,5,4,0.10821382007822686,0.4756627553237723,0.0,1,3,0,0,0,0,131,324,314,10,4,26,26,0,20,2,10,17,9,16,9,0,0,0,0,0,0,0,0,0,0,0,0,0,9.0,7.0,0.0,-76.8,-206.10000000000005,0.0,9,,5.0,5,,5.6,,12.6,,0.0,,9.6,7.47,0.0,4.6,0,2,0,1,0,0,0,1,198,0,111,28,59,0,9,0.5606,0.1414,0,0,0,460.2,0.0,6000.0,0.0,3322.27,-1951.224,3.5,0.0,0.0,-100.0,10.7,-348.955,0.0,-1823.5,0.0,-144.0,125.0,0.0,0.0,0.0,0.0,-220.0,0.0,0.0,1.70247,11.37821,-0.09523,1.05879,-0.42753,0.51543,0.02716,0.8236,-0.04781,0.14703,0.0,-786.71,6125.0,0.0,3949.128,-1698.249,-0.17095,1.13292,1.33094,11.37039,0.48911,1.26551,0.15428,1.10804,0.01412,94.23077,0.98653,1.24392,0.0,-23.4222,87.0028,0.0,190.044,-124.0699,-65.481,64,4,1,197,70,249,205,723,99,295,329,0,197,277,249,0,143,0,44,0.13692946058091288,0.27247579529737204,723,382,167,-22.544,9641.855,10.361,0.0,125.0,0.0,-1807.11,-448.616,-1967.5,0.0,-220.0,9641.855,10.361,0.0,125.0,0.0,-1807.11,-448.616,-1967.5,0.0,-220.0,0,126,60,60,0,5,5,0,238,5,0,0,0,0,,0,0,1,0,0,1132,220,220,331,331,1780,504,276,276,36,0,2467,144,0,0,760,3,0,3,7,6,1,0,38,79,4,64,0,305,0,73,0,0,0,11177,80.11988905788674,3.252819653824679,35.68936208284871,1.445243189512925,23.485729623333633,4.8402970385613315,2.6864761904761907,0.0010596697912040346,0.006663050556838407,0.0026416848175056518,-0.009804112009881821,0.17298239874966154,0.19861125445829264,0.020333388471455962,0.010099782805903009,0.3939788466781759,0.19092660711157822,0.02996625750950006,5709.0,,,,,,,,,,,,,,,,,,,,
13,25_5_2_5_2_1,25_5_2_5_2_1_StartGoalLocations_Seed1014.csv,60,4581.477942600846,59,0.9833333333333333,2,0,2,2,0,0,0,182,0,180,0.0,0.2000937207122774,5.437341454189232,0,0,0,0.15182755388940955,0.4620431115276476,6.5,0,0,0,0,0,0,176,286,261,25,3,32,30,2,30,3,4,19,11,11,11,0,1,1,0,0,0,0,0,0,0,0,0,0,11.0,2.0,0.0,-58.79999999999998,-48.0,0.0,13,1.0,,1,6.5,,20.0,,0.0,,27.0,,6.22,0.0,3.8,0,3,0,4,0,0,0,2,199,0,115,11,73,0,22,0.5779,0.0553,0,0,0,426.8,0.0,5900.0,0.0,2937.531,-1887.284,3.5,0.0,0.0,-200.0,3.68,-376.249,0.0,-1601.5,0.0,-48.0,0.0,0.0,0.0,0.0,0.0,-232.0,0.0,-345.0,1.72928,11.7142,-0.13415,1.54401,-0.38648,0.35808,0.0,0.0,-0.13519,0.85658,0.0,-912.124,5900.0,0.0,3382.765,-2038.836,-0.21371,1.62801,1.38238,11.67592,0.31488,1.53131,0.15276,1.39896,0.01382,100.0,0.98618,1.2881,0.0,-19.9974,83.8068,0.0,166.7351,-139.4924,-51.611,70,6,4,215,38,208,189,652,107,294,251,0,214,229,209,0,127,0,61,0.16411042944785276,0.3282208588957055,651,325,88,-19.944,9129.951,3.37,0.0,0.0,0.0,-1749.404,-575.939,-1649.5,0.0,-577.0,9129.951,3.37,0.0,0.0,0.0,-1749.404,-575.939,-1649.5,0.0,-577.0,0,91,60,59,1,0,0,0,265,5,0,0,0,0,,0,0,2,0,0,3200,232,232,556,556,1210,364,156,156,16,0,1474,122,0,0,625,3,0,1,2,2,0,0,63,3,1,79,1,305,0,46,0,0,0,8416,76.56844106463879,2.8521104903786467,33.81653992395437,1.4624165687137378,24.976235741444867,5.240019011406844,2.7840152235965747,0.0011536018358219735,0.007210373197158333,0.0028848376625683157,-0.010189721685019321,0.22538981772959232,0.2155804471857846,0.019075210118899122,0.046724112842348405,0.38958493057475063,0.19130226715319734,0.03187177549088887,16717.0,,,,,,,,,,,,,,,,,,,,
14,25_5_2_5_2_1,25_5_2_5_2_1_StartGoalLocations_Seed1016.csv,40,3978.980070710182,40,1.0,2,0,2,2,0,0,0,122,0,120,0.0,0.12595226003047233,6.551881014337738,5,5,3,0.09268664296597258,0.5149822244794312,0.0,1,4,0,0,0,0,111,153,153,0,2,19,19,0,18,2,6,9,10,10,10,0,0,0,0,0,0,0,0,0,0,0,0,0,10.0,4.0,0.0,-51.59999999999999,-288.0,0.0,10,,5.0,5,,5.0,,9.2,,0.0,,1.2,12.2,0.0,3.7,0,4,0,2,0,0,0,2,175,0,85,25,65,0,25,0.4857,0.1429,0,0,0,393.8,0.0,4000.0,0.0,3162.546,-1639.058,7.0,0.0,0.0,-200.0,1.184,-187.991,0.0,-1283.0,0.0,-200.0,125.0,0.0,0.0,0.0,0.0,-200.5,0.0,0.0,1.50439,10.06979,-0.09822,1.59955,-0.37659,0.65374,0.03174,0.89025,-0.05091,0.15121,0.0,-576.976,4125.0,0.0,3848.485,-1361.654,-0.14651,1.6686,1.04749,10.06334,0.6315,1.31482,0.08583,1.70703,0.01143,91.66667,0.98984,1.33662,0.0,-21.4803,58.5937,0.0,181.117,-105.1176,-28.175,28,4,1,87,25,114,103,332,54,137,141,0,87,132,113,0,67,0,37,0.16265060240963855,0.2620481927710843,332,171,43,-10.832,7446.96,0.976,0.0,125.0,0.0,-1522.672,-387.784,-1483.0,0.0,-200.5,7446.96,0.976,0.0,125.0,0.0,-1522.672,-387.784,-1483.0,0.0,-200.5,0,57,40,40,0,5,5,0,108,5,0,0,0,0,,0,0,2,0,0,1236,176,176,187,187,580,228,21,21,4,0,794,52,0,0,795,7,0,3,4,4,0,0,36,0,1,42,2,305,0,34,0,0,0,10568,67.78009084027252,1.8729582577132486,22.255866767600303,1.0992081372085547,14.127554882664649,2.223694171082513,3.2598794373744138,0.00145701005490862,0.006893329998978615,0.002893005228001612,-0.011544965959566986,0.23792848608254616,0.21914862429054038,0.019308464074187872,0.06158475178176338,0.3910182557288737,0.19367529126948102,0.03329664719845481,6609.0,,,,,,,,,,,,,,,,,,,,
15,25_5_2_5_2_1,25_5_2_5_2_1_StartGoalLocations_Seed1017.csv,40,1691.8959030658007,38,0.95,3,1,3,3,0,1,1,475,1,472,0.002105263157894737,0.16387012421006755,4.970269403242811,7,7,6,0.26100217864923747,0.5954248366013072,2.5,2,6,0,1,2,1,472,559,557,2,3,24,24,0,17,2,3,17,6,9,6,0,0,0,1,0,0,0,0,0,0,0,0,0,6.0,8.0,1.0,-43.199999999999996,-357.29999999999984,-100.0,7,2.0,7.0,9,2.5,4.09,5.5,12.29,2.5,0.0,39.0,5.1,8.34,0.0,4.5,1,7,0,2,0,0,0,2,266,0,143,33,90,0,80,0.5376,0.1241,0,0,0,459.0,0.0,3800.0,0.0,2884.226,-1746.123,24.5,0.0,0.0,-300.0,2.519,-277.226,0.0,-1701.0,0.0,-428.0,175.0,0.0,0.0,0.0,0.0,-511.0,0.0,-690.0,1.18118,9.11697,-0.12521,1.81304,-0.46383,0.83588,0.03813,0.97555,-0.26166,1.16104,0.0,-1173.366,3975.0,0.0,3313.654,-2548.48,-0.25564,1.89498,0.86601,9.10999,0.1667,1.729,0.24532,1.04207,0.0098,88.33333,0.99041,1.28951,0.0,-40.8766,56.4631,0.0,164.1653,-166.3594,-38.566,67,15,19,590,18,380,133,1124,150,723,251,0,590,154,380,0,350,3,343,0.13345195729537365,0.5249110320284698,1124,225,61,-20.342,7040.659,2.037,0.0,175.0,0.0,-1619.056,-576.745,-2129.0,0.0,-1201.0,7040.659,2.037,0.0,175.0,0.0,-1619.056,-576.745,-2129.0,0.0,-1201.0,0,76,40,38,2,7,7,0,482,5,1,0,1,0,1.0,0,2,4,1,2,3200,134,134,553,553,943,307,1243,1243,12,0,827,6,0,0,603,0,0,2,8,5,2,0,38,554,6,60,1,305,1,69,1,0,5,19381,52.95392394613281,1.5823833187177239,22.542696455291264,1.0080853858785728,12.378102265105,1.5221092822867757,2.5564818674447687,0.0012965426301911975,0.006685342362325173,0.0030008696182630954,-0.01484125703573227,0.26513026300817727,0.23392674405127764,0.021374263330362738,0.05002780634356895,0.3746079143927237,0.1850920815345101,0.036430476108980835,18299.0,,,,,,3.0,3.0,0.0,0.0,0.0,,,,,,,,,,
16,25_5_2_5_2_1,25_5_2_5_2_1_StartGoalLocations_Seed1010.csv,60,4910.681587129831,58,0.9666666666666667,3,0,3,3,0,0,0,67,0,64,0.0,0.12405917466908903,6.097296214338837,6,5,4,0.08824292758889177,0.5149234362834155,0.0,1,3,0,0,0,0,66,151,137,14,3,15,15,0,9,2,3,11,4,4,4,0,0,0,0,0,0,0,0,0,0,0,0,0,4.0,3.0,0.0,-19.2,-242.4,0.0,4,,5.0,6,,13.04,,19.2,,0.0,,5.8,6.7,0.0,2.0,0,6,0,3,0,0,0,3,230,0,141,31,58,0,9,0.613,0.1348,0,0,0,385.3,0.0,5800.0,0.0,2980.72,-1724.249,0.0,0.0,0.0,-300.0,2.654,-172.242,0.0,-1312.0,0.0,-688.0,125.0,0.0,0.0,0.0,0.0,-186.5,0.0,0.0,1.93142,12.20545,-0.12188,1.9746,-0.51908,1.15296,0.03244,0.9,-0.0484,0.14785,0.0,-680.136,5925.0,0.0,3480.375,-1516.578,-0.17652,2.05324,1.53776,12.20567,0.50968,1.31838,0.08928,1.97714,0.01635,94.04762,0.98339,1.31881,0.0,-22.2091,84.1619,0.0,170.3269,-109.1857,-27.671,38,9,6,87,34,115,110,347,48,162,137,0,86,145,116,0,53,0,22,0.138328530259366,0.2478386167146974,347,170,50,-9.953,9045.76,2.251,0.0,125.0,0.0,-1603.989,-471.839,-2000.0,0.0,-186.5,9045.76,2.251,0.0,125.0,0.0,-1603.989,-471.839,-2000.0,0.0,-186.5,0,57,60,58,2,5,4,0,122,5,0,0,0,0,,0,0,3,0,0,1040,88,88,213,213,829,228,144,144,36,0,1238,60,0,0,828,10,1,3,3,3,0,0,27,26,0,44,0,305,0,71,0,0,0,9232,76.85225303292894,2.430584918957012,24.859185441941076,1.4538616750109332,16.47530329289428,2.393847487001733,2.984878369493754,0.0015722296039082442,0.006397620103178689,0.0030443229090171653,-0.01835832024136415,0.30188180059194564,0.23402808629549465,0.01573883877135813,0.06026248088142333,0.3836768672458745,0.18467614533965246,0.04010049997932197,6330.0,1.0,15.5,19.0,0.0,3.0,,,,,,,,,,,,,,,
17,50_20_5_10_5_2,50_20_5_10_5_2_StartGoalLocations_Seed1002.csv,40,7308.3695421516895,40,1.0,0,0,0,0,0,0,0,27,0,27,0.0,0.009778544722461893,9.32357979602501,5,4,4,0.001725625539257981,0.7469082542421628,0.0,1,3,0,0,0,0,27,28,28,0,2,1,1,0,1,2,1,1,0,0,0,0,0,0,0,0,0,0,0,0,0,0,0,0,0.0,0.0,0.0,0.0,0.0,0.0,0,,4.0,5,,14.88,,28.5,,0.0,,0.0,22.26,0.0,0.1,0,0,0,0,0,0,0,0,132,0,88,31,13,0,0,0.6667,0.2348,0,0,0,347.7,0.0,4000.0,0.0,3904.353,-655.353,3.5,0.0,0.0,0.0,0.0,-8.33,0.0,-196.0,0.0,0.0,100.0,0.0,0.0,0.0,0.0,-187.5,0.0,0.0,2.18585,10.61423,-0.0024,0.04025,-0.05637,0.15814,0.02876,0.84746,-0.05393,0.1551,0.0,-33.786,4100.0,0.0,5250.72,-519.466,-0.00972,0.08137,1.17918,10.6944,1.36073,1.18514,0.01611,0.60332,0.01265,93.18182,0.9885,1.67884,0.0,-0.8461,58.2386,0.0,223.3059,-48.1631,-1.022,0,0,0,4,2,22,28,56,4,30,22,0,4,30,22,0,0,0,0,0.07142857142857142,0.07142857142857142,56,10,4,-2.545,8211.453,0.0,0.0,100.0,0.0,-611.253,-8.33,-196.0,0.0,-187.5,8211.453,0.0,0.0,100.0,0.0,-611.253,-8.33,-196.0,0.0,-187.5,0,4,40,40,0,4,4,0,24,5,0,0,0,0,,0,0,0,0,0,2008,4,4,12,12,172,16,80,80,8,0,8,0,0,0,298,0,0,0,0,0,0,0,0,0,0,0,0,3200,0,0,0,0,0,10804,15.23509811181044,1.0182260024301337,8.311736393928175,1.070322954645567,5.294335431321732,0.7404664938911514,3.265734265734266,0.0011929199332240909,0.005951793282292783,0.0030230354022353413,-0.020012134884621398,0.3190841542119049,0.24317209467113732,0.014287002239955136,0.06314101938271442,0.3677805240052367,0.20094883090477805,0.03908297530035158,11804.0,1.0,12.5,38.0,0.0,3.0,,,,,,,,,,,,,,,
18,50_20_5_10_5_2,50_20_5_10_5_2_StartGoalLocations_Seed1007.csv,60,10828.733113892376,60,1.0,0,0,0,0,0,0,0,31,0,31,0.0,0.016815938585267774,9.68571263757621,7,4,6,0.0012794735880095047,0.7691464083348565,0.0,2,5,2,0,0,0,31,32,32,0,2,1,1,0,1,2,1,1,0,0,0,0,0,0,0,0,0,0,0,0,0,0,0,0,0.0,0.0,0.0,0.0,0.0,0.0,0,,4.0,7,,14.38,,33.25,,0.0,,1.8,27.83,0.0,0.2,0,0,0,0,0,0,0,0,173,0,133,21,19,0,0,0.7688,0.1214,0,0,0,547.1,0.0,6000.0,0.0,6266.126,-1010.126,0.0,0.0,0.0,0.0,0.0,-41.867,0.0,-780.0,0.0,0.0,100.0,0.0,0.0,0.0,0.0,-252.5,0.0,0.0,2.15739,10.3646,-0.00765,0.06974,-0.14257,0.22574,0.01828,0.67574,-0.04615,0.14473,0.0,-68.459,6100.0,0.0,8789.344,-677.149,-0.01251,0.11861,1.11497,10.4347,1.48276,1.16872,0.01133,1.10417,0.0117,95.3125,0.98794,1.75143,0.0,-1.0635,86.6477,0.0,358.0643,-72.15,-5.479,6,1,0,12,16,15,21,64,7,39,18,0,12,37,15,0,5,0,0,0.109375,0.1875,64,42,12,-4.408,12745.026,0.0,0.0,100.0,0.0,-941.926,-41.867,-780.0,0.0,-252.5,12745.026,0.0,0.0,100.0,0.0,-941.926,-41.867,-780.0,0.0,-252.5,0,21,60,60,0,4,4,0,10,5,0,0,0,0,,0,0,0,0,0,1368,4,4,34,34,236,84,4,4,0,0,20,0,0,0,145,0,0,0,0,0,0,0,0,0,0,7,0,3200,0,4,0,0,0,14301,7.265226207957485,1.0038498556304138,4.300398573526327,1.819044743613075,2.999790224459828,0.5873715124816447,2.7715617715617715,0.001234433930173844,0.005765218636952341,0.002830037267127058,-0.0194959979918268,0.30588466042315055,0.25725721641939286,0.01384598666758478,0.06817114780376507,0.3853583724373708,0.18507312153303077,0.03718047004601709,7932.0,3.0,9.5,25.67,0.0,0.0,,,,,,,,,,,,,,,
19,25_5_2_5_2_1,25_5_2_5_2_1_StartGoalLocations_Seed1005.csv,25,2550.760564893484,24,0.96,1,0,1,1,0,0,0,47,0,46,0.0,0.0785639958376691,7.649665136987287,6,4,4,0.14516129032258066,0.5260145681581686,0.0,1,4,0,0,0,0,43,45,34,11,3,0,0,0,0,0,0,0,0,0,0,0,0,0,0,0,0,0,0,0,0,0,0,0,0.0,2.0,0.0,0.0,-41.1,0.0,0,,4.0,6,,5.88,,13.25,,0.0,,0.0,8.13,0.0,2.7,0,2,0,1,0,0,0,1,70,0,54,10,6,0,0,0.7714,0.1429,0,0,0,192.2,0.0,2400.0,0.0,1404.902,-684.794,0.0,0.0,0.0,-100.0,1.856,-55.403,0.0,-402.0,0.0,-96.0,100.0,0.0,0.0,0.0,0.0,-210.0,0.0,0.0,1.72337,11.12878,-0.07989,1.61288,-0.25911,0.66108,0.05203,1.13931,-0.10926,0.20662,0.0,-223.537,2500.0,0.0,1636.282,-669.08,-0.1163,1.67924,1.30073,11.15701,0.50323,1.2539,0.05775,2.01385,0.01457,89.28571,0.98595,1.21655,0.0,-5.945,35.5114,0.0,80.2801,-51.1311,-7.313,29,14,12,69,0,23,19,111,34,42,35,0,69,19,23,0,40,0,10,0.3063063063063063,0.6216216216216216,111,48,24,-1.51,3950.202,1.6,0.0,100.0,0.0,-637.894,-155.147,-498.0,0.0,-210.0,3950.202,1.6,0.0,100.0,0.0,-637.894,-155.147,-498.0,0.0,-210.0,0,9,25,24,1,4,4,0,60,5,0,0,0,0,,0,0,1,0,0,1056,0,0,150,150,168,36,77,77,0,0,404,18,0,0,374,0,0,0,2,2,0,0,6,22,2,21,0,305,0,9,0,0,0,5748,46.29436325678497,1.2717023675310033,11.464857341684064,2.187405193204764,7.09812108559499,1.6005567153792624,2.5833333333333335,0.0012318846339495035,0.006337895936501975,0.0033999018849113563,-0.021735418062290235,0.3451208970086141,0.2848190223290162,0.011935378056174764,0.08011524659002933,0.39807636552700704,0.17166303801708258,0.03700762395587051,5971.0,2.0,8.5,11.0,0.0,12.0,,,,,,,,,,,,,,,
20,50_20_5_10_5_2,50_20_5_10_5_2_StartGoalLocations_Seed1002.csv,40,7409.199887037277,39,0.975,0,0,0,0,0,0,0,0,0,0,0.0,0.0,9.862078812107367,5,4,2,0.003997715591090805,0.7464306110793832,0.0,1,3,0,0,0,0,0,0,0,0,0,0,0,0,0,0,0,0,0,0,0,0,0,0,0,0,0,0,0,0,0,0,0,0,0.0,0.0,0.0,0.0,0.0,0.0,0,,4.0,5,,15.5,,30.5,,0.0,,0.0,24.07,0.0,0.0,0,0,0,0,0,0,0,0,133,0,91,32,10,0,0,0.6842,0.2406,0,0,0,350.2,0.0,3900.0,0.0,3945.0,-711.0,0.0,0.0,0.0,0.0,0.0,0.0,0.0,0.0,0.0,0.0,100.0,0.0,0.0,0.0,0.0,-175.0,0.0,0.0,2.13712,10.45033,0.0,0.0,0.0,0.0,0.02856,0.84443,-0.04997,0.14996,0.0,0.0,4000.0,0.0,5213.755,-546.005,0.0,0.0,1.1422,10.52493,1.33288,1.17896,0.0,0.0,0.01228,93.02326,0.98829,1.66419,0.0,0.0,56.8182,0.0,225.4286,-50.6286,0.0,0,0,0,0,0,0,0,0,0,0,0,0,0,0,0,0,0,0,0,,,0,0,0,0.0,8147.8,0.0,0.0,100.0,0.0,-663.6,0.0,0.0,0.0,-175.0,8147.8,0.0,0.0,100.0,0.0,-663.6,0.0,0.0,0.0,-175.0,0,0,40,39,1,4,4,0,0,5,0,0,0,0,,0,0,0,0,0,1096,0,0,0,0,0,0,0,0,0,0,4,0,0,0,128,0,0,0,0,0,0,0,0,0,0,0,0,3200,0,0,0,0,0,8642,8.215690812311966,1.0,3.031705623698218,1.8948473535506551,2.9622772506364266,0.4397130293913446,2.9765625,0.0012149663200738108,0.006062793005835673,0.003367925583670446,-0.021655237122037766,0.3378976371384015,0.2932395056216386,0.01386209287558322,0.06994183915225367,0.38232286612934896,0.18760611205432937,0.03438728475678298,5890.0,1.0,3.0,54.0,0.0,0.0,,,,,,,,,,,,,,,
21,25_5_2_5_2_1,25_5_2_5_2_1_StartGoalLocations_Seed1001.csv,25,2607.8130452036858,24,0.96,2,0,2,2,0,0,0,156,0,154,0.0,0.16891891891891891,6.659332931165635,1,0,0,0.14649350649350648,0.5262337662337663,0.0,0,0,0,0,0,0,150,150,149,1,3,36,36,0,32,2,12,9,16,29,16,0,11,0,0,0,0,0,0,0,0,0,0,0,16.0,3.0,0.0,-140.4,-84.00000000000001,0.0,27,,,1,,,,,,,,,10.54,0.2,3.2,0,3,0,1,0,0,0,1,66,0,46,7,13,0,0,0.697,0.1061,0,0,0,192.5,0.0,2400.0,0.0,1484.599,-726.403,0.0,0.0,0.0,-200.0,0.064,-167.447,0.0,-234.5,0.0,-32.0,0.0,0.0,0.0,0.0,0.0,-109.0,0.0,0.0,1.74062,11.11996,-0.19085,2.28548,-0.13844,0.41801,0.0,0.0,-0.05662,0.15845,0.0,-548.832,2400.0,0.0,1857.958,-564.639,-0.28511,2.38448,1.24675,11.09599,0.67185,1.24355,0.16519,1.72589,0.01247,100.0,0.98753,1.27438,0.0,-18.0266,34.0909,0.0,84.8342,-47.7373,-32.912,17,4,1,85,20,137,72,314,76,117,121,0,85,92,137,0,82,2,75,0.24203821656050956,0.27070063694267515,314,160,25,-11.551,4022.231,0.0,0.0,0.0,0.0,-671.535,-367.383,-266.5,0.0,-109.0,4022.231,0.0,0.0,0.0,0.0,-671.535,-367.383,-266.5,0.0,-109.0,0,29,25,24,1,0,0,0,131,5,0,0,0,0,,0,0,2,1,2,1604,450,450,36,36,268,116,4,4,0,0,544,36,0,0,400,9,2,1,3,3,0,0,12,15,2,34,0,305,0,29,1,0,5,3825,65.7516339869281,1.3892644135188867,23.58169934640523,1.4490022327247056,20.052287581699346,6.117647058823529,2.2998696219035204,0.0011607009539211345,0.006083979584889816,0.0032173304172915564,-0.021499515162720497,0.34027323494676937,0.2934211204548429,0.013220995172226519,0.07337227822664633,0.37986733563539116,0.17827529021558872,0.03423408098934298,8442.0,1.0,8.0,17.0,0.0,26.0,,,,,,,,,,,,,,,
22,50_20_5_10_5_2,50_20_5_10_5_2_StartGoalLocations_Seed1016.csv,60,8437.413390874863,59,0.9833333333333333,1,0,1,1,0,0,0,74,0,73,0.0,0.05723564034909681,8.990686128214259,1,0,0,0.02252892226507002,0.72112847574589,0.0,0,0,0,0,0,0,63,91,81,10,3,11,9,2,11,3,3,4,7,7,7,0,0,0,0,0,0,0,0,0,0,0,0,0,7.0,1.0,0.0,-34.8,-16.8,0.0,7,,,1,,,,,,,,,23.66,0.0,2.1,0,2,0,1,0,0,0,1,178,0,128,24,26,0,0,0.7191,0.1348,0,0,0,492.7,0.0,5900.0,0.0,5275.497,-959.188,0.0,0.0,0.0,-100.0,0.415,-140.01,0.0,-1390.0,0.0,-360.0,0.0,0.0,0.0,0.0,0.0,-282.0,0.0,0.0,2.17354,10.83209,-0.04863,1.01669,-0.35519,0.77423,0.0,0.0,-0.05724,0.15919,0.0,-356.469,5900.0,0.0,7244.782,-709.746,-0.07235,1.06514,1.19748,10.87724,1.32637,1.19463,0.04546,1.59138,0.01197,100.0,0.98782,1.63438,0.0,-7.9659,83.8068,0.0,301.457,-70.925,-9.629,31,3,0,106,8,61,47,222,67,91,64,0,106,55,61,0,52,0,5,0.30180180180180183,0.4774774774774775,222,102,38,-11.126,11601.301,0.4,0.0,0.0,0.0,-892.292,-239.996,-1750.0,0.0,-282.0,11601.301,0.4,0.0,0.0,0.0,-892.292,-239.996,-1750.0,0.0,-282.0,0,36,60,59,1,0,0,0,80,5,0,0,0,0,,0,0,1,0,0,772,88,88,138,138,436,144,36,36,4,0,229,60,0,0,318,4,0,0,1,1,0,0,5,46,1,10,0,3200,0,9,0,0,0,9754,17.80807873692844,1.2734599884858953,8.017223703096166,1.370204621335239,5.792495386508099,1.2302645068689768,2.792920353982301,0.0010885526598799116,0.006079570239487012,0.003447959597651977,-0.023097461533438356,0.36418000774680026,0.3089955195861777,0.014498466606507648,0.08620373864170801,0.4048337566335792,0.16311535635562086,0.033474030618594226,4083.0,1.0,12.5,85.0,0.0,0.0,,,,,,,,,,,,,,,
23,25_5_2_5_2_1,25_5_2_5_2_1_StartGoalLocations_Seed1018.csv,25,3133.6875253617764,25,1.0,0,0,0,0,0,0,0,9,0,9,0.0,0.042602633617350893,7.972196174351215,0,0,0,0.018590240123934933,0.6018590240123934,0.0,0,0,0,0,0,0,9,9,8,1,3,3,3,0,3,2,1,3,0,0,0,0,0,0,0,0,0,0,0,0,0,0,0,0,0.0,0.0,0.0,0.0,0.0,0.0,0,,,0,,,,,,,,,9.84,0.0,0.5,0,0,0,0,0,0,0,0,74,0,49,12,13,0,0,0.6622,0.1622,0,0,0,129.1,0.0,2500.0,0.0,1155.484,-454.984,0.0,0.0,0.0,0.0,0.192,-13.104,0.0,-103.0,0.0,0.0,0.0,0.0,0.0,0.0,0.0,-80.0,0.0,0.0,2.57909,13.76072,-0.01,0.08241,-0.07978,0.1831,0.0,0.0,-0.06197,0.16475,0.0,-20.834,2500.0,0.0,1362.436,-411.012,-0.01614,0.13813,1.93648,13.78036,0.73697,1.29341,0.01394,1.15745,0.01936,100.0,0.98064,1.40083,0.0,-0.3489,35.5114,0.0,66.0276,-30.5705,-2.969,3,1,0,5,2,7,7,21,3,11,7,0,5,9,7,0,2,0,0,0.14285714285714285,0.23809523809523808,21,12,6,-1.078,3753.484,0.192,0.0,0.0,0.0,-423.884,-13.104,-103.0,0.0,-80.0,3753.484,0.192,0.0,0.0,0.0,-423.884,-13.104,-103.0,0.0,-80.0,0,4,25,25,0,0,0,0,6,5,0,0,0,0,,0,0,0,0,0,556,12,12,4,4,64,16,6,6,0,0,242,6,0,0,240,0,0,0,0,0,0,0,2,0,0,1,0,305,0,3,0,0,0,2519,34.69630805875347,1.856979405034325,6.232631996824137,0.8124203905700498,3.9698292973402145,0.7542675664946408,3.34,0.0008479175814513282,0.006152860572387417,0.0034545252062782323,-0.024273101334198775,0.3723731703466649,0.3183839261103019,0.014540740617101998,0.07681735932639391,0.3725545843306728,0.19070825211176087,0.0353745030039495,3078.0,,,,,,,,,,,,,,,,,,,,
24,50_20_5_10_5_2,50_20_5_10_5_2_StartGoalLocations_Seed1015.csv,40,7607.999928444624,40,1.0,0,0,0,0,0,0,0,0,0,0,0.0,0.0,9.80324400564175,1,1,1,0.005923836389280677,0.7602256699576869,0.0,0,0,0,0,0,0,0,0,0,0,0,0,0,0,0,0,0,0,0,0,0,0,0,0,0,0,0,0,0,0,0,0,0,0,0.0,0.0,0.0,0.0,0.0,0.0,0,,1.0,1,,46.5,,94.0,,0.0,,0.0,27.15,0.0,0.0,0,0,0,0,0,0,0,0,111,0,87,10,14,0,0,0.7838,0.0901,0,0,0,354.5,0.0,4000.0,0.0,4065.0,-660.0,0.0,0.0,0.0,0.0,0.0,0.0,0.0,0.0,0.0,0.0,25.0,0.0,0.0,0.0,0.0,-176.5,0.0,0.0,2.18886,10.51052,0.0,0.0,0.0,0.0,0.00705,0.41983,-0.04979,0.14972,0.0,0.0,4025.0,0.0,5744.07,-480.91,0.0,0.0,1.1354,10.56987,1.48467,1.21988,0.0,0.0,0.01157,98.17073,0.98815,1.77704,0.0,0.0,57.1733,0.0,232.2857,-47.8,0.0,0,0,0,0,0,0,0,0,0,0,0,0,0,0,0,0,0,0,0,,,0,0,0,0.0,8375.5,0.0,0.0,25.0,0.0,-616.0,0.0,0.0,0.0,-176.5,8375.5,0.0,0.0,25.0,0.0,-616.0,0.0,0.0,0.0,-176.5,0,0,40,40,0,1,1,0,0,5,0,0,0,0,,0,0,0,0,0,1440,0,0,0,0,16,0,0,0,0,0,32,0,0,0,190,1,1,0,0,0,0,0,0,0,0,0,0,3200,0,1,0,0,0,7462,7.960332350576253,1.0,3.671937818279282,1.2802919869984153,3.2430983650495846,0.7504690431519699,2.9173553719008263,0.001214871972923801,0.005999137599590338,0.003551461200307434,-0.02362100255365173,0.3726092858446969,0.3236109903289212,0.01475838469988149,0.07691751770261261,0.37794712005477205,0.18753462603878115,0.03206509477237817,7220.0,,,,,,,,,,,,,,,,,,,,
25,25_5_2_5_2_1,25_5_2_5_2_1_StartGoalLocations_Seed1019.csv,40,4289.995662927628,40,1.0,0,0,0,0,0,0,0,54,0,54,0.0,0.09815950920245399,6.524852378236735,4,4,3,0.06222611744084137,0.5403155127081507,0.0,1,4,0,0,0,0,51,63,62,1,3,5,5,0,2,2,5,2,3,3,3,0,0,0,0,0,0,0,0,0,0,0,0,0,3.0,1.0,0.0,-14.4,-36.0,0.0,3,,4.0,4,,2.38,,4.75,,0.0,,1.2,7.08,0.0,1.6,0,0,0,0,0,0,0,0,143,0,90,18,35,0,11,0.6294,0.1259,0,0,0,228.2,0.0,4000.0,0.0,1820.838,-1004.958,0.0,0.0,0.0,0.0,0.8,-77.884,0.0,-670.0,0.0,0.0,100.0,0.0,0.0,0.0,0.0,-107.0,0.0,0.0,2.21038,13.13975,-0.03378,0.14803,-0.2936,0.24617,0.04382,1.04576,-0.04689,0.14576,0.0,-143.753,4100.0,0.0,2094.739,-901.707,-0.06299,0.25531,1.79667,13.15874,0.5228,1.31771,0.0631,0.99828,0.01928,93.18182,0.98116,1.3383,0.0,-3.8525,58.2386,0.0,104.0479,-63.5404,-9.74,19,2,0,37,35,51,31,155,15,79,61,0,35,68,52,0,26,0,1,0.0967741935483871,0.22580645161290322,155,50,23,-5.331,5978.938,0.8,0.0,100.0,0.0,-934.858,-77.884,-670.0,0.0,-107.0,5978.938,0.8,0.0,100.0,0.0,-934.858,-77.884,-670.0,0.0,-107.0,0,23,40,40,0,4,4,0,49,5,0,0,0,0,,0,0,0,0,0,724,54,54,70,70,260,92,32,32,4,0,654,52,0,0,488,0,0,1,1,1,0,0,9,9,0,24,0,305,0,23,0,0,0,5550,64.25225225225225,1.6547952888390354,11.585585585585585,1.0285769943060994,7.225225225225225,1.3333333333333333,2.70573566084788,0.0011479003003349647,0.005897675137915417,0.0032682428470920794,-0.024230634855384327,0.3703421537059447,0.32643780359247115,0.01392092814319124,0.08869147065059585,0.3961926259606026,0.19147816938453446,0.0333415739890822,3802.0,,,,,,,,,,,,,,,,,,,,
26,50_20_5_10_5_2,50_20_5_10_5_2_StartGoalLocations_Seed1010.csv,60,11373.90938796103,60,1.0,0,0,0,0,0,0,0,12,0,12,0.0,0.014092341924717226,9.653741627174517,9,7,9,0.011125533098460968,0.7722974225848321,0.0,2,6,0,0,0,0,11,19,19,0,2,1,1,0,1,2,1,1,0,0,0,0,0,0,0,0,0,0,0,0,0,0,0,0,0.0,1.0,0.0,0.0,-165.6,0.0,0,,7.0,9,,7.36,,32.86,,0.0,,0.0,26.15,0.0,0.3,0,0,0,0,0,0,0,0,234,0,138,78,18,0,0,0.5897,0.3333,0,0,0,539.3,0.0,6000.0,0.0,6144.678,-815.178,0.0,0.0,0.0,0.0,0.0,-25.891,0.0,-327.5,0.0,0.0,175.0,0.0,0.0,0.0,0.0,-316.5,0.0,0.0,2.20078,10.42943,-0.0048,0.05654,-0.06073,0.16333,0.03245,0.9001,-0.05869,0.16093,0.0,-40.509,6175.0,0.0,8363.471,-660.624,-0.00751,0.09306,1.145,10.52405,1.4283,1.13476,0.00668,1.12524,0.01242,92.16418,0.98758,1.69435,0.0,-5.4287,87.7131,0.0,351.1245,-64.6673,-2.606,3,1,0,6,16,5,13,40,4,31,5,0,6,29,5,0,2,0,0,0.1,0.15,40,20,10,-3.382,12629.378,0.0,0.0,175.0,0.0,-760.578,-25.891,-327.5,0.0,-316.5,12629.378,0.0,0.0,175.0,0.0,-760.578,-25.891,-327.5,0.0,-316.5,0,13,60,60,0,7,7,0,5,5,0,0,0,0,,0,0,0,0,0,1208,4,4,16,16,176,52,0,0,0,0,82,4,0,0,239,0,0,1,1,1,0,0,0,56,0,1,0,3200,0,56,0,0,0,13893,9.918664075433671,1.004354136429608,3.793277189951774,1.5058349359822962,2.727992514215792,0.4318721658389117,3.0131926121372032,0.0010165411164076877,0.006243362254154752,0.003502772040881019,-0.023354403461816886,0.38749482773787136,0.33465061020969555,0.016470569091855198,0.07691971996848453,0.375092483175749,0.19145896173995872,0.032332610267969374,6299.0,2.0,10.5,24.5,0.0,0.0,,,,,,,,,,,,,,,
27,25_5_2_5_2_1,25_5_2_5_2_1_StartGoalLocations_Seed1008.csv,25,2908.901849359274,24,0.96,0,0,0,0,0,0,0,30,0,30,0.0,0.07526881720430108,7.397849882161745,4,3,2,0.0456989247311828,0.5369623655913979,0.0,1,3,0,0,0,0,28,28,28,0,2,2,2,0,2,2,1,2,0,0,0,0,0,0,0,0,0,0,0,0,0,0,0,0,0.0,0.0,0.0,0.0,0.0,0.0,0,,3.0,4,,12.17,,18.33,,0.0,,0.0,6.55,0.0,0.9,0,0,0,0,0,0,0,0,80,0,49,9,22,0,1,0.6125,0.1125,0,0,0,148.8,0.0,2400.0,0.0,1222.6,-585.4,0.0,0.0,0.0,0.0,0.0,-30.098,0.0,-227.0,0.0,0.0,75.0,0.0,0.0,0.0,0.0,-95.0,0.0,0.0,2.14113,12.60675,-0.02023,0.11188,-0.15255,0.23023,0.0504,1.1214,-0.06384,0.16687,0.0,-58.84,2475.0,0.0,1425.735,-522.919,-0.03954,0.20024,1.66331,12.64056,0.60673,1.30006,0.04167,0.94904,0.01815,91.66667,0.9832,1.33196,0.0,-1.0189,35.1562,0.0,69.8629,-38.88,-3.948,10,3,0,39,3,7,13,62,30,21,11,0,39,16,7,0,9,0,0,0.4838709677419355,0.6290322580645161,62,18,10,-2.258,3731.5,0.0,0.0,75.0,0.0,-545.5,-30.098,-227.0,0.0,-95.0,3731.5,0.0,0.0,75.0,0.0,-545.5,-30.098,-227.0,0.0,-95.0,0,8,25,24,1,3,2,0,23,5,0,0,0,0,,0,0,0,0,0,1080,8,8,44,44,108,32,28,28,0,0,256,12,0,0,146,1,1,0,0,0,0,0,3,0,0,9,0,305,0,4,0,0,0,4343,47.91618696753396,1.3493512734262374,16.348146442551233,1.3078873450907182,9.808887865530739,1.7959935528436564,3.2065727699530515,0.0010573375222520554,0.006384226441797283,0.0038433800891248715,-0.023841113162537415,0.4125101136940497,0.3463635899402477,0.017212021016274337,0.08085525764359368,0.37721820407376777,0.20025673940949937,0.03187699398762263,5453.0,1.0,17.0,21.0,0.0,22.0,,,,,,,,,,,,,,,
28,25_5_2_5_2_1,25_5_2_5_2_1_StartGoalLocations_Seed1005.csv,40,2363.620370209217,40,1.0,5,0,5,5,0,0,0,129,0,124,0.0,0.16816524908869987,5.686787627313291,8,8,6,0.12217634199659946,0.4751032305076512,0.0,2,6,0,0,0,1,128,269,242,27,4,28,28,0,22,2,6,14,12,12,12,0,2,0,0,0,0,0,0,0,0,0,0,0,12.0,4.0,0.0,-59.399999999999984,-78.9,0.0,14,,8.0,8,,6.3,,12.38,,0.6,,12.0,8.84,0.2,4.0,0,8,0,4,0,0,0,3,191,0,122,26,43,0,9,0.6387,0.1361,0,0,0,411.7,0.0,4000.0,0.0,2870.622,-1714.006,0.0,0.0,0.0,-500.0,2.304,-326.999,0.0,-1254.0,0.0,-1040.0,200.0,0.0,0.0,0.0,0.0,-286.0,0.0,0.0,1.35252,9.85951,-0.20031,2.46538,-0.5572,1.36481,0.04858,1.10096,-0.06947,0.17294,0.0,-1190.682,4200.0,0.0,3425.058,-1534.956,-0.28921,2.56537,1.02016,9.86569,0.4591,1.26438,0.14574,1.98447,0.01166,87.5,0.98883,1.21838,0.0,-28.4536,59.6591,0.0,164.0355,-114.2861,-35.66,49,3,0,228,45,159,155,587,159,247,181,0,228,200,159,0,128,4,56,0.2708688245315162,0.38841567291311757,587,261,62,-16.013,7159.613,1.659,0.0,200.0,0.0,-1591.297,-826.354,-2294.0,0.0,-286.0,7159.613,1.659,0.0,200.0,0.0,-1591.297,-826.354,-2294.0,0.0,-286.0,0,96,40,40,0,8,8,0,220,5,0,0,0,0,,0,0,5,2,3,1552,220,220,388,388,1148,385,241,241,16,0,889,36,0,0,704,2,0,1,4,2,0,0,37,59,3,54,1,305,0,50,2,0,10,12167,69.03920440535876,2.369761904761905,38.6619544670009,1.6389349698782802,30.212870880249856,4.923152790334512,2.9779651795429816,0.0009561026456571405,0.00647325574758837,0.0037953726096395593,-0.02354964033998165,0.4131532643259186,0.342809144561131,0.019010514527386457,0.06892773132536023,0.37904816669241076,0.19282290770554258,0.03217636323195526,8137.0,,,,,,,,,,,,,,,,,,,,
29,50_20_5_10_5_2,50_20_5_10_5_2_StartGoalLocations_Seed1003.csv,25,4570.099963545799,25,1.0,0,0,0,0,0,0,0,0,0,0,0.0,0.0,9.991961414790996,0,0,0,0.0,0.8043944265809218,0.0,0,0,0,0,0,0,0,0,0,0,0,0,0,0,0,0,0,0,0,0,0,0,0,0,0,0,0,0,0,0,0,0,0,0,0.0,0.0,0.0,0.0,0.0,0.0,0,,,0,,,,,,,,,26.64,0.0,0.0,0,0,0,0,0,0,0,0,59,0,51,3,5,0,0,0.8644,0.0508,0,0,0,186.6,0.0,2500.0,0.0,2245.5,-285.0,0.0,0.0,0.0,0.0,0.0,0.0,0.0,0.0,0.0,0.0,0.0,0.0,0.0,0.0,0.0,-77.0,0.0,0.0,2.49041,11.41475,0.0,0.0,0.0,0.0,0.0,0.0,-0.04126,0.13758,0.0,0.0,2500.0,0.0,3025.67,-205.165,0.0,0.0,1.33976,11.49702,1.51152,1.07532,0.0,0.0,0.0134,100.0,0.9866,1.75493,0.0,0.0,35.5114,0.0,128.3143,-20.6857,0.0,0,0,0,0,0,0,0,0,0,0,0,0,0,0,0,0,0,0,0,,,0,0,0,0.0,4913.1,0.0,0.0,0.0,0.0,-266.0,0.0,0.0,0.0,-77.0,4913.1,0.0,0.0,0.0,0.0,-266.0,0.0,0.0,0.0,-77.0,0,0,25,25,0,0,0,0,0,5,0,0,0,0,,0,0,0,0,0,540,0,0,0,0,0,0,0,0,0,0,0,0,0,0,14,0,0,0,0,0,0,0,0,0,0,0,0,3200,0,0,0,0,0,3680,0.0,0.0,0.0,0.0,0.0,0.0,0.0,0.0008736870587098464,0.006250280421227217,0.003715201615597363,-0.02330555884098565,0.41949132327680233,0.34246065153015987,0.018598778939081562,0.07304231705126801,0.36806673366955656,0.19797904191616766,0.031119433570182792,2672.0,,,,,,,,,,,,,,,,,,,,
30,25_5_2_5_2_1,25_5_2_5_2_1_StartGoalLocations_Seed1018.csv,25,3306.7519500255585,25,1.0,0,0,0,0,0,0,0,24,0,24,0.0,0.07021650087770626,6.6895363175987566,2,2,2,0.06553540081919251,0.5529549444119368,0.0,1,2,0,0,0,0,23,24,24,0,2,1,1,0,1,2,3,0,1,1,1,0,0,0,0,0,0,0,0,0,0,0,0,0,1.0,0.0,0.0,-4.8,0.0,0.0,1,,2.0,2,,13.5,,17.5,,0.0,,0.0,10.83,0.0,1.5,0,0,0,0,0,0,0,0,66,0,51,6,9,0,2,0.7727,0.0909,0,0,0,170.9,0.0,2500.0,0.0,1499.779,-690.229,7.0,0.0,0.0,0.0,0.0,-18.198,0.0,-129.5,0.0,0.0,50.0,0.0,0.0,0.0,0.0,-83.0,0.0,0.0,2.04064,12.01866,-0.01065,0.0785,-0.07578,0.17929,0.02926,0.85473,-0.04857,0.14807,0.0,-37.892,2550.0,0.0,1771.269,-590.494,-0.02217,0.14008,1.4921,12.03285,0.69092,1.32118,0.02809,0.78942,0.0158,94.44444,0.98479,1.40331,0.0,-0.9816,36.2216,0.0,86.1017,-44.1845,-4.867,9,5,2,15,0,18,17,50,8,20,22,0,15,17,18,0,12,0,3,0.16,0.3,50,14,12,-4.306,4130.679,0.0,0.0,50.0,0.0,-643.229,-18.198,-129.5,0.0,-83.0,4130.679,0.0,0.0,50.0,0.0,-643.229,-18.198,-129.5,0.0,-83.0,0,4,25,25,0,2,2,0,20,5,0,0,0,0,,0,0,0,0,0,664,12,12,28,28,240,16,38,38,8,0,280,4,0,0,339,3,0,0,0,0,0,0,8,0,0,9,0,305,0,11,0,0,0,3992,62.324649298597194,1.7668810289389068,21.117234468937877,1.2686017402525094,12.725450901803606,1.402805611222445,3.309055118110236,0.0008080757084190923,0.006110334191022508,0.003624973222557231,-0.02343285975820688,0.4211507644279894,0.364222632833274,0.02192495706637042,0.05978236109276403,0.3721711610173848,0.1771951989892609,0.029770690958378827,3166.0,,,,,,,,,,,,,,,,,,,,
31,25_5_2_5_2_1,25_5_2_5_2_1_StartGoalLocations_Seed1006.csv,25,2977.845307826996,24,0.96,0,0,0,0,0,0,0,41,0,41,0.0,0.09355246523388117,7.523070763396253,3,2,1,0.054993678887484194,0.5707964601769911,0.0,1,2,0,0,0,0,40,41,41,0,2,5,5,0,5,2,2,4,1,1,1,0,0,0,0,0,0,0,0,0,0,0,0,0,1.0,0.0,0.0,-4.8,0.0,0.0,1,,2.0,3,,12.75,,15.5,,0.0,,0.5,10.3,0.0,1.5,0,0,0,0,0,0,0,0,72,0,54,6,12,0,4,0.75,0.0833,0,0,0,158.2,0.0,2400.0,0.0,1375.87,-621.202,0.0,0.0,0.0,0.0,0.8,-53.323,0.0,-264.5,0.0,0.0,50.0,0.0,0.0,0.0,0.0,-68.0,0.0,0.0,2.0941,12.23099,-0.0332,0.14975,-0.16719,0.23589,0.03161,0.88834,-0.04298,0.14016,0.0,-92.441,2450.0,0.0,1607.951,-533.723,-0.05843,0.25255,1.54867,12.25147,0.67903,1.29756,0.05436,1.0749,0.01643,94.23077,0.98357,1.3764,0.0,-1.5547,34.8011,0.0,78.6212,-39.383,-5.525,14,3,0,23,6,30,27,86,10,40,36,0,23,33,30,0,13,0,3,0.11627906976744186,0.26744186046511625,86,42,14,-3.082,3891.07,0.8,0.0,50.0,0.0,-578.202,-53.323,-264.5,0.0,-68.0,3891.07,0.8,0.0,50.0,0.0,-578.202,-53.323,-264.5,0.0,-68.0,0,24,25,24,1,2,2,0,19,5,0,0,0,0,,0,0,0,0,0,908,24,24,22,22,216,96,24,24,4,0,246,6,0,0,275,0,0,0,0,0,0,0,10,0,0,12,0,305,0,11,0,0,0,3923,47.25975019118022,1.4320388349514563,19.474891664542444,1.251308919169516,13.178689778230945,1.5804231455518736,3.1992263056092844,0.0007214513300579054,0.006301607523269393,0.004134162695307104,-0.025176759768228175,0.44440363721700493,0.3665791259594426,0.02532312769180221,0.04789218122123162,0.3808461698646517,0.18163218913389406,0.030634564299064655,4399.0,1.0,5.5,20.0,0.0,13.0,,,,,,,,,,,,,,,
32,50_20_5_10_5_2,50_20_5_10_5_2_StartGoalLocations_Seed1011.csv,25,6053.5000130832195,25,1.0,0,0,0,0,0,0,0,1,0,1,0.0,0.0,9.923384615384615,7,7,6,0.0015384615384615385,0.7658461538461538,0.0,2,7,1,0,0,0,1,1,1,0,2,0,0,0,0,0,0,0,0,0,0,0,0,0,0,0,0,0,0,0,0,0,0,0,0.0,0.0,0.0,0.0,0.0,0.0,0,,7.0,7,,9.79,,40.07,,0.0,,0.0,21.56,0.0,0.0,0,0,0,0,0,0,0,0,117,0,68,18,31,0,0,0.5812,0.1538,0,0,0,325.0,0.0,2500.0,0.0,3777.0,-546.0,0.0,0.0,0.0,0.0,0.0,0.0,0.0,-12.5,0.0,0.0,175.0,0.0,0.0,0.0,0.0,-165.0,0.0,0.0,1.86338,8.70682,0.0,0.0,-0.00385,0.04368,0.05385,1.15899,-0.05077,0.15102,0.0,0.0,2675.0,0.0,5420.855,-365.225,0.0,0.0,0.82308,8.80862,1.55558,1.16431,0.0,0.0,0.00985,83.59375,0.98923,1.79971,0.0,0.0,37.9972,0.0,215.8286,-40.6286,0.0,0,0,0,0,0,1,1,2,0,1,1,0,0,1,1,0,0,0,0,0.0,0.0,2,0,0,0.0,6565.6,0.0,0.0,175.0,0.0,-509.6,0.0,-12.5,0.0,-165.0,6565.6,0.0,0.0,175.0,0.0,-509.6,0.0,-12.5,0.0,-165.0,0,0,25,25,0,7,7,0,0,5,0,0,0,0,,0,0,0,0,0,1448,0,0,0,0,12,0,2,2,0,0,0,0,0,0,62,0,0,0,0,0,0,0,0,0,0,0,0,3200,0,0,0,0,0,9971,7.2109116437669245,1.0,2.5072710861498346,1.8296000236272811,2.3167184836024473,0.8023267475679471,2.5454545454545454,0.0008830195605726794,0.005974819806522757,0.003775834600513194,-0.025442658244369767,0.4437872889292174,0.37239385219239396,0.025102850721212547,0.05265289745730919,0.398312575374675,0.17798989331836046,0.030976554403575503,7124.0,,,,,,,,,,,,,,,,,,,,
33,25_5_2_5_2_1,25_5_2_5_2_1_StartGoalLocations_Seed1000.csv,60,5199.923553109169,60,1.0,2,0,2,2,0,0,0,90,0,88,0.0,0.17418505103720777,5.62328119716427,0,0,0,0.12216002634178466,0.5327625946657886,0.0,0,0,0,0,0,0,89,201,194,7,3,10,10,0,9,2,4,6,3,3,3,0,0,0,1,0,0,0,0,0,0,0,0,0,3.0,5.0,0.0,-15.6,-165.6,0.0,4,,,0,,,,,,,,,6.75,0.0,3.0,0,4,0,2,0,0,0,2,171,0,111,12,48,0,15,0.6491,0.0702,0,0,0,303.7,0.0,6000.0,0.0,2341.695,-1217.533,7.0,0.0,0.0,-200.0,3.262,-254.701,0.0,-1321.0,0.0,-320.0,0.0,0.0,0.0,0.0,0.0,-142.5,0.0,0.0,2.44809,13.92024,-0.14865,1.82612,-0.54034,0.87662,0.0,0.0,-0.04692,0.1458,0.0,-684.645,6000.0,0.0,2682.501,-1123.349,-0.22543,1.90691,1.97563,13.91619,0.51339,1.27181,0.14027,1.60715,0.01976,100.0,0.98024,1.27842,0.0,-17.9555,85.2273,0.0,134.2111,-77.7162,-21.675,63,9,9,156,55,107,109,429,44,190,195,0,157,165,107,0,134,0,20,0.10256410256410256,0.36596736596736595,429,190,56,-11.794,8565.959,3.2,0.0,0.0,0.0,-1131.096,-454.639,-1641.0,0.0,-142.5,8565.959,3.2,0.0,0.0,0.0,-1131.096,-454.639,-1641.0,0.0,-142.5,0,84,60,60,0,0,0,0,138,5,0,0,0,0,,0,0,2,0,0,580,68,68,250,250,944,336,170,170,4,0,1124,78,0,0,584,3,0,3,5,5,0,0,33,106,2,64,0,305,0,89,0,0,0,5972,79.67180174146014,2.6563682219419924,34.61152042866711,1.3863207760956777,22.03616878767582,2.813127930341594,2.7462006079027357,0.00093526385644509,0.006048911772989507,0.003873183348633606,-0.02495700663019871,0.4461709659675072,0.36596297560067015,0.025215663895781698,0.03142354817547161,0.3950353646615572,0.18282166264229044,0.031430324014491924,2899.0,,,,,,,,,,,,,,,,,,,,
34,25_5_2_5_2_1,25_5_2_5_2_1_StartGoalLocations_Seed1003.csv,60,4203.868804931641,59,0.9833333333333333,5,0,5,5,0,0,0,183,0,178,0.0,0.20016750418760468,5.504879279152632,10,8,7,0.14294683968187527,0.5234407701967351,0.0,2,8,1,0,0,1,183,305,206,99,6,38,35,3,38,3,6,19,15,15,15,0,1,0,3,0,0,0,0,0,0,0,0,0,15.0,14.0,0.0,-82.8,-452.09999999999997,0.0,19,,8.0,10,,6.29,,14.5,,0.6,,8.8,7.87,0.1,4.4,0,9,0,9,0,0,0,5,250,0,136,36,78,0,57,0.544,0.144,0,0,0,477.8,0.0,5900.0,0.0,3609.773,-1978.329,35.0,0.0,0.0,-550.0,5.965,-433.34,0.0,-2028.0,0.0,-824.0,200.0,0.0,0.0,0.0,0.0,-211.0,0.0,0.0,1.6836,11.07777,-0.20456,2.40018,-0.5969,1.47418,0.04186,1.02211,-0.04416,0.14188,0.0,-1457.213,6100.0,0.0,4505.298,-1612.961,-0.30498,2.51323,1.27668,11.08599,0.60534,1.28577,0.16367,1.86344,0.01402,91.04478,0.98702,1.29734,0.0,-44.7451,86.6477,0.0,208.2727,-125.1045,-53.358,106,8,12,299,59,195,234,790,110,357,323,0,299,296,195,0,246,4,63,0.13924050632911392,0.37848101265822787,782,396,74,-12.662,9880.382,4.943,0.0,200.0,0.0,-1836.139,-982.318,-2852.0,0.0,-211.0,9880.382,4.943,0.0,200.0,0.0,-1836.139,-982.318,-2852.0,0.0,-211.0,0,144,60,59,1,8,8,0,413,5,0,0,0,0,,0,0,5,2,2,1284,314,314,721,721,1899,570,575,575,68,0,1856,62,0,0,740,7,2,10,14,14,0,0,75,101,4,102,5,305,0,77,2,0,10,13744,70.18335273573923,3.4536595479991705,31.257275902211873,1.8723056580135564,21.98777648428405,4.889406286379511,2.739907346128392,0.0009505452363835876,0.006315164086684538,0.003866416857667801,-0.025790363985383622,0.47077843026951466,0.3712508156663532,0.026302846215340393,0.05422034262566366,0.3742457868726873,0.168646408839779,0.03467823633905759,7240.0,2.0,3.5,16.5,0.0,16.0,,,,,,,,,,,,,,,
35,25_5_2_5_2_1,25_5_2_5_2_1_StartGoalLocations_Seed1001.csv,60,5891.263511121273,60,1.0,0,0,0,0,0,0,0,154,0,154,0.0,0.15608716248223592,6.161416478073891,7,7,4,0.1113216485078162,0.5518711511132165,0.0,2,7,0,0,0,0,151,260,260,0,2,7,7,0,7,2,3,5,2,2,2,0,0,0,0,0,0,0,0,0,0,0,0,0,2.0,9.0,0.0,-9.6,-304.7999999999999,0.0,2,,7.0,7,,6.09,,10.71,,0.0,,0.3,8.44,0.0,5.3,0,0,0,0,0,0,0,0,244,0,163,16,65,0,18,0.668,0.0656,0,0,0,422.2,0.0,6000.0,0.0,3303.21,-1795.774,3.5,0.0,0.0,0.0,5.41,-270.782,0.0,-1756.0,0.0,0.0,175.0,0.0,0.0,0.0,0.0,-195.5,0.0,0.0,1.879,11.86283,-0.06285,0.19538,-0.41592,0.18701,0.04145,1.01711,-0.04631,0.14494,0.0,-513.065,6175.0,0.0,3937.296,-1529.975,-0.12152,0.3389,1.46258,11.87476,0.57019,1.30176,0.12411,0.97913,0.01587,92.16418,0.98389,1.31615,0.0,-17.5339,87.7131,0.0,188.9549,-113.7871,-25.011,95,11,38,229,44,130,132,538,94,293,151,0,227,180,131,0,155,0,11,0.17472118959107807,0.42193308550185876,538,196,72,-14.307,9602.224,5.41,0.0,175.0,0.0,-1669.088,-270.782,-1756.0,0.0,-195.5,9602.224,5.41,0.0,175.0,0.0,-1669.088,-270.782,-1756.0,0.0,-195.5,0,90,60,60,0,7,7,0,172,5,0,0,0,0,,0,0,0,0,0,956,40,40,424,424,914,360,204,204,12,0,828,34,0,0,739,6,1,4,9,8,1,0,39,141,5,60,0,305,0,98,0,0,0,11049,66.01502398407095,2.384699753221826,25.26925513621142,1.507660304129799,17.015114489999096,2.5341659878722056,2.9436170212765957,0.0009329057478429467,0.006306378184486508,0.003983248248267685,-0.026000945747023347,0.5093210920629142,0.3803145088660667,0.028502754683929758,0.05883619984198814,0.3593501196026542,0.1559432933478735,0.03483836930008641,5502.0,,,,,,,,,,,,,,,,,,,,
36,50_20_5_10_5_2,50_20_5_10_5_2_StartGoalLocations_Seed1003.csv,60,10182.80595511198,60,1.0,0,0,0,0,0,0,0,22,0,22,0.0,0.017591623036649216,9.505670405183164,6,6,5,0.01068062827225131,0.7430366492146597,0.0,1,4,0,0,0,0,22,29,29,0,2,3,3,0,3,2,1,3,0,0,0,0,0,0,0,0,0,0,0,0,0,0,0,0,0.0,1.0,0.0,0.0,-16.8,0.0,0,,6.0,6,,14.75,,29.58,,0.0,,2.7,21.31,0.0,0.3,0,0,0,0,0,0,0,0,193,0,132,28,33,0,0,0.6839,0.1451,0,0,0,477.5,0.0,6000.0,0.0,5286.702,-1049.202,24.5,0.0,0.0,0.0,0.0,-38.194,0.0,-452.0,0.0,0.0,150.0,0.0,0.0,0.0,0.0,-216.5,0.0,0.0,2.24911,11.09284,-0.008,0.07137,-0.09466,0.19588,0.03141,0.88564,-0.04534,0.14358,0.0,-65.872,6150.0,0.0,6929.24,-832.357,-0.0138,0.12496,1.28796,11.17054,1.27683,1.21237,0.01257,1.09786,0.01382,93.18182,0.98743,1.64615,0.0,-1.4978,87.358,0.0,303.4973,-72.3259,-4.574,7,1,0,23,0,19,16,58,12,30,16,0,23,16,19,0,17,0,0,0.20689655172413793,0.39655172413793105,58,42,12,-2.322,11717.703,0.0,0.0,150.0,0.0,-978.202,-38.194,-452.0,0.0,-216.5,11717.703,0.0,0.0,150.0,0.0,-978.202,-38.194,-452.0,0.0,-216.5,0,18,60,60,0,5,5,0,12,5,0,0,0,0,,0,0,0,0,0,1752,12,12,30,30,160,72,4,4,0,0,58,0,0,0,422,0,0,0,1,0,0,0,3,17,1,0,0,3200,0,2,0,0,0,13643,13.340174448435095,1.0483516483516484,5.446016272080921,1.4224764666323266,3.818808180019057,0.9235505387378142,2.7178502879078694,0.000892767288569635,0.006138283117742333,0.003798992203476256,-0.025985635345010725,0.5023657712217879,0.3864498675617998,0.028934727571734556,0.054702306653747174,0.369831783483581,0.15905448717948717,0.03425145349889687,9984.0,,,,,,,,,,,,,,,,,,,,
37,25_5_2_5_2_1,25_5_2_5_2_1_StartGoalLocations_Seed1002.csv,25,2877.035931646824,25,1.0,0,0,0,0,0,0,0,70,0,70,0.0,0.10665200659703133,6.362979848283932,5,5,4,0.03958218801539307,0.5623969213853766,0.0,1,3,0,0,0,0,68,74,74,0,2,3,3,0,3,2,3,1,2,2,2,0,0,0,0,0,0,0,0,0,0,0,0,0,2.0,1.0,0.0,-9.6,-16.8,0.0,2,,5.0,5,,5.62,,12.2,,0.0,,1.2,8.15,0.0,1.4,0,0,0,0,0,0,0,0,96,0,56,15,25,0,0,0.5833,0.1562,0,0,0,181.9,0.0,2500.0,0.0,1500.044,-727.844,0.0,0.0,0.0,0.0,0.8,-99.364,0.0,-511.5,0.0,0.0,125.0,0.0,0.0,0.0,0.0,-92.0,0.0,0.0,1.8989,11.66179,-0.05419,0.18947,-0.2812,0.24805,0.06872,1.30891,-0.05058,0.15077,0.0,-167.934,2625.0,0.0,1731.361,-661.27,-0.09232,0.31327,1.4431,11.70784,0.58829,1.29124,0.08576,1.0765,0.01649,87.5,0.98571,1.33443,0.0,-3.2771,37.2869,0.0,85.7168,-46.8482,-8.006,7,1,0,21,37,51,49,158,14,84,60,0,21,86,51,0,13,0,8,0.08860759493670886,0.13291139240506328,158,58,22,-8.631,4130.884,0.8,0.0,125.0,0.0,-676.784,-99.364,-511.5,0.0,-92.0,4130.884,0.8,0.0,125.0,0.0,-676.784,-99.364,-511.5,0.0,-92.0,0,46,25,25,0,5,5,0,32,5,0,0,0,0,,0,0,0,0,0,756,24,24,58,58,370,182,30,30,8,0,230,20,0,0,360,0,0,0,1,1,0,0,7,14,1,8,0,305,0,21,0,0,0,4854,68.25298722702925,2.1352248717174764,29.81046559538525,1.203870094980486,19.221260815822003,2.554594149155336,3.2990353697749195,0.001053950215555714,0.005985997841452007,0.003824498213669926,-0.025843365531828668,0.5026354621011744,0.3837121087249625,0.027815641721996364,0.060007363799269554,0.3580884054371375,0.15731149120693808,0.03357340011568491,4151.0,,,,,,,,,,,,,,,,,,,,
38,50_20_5_10_5_2,50_20_5_10_5_2_StartGoalLocations_Seed1005.csv,40,7483.83520385623,40,1.0,0,0,0,0,0,0,0,50,0,50,0.0,0.030102983892263006,9.493008962872477,7,6,5,0.012674940586216002,0.7932400316873515,0.0,2,7,1,0,0,0,50,50,50,0,2,5,5,0,5,2,3,4,1,1,1,0,0,0,0,0,0,0,0,0,0,0,0,0,1.0,0.0,0.0,-4.8,0.0,0.0,1,,6.0,7,,14.92,,37.17,,0.0,,4.2,25.71,0.0,0.8,0,0,0,0,0,0,0,0,130,0,93,24,13,0,0,0.7154,0.1846,0,0,0,378.7,0.0,4000.0,0.0,4426.84,-613.84,0.0,0.0,0.0,0.0,0.0,-65.365,0.0,-644.0,0.0,0.0,150.0,0.0,0.0,0.0,0.0,-148.5,0.0,0.0,2.16311,10.16641,-0.01726,0.10797,-0.17006,0.23687,0.03961,0.99431,-0.03921,0.13442,0.0,-115.592,4150.0,0.0,6014.937,-423.374,-0.03052,0.18668,1.09585,10.26712,1.47652,1.07828,0.02693,1.13326,0.01215,90.21739,0.98865,1.71963,0.0,-1.7703,58.9489,0.0,252.9623,-43.5623,-4.92,20,9,7,48,13,14,25,100,12,74,14,0,48,38,14,0,39,0,0,0.12,0.48,100,42,8,-0.772,8763.64,0.0,0.0,150.0,0.0,-571.94,-65.365,-644.0,0.0,-148.5,8763.64,0.0,0.0,150.0,0.0,-571.94,-65.365,-644.0,0.0,-148.5,0,19,40,40,0,6,6,0,32,5,0,0,0,0,,0,0,0,0,0,1236,30,30,92,92,160,76,4,4,0,0,16,0,0,0,283,0,0,0,0,0,0,0,17,0,0,22,0,3200,0,4,0,0,0,10832,15.149556868537665,1.0,5.603766617429837,1.6140033187838716,3.7850812407680947,0.7016248153618907,2.729268292682927,0.0008646652183936399,0.0054940362792450055,0.003934410243961225,-0.02712185283019705,0.5143872277636359,0.4012807767753848,0.023252546980157253,0.04619667176187376,0.3600739990706693,0.154970337143684,0.03370606343108019,6911.0,1.0,19.5,31.0,0.0,0.0,,,,,,,,,,,,,,,
39,50_20_5_10_5_2,50_20_5_10_5_2_StartGoalLocations_Seed1019.csv,25,5119.591474443674,25,1.0,0,0,0,0,0,0,0,22,0,22,0.0,0.018018018018018018,9.670110873034595,0,0,0,0.0023501762632197414,0.8029768899334117,0.0,0,0,0,0,0,0,22,22,22,0,2,0,0,0,0,0,0,0,0,0,0,0,0,0,0,0,0,0,0,0,0,0,0,0,0.0,0.0,0.0,0.0,0.0,0.0,0,,,0,,,,,,,,,37.0,0.0,1.0,0,0,0,0,0,0,0,0,65,0,51,11,3,0,0,0.7846,0.1692,0,0,0,255.3,0.0,2500.0,0.0,3097.293,-359.793,0.0,0.0,0.0,0.0,0.0,-15.208,0.0,-261.0,0.0,0.0,0.0,0.0,0.0,0.0,0.0,-97.0,0.0,0.0,2.15151,9.78484,-0.00596,0.05091,-0.10223,0.20166,0.0,0.0,-0.03799,0.13249,0.0,-35.336,2500.0,0.0,4503.396,-249.352,-0.01384,0.10992,0.97924,9.84709,1.66629,1.12768,0.01645,0.84135,0.00979,100.0,0.98942,1.88153,0.0,-0.6511,35.5114,0.0,176.9882,-26.1025,-1.331,10,5,2,23,6,6,9,44,20,17,7,0,23,15,6,0,3,0,0,0.45454545454545453,0.5227272727272727,44,10,4,-0.872,5828.393,0.0,0.0,0.0,0.0,-335.593,-15.208,-261.0,0.0,-97.0,5828.393,0.0,0.0,0.0,0.0,-335.593,-15.208,-261.0,0.0,-97.0,0,7,25,25,0,0,0,0,14,5,0,0,0,0,,0,0,0,0,0,768,0,0,58,58,76,28,0,0,0,0,20,0,0,0,120,0,0,0,0,0,0,0,1,0,0,2,0,3200,0,2,0,0,0,5066,6.81010659297276,1.0,2.1713383339913146,0.9272727347233078,1.0856691669956573,0.0,3.5636363636363635,0.0010405347427232907,0.005279025022900896,0.0039212928180252975,-0.027335316243503865,0.5101454673955838,0.4022989844282468,0.01968985059647821,0.07383065974378648,0.3640485589739438,0.1576950438700498,0.03355347037046879,4217.0,,,,,,,,,,,,,,,,,,,,
40,50_20_5_10_5_2,50_20_5_10_5_2_StartGoalLocations_Seed1008.csv,25,5243.299993552268,25,1.0,0,0,0,0,0,0,0,0,0,0,0.0,0.0,9.983118971061094,1,1,1,0.006832797427652733,0.787379421221865,0.0,0,0,0,0,0,0,0,0,0,0,0,0,0,0,0,0,0,0,0,0,0,0,0,0,0,0,0,0,0,0,0,0,0,0,0.0,0.0,0.0,0.0,0.0,0.0,0,,1.0,1,,1.0,,39.0,,0.0,,0.0,31.19,0.0,0.0,0,0,0,0,0,0,0,0,64,0,52,6,6,0,0,0.8125,0.0938,0,0,0,248.8,0.0,2500.0,0.0,2970.0,-390.0,0.0,0.0,0.0,0.0,0.0,0.0,0.0,0.0,0.0,0.0,25.0,0.0,0.0,0.0,0.0,-110.5,0.0,0.0,2.1418,9.91661,0.0,0.0,0.0,0.0,0.01005,0.5011,-0.04441,0.14225,0.0,0.0,2525.0,0.0,4298.745,-273.205,0.0,0.0,1.01487,9.98517,1.61798,1.17843,0.0,0.0,0.01045,97.11538,0.98915,1.85776,0.0,0.0,35.8665,0.0,169.7143,-28.6,0.0,0,0,0,0,0,0,0,0,0,0,0,0,0,0,0,0,0,0,0,,,0,0,0,0.0,5692.8,0.0,0.0,25.0,0.0,-364.0,0.0,0.0,0.0,-110.5,5692.8,0.0,0.0,25.0,0.0,-364.0,0.0,0.0,0.0,-110.5,0,0,25,25,0,1,1,0,0,5,0,0,0,0,,0,0,0,0,0,1476,0,0,0,0,0,0,0,0,0,0,0,0,0,0,28,0,0,0,0,0,0,0,0,0,0,0,0,3200,0,0,0,0,0,5425,3.6129032258064515,1.0,0.3686635944700461,0.640000008046627,0.07373271889400922,0.07373271889400922,1.0,0.0009121885699972284,0.00526081606604381,0.0037546420430759507,-0.026659412748687637,0.508846180629601,0.4128169542567194,0.020488277595076296,0.06895082506924101,0.35296114436552084,0.16500383729854182,0.03180794666986775,7818.0,,,,,,,,,,,,,,,,,,,,
41,50_20_5_10_5_2,50_20_5_10_5_2_StartGoalLocations_Seed1005.csv,60,10040.867316663265,60,1.0,0,0,0,0,0,0,0,14,0,14,0.0,0.008882966910948257,9.150468068204402,2,2,0,0.017321785476349102,0.7455029980013325,0.0,1,2,0,0,0,0,14,14,14,0,2,1,1,0,1,2,7,0,1,7,1,0,0,0,0,0,0,0,0,0,0,0,0,0,1.0,1.0,0.0,-33.6,-16.8,0.0,1,,2.0,2,,15.5,,29.5,,0.0,,0.0,21.66,0.0,0.1,0,0,0,0,0,0,0,0,150,0,120,17,13,0,0,0.8,0.1133,0,0,0,450.3,0.0,6000.0,0.0,5069.674,-1049.674,0.0,0.0,0.0,0.0,0.0,-9.933,0.0,-297.5,0.0,0.0,50.0,0.0,0.0,0.0,0.0,-172.0,0.0,0.0,2.32518,11.41617,-0.00221,0.03782,-0.06607,0.16932,0.0111,0.52675,-0.0382,0.13281,0.0,-21.188,6050.0,0.0,6769.156,-756.528,-0.00471,0.067,1.34355,11.4768,1.33525,1.21582,0.00577,0.81491,0.01377,97.58065,0.98645,1.69421,0.0,-1.9118,85.9375,0.0,289.6957,-69.8099,-2.175,1,1,0,4,2,9,13,28,0,16,12,0,4,15,9,0,8,0,6,0.0,0.14285714285714285,28,6,4,-1.745,11449.674,0.0,0.0,50.0,0.0,-979.373,-9.933,-297.5,0.0,-172.0,11449.674,0.0,0.0,50.0,0.0,-979.373,-9.933,-297.5,0.0,-172.0,0,5,60,60,0,2,2,0,8,5,0,0,0,0,,0,0,0,0,0,1300,28,28,6,6,48,20,0,0,0,0,192,0,0,0,760,1,0,0,1,1,0,0,3,0,1,1,0,3200,0,4,0,0,0,10035,22.79023418036871,1.0445999125491912,4.803188839063279,1.2042531269018952,4.095665171898355,0.7972097658196313,3.221411192214112,0.0009587255759722142,0.005418049549110807,0.004116220872562665,-0.027578274899950395,0.5169633467380818,0.42977227623646075,0.019247885366471915,0.06884934530378534,0.3594461819819082,0.15743483412322276,0.031202628980993716,6752.0,,,,,,,,,,,,,,,,,,,,
42,25_5_2_5_2_1,25_5_2_5_2_1_StartGoalLocations_Seed1005.csv,60,6123.596836447716,60,1.0,1,0,1,1,0,0,0,60,0,59,0.0,0.13741636644364386,6.06710962665124,4,4,4,0.08054554812146165,0.5663921770458055,0.0,1,2,0,0,0,0,57,141,141,0,2,10,10,0,10,2,6,5,5,5,5,0,0,0,0,0,0,0,0,0,0,0,0,0,5.0,9.0,0.0,-23.999999999999996,-669.5999999999998,0.0,5,,4.0,4,,8.75,,15.5,,0.0,,12.2,7.64,0.0,2.1,0,2,0,1,0,0,0,1,220,0,131,21,68,0,34,0.5955,0.0955,0,0,0,388.6,0.0,6000.0,0.0,3075.433,-1645.574,10.5,0.0,0.0,-100.0,4.733,-141.095,0.0,-1199.5,0.0,-192.0,100.0,0.0,0.0,0.0,0.0,-177.5,0.0,0.0,2.01466,12.35012,-0.06082,1.14278,-0.35808,0.64914,0.02573,0.80167,-0.04568,0.14406,0.0,-397.417,6100.0,0.0,3649.534,-1416.709,-0.10227,1.19925,1.56974,12.35231,0.57458,1.29773,0.07669,1.33361,0.01647,95.3125,0.9843,1.32451,0.0,-28.4182,86.6477,0.0,176.3391,-104.1756,-32.144,46,8,9,74,62,78,86,302,36,177,89,0,73,151,78,0,54,0,7,0.11920529801324503,0.24172185430463577,302,121,42,-3.945,9358.333,4.634,0.0,100.0,0.0,-1529.374,-240.996,-1391.5,0.0,-177.5,9358.333,4.634,0.0,100.0,0.0,-1529.374,-240.996,-1391.5,0.0,-177.5,0,62,60,60,0,4,4,0,85,5,0,0,0,0,,0,0,1,0,0,884,96,96,106,106,708,248,108,108,12,0,1163,38,0,0,864,3,1,7,10,9,0,0,49,57,2,54,1,305,0,114,0,0,0,8691,73.66240938902313,2.187597625741956,22.989299275112185,1.2458083255298518,15.533310321021746,2.347255781843286,2.9,0.0010675216506578226,0.005542763333969931,0.004194448688341414,-0.028991738030880825,0.5268038772889392,0.4342224889211525,0.017313584775929404,0.08569085664153774,0.3556128440043388,0.17151223593390505,0.03207961280985317,4781.0,,,,,,,,,,,,,,,,,,,,
43,50_20_5_10_5_2,50_20_5_10_5_2_StartGoalLocations_Seed1008.csv,60,11224.599999025464,60,1.0,0,0,0,0,0,0,0,1,0,1,0.0,0.0008674907829104315,9.697918023031049,6,3,5,0.0030362177401865105,0.8095857731511603,0.0,1,2,0,0,0,0,1,1,1,0,2,0,0,0,0,0,0,0,0,0,0,0,0,0,0,0,0,0,0,0,0,0,0,0,0.0,0.0,0.0,0.0,0.0,0.0,0,,3.0,6,,13.17,,36.33,,0.0,,0.0,23.86,0.0,0.0,0,0,0,0,0,0,0,0,182,0,136,26,20,0,0,0.7473,0.1429,0,0,0,461.1,0.0,6000.0,0.0,5573.55,-674.55,0.0,0.0,0.0,0.0,0.0,0.0,0.0,-21.0,0.0,0.0,75.0,0.0,0.0,0.0,0.0,-189.5,0.0,0.0,2.4637,11.25028,0.0,0.0,-0.00455,0.0475,0.01627,0.63747,-0.0411,0.13733,0.0,-1.0,6075.0,0.0,7706.588,-476.392,-0.00022,0.01041,1.3175,11.34876,1.56803,1.09704,0.00043,0.5,0.01366,96.42857,0.98677,1.79846,0.0,-0.0408,86.2926,0.0,318.4886,-49.3743,-0.4,0,0,0,0,0,0,2,2,0,2,0,0,0,2,0,0,0,0,0,0.0,0.0,2,0,0,0.0,11989.65,0.0,0.0,75.0,0.0,-629.55,0.0,-21.0,0.0,-189.5,11989.65,0.0,0.0,75.0,0.0,-629.55,0.0,-21.0,0.0,-189.5,0,0,60,60,0,3,3,0,1,5,0,0,0,0,,0,0,0,0,0,2100,0,0,0,0,12,0,4,4,0,0,72,0,0,0,302,0,0,0,0,0,0,0,0,0,0,0,0,3200,0,0,0,0,0,13133,8.627122515799893,1.0,3.685372725196071,0.8714876165998376,2.5279829437295365,0.1827457549684002,3.680722891566265,0.000991131313958682,0.005316208211172904,0.004240505830163047,-0.028839210676295416,0.5284021697725568,0.4376976974805196,0.017785933120619685,0.07373891606128642,0.36835285031972476,0.15512489999111032,0.03181070269037579,11249.0,3.0,25.83,51.0,0.0,0.0,,,,,,,,,,,,,,,
44,50_20_5_10_5_2,50_20_5_10_5_2_StartGoalLocations_Seed1005.csv,60,10417.05188703537,59,0.9833333333333333,1,0,1,1,0,0,0,18,0,17,0.0,0.006105225354641767,9.722135031281093,9,7,7,0.11186927635123002,0.8112767103609265,13.5,2,6,0,0,0,0,17,17,17,0,2,2,2,0,2,2,2,0,2,2,2,0,0,0,0,0,0,0,0,0,0,0,0,0,2.0,0.0,0.0,-9.6,0.0,0.0,2,1.0,7.0,10,13.5,11.14,41.0,35.14,0.0,0.0,8.0,0.0,24.99,0.0,0.1,0,2,0,1,0,0,0,1,168,0,130,24,14,0,0,0.7738,0.1429,0,0,0,556.9,0.0,5900.0,0.0,5911.314,-731.73,0.0,0.0,0.0,-100.0,0.288,-16.72,0.0,-217.5,0.0,-192.0,175.0,0.0,0.0,0.0,0.0,-523.5,0.0,-345.0,2.08951,10.18692,-0.02091,0.94576,-0.07353,0.53845,0.03142,0.88578,-0.15595,0.7686,0.0,-151.432,6075.0,0.0,8069.851,-936.392,-0.02719,0.98141,1.09086,10.27323,1.28092,1.42277,0.00682,3.98505,0.01185,92.04545,0.98851,1.63601,0.0,-3.8098,86.2926,0.0,337.0465,-90.6989,-2.077,5,3,0,14,3,5,12,34,1,26,7,0,14,15,5,0,9,0,6,0.029411764705882353,0.4117647058823529,34,10,0,-0.0,12319.114,0.0,0.0,175.0,0.0,-682.63,-116.432,-409.5,0.0,-868.5,12319.114,0.0,0.0,175.0,0.0,-682.63,-116.432,-409.5,0.0,-868.5,0,2,60,59,1,6,6,0,15,5,0,0,0,0,,0,0,1,0,0,3200,16,16,24,24,20,8,21,21,0,0,36,0,0,0,378,0,0,0,0,0,0,0,6,0,0,3,0,3200,0,2,0,0,0,23211,6.854508638145707,1.032683846637335,2.830554478480031,1.6503805407242143,2.5418982379044417,0.5988539916418939,2.6372881355932205,0.0008315202295489144,0.00492917751398636,0.004201541364309378,-0.026704194312915205,0.532516664378345,0.47146205477416514,0.020111355662811546,0.06209621543675894,0.35469297795790034,0.16038200862600124,0.030319436921432557,16230.0,2.0,15.5,23.0,0.0,0.0,,,,,,,,,,,,,,,
45,50_20_5_10_5_2,50_20_5_10_5_2_StartGoalLocations_Seed1013.csv,60,11523.306572139263,60,1.0,0,0,0,0,0,0,0,13,0,13,0.0,0.007750435962022864,9.705674325927841,6,6,3,0.0015500871924045726,0.8097267971323387,0.0,1,4,0,0,0,0,13,13,13,0,2,0,0,0,0,0,0,0,0,0,0,0,0,0,0,0,0,0,0,0,0,0,0,0,0.0,0.0,0.0,0.0,0.0,0.0,0,,6.0,6,,7.58,,41.5,,0.0,,0.2,24.61,0.0,0.2,0,0,0,0,0,0,0,0,202,0,139,21,42,0,0,0.6881,0.104,0,0,0,516.1,0.0,6000.0,0.0,6224.828,-790.328,0.0,0.0,0.0,0.0,0.8,-15.093,0.0,-365.0,0.0,0.0,150.0,0.0,0.0,0.0,0.0,-198.0,0.0,0.0,2.31556,10.64824,-0.00277,0.0448,-0.07072,0.17424,0.02906,0.85191,-0.03836,0.13308,0.0,-27.181,6150.0,0.0,8558.534,-573.705,-0.00527,0.07627,1.19163,10.75003,1.54715,1.10343,0.00504,1.04544,0.01279,93.18182,0.9876,1.79169,0.0,-0.4114,87.358,0.0,355.7045,-56.4759,-1.11,1,1,0,8,0,2,16,26,8,16,2,0,8,16,2,0,0,0,0,0.3076923076923077,0.3076923076923077,26,22,4,-0.112,12688.128,0.8,0.0,150.0,0.0,-737.528,-15.093,-365.0,0.0,-198.0,12688.128,0.8,0.0,150.0,0.0,-737.528,-15.093,-365.0,0.0,-198.0,0,10,60,60,0,6,6,0,3,5,0,0,0,0,,0,0,0,0,0,1172,0,0,4,4,124,40,8,8,0,0,88,0,0,0,317,0,0,0,0,0,0,0,0,0,0,0,0,3200,0,0,0,0,0,12565,13.290887385594907,1.0,6.92399522483088,1.5626437001358504,5.356148030242737,0.8754476721050537,2.836552748885587,0.0008664228514256234,0.004885375618127273,0.004356651874449829,-0.0263240045960039,0.5307106253636982,0.4809901621764837,0.017396595457778552,0.07589784748343681,0.3527575765717101,0.15437302423603794,0.02927528468876013,5694.0,,,,,,,,,,,,,,,,,,,,
46,50_20_5_10_5_2,50_20_5_10_5_2_StartGoalLocations_Seed1008.csv,40,7455.199856817722,40,1.0,0,0,0,0,0,0,0,0,0,0,0.0,0.0,9.99117231638418,1,1,0,0.0,0.8425141242937854,0.0,0,0,0,0,0,0,0,0,0,0,0,0,0,0,0,0,0,0,0,0,0,0,0,0,0,0,0,0,0,0,0,0,0,0,0.0,0.0,0.0,0.0,0.0,0.0,0,,1.0,1,,19.5,,37.0,,0.0,,0.0,26.38,0.0,0.0,0,0,0,0,0,0,0,0,100,0,86,6,8,0,0,0.86,0.06,0,0,0,283.2,0.0,4000.0,0.0,3562.5,-312.0,0.0,0.0,0.0,0.0,0.0,0.0,0.0,0.0,0.0,0.0,25.0,0.0,0.0,0.0,0.0,-103.5,0.0,0.0,2.6602,11.69361,0.0,0.0,0.0,0.0,0.00883,0.4697,-0.03655,0.13014,0.0,0.0,4025.0,0.0,4879.74,-227.475,0.0,0.0,1.42126,11.80863,1.64275,1.0093,0.0,0.0,0.01448,98.17073,0.98517,1.83054,0.0,0.0,57.1733,0.0,203.5714,-23.7429,0.0,0,0,0,0,0,0,0,0,0,0,0,0,0,0,0,0,0,0,0,,,0,0,0,0.0,7824.9,0.0,0.0,25.0,0.0,-291.2,0.0,0.0,0.0,-103.5,7824.9,0.0,0.0,25.0,0.0,-291.2,0.0,0.0,0.0,-103.5,0,0,40,40,0,1,1,0,0,5,0,0,0,0,,0,0,0,0,0,956,0,0,0,0,0,0,0,0,0,0,0,0,0,0,48,0,0,0,0,0,0,0,0,0,0,0,0,3200,0,0,0,0,0,5970,1.8257956448911223,1.0,0.6700167504187605,2.3700000323355197,0.6700167504187605,0.16750418760469013,2.7,0.0007185669704173265,0.004832355989431611,0.004586974218308489,-0.026631461417450566,0.5410622353334307,0.5013655214628914,0.0235706217836386,0.03870696574059865,0.3523578580737796,0.17121478873239437,0.028543533187934927,4544.0,,,,,,,,,,,,,,,,,,,,
47,25_5_2_5_2_1,25_5_2_5_2_1_StartGoalLocations_Seed1002.csv,40,4293.513271808624,39,0.975,0,0,0,0,0,0,0,35,0,35,0.0,0.06958762886597938,7.460048207302683,2,1,1,0.024484536082474227,0.6217783505154639,0.0,0,0,0,0,0,0,30,37,37,0,2,6,6,0,2,2,2,2,3,3,3,0,1,0,0,0,0,0,0,0,0,0,0,0,3.0,0.0,0.0,-15.6,0.0,0.0,4,,1.0,2,,4.0,,7.0,,0.0,,1.0,7.08,0.0,0.6,0,0,0,0,0,0,0,0,137,0,93,7,37,0,5,0.6788,0.0511,0,0,0,155.2,0.0,3900.0,0.0,1383.636,-580.536,0.0,0.0,0.0,0.0,0.038,-46.825,0.0,-476.0,0.0,0.0,25.0,0.0,0.0,0.0,0.0,-67.0,0.0,0.0,3.13035,15.6198,-0.03015,0.1415,-0.3067,0.24349,0.01611,0.63439,-0.04317,0.14043,0.0,-87.961,3925.0,0.0,1564.406,-527.965,-0.05668,0.24511,2.52899,15.66191,0.66781,1.28187,0.05541,1.02281,0.02577,98.125,0.97487,1.38293,0.0,-1.8352,55.7528,0.0,79.0649,-37.002,-4.348,9,2,0,19,31,26,13,90,6,58,26,0,19,45,26,0,14,0,0,0.06666666666666667,0.2111111111111111,90,26,12,-1.825,5398.636,0.038,0.0,25.0,0.0,-540.336,-46.825,-476.0,0.0,-67.0,5398.636,0.038,0.0,25.0,0.0,-540.336,-46.825,-476.0,0.0,-67.0,0,12,40,39,1,1,1,0,31,5,0,0,0,0,,0,0,0,0,0,524,40,40,48,48,180,48,8,8,0,0,380,32,0,0,366,2,0,0,0,0,0,0,8,0,0,8,0,305,0,7,0,0,0,3197,55.70847669690335,1.781021897810219,13.76290272130122,1.1126136496917092,9.16484203941195,2.6900218955270567,2.9351535836177476,0.0007993223715378264,0.004760523632396268,0.004325770168700291,-0.026983820740844457,0.5426958726562616,0.5045872571814152,0.020220687307189893,0.06541067654025236,0.34493559913085287,0.1756924348904506,0.02805863740062523,2419.0,1.0,8.5,20.0,0.0,1.0,,,,,,,,,,,,,,,
48,25_5_2_5_2_1,25_5_2_5_2_1_StartGoalLocations_Seed1008.csv,60,3896.91928383708,58,0.9666666666666667,3,0,3,3,0,0,0,159,0,156,0.0,0.21839342765860337,5.588458033116209,3,2,2,0.21109082610680055,0.6127339114559562,2.0,0,0,0,0,0,0,159,323,266,57,3,20,19,1,19,3,3,13,6,6,6,0,1,0,0,0,0,0,0,0,0,0,0,0,6.0,8.0,0.0,-29.399999999999995,-328.7999999999999,0.0,7,,2.0,4,,10.35,,18.5,,0.0,,9.5,7.05,0.0,4.7,0,6,0,3,0,0,0,3,198,0,135,17,46,0,32,0.6818,0.0859,0,0,0,438.2,0.0,5800.0,0.0,3101.407,-1879.527,3.5,0.0,0.0,-300.0,8.088,-385.748,0.0,-1680.5,0.0,-696.0,50.0,0.0,0.0,0.0,0.0,-217.5,0.0,-345.0,1.70324,11.46479,-0.15465,1.85781,-0.54233,1.08087,0.01141,0.53397,-0.12837,0.83247,0.0,-1063.115,5850.0,0.0,3523.375,-2075.12,-0.24261,1.94427,1.33501,11.43952,0.3305,1.53785,0.16317,1.48687,0.01369,97.5,0.98608,1.29565,0.0,-30.9401,83.0966,0.0,175.6328,-137.7539,-44.546,118,15,29,298,80,161,180,722,94,386,242,0,298,262,162,0,203,0,85,0.13019390581717452,0.41274238227146814,722,329,109,-21.045,9207.729,7.631,0.0,50.0,0.0,-1744.149,-685.292,-2376.5,0.0,-562.5,9207.729,7.631,0.0,50.0,0.0,-1744.149,-685.292,-2376.5,0.0,-562.5,0,145,60,58,2,2,2,1,241,5,0,0,0,0,,0,0,3,0,0,3200,120,120,541,541,1373,580,272,272,12,0,2211,54,0,0,691,6,2,4,8,6,1,0,50,207,4,89,0,305,0,143,0,0,0,14089,62.31812051955426,2.6531890660592254,17.09134786003265,1.4769103214194212,10.320107885584498,2.5977713109518064,2.516506189821183,0.0008120926059723388,0.004808806477376493,0.0044138255596044475,-0.027239219225011765,0.5548028724268079,0.49425607550889256,0.019053873707307503,0.06797188245225698,0.345138589536411,0.16556124060387847,0.03012061889347999,15831.0,,,,,,,,,,,1.0,1.0,1.46,2.0,6.0,1.82,0.0,0.0,46.0,45.0
49,25_5_2_5_2_1,25_5_2_5_2_1_StartGoalLocations_Seed1011.csv,40,3547.219351261854,40,1.0,1,0,1,1,0,0,0,115,0,114,0.0,0.2181372549019608,5.554153899010879,2,2,2,0.1352124183006536,0.5392156862745098,0.0,1,2,0,0,0,0,115,181,169,12,4,21,21,0,17,2,5,13,8,8,8,0,0,0,0,0,0,0,0,0,0,0,0,0,8.0,4.0,0.0,-38.39999999999999,-69.3,0.0,8,,2.0,2,,5.0,,11.5,,0.0,,0.0,8.16,0.0,4.9,0,2,0,1,0,0,0,1,129,0,87,6,36,0,3,0.6744,0.0465,0,0,0,244.8,0.0,4000.0,0.0,1812.398,-858.668,3.5,0.0,0.0,-100.0,2.836,-256.146,0.0,-1055.0,0.0,-152.0,50.0,0.0,0.0,0.0,0.0,-144.5,0.0,0.0,2.12501,12.68352,-0.14433,1.44802,-0.49306,0.68492,0.02042,0.71429,-0.05903,0.16134,0.0,-555.541,4050.0,0.0,2151.495,-758.998,-0.22694,1.53305,1.65441,12.69536,0.56883,1.20984,0.15931,1.42446,0.01716,96.42857,0.98325,1.20918,0.0,-12.4763,57.5284,0.0,103.7656,-57.3239,-24.237,69,10,15,155,37,108,94,394,64,175,155,0,155,131,108,0,107,0,41,0.16243654822335024,0.3934010152284264,394,160,48,-9.77,5995.908,2.676,0.0,50.0,0.0,-793.878,-355.986,-1207.0,0.0,-144.5,5995.908,2.676,0.0,50.0,0.0,-793.878,-355.986,-1207.0,0.0,-144.5,0,76,40,40,0,2,2,0,138,5,0,0,0,0,,0,0,1,0,0,668,144,144,293,293,812,304,72,72,4,0,708,50,0,0,368,1,0,1,4,4,0,0,33,87,3,74,0,305,0,97,0,0,0,5225,75.15789473684211,2.28698752228164,35.655502392344495,1.020182513492407,22.354066985645932,5.090909090909091,2.6969178082191783,0.0009403370864337141,0.004644738383379257,0.004487236971481743,-0.027848265462828252,0.5767851702110496,0.4870160644996666,0.017980004448867486,0.07825938826371096,0.3416680535129453,0.1768847169257847,0.03143206040899992,3409.0,,,,,,,,,,,,,,,,,,,,
50,50_20_5_10_5_2,50_20_5_10_5_2_StartGoalLocations_Seed1019.csv,60,10075.35136128217,60,1.0,0,0,0,0,0,0,0,25,0,25,0.0,0.01741122565864834,9.50748292370214,2,2,2,0.017869415807560136,0.793127147766323,0.0,0,0,0,0,0,0,19,19,19,0,2,1,1,0,1,2,1,1,0,0,0,0,0,0,0,0,0,0,0,0,0,0,0,0,0.0,0.0,0.0,0.0,0.0,0.0,0,,2.0,2,,15.0,,61.5,,0.0,,0.0,22.35,0.0,0.4,0,0,0,0,0,0,0,0,143,0,125,7,11,0,0,0.8741,0.049,0,0,0,436.5,0.0,6000.0,0.0,5192.701,-809.701,0.0,0.0,0.0,0.0,0.0,-39.649,0.0,-629.0,0.0,0.0,50.0,0.0,0.0,0.0,0.0,-125.5,0.0,0.0,2.47869,11.56959,-0.00908,0.08428,-0.1441,0.22646,0.01145,0.53501,-0.02875,0.1164,0.0,-61.634,6050.0,0.0,7032.506,-577.987,-0.01412,0.13477,1.38603,11.65428,1.4787,1.14701,0.011,1.28405,0.0142,97.58065,0.98603,1.76824,0.0,-0.7371,85.9375,0.0,296.7258,-53.4401,-1.283,7,3,0,13,11,16,10,50,6,26,18,0,13,21,16,0,7,0,0,0.12,0.26,50,18,6,-2.014,11574.102,0.0,0.0,50.0,0.0,-754.601,-39.649,-629.0,0.0,-125.5,11574.102,0.0,0.0,50.0,0.0,-754.601,-39.649,-629.0,0.0,-125.5,0,12,60,60,0,2,2,0,12,5,0,0,0,0,,0,0,0,0,0,1248,4,4,24,24,108,48,0,0,0,0,50,22,0,0,384,0,0,0,0,0,0,0,3,0,0,6,0,3200,0,4,0,0,0,9289,9.59199052642911,1.001122334455668,2.6482936806975994,1.1528455450282833,1.3995047906125524,0.15071590052750566,3.353846153846154,0.0006931355887725379,0.004760068792772169,0.004513534682934197,-0.027906945476738308,0.5740131322198954,0.48874743063098347,0.01886130818344939,0.07104956219047427,0.3520229611849708,0.16853587340605317,0.031795412536211765,6509.0,,,,,,,,,,,,,,,,,,,,
51,50_20_5_10_5_2,50_20_5_10_5_2_StartGoalLocations_Seed1013.csv,40,8383.999899297953,39,0.975,0,0,0,0,0,0,0,1,0,1,0.0,0.002056555269922879,9.79383033419023,9,7,6,0.0015424164524421595,0.7964010282776349,0.0,2,6,0,0,0,0,1,1,1,0,2,0,0,0,0,0,0,0,0,0,0,0,0,0,0,0,0,0,0,0,0,0,0,0,0.0,0.0,0.0,0.0,0.0,0.0,0,,7.0,9,,16.07,,41.57,,0.0,,0.0,26.21,0.0,0.0,0,0,0,0,0,0,0,0,163,0,93,53,17,0,0,0.5706,0.3252,0,0,0,389.0,0.0,3900.0,0.0,4642.5,-510.0,0.0,0.0,0.0,0.0,0.0,0.0,0.0,-14.5,0.0,0.0,175.0,0.0,0.0,0.0,0.0,-198.0,0.0,0.0,2.16491,9.89849,0.0,0.0,-0.00373,0.04301,0.04499,1.05955,-0.0509,0.15119,0.0,-1.0,4075.0,0.0,6587.03,-383.03,-0.00026,0.01133,1.04756,10.01421,1.59486,1.13635,0.00051,0.5,0.01183,88.58696,0.98946,1.81088,0.0,-0.0292,57.8835,0.0,265.2857,-40.4571,0.0,0,0,0,0,0,0,2,2,0,2,0,0,0,2,0,0,0,0,0,0.0,0.0,2,0,0,0.0,8897.5,0.0,0.0,175.0,0.0,-476.0,0.0,-14.5,0.0,-198.0,8897.5,0.0,0.0,175.0,0.0,-476.0,0.0,-14.5,0.0,-198.0,0,0,40,39,1,7,7,0,1,5,0,0,0,0,,0,0,0,0,0,1344,0,0,0,0,16,0,4,4,0,0,12,0,0,0,98,0,0,0,0,0,0,0,0,0,0,0,0,3200,0,0,0,0,0,11524,10.881638320027768,1.0,4.51232211037834,1.5092307891983252,3.9569593891010064,0.8851093370357515,2.837719298245614,0.0008719753672256134,0.004604677085548506,0.004456324545095586,-0.027731410033690434,0.5724295368861585,0.49248006975366954,0.015566016134384665,0.08823060335791004,0.34113542515930895,0.17144090974521375,0.030757006883076626,6947.0,2.0,5.75,37.5,0.0,0.0,,,,,,,,,,,,,,,
52,25_5_2_5_2_1,25_5_2_5_2_1_StartGoalLocations_Seed1006.csv,60,5167.275514066219,59,0.9833333333333333,2,0,2,2,0,0,0,93,0,91,0.0,0.17799094058086865,5.501585428972992,2,1,1,0.10604849453770317,0.5651478816946442,0.0,0,0,0,0,0,0,91,249,247,2,3,24,24,0,22,2,4,11,12,12,12,0,0,0,1,0,0,0,0,0,0,0,0,0,12.0,6.0,0.0,-57.59999999999998,-266.09999999999997,0.0,13,,1.0,2,,1.5,,16.0,,0.0,,1.0,7.34,0.0,2.5,0,4,0,2,0,0,0,2,223,0,141,18,64,0,41,0.6323,0.0807,0,0,0,375.3,0.0,5900.0,0.0,2884.149,-1630.605,10.5,0.0,0.0,-200.0,8.536,-252.104,0.0,-1451.5,0.0,-352.0,25.0,0.0,0.0,0.0,0.0,-150.0,0.0,0.0,2.00888,12.46277,-0.11819,1.64093,-0.48055,0.84427,0.00666,0.40803,-0.03997,0.1356,0.0,-710.247,5925.0,0.0,3342.059,-1467.833,-0.18925,1.71765,1.57874,12.44515,0.49939,1.29938,0.13349,1.41766,0.01599,98.75,0.98375,1.30279,0.0,-23.6824,84.1619,0.0,165.4085,-101.7489,-37.107,34,4,1,113,96,159,137,510,77,256,177,0,113,238,159,0,66,0,30,0.15098039215686274,0.22156862745098038,510,250,90,-16.821,9053.589,8.405,0.0,25.0,0.0,-1514.245,-451.973,-1803.5,0.0,-150.0,9053.589,8.405,0.0,25.0,0.0,-1514.245,-451.973,-1803.5,0.0,-150.0,0,99,60,59,1,1,1,0,149,5,0,0,0,0,,0,0,2,0,0,1180,180,180,225,225,1104,396,193,193,8,0,1102,18,0,0,744,9,1,4,6,6,0,0,20,35,2,41,0,305,0,68,0,0,0,7570,79.82826948480846,2.903359258646368,36.88243064729194,1.0549874782934519,25.072655217965654,3.989431968295905,3.0189673340358274,0.0007945661735486622,0.004375477675032818,0.004390196998650998,-0.02830893231271687,0.586561186939983,0.5097373423940045,0.01445140675720522,0.061888947603845244,0.3423498189523419,0.14903923784918457,0.031478793225143104,6193.0,1.0,3.5,5.0,0.0,11.0,,,,,,,,,,,,,,,
53,25_5_2_5_2_1,25_5_2_5_2_1_StartGoalLocations_Seed1007.csv,25,3564.736501097679,25,1.0,1,0,1,1,0,0,0,6,0,5,0.0,0.01784651992861392,8.204351498781394,6,5,6,0.03985722784057109,0.6246281975014872,0.0,1,3,0,0,0,0,5,5,5,0,2,0,0,0,0,0,0,0,0,0,0,0,0,0,0,0,0,0,0,0,0,0,0,0,0.0,1.0,0.0,0.0,-79.2,0.0,0,,5.0,6,,11.5,,20.4,,0.0,,0.6,10.58,0.0,0.1,0,2,0,1,0,0,0,1,70,0,56,12,2,0,0,0.8,0.1714,0,0,0,168.1,0.0,2500.0,0.0,1597.665,-627.165,0.0,0.0,0.0,0.0,0.0,-4.863,0.0,-53.5,0.0,-64.0,125.0,0.0,0.0,0.0,0.0,-76.5,0.0,0.0,2.16454,12.10121,-0.00289,0.03909,-0.0699,0.56179,0.07436,1.36143,-0.04551,0.14382,0.0,-23.302,2625.0,0.0,1874.115,-527.917,-0.01386,0.28325,1.56157,12.17134,0.80083,1.29786,0.00595,2.33025,0.01785,87.5,0.98275,1.45401,0.0,-2.4496,37.2869,0.0,91.2951,-40.2094,-0.82,0,0,0,2,2,2,4,10,0,7,3,0,2,6,2,0,2,0,0,0.0,0.2,10,6,4,-1.561,4223.865,0.0,0.0,125.0,0.0,-585.265,-4.863,-117.5,0.0,-76.5,4223.865,0.0,0.0,125.0,0.0,-585.265,-4.863,-117.5,0.0,-76.5,0,2,25,25,0,5,5,0,2,5,0,0,0,0,,0,0,1,0,0,960,0,0,7,7,94,8,4,4,0,0,114,0,0,0,307,0,0,1,1,1,0,0,1,6,0,1,0,305,0,5,0,0,0,5426,48.249170659786216,1.2941176470588236,13.951345374124585,1.676354053933444,12.1452266863251,1.2532252119424991,2.9711684370257965,0.0008556321338119233,0.0043797115562483665,0.004301680703065358,-0.028364153703053792,0.587598891928792,0.5064005906383197,0.013064211240271106,0.07132481483664985,0.3295127044561349,0.1662203913491246,0.03056470520274667,4855.0,1.0,11.0,13.0,0.0,1.0,,,,,,,,,,,,,,,
54,50_20_5_10_5_2,50_20_5_10_5_2_StartGoalLocations_Seed1018.csv,60,9891.500214785337,60,1.0,0,0,0,0,0,0,0,28,0,28,0.0,0.024327122153209108,9.459847945851076,0,0,0,0.004399585921325052,0.818064182194617,0.0,0,0,0,0,0,0,28,28,28,0,2,1,1,0,1,2,1,1,0,0,0,0,0,0,0,0,0,0,0,0,0,0,0,0,0.0,0.0,0.0,0.0,0.0,0.0,0,,,0,,,,,,,,,23.78,0.0,0.6,0,0,0,0,0,0,0,0,149,0,127,7,15,0,0,0.8523,0.047,0,0,0,386.4,0.0,6000.0,0.0,4677.925,-486.925,21.0,0.0,0.0,0.0,0.0,-34.4,0.0,-517.5,0.0,0.0,0.0,0.0,0.0,0.0,0.0,-155.0,0.0,0.0,2.74286,12.26064,-0.0089,0.07485,-0.13393,0.22142,0.0,0.0,-0.04011,0.13582,0.0,-61.064,6000.0,0.0,6273.89,-350.662,-0.0158,0.13187,1.5528,12.36399,1.53293,1.03148,0.01449,1.09042,0.01553,100.0,0.98447,1.74147,0.0,-0.9115,85.2273,0.0,268.51,-36.6815,-3.266,11,4,1,29,10,3,14,56,24,28,4,0,29,24,3,0,5,0,0,0.42857142857142855,0.5178571428571429,56,28,4,-1.336,11052.726,0.0,0.0,0.0,0.0,-454.325,-34.4,-517.5,0.0,-155.0,11052.726,0.0,0.0,0.0,0.0,-454.325,-34.4,-517.5,0.0,-155.0,0,14,60,60,0,0,0,0,14,5,0,0,0,0,,0,0,0,0,0,788,4,4,48,48,168,56,4,4,0,0,244,0,0,0,276,0,0,0,0,0,0,0,2,0,0,4,0,3200,0,5,0,0,0,7617,12.09137455691217,1.0,3.3346461861625314,1.1165354515271864,1.8773795457529212,0.0,3.3216783216783217,0.0008222976788149516,0.00422812057399016,0.004327176685969766,-0.028305427488034145,0.5756442545331674,0.5232700714605109,0.015207795733538679,0.05203982305282793,0.3197374972092358,0.196215655780197,0.02914213851304298,3858.0,,,,,,,,,,,,,,,,,,,,
55,25_5_2_5_2_1,25_5_2_5_2_1_StartGoalLocations_Seed1018.csv,40,780.2741498053074,37,0.925,6,0,6,6,0,0,0,210,0,204,0.0,0.22292059501361827,4.775954776394175,7,5,4,0.1596480201131364,0.4833438089252043,11.5,2,6,1,0,0,0,206,418,327,91,5,36,36,0,31,2,7,15,18,26,18,0,1,0,2,0,0,0,0,0,0,0,0,0,18.0,5.0,0.0,-131.4,-90.30000000000001,0.0,21,1.0,5.0,9,16.5,6.86,7.0,10.4,0.0,0.0,34.0,8.6,10.9,0.0,10.3,1,15,0,11,0,0,0,9,119,0,83,15,21,0,15,0.6975,0.1261,0,0,0,477.3,0.0,3700.0,0.0,3040.172,-1784.046,70.0,0.0,0.0,-750.0,4.54,-536.692,0.0,-1648.5,0.0,-792.0,125.0,0.0,0.0,0.0,0.0,-435.5,0.0,-690.0,1.15303,8.82882,-0.26863,2.8015,-0.51131,1.61444,0.02619,0.80873,-0.23581,1.1138,0.0,-1900.577,3825.0,0.0,3742.133,-2383.931,-0.39819,2.9205,0.80138,8.80522,0.28456,1.74378,0.20658,1.92756,0.0088,91.07143,0.99141,1.2946,0.0,-44.6092,54.3324,0.0,175.5717,-164.1074,-61.396,119,18,30,398,98,247,226,972,273,388,311,0,398,327,247,0,204,0,95,0.2808641975308642,0.4094650205761317,967,467,75,-6.574,7157.412,3.514,0.0,125.0,0.0,-1653.986,-1285.666,-2440.5,0.0,-1125.5,7157.412,3.514,0.0,125.0,0.0,-1653.986,-1285.666,-2440.5,0.0,-1125.5,0,159,40,37,3,5,4,1,459,5,0,0,0,0,,0,0,6,0,0,3200,335,335,1036,1036,2033,633,352,352,12,0,977,120,0,0,676,6,1,1,5,5,0,0,59,67,4,102,0,305,0,55,0,0,0,19471,75.83072261311695,2.107754825601084,54.758358584561655,1.943618715708683,42.12418468491603,8.802834985362848,2.6097293343087054,0.0007919186248363985,0.004391893378051463,0.004541601780802012,-0.027342229327186943,0.5984919376298785,0.5225120957568288,0.012283086419920437,0.07063680384773761,0.32694263497094406,0.15539013691346537,0.028850509119538147,15046.0,1.0,4.5,11.0,0.0,1.0,13.0,13.0,0.0,0.0,0.0,1.0,1.0,11.5,6.5,16.0,12.0,0.0,0.0,5.0,21.0
56,25_5_2_5_2_1,25_5_2_5_2_1_StartGoalLocations_Seed1014.csv,25,3199.651571214199,25,1.0,0,0,0,0,0,0,0,23,0,23,0.0,0.06439628482972136,7.21555193703241,0,0,0,0.04458204334365325,0.6080495356037152,0.0,0,0,0,0,0,0,20,21,21,0,2,1,1,0,1,2,2,0,1,1,1,0,0,0,0,0,0,0,0,0,0,0,0,0,1.0,1.0,0.0,-5.4,-16.8,0.0,1,,,0,,,,,,,,,11.76,0.0,0.5,0,0,0,0,0,0,0,0,67,0,51,7,9,0,2,0.7612,0.1045,0,0,0,161.5,0.0,2500.0,0.0,1490.088,-645.588,0.0,0.0,0.0,0.0,0.192,-26.54,0.0,-220.5,0.0,0.0,0.0,0.0,0.0,0.0,0.0,-59.5,0.0,0.0,2.1709,12.34791,-0.01631,0.10525,-0.13653,0.22277,0.0,0.0,-0.03684,0.13063,0.0,-46.984,2500.0,0.0,1768.494,-517.111,-0.02909,0.17656,1.54799,12.34514,0.77485,1.30143,0.02848,1.02138,0.01548,100.0,0.98452,1.43749,0.0,-1.4643,35.5114,0.0,85.1479,-40.2908,-5.027,4,1,0,6,8,20,13,48,5,23,20,0,6,22,20,0,2,0,0,0.10416666666666667,0.125,48,18,8,-2.365,4106.988,0.192,0.0,0.0,0.0,-600.988,-26.54,-220.5,0.0,-59.5,4106.988,0.192,0.0,0.0,0.0,-600.988,-26.54,-220.5,0.0,-59.5,0,12,25,25,0,0,0,0,11,5,0,0,0,0,,0,0,0,0,0,572,8,8,22,22,188,48,4,4,0,0,336,12,0,0,431,16,0,0,1,0,0,0,2,0,1,3,0,305,0,21,0,0,0,3180,59.088050314465406,1.5561468866418307,15.471698113207546,0.972764243167348,8.30188679245283,0.0,3.7196969696969697,0.0007220675921874769,0.004213541985482915,0.004404141482981769,-0.026967846599596362,0.599816330871382,0.5316041387044467,0.0114657930814876,0.07404386181827191,0.333244638061806,0.143348623853211,0.027536442725049768,2616.0,,,,,,,,,,,,,,,,,,,,
57,50_20_5_10_5_2,50_20_5_10_5_2_StartGoalLocations_Seed1005.csv,60,11236.859861791134,60,1.0,0,0,0,0,0,0,0,7,0,7,0.0,0.003746195270428471,9.77635214306995,0,0,0,0.0,0.8660735190821821,0.0,0,0,0,0,0,0,4,4,4,0,2,0,0,0,0,0,0,0,0,0,0,0,0,0,0,0,0,0,0,0,0,0,0,0,0.0,0.0,0.0,0.0,0.0,0.0,0,,,0,,,,,,,,,28.65,0.0,0.0,0,0,0,0,0,0,0,0,144,0,126,8,10,0,0,0.875,0.0556,0,0,0,427.1,0.0,6000.0,0.0,5517.0,-450.0,0.0,0.0,0.0,0.0,0.0,-10.24,0.0,-134.5,0.0,0.0,0.0,0.0,0.0,0.0,0.0,-112.5,0.0,0.0,2.6912,11.65598,-0.0024,0.0429,-0.03149,0.12147,0.0,0.0,-0.02634,0.1117,0.0,-16.6,6000.0,0.0,7848.872,-282.345,-0.00389,0.06964,1.40482,11.76898,1.77161,0.99202,0.00328,1.18571,0.01405,100.0,0.98572,1.93141,0.0,-0.2442,85.2273,0.0,315.2572,-32.1429,-1.376,0,0,0,0,0,0,14,14,0,14,0,0,0,14,0,0,0,0,0,0.0,0.0,14,2,2,-0.64,11914.1,0.0,0.0,0.0,0.0,-420.0,-10.24,-134.5,0.0,-112.5,11914.1,0.0,0.0,0.0,0.0,-420.0,-10.24,-134.5,0.0,-112.5,0,3,60,60,0,0,0,0,4,5,0,0,0,0,,0,0,0,0,0,860,0,0,0,0,16,12,4,4,0,0,24,12,0,0,236,0,0,0,0,0,0,0,0,0,0,0,0,3200,0,0,0,0,0,8423,6.292294906802802,1.0830188679245283,0.33242312715184613,0.6000000100050654,0.21370058174047252,0.0,3.3333333333333335,0.0008060016871029294,0.004411257695146772,0.0047035469911819285,-0.02720139706723912,0.6009156203547189,0.5259262168130209,0.012182882662082827,0.07603307642302541,0.3177978758245269,0.1441299790356394,0.027297305476485772,3816.0,,,,,,,,,,,,,,,,,,,,
58,50_20_5_10_5_2,50_20_5_10_5_2_StartGoalLocations_Seed1019.csv,60,10647.365306079388,60,1.0,0,0,0,0,0,0,0,12,0,12,0.0,0.006464445549477871,9.719548443725962,5,5,3,0.003978120338140228,0.8451019393336648,0.0,1,3,0,0,0,0,12,12,12,0,2,2,2,0,0,2,2,1,1,1,1,0,0,0,0,0,0,0,0,0,0,0,0,0,1.0,0.0,0.0,-4.8,0.0,0.0,1,,5.0,5,,11.3,,25.8,,0.0,,0.2,24.2,0.0,0.0,0,0,0,0,0,0,0,0,165,0,134,18,13,0,0,0.8121,0.1091,0,0,0,402.2,0.0,6000.0,0.0,5070.746,-470.246,0.0,0.0,0.0,0.0,0.0,-12.835,0.0,-345.5,0.0,0.0,125.0,0.0,0.0,0.0,0.0,-122.0,0.0,0.0,2.73563,12.01235,-0.00319,0.04636,-0.0859,0.18861,0.03108,0.88091,-0.03033,0.11936,0.0,-23.674,6125.0,0.0,6879.022,-320.982,-0.00589,0.07942,1.52287,12.15061,1.63054,0.99586,0.00597,0.9864,0.01616,94.23077,0.98458,1.81818,0.0,-0.502,87.0028,0.0,289.757,-33.8427,-0.418,0,0,0,0,0,19,5,24,0,4,20,0,0,5,19,0,1,0,0,0.0,0.0,24,8,2,-1.161,11440.747,0.0,0.0,125.0,0.0,-438.046,-12.835,-345.5,0.0,-122.0,11440.747,0.0,0.0,125.0,0.0,-438.046,-12.835,-345.5,0.0,-122.0,0,6,60,60,0,5,5,0,6,5,0,0,0,0,,0,0,0,0,0,1064,12,12,0,0,84,24,12,12,0,0,4,0,0,0,191,0,0,0,0,0,0,0,0,0,0,0,0,3200,0,0,0,0,0,10078,9.327247469736058,1.0212765957446808,4.236951776146061,1.1704918172044692,2.907322881524112,0.6152014288549316,2.9044368600682593,0.0007481334829803141,0.004418506540000943,0.004712464859450054,-0.02713507766086132,0.6053551119521148,0.5559105181828478,0.019550891426791037,0.05765931806535831,0.3272355156598405,0.1589601534199872,0.026886935534975585,4693.0,,,,,,,,,,,,,,,,,,,,
59,25_5_2_5_2_1,25_5_2_5_2_1_StartGoalLocations_Seed1010.csv,40,3272.8999885618687,40,1.0,3,0,3,3,0,0,0,126,0,123,0.0,0.2184931506849315,5.384067884446058,4,4,2,0.14417808219178083,0.5712328767123288,0.0,1,4,0,0,0,0,115,226,207,19,5,21,21,0,17,2,8,7,13,18,13,0,0,0,1,0,0,0,0,0,0,0,0,0,13.0,5.0,0.0,-88.20000000000002,-156.90000000000003,0.0,14,,4.0,4,,2.14,,4.75,,0.0,,1.5,9.75,0.0,5.1,0,6,0,3,0,0,0,3,191,0,100,22,69,0,3,0.5236,0.1152,0,0,0,292.0,0.0,4000.0,0.0,2268.7,-1116.858,3.5,0.0,0.0,-300.0,4.821,-257.763,0.0,-1100.5,0.0,-496.0,100.0,0.0,0.0,0.0,0.0,-125.0,0.0,0.0,1.86553,11.64265,-0.18936,2.27079,-0.54675,1.11732,0.03425,0.92466,-0.04281,0.1399,0.0,-850.392,4100.0,0.0,2767.701,-934.021,-0.29123,2.36349,1.40411,11.65637,0.62797,1.25351,0.17466,1.66744,0.01507,93.18182,0.98459,1.28756,0.0,-24.4388,58.2386,0.0,129.84,-70.9633,-38.151,43,9,11,154,34,150,169,507,72,234,201,0,154,203,150,0,134,0,35,0.14201183431952663,0.3037475345167653,507,231,54,-5.55,6481.719,4.433,0.0,100.0,0.0,-1034.376,-557.376,-1596.5,0.0,-125.0,6481.719,4.433,0.0,100.0,0.0,-1034.376,-557.376,-1596.5,0.0,-125.0,0,80,40,40,0,4,4,0,181,5,0,0,0,0,,0,0,3,0,0,908,190,190,271,271,1094,320,208,208,20,0,879,68,0,0,569,3,0,2,6,6,0,0,40,128,4,63,5,305,0,133,0,0,0,7313,72.67879119376452,2.103480714957667,36.83850676876795,1.5243968306283544,25.27006700396554,4.348420620812252,2.8566017316017316,0.0008897969728663444,0.004406351350978148,0.004720891484301455,-0.02783110512149754,0.6199407295245957,0.5504261705581313,0.02142049046028159,0.07427374148097234,0.321677163991483,0.1729705817297058,0.029680809550073087,4521.0,,,,,,,,,,,,,,,,,,,,
60,50_20_5_10_5_2,50_20_5_10_5_2_StartGoalLocations_Seed1013.csv,25,6135.800018936396,25,1.0,0,0,0,0,0,0,0,0,0,0,0.0,0.0,9.768679119412942,3,3,1,0.0020013342228152103,0.8268845897264844,0.0,1,3,0,0,0,0,0,0,0,0,0,0,0,0,0,0,0,0,0,0,0,0,0,0,0,0,0,0,0,0,0,0,0,0,0.0,0.0,0.0,0.0,0.0,0.0,0,,3.0,3,,16.0,,49.67,,0.0,,0.0,36.41,0.0,0.0,0,0,0,0,0,0,0,0,69,0,58,6,5,0,0,0.8406,0.087,0,0,0,299.8,0.0,2500.0,0.0,3753.0,-388.5,0.0,0.0,0.0,0.0,0.0,0.0,0.0,0.0,0.0,0.0,75.0,0.0,0.0,0.0,0.0,-103.5,0.0,0.0,2.05614,9.03519,0.0,0.0,0.0,0.0,0.02502,0.79044,-0.03452,0.12677,0.0,0.0,2575.0,0.0,5546.08,-245.005,0.0,0.0,0.85891,9.1256,1.7682,1.09586,0.0,0.0,0.00934,91.96429,0.98999,1.95117,0.0,0.0,36.5767,0.0,214.4572,-28.1143,0.0,0,0,0,0,0,0,0,0,0,0,0,0,0,0,0,0,0,0,0,,,0,0,0,0.0,6526.9,0.0,0.0,75.0,0.0,-362.6,0.0,0.0,0.0,-103.5,6526.9,0.0,0.0,75.0,0.0,-362.6,0.0,0.0,0.0,-103.5,0,0,25,25,0,3,3,0,0,5,0,0,0,0,,0,0,0,0,0,1500,0,0,0,0,0,0,0,0,0,0,22,0,0,0,274,0,0,0,0,0,0,0,0,0,0,0,0,3200,0,0,0,0,0,7691,10.245741776101937,1.0,4.082694057989858,1.5000000179857964,3.7186321674684697,0.4420751527759719,3.5594405594405596,0.0011855493708620391,0.004332136800512671,0.00461299477207164,-0.02806384169558684,0.6158618234793345,0.5599764083226522,0.021582856580615043,0.07626186570028463,0.32864462538467965,0.15517241379310345,0.028614944634390432,7192.0,,,,,,,,,,,,,,,,,,,,
61,25_5_2_5_2_1,25_5_2_5_2_1_StartGoalLocations_Seed1004.csv,60,4227.687292188406,59,0.9833333333333333,4,1,4,4,0,1,1,97,1,93,0.010309278350515464,0.1846826126954922,6.0931029786881,4,4,4,0.17402298850574713,0.5859770114942529,8.5,1,2,0,1,2,1,97,233,184,49,4,19,19,0,16,2,4,10,4,4,4,0,3,0,3,0,0,0,0,0,0,0,0,0,4.0,3.0,1.0,-19.2,-228.3,-100.0,9,1.0,4.0,5,8.5,10.03,3.0,19.25,0.0,0.0,9.0,1.2,7.36,0.2,3.3,0,8,0,6,0,0,0,3,211,0,135,10,66,0,12,0.6398,0.0474,0,0,0,435.0,0.0,5900.0,0.0,3270.852,-1884.919,0.0,0.0,0.0,-400.0,2.812,-372.557,0.0,-1370.5,0.0,-924.0,100.0,0.0,0.0,0.0,0.0,-184.0,0.0,-345.0,1.77493,11.59922,-0.17695,2.1502,-0.52747,1.19798,0.02299,0.75775,-0.12161,0.82818,0.0,-1116.556,6000.0,0.0,3830.914,-1918.679,-0.25668,2.29218,1.37931,11.58898,0.43959,1.54517,0.12529,2.04873,0.01448,95.2381,0.98598,1.34054,0.0,-31.0296,85.2273,0.0,185.0773,-136.1097,-42.316,49,3,0,135,104,179,133,553,88,274,191,0,136,237,180,0,96,4,34,0.15913200723327306,0.24593128390596744,550,261,85,-19.689,9468.284,2.472,0.0,100.0,0.0,-1747.351,-772.217,-2294.5,0.0,-529.0,9468.284,2.472,0.0,100.0,0.0,-1747.351,-772.217,-2294.5,0.0,-529.0,0,147,60,59,1,4,4,0,161,5,1,0,1,0,1.0,0,2,5,2,2,3200,124,124,324,324,1363,588,154,154,20,0,1904,64,0,0,724,9,1,2,3,3,0,0,39,126,0,54,2,305,0,180,2,0,10,14152,44.389485585076315,2.9898121617319324,17.227247032221594,1.7775225835089083,12.005370265686828,1.7312040700960996,2.9005297233666862,0.0008880238431561338,0.004223595941439271,0.004734062798379454,-0.02837925500469282,0.6289513094350696,0.5772993726655841,0.016696235969429835,0.0799838796525728,0.32614072056367666,0.16463579745464393,0.028533134585077936,14772.0,,,,,,,,,,,,,,,,,,,,
62,50_20_5_10_5_2,50_20_5_10_5_2_StartGoalLocations_Seed1013.csv,60,9168.784002929926,60,1.0,0,0,0,0,0,0,0,25,0,25,0.0,0.018979833926453145,9.489461678149862,0,0,0,0.006524317912218268,0.8288849347568209,0.0,0,0,0,0,0,0,25,25,25,0,2,0,0,0,0,0,0,0,0,0,0,0,0,0,0,0,0,0,0,0,0,0,0,0,0.0,0.0,0.0,0.0,0.0,0.0,0,,,0,,,,,,,,,20.88,0.0,0.2,0,0,0,0,0,0,0,0,137,0,124,6,7,0,0,0.9051,0.0438,0,0,0,337.2,0.0,6000.0,0.0,4112.06,-443.06,0.0,0.0,0.0,0.0,0.0,-28.916,0.0,-689.0,0.0,0.0,0.0,0.0,0.0,0.0,0.0,-119.5,0.0,0.0,2.96744,13.10466,-0.00858,0.07457,-0.20433,0.24579,0.0,0.0,-0.03544,0.12831,0.0,-50.401,6000.0,0.0,5253.373,-369.999,-0.01495,0.12784,1.77936,13.22005,1.44821,1.01273,0.01423,1.05002,0.01779,100.0,0.98221,1.69788,0.0,-0.7576,85.2273,0.0,234.9749,-32.1463,-1.984,2,1,0,10,24,1,15,50,3,45,2,0,8,41,1,0,5,0,0,0.06,0.16,50,20,6,-2.515,10419.661,0.0,0.0,0.0,0.0,-413.46,-28.916,-689.0,0.0,-119.5,10419.661,0.0,0.0,0.0,0.0,-413.46,-28.916,-689.0,0.0,-119.5,0,17,60,60,0,0,0,0,7,5,0,0,0,0,,0,0,0,0,0,752,0,0,14,14,136,68,16,16,0,0,56,0,0,0,274,0,0,0,0,0,0,0,1,0,0,4,0,3200,0,2,0,0,0,6623,8.621470632643817,1.0,3.2311641250188736,1.4635514273682488,1.675977653631285,0.0,3.2072072072072073,0.0010022961249636323,0.004067222572902733,0.004929225121505875,-0.028960699562300393,0.6281271705285032,0.5883593048821104,0.016149540233643764,0.08327324725093042,0.3386472813839131,0.16686819830713423,0.027103411776709323,3308.0,,,,,,,,,,,,,,,,,,,,
63,25_5_2_5_2_1,25_5_2_5_2_1_StartGoalLocations_Seed1000.csv,25,3363.2999260127544,25,1.0,0,0,0,0,0,0,0,6,0,6,0.0,0.00468384074941452,8.212997658005177,2,2,1,0.03825136612021858,0.6338797814207651,0.0,1,2,0,0,0,0,6,6,6,0,2,0,0,0,0,0,0,0,0,0,0,0,0,0,0,0,0,0,0,0,0,0,0,0,0.0,0.0,0.0,0.0,0.0,0.0,0,,2.0,2,,5.25,,13.0,,0.0,,0.0,9.89,0.0,0.0,0,0,0,0,0,0,0,0,73,0,50,5,18,0,0,0.6849,0.0685,0,0,0,128.1,0.0,2500.0,0.0,1256.1,-477.6,0.0,0.0,0.0,0.0,0.0,-0.8,0.0,-44.5,0.0,0.0,50.0,0.0,0.0,0.0,0.0,-48.0,0.0,0.0,2.65933,13.80719,-0.00062,0.01579,-0.03474,0.12713,0.03903,0.98705,-0.03747,0.13165,0.0,-6.8,2550.0,0.0,1423.814,-431.335,-0.00531,0.05646,1.99063,13.86266,0.77477,1.3095,0.00937,0.56667,0.02108,94.44444,0.98048,1.47703,0.0,-0.1866,36.2216,0.0,71.7771,-30.0343,-0.4,0,0,0,2,2,4,4,12,2,6,4,0,2,6,4,0,0,0,0,0.16666666666666666,0.16666666666666666,12,0,0,-0.0,3852.3,0.0,0.0,50.0,0.0,-445.7,-0.8,-44.5,0.0,-48.0,3852.3,0.0,0.0,50.0,0.0,-445.7,-0.8,-44.5,0.0,-48.0,0,0,25,25,0,2,2,0,6,5,0,0,0,0,,0,0,0,0,0,524,0,0,4,4,136,0,20,20,4,0,38,0,0,0,434,1,0,0,0,0,0,0,1,0,0,0,0,305,0,2,0,0,0,2905,52.667814113597245,1.673202614379085,16.592082616179002,0.8646784342740396,11.359724612736661,2.134251290877797,3.109090909090909,0.0007344455158604328,0.003978499309124269,0.004780032903041321,-0.027859232409764793,0.6386298732903167,0.5826972399959127,0.016661546417007237,0.07653018023697873,0.3185588196202091,0.1729070256625999,0.028238179098737243,2377.0,,,,,,,,,,,,,,,,,,,,
64,25_5_2_5_2_1,25_5_2_5_2_1_StartGoalLocations_Seed1003.csv,25,3209.9999700784683,25,1.0,0,0,0,0,0,0,0,2,0,2,0.0,0.0,8.735602094240837,2,2,1,0.014659685863874346,0.6837696335078534,0.0,1,2,0,0,0,0,2,2,2,0,2,2,2,0,0,2,1,2,0,0,0,0,0,0,0,0,0,0,0,0,0,0,0,0,0.0,0.0,0.0,0.0,0.0,0.0,0,,2.0,2,,7.75,,12.5,,0.0,,0.0,7.07,0.0,0.0,0,0,0,0,0,0,0,0,65,0,56,6,3,0,0,0.8615,0.0923,0,0,0,95.5,0.0,2500.0,0.0,964.5,-372.0,0.0,0.0,0.0,0.0,0.0,0.0,0.0,-9.5,0.0,0.0,50.0,0.0,0.0,0.0,0.0,-18.5,0.0,0.0,3.33822,15.91833,0.0,0.0,-0.00995,0.06982,0.05236,1.14287,-0.01937,0.09649,0.0,-2.0,2550.0,0.0,1093.67,-323.335,-0.00209,0.03229,2.67016,15.99873,0.80663,1.31518,0.00419,0.5,0.02827,94.44444,0.97382,1.52366,0.0,-0.0583,36.2216,0.0,55.1143,-22.3143,0.0,0,0,0,0,0,4,0,4,0,0,4,0,0,0,4,0,0,0,0,0.0,0.0,4,0,0,0.0,3535.2,0.0,0.0,50.0,0.0,-347.2,0.0,-9.5,0.0,-18.5,3535.2,0.0,0.0,50.0,0.0,-347.2,0.0,-9.5,0.0,-18.5,0,0,25,25,0,2,2,0,2,5,0,0,0,0,,0,0,0,0,0,492,8,8,0,0,4,0,0,0,0,0,4,0,0,0,270,0,0,0,0,0,0,0,0,0,0,0,0,305,0,0,0,0,0,2158,45.829471733086194,1.4044489383215368,15.013901760889713,1.118827177648559,10.611677479147358,0.3707136237256719,3.576419213973799,0.0008156526050217094,0.004016037066883552,0.004988134785638592,-0.028632565772509187,0.6341485017683448,0.5928867689477719,0.013692581075872106,0.09788779469161499,0.3298984951868975,0.14118705035971224,0.02795335131931705,2224.0,,,,,,,,,,,,,,,,,,,,
65,50_20_5_10_5_2,50_20_5_10_5_2_StartGoalLocations_Seed1005.csv,40,6371.5595598220825,40,1.0,0,0,0,0,0,0,0,123,0,123,0.0,0.09990141307919816,8.771626198718785,0,0,0,0.026947091685836345,0.82714426552744,0.0,0,0,0,0,0,0,123,130,127,3,3,1,1,0,1,2,1,1,0,0,0,0,0,0,0,0,0,0,0,0,0,0,0,0,0.0,0.0,0.0,0.0,0.0,0.0,0,,,0,,,,,,,,,28.27,0.0,5.0,0,0,0,0,0,0,0,0,88,0,81,5,2,0,1,0.9205,0.0568,0,0,0,304.3,0.0,4000.0,0.0,3602.548,-269.548,31.5,0.0,0.0,0.0,1.418,-183.158,0.0,-990.5,0.0,0.0,0.0,0.0,0.0,0.0,0.0,-125.0,0.0,0.0,2.52014,11.29329,-0.05972,0.21456,-0.3255,0.23833,0.0,0.0,-0.04108,0.1373,0.0,-309.42,4000.0,0.0,5053.883,-199.264,-0.10168,0.34419,1.31449,11.38953,1.59534,0.99454,0.08643,1.1765,0.01314,100.0,0.98686,1.7493,0.0,-4.0992,56.8182,0.0,207.6599,-22.5456,-9.102,82,12,46,188,13,16,46,263,132,113,18,0,188,59,16,0,60,0,4,0.5019011406844106,0.714828897338403,263,92,22,-3.821,7919.748,1.418,0.0,0.0,0.0,-250.948,-183.158,-990.5,0.0,-125.0,7919.748,1.418,0.0,0.0,0.0,-250.948,-183.158,-990.5,0.0,-125.0,0,29,40,40,0,0,0,0,106,5,0,0,0,0,,0,0,0,0,0,808,4,4,260,260,340,116,160,160,0,0,68,0,0,0,215,0,0,0,0,0,0,0,17,0,0,52,0,3200,0,4,0,0,0,6007,19.810221408356917,1.3411764705882352,11.28683202929915,2.288716847291299,8.373564175129015,3.795571832861661,2.081510934393638,0.0010431143670964706,0.003962070647728547,0.005555217034450852,-0.02885049134308454,0.6414957301746501,0.6115958453109949,0.01312819153236428,0.0785801202556727,0.3110130466342342,0.17413355874894337,0.02689853821201286,3549.0,,,,,,,,,,,,,,,,,,,,
66,50_20_5_10_5_2,50_20_5_10_5_2_StartGoalLocations_Seed1002.csv,40,7587.699904173613,39,0.975,0,0,0,0,0,0,0,12,0,12,0.0,0.0,9.855712806351399,6,4,4,0.0,0.8778046254746289,0.0,1,4,0,0,0,0,12,12,12,0,2,0,0,0,0,0,0,0,0,0,0,0,0,0,0,0,0,0,0,0,0,0,0,0,0.0,0.0,0.0,0.0,0.0,0.0,0,,4.0,6,,24.25,,42.0,,0.0,,0.0,25.72,0.0,0.0,0,0,0,0,0,0,0,0,101,0,88,7,6,0,0,0.8713,0.0693,0,0,0,289.7,0.0,3900.0,0.0,3823.5,-258.0,0.0,0.0,0.0,0.0,1.6,-1.6,0.0,-203.0,0.0,0.0,100.0,0.0,0.0,0.0,0.0,-64.5,0.0,0.0,2.67698,11.4059,0.0,0.02102,-0.07007,0.17357,0.03452,0.92832,-0.02226,0.10313,0.0,-12.8,4000.0,0.0,5210.37,-175.68,-0.00442,0.04938,1.38074,11.55762,1.7379,0.91396,0.00828,0.53333,0.01484,93.02326,0.98447,1.88852,0.0,-0.3499,56.8182,0.0,218.4857,-18.4286,0.0,0,0,0,2,10,1,11,24,2,21,1,0,2,21,1,0,0,0,0,0.08333333333333333,0.08333333333333333,24,6,4,0.8,7996.0,1.6,0.0,100.0,0.0,-240.8,-1.6,-203.0,0.0,-64.5,7996.0,1.6,0.0,100.0,0.0,-240.8,-1.6,-203.0,0.0,-64.5,0,0,40,39,1,4,3,0,12,5,0,0,0,0,,0,0,0,0,0,1088,0,0,0,0,20,0,48,48,4,0,8,0,0,0,207,0,0,0,0,0,0,0,0,0,0,0,0,3200,0,0,0,0,0,7723,9.594717078855368,1.0,5.140489447106047,1.3949622384622056,4.091674219862748,0.4402434287194096,3.3164556962025316,0.0008425632363469049,0.004059113984968623,0.00564536131466465,-0.028677419074537122,0.6350077775252216,0.6182296894052449,0.013926894070156029,0.06010084079496343,0.31651286126615047,0.15615615615615616,0.02760727320420717,4995.0,2.0,18.0,43.0,0.0,0.0,,,,,,,,,,,,,,,
67,50_20_5_10_5_2,50_20_5_10_5_2_StartGoalLocations_Seed1003.csv,40,6995.799914598465,40,1.0,0,0,0,0,0,0,0,0,0,0,0.0,0.0,9.793814432989691,0,0,0,0.0,0.8775773195876289,0.0,0,0,0,0,0,0,0,0,0,0,0,0,0,0,0,0,0,0,0,0,0,0,0,0,0,0,0,0,0,0,0,0,0,0,0.0,0.0,0.0,0.0,0.0,0.0,0,,,0,,,,,,,,,24.02,0.0,0.0,0,0,0,0,0,0,0,0,86,0,80,4,2,0,0,0.9302,0.0465,0,0,0,232.8,0.0,4000.0,0.0,3037.5,-214.5,0.0,0.0,0.0,0.0,0.0,0.0,0.0,0.0,0.0,0.0,0.0,0.0,0.0,0.0,0.0,-60.0,0.0,0.0,3.03084,12.85795,0.0,0.0,0.0,0.0,0.0,0.0,-0.02577,0.11055,0.0,0.0,4000.0,0.0,4104.305,-136.25,0.0,0.0,1.71821,12.99496,1.70449,0.90229,0.0,0.0,0.01718,100.0,0.98282,1.85339,0.0,0.0,56.8182,0.0,173.5714,-15.6857,0.0,0,0,0,0,0,0,0,0,0,0,0,0,0,0,0,0,0,0,0,,,0,0,0,0.0,7256.0,0.0,0.0,0.0,0.0,-200.2,0.0,0.0,0.0,-60.0,7256.0,0.0,0.0,0.0,0.0,-200.2,0.0,0.0,0.0,-60.0,0,0,40,40,0,0,0,0,0,5,0,0,0,0,,0,0,0,0,0,568,0,0,0,0,0,0,0,0,0,0,0,0,0,0,154,0,0,0,0,0,0,0,0,0,0,0,0,3200,0,0,0,0,0,4575,5.704918032786885,1.0,0.0,0.0,0.0,0.0,0.0,0.0008762379173046136,0.004140101901163727,0.0056749120482545296,-0.029069073655655687,0.6434682584564451,0.6059949127301364,0.015315330361055446,0.055908732437594255,0.3420965526148876,0.13932766302146618,0.026954479698390835,2469.0,,,,,,,,,,,,,,,,,,,,
68,25_5_2_5_2_1,25_5_2_5_2_1_StartGoalLocations_Seed1016.csv,60,931.2737145423889,56,0.9333333333333333,5,2,5,5,0,2,0,234,2,229,0.008547008547008548,0.2791222975153275,5.4942337067406495,5,4,2,0.28859493466688174,0.6294563639296661,7.333333333333333,0,0,0,2,4,2,230,580,491,89,5,41,41,0,33,2,15,30,10,10,10,0,2,0,0,0,0,0,0,0,0,0,0,0,10.0,2.0,2.0,-51.59999999999999,-59.699999999999996,-200.0,11,2.0,4.0,8,11.0,3.18,7.0,12.25,2.5,0.0,77.0,21.0,6.72,0.0,4.3,3,13,0,11,0,0,2,5,228,0,119,26,83,0,24,0.5219,0.114,0,0,0,619.9,0.0,5600.0,0.0,3722.21,-2508.528,3.5,0.0,0.0,-600.0,7.757,-831.565,0.0,-2158.0,0.0,-1484.0,100.0,0.0,0.0,0.0,0.0,-505.0,0.0,-1035.0,1.19972,9.51639,-0.22968,2.20602,-0.58751,1.52133,0.01613,0.63485,-0.24843,1.1889,0.0,-2208.767,5700.0,0.0,4275.559,-3418.377,-0.35631,2.31538,0.9195,9.4813,0.13828,1.7193,0.22213,1.60404,0.00968,95.0,0.99097,1.25247,0.0,-49.2936,80.9659,0.0,207.6501,-226.0968,-86.971,228,21,88,632,109,347,290,1381,289,705,387,0,631,401,349,0,280,8,244,0.20926864590876176,0.4569152787834902,1377,630,156,-35.541,9756.949,6.695,0.0,100.0,0.0,-2319.867,-1430.504,-3642.0,0.0,-1540.0,9756.949,6.695,0.0,100.0,0.0,-2319.867,-1430.504,-3642.0,0.0,-1540.0,0,249,60,56,4,4,4,1,514,5,2,0,2,0,1.0,0,4,7,3,3,3200,272,272,1245,1245,2751,991,328,328,50,0,1397,238,0,0,961,3,0,1,2,2,0,0,85,5,1,226,0,305,0,70,3,0,15,20356,54.24936136765573,2.808928733134112,24.88701120062881,2.1000641832195086,17.380624877186087,5.045195519748477,2.498304126625212,0.0007774083030449219,0.0042560379969654605,0.005846839417063166,-0.028058921499177814,0.668060260862112,0.6033636616170406,0.015742494367295877,0.054541597207426094,0.3242573195238235,0.14243856962109608,0.0286242357679783,15017.0,,,,,,9.5,11.67,0.0,0.0,0.0,1.0,1.0,11.32,0.0,14.0,2.0,5.0,5.0,112.0,109.0
69,25_5_2_5_2_1,25_5_2_5_2_1_StartGoalLocations_Seed1008.csv,25,3145.3929427564144,25,1.0,0,0,0,0,0,0,0,12,0,12,0.0,0.06593406593406594,7.259225494739336,0,0,0,0.041025641025641026,0.613919413919414,0.0,0,0,0,0,0,0,10,12,12,0,2,0,0,0,0,0,0,0,0,0,0,0,0,0,0,0,0,0,0,0,0,0,0,0,0.0,0.0,0.0,0.0,0.0,0.0,0,,,0,,,,,,,,,9.8,0.0,1.2,0,0,0,0,0,0,0,0,62,0,46,2,14,0,0,0.7419,0.0323,0,0,0,136.5,0.0,2500.0,0.0,1250.542,-553.042,0.0,0.0,0.0,0.0,0.0,-25.607,0.0,-122.0,0.0,0.0,0.0,0.0,0.0,0.0,0.0,-41.0,0.0,0.0,2.44249,13.40237,-0.01876,0.11454,-0.08938,0.19157,0.0,0.0,-0.03004,0.11881,0.0,-38.916,2500.0,0.0,1462.813,-462.717,-0.02851,0.18513,1.8315,13.4088,0.73267,1.3068,0.02344,1.21614,0.01832,100.0,0.98168,1.43696,0.0,-0.521,35.5114,0.0,71.4596,-33.9453,-1.869,8,3,0,15,7,7,7,36,6,17,13,0,15,14,7,0,9,0,0,0.16666666666666666,0.4166666666666667,36,12,8,-2.691,3849.242,0.0,0.0,0.0,0.0,-515.242,-25.607,-122.0,0.0,-41.0,3849.242,0.0,0.0,0.0,0.0,-515.242,-25.607,-122.0,0.0,-41.0,0,9,25,25,0,0,0,0,7,5,0,0,0,0,,0,0,0,0,0,508,0,0,10,10,64,36,0,0,0,0,346,22,0,0,376,0,0,0,0,0,0,0,4,0,0,13,0,305,0,10,0,0,0,2669,61.63357062570251,1.5854103343465045,9.441738478831024,0.6619543764806751,5.582615211689771,0.0,4.248322147651007,0.0006689799100445449,0.004450724700348466,0.00617974491672605,-0.027045233644486414,0.6934436503357775,0.599962926521076,0.01747463116290297,0.017142379029441303,0.3272879554565429,0.13707037643207856,0.029663336028849498,2444.0,,,,,,,,,,,,,,,,,,,,
70,25_5_2_5_2_1,25_5_2_5_2_1_StartGoalLocations_Seed1006.csv,25,2890.8926372528076,25,1.0,1,0,1,1,0,0,0,42,0,41,0.0,0.08737201365187713,7.240212286454419,2,2,2,0.04368600682593857,0.6498293515358362,0.0,1,2,0,0,0,0,39,41,41,0,2,8,8,0,6,2,3,6,2,2,2,0,0,0,0,0,0,0,0,0,0,0,0,0,2.0,1.0,0.0,-9.6,-108.0,0.0,2,,2.0,2,,5.25,,13.0,,0.0,,0.0,10.74,0.0,1.4,0,2,0,1,0,0,0,1,107,0,73,4,30,0,3,0.6822,0.0374,0,0,0,146.5,0.0,2500.0,0.0,1390.06,-543.129,0.0,0.0,0.0,-100.0,0.036,-64.074,0.0,-364.0,0.0,-88.0,50.0,0.0,0.0,0.0,0.0,-36.5,0.0,0.0,2.38459,12.93782,-0.11197,1.85405,-0.30853,0.71385,0.03413,0.92308,-0.02491,0.1088,0.0,-226.474,2550.0,0.0,1615.736,-470.631,-0.15459,1.92726,1.74061,12.97968,0.78164,1.29747,0.0628,2.46167,0.01843,94.44444,0.98225,1.44987,0.0,-7.8144,36.2216,0.0,79.432,-33.1217,-4.434,10,2,0,25,19,34,10,88,6,44,38,0,25,29,34,0,23,0,1,0.06818181818181818,0.2840909090909091,88,26,4,0.436,3998.299,0.0,0.0,50.0,0.0,-504.869,-164.038,-452.0,0.0,-36.5,3998.299,0.0,0.0,50.0,0.0,-504.869,-164.038,-452.0,0.0,-36.5,0,22,25,25,0,2,2,0,22,5,0,0,0,0,,0,0,1,0,0,496,44,44,32,32,152,88,0,0,0,0,257,12,0,0,311,0,0,1,1,1,0,0,13,0,0,12,0,305,0,9,0,0,0,3207,58.65294667913938,1.6257309941520468,14.343623323978797,1.0191304462435453,10.258808855628313,2.369816027439975,2.513677811550152,0.0006701926282960724,0.004386357959329842,0.006248479269655241,-0.027085225127877727,0.6860102770789978,0.6039505353377711,0.011569813502231432,0.0728708766851454,0.3344524110611577,0.13509991311902694,0.028811348060535712,2302.0,,,,,,,,,,,,,,,,,,,,
71,50_20_5_10_5_2,50_20_5_10_5_2_StartGoalLocations_Seed1018.csv,40,8436.819880664349,40,1.0,0,0,0,0,0,0,0,8,0,8,0.0,0.008503401360544218,9.66767007044924,5,5,5,0.0011337868480725624,0.8693310657596371,0.0,1,4,0,0,0,0,4,6,6,0,2,0,0,0,0,0,0,0,0,0,0,0,0,0,0,0,0,0,0,0,0,0,0,0,0.0,0.0,0.0,0.0,0.0,0.0,0,,5.0,5,,9.3,,49.0,,0.0,,0.0,28.87,0.0,0.1,0,0,0,0,0,0,0,0,118,0,93,8,17,0,0,0.7881,0.0678,0,0,0,352.8,0.0,4000.0,0.0,4591.5,-387.0,0.0,0.0,0.0,0.0,0.0,-12.48,0.0,-158.0,0.0,0.0,125.0,0.0,0.0,0.0,0.0,-75.0,0.0,0.0,2.42554,10.4921,-0.00354,0.05141,-0.04478,0.14278,0.03543,0.94049,-0.02126,0.10088,0.0,-19.2,4125.0,0.0,6363.922,-268.165,-0.00544,0.08257,1.16922,10.62532,1.72782,0.96596,0.00454,1.2,0.01276,91.66667,0.9881,1.90249,0.0,-0.2734,58.5937,0.0,262.3714,-26.4,-1.376,0,0,0,0,4,0,16,20,0,20,0,0,0,20,0,0,0,0,0,0.0,0.0,20,4,4,-1.28,8918.5,0.0,0.0,125.0,0.0,-361.2,-12.48,-158.0,0.0,-75.0,8918.5,0.0,0.0,125.0,0.0,-361.2,-12.48,-158.0,0.0,-75.0,0,3,40,40,0,5,5,0,5,5,0,0,0,0,,0,0,0,0,0,936,0,0,6,6,60,12,2,2,0,0,76,16,0,0,503,0,0,0,0,0,0,0,0,0,0,0,0,3200,0,0,0,0,0,8150,13.16564417177914,1.0,2.773006134969325,1.3203539996020561,1.9141104294478528,0.26993865030674846,3.0961538461538463,0.0006029477222039291,0.004237669251429347,0.005888016055672405,-0.02726618003927999,0.6806517271404593,0.6090853653657131,0.016802217779505964,0.02504238914837663,0.3169367424901367,0.14869888475836432,0.02826563558980923,4304.0,,,,,,,,,,,,,,,,,,,,
72,50_20_5_10_5_2,50_20_5_10_5_2_StartGoalLocations_Seed1014.csv,60,10121.325483471155,60,1.0,0,0,0,0,0,0,0,37,0,37,0.0,0.02493765586034913,9.605843313317049,0,0,0,0.0029925187032418953,0.885785536159601,0.0,0,0,0,0,0,0,37,38,38,0,2,0,0,0,0,0,0,0,0,0,0,0,0,0,0,0,0,0,0,0,0,0,0,0,0.0,0.0,0.0,0.0,0.0,0.0,0,,,0,,,,,,,,,27.52,0.0,0.3,0,0,0,0,0,0,0,0,127,0,122,1,4,0,0,0.9606,0.0079,0,0,0,401.0,0.0,6000.0,0.0,5216.792,-353.792,0.0,0.0,0.0,0.0,0.0,-49.174,0.0,-1005.5,0.0,0.0,0.0,0.0,0.0,0.0,0.0,-88.0,0.0,0.0,2.80898,12.01499,-0.01226,0.09157,-0.25075,0.25,0.0,0.0,-0.02195,0.10243,0.0,-83.858,6000.0,0.0,7214.987,-235.982,-0.02091,0.1558,1.49626,12.14031,1.7404,0.90942,0.01796,1.1647,0.01496,100.0,0.98479,1.8868,0.0,-1.1389,85.2273,0.0,298.1024,-25.2453,-3.065,4,1,0,13,46,6,11,76,2,67,7,0,10,60,6,0,8,0,0,0.02631578947368421,0.13157894736842105,76,22,4,-1.316,11593.693,0.0,0.0,0.0,0.0,-329.692,-49.174,-1005.5,0.0,-88.0,11593.693,0.0,0.0,0.0,0.0,-329.692,-49.174,-1005.5,0.0,-88.0,0,31,60,60,0,0,0,0,5,5,0,0,0,0,,0,0,0,0,0,1060,0,0,24,24,356,124,0,0,0,0,56,0,0,0,297,0,0,0,0,0,0,0,2,0,0,8,0,3200,0,4,0,0,0,7907,9.16909067914506,1.0027586206896553,5.008220564057164,1.7295454835914301,2.504110282028582,0.0,3.005050505050505,0.0006951162153714938,0.004159673539710776,0.00600580909060982,-0.027499511338910966,0.6907050393662363,0.6096354770210554,0.014615245644916904,0.03504486039614762,0.32242232229031775,0.1413705085411349,0.029273621679908112,5093.0,,,,,,,,,,,,,,,,,,,,
73,50_20_5_10_5_2,50_20_5_10_5_2_StartGoalLocations_Seed1005.csv,60,10661.02183663845,60,1.0,0,0,0,0,0,0,0,47,0,47,0.0,0.03462050599201065,9.391263187593003,5,5,5,0.009098979138925876,0.8464269862405681,0.0,1,4,0,0,0,0,30,34,34,0,2,0,0,0,0,0,0,0,0,0,0,0,0,0,0,0,0,0,0,0,0,0,0,0,0.0,0.0,0.0,0.0,0.0,0.0,0,,5.0,5,,18.3,,38.4,,0.0,,0.0,26.75,0.0,0.3,0,0,0,0,0,0,0,0,187,0,148,12,27,0,2,0.7914,0.0642,0,0,0,450.6,0.0,6000.0,0.0,5668.773,-571.773,45.5,0.0,0.0,0.0,0.81,-75.388,0.0,-883.5,0.0,0.0,125.0,0.0,0.0,0.0,0.0,-99.0,0.0,0.0,2.57281,11.36477,-0.01655,0.10984,-0.19607,0.24411,0.02774,0.83232,-0.02197,0.10248,0.0,-120.843,6125.0,0.0,7757.845,-389.049,-0.02682,0.18045,1.3593,11.4892,1.63533,1.01873,0.02219,1.20843,0.01443,94.23077,0.98646,1.83282,0.0,-1.6075,87.0028,0.0,326.5299,-38.3299,-5.137,7,2,0,12,38,31,21,102,7,60,35,0,12,59,31,0,5,0,0,0.06862745098039216,0.11764705882352941,102,38,32,-3.735,12124.473,0.81,0.0,125.0,0.0,-531.373,-75.388,-883.5,0.0,-99.0,12124.473,0.81,0.0,125.0,0.0,-531.373,-75.388,-883.5,0.0,-99.0,0,30,60,60,0,5,5,0,20,5,0,0,0,0,,0,0,0,0,0,1124,0,0,2,2,136,120,12,12,0,0,282,68,0,0,297,0,0,0,0,0,0,0,5,0,0,5,0,3200,0,7,0,0,0,11194,10.988029301411471,1.0341463414634147,3.1445417187779166,1.352272745518183,2.2780060746828656,0.4109344291584778,2.8078431372549018,0.0007498178792407105,0.004062114788046988,0.0059583724942058325,-0.02767369520992995,0.6807042716660958,0.6354398989380466,0.013901023777513318,0.03855867633675606,0.31671067105922085,0.14230019493177387,0.027449962426076096,5130.0,,,,,,,,,,,,,,,,,,,,
74,50_20_5_10_5_2,50_20_5_10_5_2_StartGoalLocations_Seed1009.csv,60,9654.734573885798,60,1.0,0,0,0,0,0,0,0,68,0,68,0.0,0.058257101588830046,9.14081667659945,6,6,6,0.0050553683196918634,0.8545979778526721,0.0,1,3,0,0,0,0,59,73,73,0,2,1,1,0,1,2,1,1,0,0,0,0,0,0,0,0,0,0,0,0,0,0,0,0,0.0,0.0,0.0,0.0,0.0,0.0,0,,6.0,6,,10.58,,37.0,,0.0,,1.3,23.14,0.0,0.5,0,0,0,0,0,0,0,0,157,0,136,5,16,0,2,0.8662,0.0318,0,0,0,415.4,0.0,6000.0,0.0,5198.319,-463.269,10.5,0.0,0.0,0.0,0.006,-99.722,0.0,-1467.5,0.0,0.0,150.0,0.0,0.0,0.0,0.0,-89.0,0.0,0.0,2.6868,11.82287,-0.024,0.12901,-0.35327,0.22767,0.03611,0.94944,-0.02143,0.10126,0.0,-179.555,6150.0,0.0,6969.588,-333.585,-0.04322,0.21778,1.4805,11.96453,1.5975,0.9797,0.04092,1.05621,0.01589,93.18182,0.98315,1.78824,0.0,-2.7312,87.358,0.0,297.6468,-31.5582,-8.68,4,1,0,25,42,42,60,170,13,102,55,0,25,103,42,0,12,0,2,0.07647058823529412,0.14705882352941177,170,78,12,-5.16,11590.491,0.006,0.0,150.0,0.0,-429.541,-99.722,-1467.5,0.0,-89.0,11590.491,0.006,0.0,150.0,0.0,-429.541,-99.722,-1467.5,0.0,-89.0,0,50,60,60,0,5,5,0,35,5,0,0,0,0,,0,0,0,0,0,1012,4,4,44,44,380,200,44,44,0,0,352,48,0,0,404,0,0,0,0,0,0,0,7,0,0,7,0,3200,0,6,0,0,0,9881,18.115575346624837,1.0,7.671288331140572,1.4576517353252088,5.1209391761967415,0.9513207165266674,2.800395256916996,0.0008248593451433609,0.004069925185565362,0.006171733494332657,-0.02787901767393346,0.689051822475765,0.6205598567078707,0.015033932461627859,0.03659399795684625,0.3190696875463955,0.14437944003343084,0.028440527531281432,4786.0,,,,,,,,,,,,,,,,,,,,
75,25_5_2_5_2_1,25_5_2_5_2_1_StartGoalLocations_Seed1008.csv,25,3202.0679253041744,25,1.0,0,0,0,0,0,0,0,8,0,8,0.0,0.0213903743315508,8.612322382748445,0,0,0,0.03896103896103896,0.6149732620320856,0.0,0,0,0,0,0,0,8,9,9,0,2,0,0,0,0,0,0,0,0,0,0,0,0,0,0,0,0,0,0,0,0,0,0,0,0.0,1.0,0.0,0.0,-16.8,0.0,0,,,0,,,,,,,,,9.24,0.0,0.4,0,0,0,0,0,0,0,0,74,0,51,3,20,0,7,0.6892,0.0405,0,0,0,130.9,0.0,2500.0,0.0,1237.38,-582.0,3.5,0.0,0.0,0.0,0.8,-9.512,0.0,-49.5,0.0,0.0,0.0,0.0,0.0,0.0,0.0,-29.5,0.0,0.0,2.5132,13.68422,-0.00666,0.07409,-0.03782,0.1322,0.0,0.0,-0.02254,0.10373,0.0,-15.72,2500.0,0.0,1438.981,-494.685,-0.01201,0.11867,1.90985,13.68715,0.72139,1.37224,0.0107,1.12286,0.0191,100.0,0.9809,1.50597,0.0,-0.7111,35.5114,0.0,70.9074,-34.9429,-0.59,2,2,0,7,1,2,7,18,2,5,11,0,7,9,2,0,7,0,4,0.1111111111111111,0.3888888888888889,18,8,4,0.008,3832.98,0.8,0.0,0.0,0.0,-543.2,-9.512,-49.5,0.0,-29.5,3832.98,0.8,0.0,0.0,0.0,-543.2,-9.512,-49.5,0.0,-29.5,0,4,25,25,0,0,0,0,3,5,0,0,0,0,,0,0,0,0,0,548,0,0,10,10,104,16,6,6,0,0,42,0,0,0,500,0,0,0,1,1,0,0,0,6,1,2,0,305,0,1,0,0,0,2569,37.796808096535614,1.5859938208032955,7.862981704943558,0.957920802775586,4.203970416504476,0.5449591280653951,3.3518518518518516,0.0008830703843497997,0.0039037262024969733,0.005786831485596995,-0.0275641541357023,0.6806514206593924,0.6377886501106903,0.013033965595719153,0.05282168218655253,0.32435295033531314,0.1294070512820513,0.027187601958412726,2496.0,,,,,,,,,,,,,,,,,,,,
76,50_20_5_10_5_2,50_20_5_10_5_2_StartGoalLocations_Seed1002.csv,40,6684.699835181236,39,0.975,0,0,0,0,0,0,0,0,0,0,0.0,0.0,9.905227161700049,1,0,0,0.0,0.9106008793356131,0.0,0,0,0,0,0,0,0,0,0,0,0,0,0,0,0,0,0,0,0,0,0,0,0,0,0,0,0,0,0,0,0,0,0,0,0.0,0.0,0.0,0.0,0.0,0.0,0,,,1,,,,,,,,,21.49,0.0,0.0,0,0,0,0,0,0,0,0,85,0,80,2,3,0,0,0.9412,0.0235,0,0,0,204.7,0.0,3900.0,0.0,2754.0,-132.0,0.0,0.0,0.0,0.0,0.0,0.0,0.0,0.0,0.0,0.0,0.0,0.0,0.0,0.0,0.0,-42.0,0.0,0.0,3.28613,13.50874,0.0,0.0,0.0,0.0,0.0,0.0,-0.02052,0.09919,0.0,0.0,3900.0,0.0,3606.275,-98.795,0.0,0.0,1.90523,13.67088,1.71347,0.81428,0.0,0.0,0.01905,100.0,0.98095,1.84515,0.0,0.0,55.3977,0.0,157.3714,-9.9429,0.0,0,0,0,0,0,0,0,0,0,0,0,0,0,0,0,0,0,0,0,,,0,0,0,0.0,6849.9,0.0,0.0,0.0,0.0,-123.2,0.0,0.0,0.0,-42.0,6849.9,0.0,0.0,0.0,0.0,-123.2,0.0,0.0,0.0,-42.0,0,0,40,39,1,0,0,0,0,5,0,0,0,0,,0,0,0,0,0,480,0,0,0,0,0,0,0,0,0,0,0,0,0,0,142,0,0,0,0,0,0,0,0,0,0,0,0,3200,0,0,0,0,0,4024,4.796222664015905,1.0,0.0,0.0,0.0,0.0,0.0,0.0009793012250762937,0.003975327829054246,0.005792476254282519,-0.02798856425409516,0.6730110247929891,0.6474071974555652,0.01508350958659624,0.0374318868930762,0.31939798445833123,0.12716222533894342,0.026132161674988937,2139.0,1.0,1.5,57.0,0.0,0.0,,,,,,,,,,,,,,,
77,25_5_2_5_2_1,25_5_2_5_2_1_StartGoalLocations_Seed1008.csv,25,2754.8494747281075,23,0.92,1,0,1,1,0,0,0,59,0,58,0.0,0.19133858267716536,6.65701998887569,6,4,3,0.05275590551181102,0.637007874015748,0.0,1,3,0,0,0,0,48,68,68,0,2,5,5,0,4,2,2,3,2,2,2,0,0,0,0,0,0,0,0,0,0,0,0,0,2.0,0.0,0.0,-9.6,0.0,0.0,2,,4.0,6,,4.88,,14.5,,0.0,,1.5,7.79,0.0,1.2,0,2,0,1,0,0,0,1,74,0,56,11,7,0,15,0.7568,0.1486,0,0,0,127.0,0.0,2300.0,0.0,1160.98,-388.49,7.0,0.0,0.0,-100.0,0.099,-104.739,0.0,-269.5,0.0,-40.0,100.0,0.0,0.0,0.0,0.0,-37.5,0.0,0.0,2.5248,13.30511,-0.16113,1.99032,-0.2437,0.54652,0.07874,1.40082,-0.02953,0.11786,0.0,-297.024,2400.0,0.0,1436.977,-291.279,-0.23388,2.07554,1.88976,13.39775,0.90212,1.1816,0.13071,1.7893,0.02126,88.88889,0.98031,1.38816,0.0,-5.9275,34.0909,0.0,66.7417,-24.3423,-10.715,16,4,2,45,26,44,47,162,39,72,51,0,45,73,44,0,14,0,5,0.24074074074074073,0.2777777777777778,162,80,18,-6.616,3566.824,0.0,0.0,100.0,0.0,-360.334,-204.64,-309.5,0.0,-37.5,3566.824,0.0,0.0,100.0,0.0,-360.334,-204.64,-309.5,0.0,-37.5,0,37,25,23,2,4,4,0,44,5,0,0,0,0,,0,0,1,0,0,828,28,28,77,77,320,148,20,20,4,0,274,52,0,0,265,0,0,0,0,0,0,0,10,0,0,9,0,305,0,8,0,0,0,3773,63.92790882586801,1.4017412935323383,24.887357540418765,1.6458866075623515,17.20116618075802,4.717731248343493,2.8382126348228045,0.0008466716286763414,0.004010086316741319,0.005987276810171883,-0.028608317662408386,0.670705595166211,0.6842047027919603,0.015152194899403386,0.04772143707957101,0.3226240283670046,0.13511259382819016,0.026498757542639313,3597.0,2.0,18.75,27.5,0.0,19.5,,,,,,,,,,,,,,,
78,25_5_2_5_2_1,25_5_2_5_2_1_StartGoalLocations_Seed1009.csv,60,2240.744365543127,59,0.9833333333333333,14,3,14,14,0,3,0,337,3,323,0.008902077151335312,0.32590412111017664,5.259085870842951,5,5,3,0.24800671422576584,0.6183382291229542,8.0,1,4,0,3,6,7,326,508,379,129,5,31,28,3,27,3,3,16,11,11,11,0,3,0,0,0,0,0,0,0,0,0,0,0,11.0,8.0,3.0,-58.79999999999999,-276.0,-325.0,15,1.0,5.0,6,8.0,7.14,18.0,14.65,0.0,4.0,56.0,29.0,7.55,0.7,8.1,0,23,0,11,0,0,3,5,212,0,137,24,51,0,63,0.6462,0.1132,0,0,0,476.6,0.0,5900.0,0.0,3005.346,-1537.246,45.5,0.0,0.0,-1500.0,7.674,-779.629,0.0,-2024.0,0.0,-720.0,125.0,0.0,0.0,0.0,0.0,-413.5,0.0,-345.0,1.65552,11.08038,-0.4767,3.94926,-0.57574,1.12427,0.02623,0.80932,-0.15915,0.83984,0.0,-3114.748,6025.0,0.0,3693.701,-1794.721,-0.65353,4.13111,1.26416,11.08382,0.39844,1.45112,0.25346,2.57843,0.01343,94.14062,0.98678,1.167,0.0,-83.1101,85.5824,0.0,174.3341,-131.1855,-74.376,282,31,138,559,121,223,288,1192,280,586,326,0,557,411,224,0,291,36,104,0.2348993288590604,0.4672818791946309,1183,514,86,-1.708,9310.646,5.723,0.0,125.0,0.0,-1420.446,-2277.679,-2744.0,0.0,-758.5,9310.646,5.723,0.0,125.0,0.0,-1420.446,-2277.679,-2744.0,0.0,-758.5,0,207,60,59,1,4,4,0,521,5,3,1,2,0,0.6666666666666666,1,6,17,13,8,3200,223,223,1464,1464,1937,827,333,333,36,0,1412,96,0,0,811,5,1,3,8,7,0,0,136,65,4,158,2,305,0,77,13,0,65,16184,52.7681660899654,2.48056206088993,30.777310924369747,2.1057920386411566,20.612951062778052,7.8410776075135935,2.2661870503597124,0.0009023936022458656,0.0039629006563336585,0.005968711134046316,-0.02875440788688138,0.6711967557668685,0.6870023954287171,0.01585645239712903,0.036280288468115034,0.32071462046563515,0.1439336850037679,0.02691795440122486,14597.0,,,,,,,,,,,,,,,,,,,,
79,50_20_5_10_5_2,50_20_5_10_5_2_StartGoalLocations_Seed1004.csv,60,10401.979070663452,60,1.0,0,0,0,0,0,0,0,5,0,5,0.0,0.006646525679758308,9.778184075946173,4,4,3,0.0,0.9036253776435045,0.0,1,4,0,0,0,0,5,5,5,0,2,0,0,0,0,0,0,0,0,0,0,0,0,0,0,0,0,0,0,0,0,0,0,0,0.0,0.0,0.0,0.0,0.0,0.0,0,,4.0,4,,10.62,,31.5,,0.0,,0.0,22.03,0.0,0.1,0,0,0,0,0,0,0,0,143,0,125,13,5,0,0,0.8741,0.0909,0,0,0,331.0,0.0,6000.0,0.0,4417.5,-240.0,0.0,0.0,0.0,0.0,0.0,-5.021,0.0,-139.5,0.0,0.0,100.0,0.0,0.0,0.0,0.0,-62.0,0.0,0.0,3.17477,13.18797,-0.00152,0.0326,-0.04215,0.13891,0.03021,0.86855,-0.01873,0.09495,0.0,-8.744,6100.0,0.0,5813.715,-157.185,-0.00264,0.05125,1.8429,13.36517,1.70892,0.82972,0.00302,0.8744,0.01934,95.3125,0.98127,1.83833,0.0,-0.1874,86.6477,0.0,252.4286,-17.2571,-1.428,0,0,0,5,0,0,5,10,5,5,0,0,5,5,0,0,0,0,0,0.5,0.5,10,6,2,-1.277,10732.5,0.0,0.0,100.0,0.0,-224.0,-5.021,-139.5,0.0,-62.0,10732.5,0.0,0.0,100.0,0.0,-224.0,-5.021,-139.5,0.0,-62.0,0,3,60,60,0,4,4,0,2,5,0,0,0,0,,0,0,0,0,0,804,0,0,0,0,80,12,8,8,0,0,4,0,0,0,200,0,0,0,0,0,0,0,0,0,0,0,0,3200,0,0,0,0,0,7719,7.3973312605259745,1.0,3.031480761756704,1.7728632733894465,2.3707734162456275,0.33683119575074494,2.901639344262295,0.0009315572417597026,0.003977343077488726,0.006049102868430724,-0.028202390622588534,0.6883597332446729,0.7071519148586994,0.01026241995384963,0.08110870956559087,0.3226982603537972,0.14592391304347826,0.02755944107817273,3680.0,,,,,,,,,,,,,,,,,,,,
80,25_5_2_5_2_1,25_5_2_5_2_1_StartGoalLocations_Seed1007.csv,40,4330.994010776281,40,1.0,0,1,0,0,0,1,1,78,1,78,0.01282051282051282,0.18194509073987902,6.22751943734481,0,0,0,0.07166123778501629,0.6230805025593299,0.0,0,0,0,1,2,0,78,139,115,24,4,7,7,0,7,2,3,4,2,2,2,0,0,0,1,0,0,0,0,0,0,0,0,0,2.0,1.0,1.0,-10.2,-18.900000000000002,-100.0,3,,,0,,,,,,,,,9.25,0.0,3.4,0,2,0,1,0,0,0,1,115,0,92,7,16,0,29,0.8,0.0609,0,0,0,214.9,0.0,4000.0,0.0,1878.659,-823.182,38.5,0.0,0.0,0.0,1.109,-183.491,0.0,-711.5,0.0,-44.0,0.0,0.0,0.0,0.0,0.0,-40.0,0.0,0.0,2.47039,13.50741,-0.08487,0.23363,-0.35156,0.35192,0.0,0.0,-0.01861,0.09466,0.0,-341.806,4000.0,0.0,2323.198,-660.084,-0.15905,0.43356,1.86133,13.51549,0.7739,1.29152,0.14053,1.13181,0.01861,100.0,0.98139,1.41455,0.0,-8.7514,56.8182,0.0,109.552,-49.3247,-21.071,52,10,11,116,34,60,92,306,47,168,91,0,116,130,60,0,74,0,12,0.15359477124183007,0.3790849673202614,306,153,26,-6.577,6073.659,1.109,0.0,0.0,0.0,-764.782,-183.491,-755.5,0.0,-40.0,6073.659,1.109,0.0,0.0,0.0,-764.782,-183.491,-755.5,0.0,-40.0,0,73,40,40,0,0,0,0,95,5,1,0,1,0,1.0,0,2,1,0,0,732,44,44,294,294,703,291,49,49,8,0,492,0,0,0,463,1,0,1,1,1,0,0,33,0,0,60,1,305,0,21,0,0,0,4220,74.50236966824644,2.2487277353689565,26.540284360189574,1.3824107347821284,16.066350710900473,1.990521327014218,3.0132743362831858,0.0009867100088541902,0.003917272276463893,0.005938055601907396,-0.028380050664879586,0.6949002400773471,0.7017094172089477,0.011823818956557763,0.05604587724086284,0.3244816725463436,0.14610888957243925,0.027026866219749313,3251.0,,,,,,,,,,,,,,,,,,,,
81,50_20_5_10_5_2,50_20_5_10_5_2_StartGoalLocations_Seed1016.csv,25,4978.779966324568,24,0.96,0,0,0,0,0,0,0,42,0,42,0.0,0.047388781431334626,9.493598063171948,4,3,2,0.0019342359767891683,0.8820116054158608,0.0,1,3,0,0,0,0,8,8,8,0,2,0,0,0,0,0,0,0,0,0,0,0,0,0,0,0,0,0,0,0,0,0,0,0,0.0,0.0,0.0,0.0,0.0,0.0,0,,3.0,4,,34.67,,60.67,,0.0,,0.0,27.83,0.0,2.4,0,0,0,0,0,0,0,0,64,0,57,4,3,0,0,0.8906,0.0625,0,0,0,206.8,0.0,2400.0,0.0,2754.0,-97.5,0.0,0.0,0.0,0.0,0.0,-67.52,0.0,-250.0,0.0,0.0,75.0,0.0,0.0,0.0,0.0,-42.0,0.0,0.0,2.54512,10.58925,-0.03265,0.15687,-0.12089,0.21408,0.03627,0.9515,-0.02031,0.0987,0.0,-107.6,2475.0,0.0,4067.889,-69.164,-0.05203,0.25406,1.19681,10.74842,1.93362,0.93541,0.04062,1.28095,0.01306,91.66667,0.98646,2.02797,0.0,-1.2516,35.1562,0.0,157.3714,-7.9714,-0.93,25,20,17,50,21,11,2,84,49,23,12,0,50,23,11,0,1,0,0,0.5833333333333334,0.5952380952380952,84,6,6,-1.92,5353.4,0.0,0.0,75.0,0.0,-90.1,-67.52,-250.0,0.0,-42.0,5353.4,0.0,0.0,75.0,0.0,-90.1,-67.52,-250.0,0.0,-42.0,0,7,25,24,1,3,2,0,35,5,0,0,0,0,,0,0,0,0,0,1068,0,0,0,0,32,28,4,4,0,0,172,136,0,0,132,0,0,0,0,0,0,0,0,0,0,1,0,3200,0,1,0,0,0,5332,11.271567891972992,1.0,2.9632408102025507,1.420253183551227,2.663165791447862,0.5251312828207052,3.0422535211267605,0.0007831972106192579,0.0038823221194512502,0.005951769951703062,-0.028129496126808925,0.6812951486655389,0.7171273059612803,0.01388192255649897,0.03559823862140935,0.3122443962318345,0.16044697448872022,0.025927540500182596,4743.0,1.0,7.5,14.0,0.0,0.0,,,,,,,,,,,,,,,
82,50_20_5_10_5_2,50_20_5_10_5_2_StartGoalLocations_Seed1010.csv,40,7601.59446066618,40,1.0,0,0,0,0,0,0,0,64,0,64,0.0,0.04202192448233861,9.400335505876994,0,0,0,0.010962241169305725,0.8629719853836785,0.0,0,0,0,0,0,0,51,51,51,0,2,0,0,0,0,0,0,0,0,0,0,0,0,0,0,0,0,0,0,0,0,0,0,0,0.0,0.0,0.0,0.0,0.0,0.0,0,,,0,,,,,,,,,32.1,0.0,0.4,0,0,0,0,0,0,0,0,85,0,80,3,2,0,2,0.9412,0.0353,0,0,0,328.4,0.0,4000.0,0.0,4206.434,-414.884,108.5,0.0,0.0,0.0,0.085,-95.94,0.0,-484.0,0.0,0.0,0.0,0.0,0.0,0.0,0.0,-47.0,0.0,0.0,2.50562,10.87615,-0.02919,0.14626,-0.14738,0.22797,0.0,0.0,-0.01431,0.08337,0.0,-158.064,4000.0,0.0,6209.635,-210.344,-0.04813,0.24063,1.21803,10.96901,1.82682,1.04824,0.03898,1.23488,0.01218,100.0,0.98782,1.97903,0.0,-2.0267,56.8182,0.0,246.5677,-26.3933,-5.514,6,3,0,16,38,28,46,128,2,92,34,0,16,84,28,0,14,0,0,0.015625,0.125,128,66,6,-1.791,8614.434,0.085,0.0,0.0,0.0,-385.984,-95.94,-484.0,0.0,-47.0,8614.434,0.085,0.0,0.0,0.0,-385.984,-95.94,-484.0,0.0,-47.0,0,44,40,40,0,0,0,0,20,5,0,0,0,0,,0,0,0,0,0,960,0,0,24,24,308,176,4,4,0,0,72,52,0,0,266,0,0,0,0,0,0,0,5,0,0,9,0,3200,0,2,0,0,0,6491,13.711292558927745,1.0,6.593745185641658,1.2556074946492075,3.54336773994762,0.0,3.5130434782608697,0.0007929243363605565,0.0037839088598654296,0.005885626495971034,-0.028544464676330487,0.6769712145129839,0.7262147237857183,0.014928239135770127,0.02249355609334695,0.3187863091605315,0.14056224899598393,0.024250010289838198,3984.0,,,,,,,,,,,,,,,,,,,,
83,50_20_5_10_5_2,50_20_5_10_5_2_StartGoalLocations_Seed1003.csv,25,5201.199969150126,25,1.0,0,0,0,0,0,0,0,0,0,0,0.0,0.0,9.935500786575773,5,4,5,0.0,0.8961719979024646,0.0,1,4,0,0,0,0,0,0,0,0,0,0,0,0,0,0,0,0,0,0,0,0,0,0,0,0,0,0,0,0,0,0,0,0,0.0,0.0,0.0,0.0,0.0,0.0,0,,4.0,5,,5.0,,20.25,,0.0,,0.0,28.82,0.0,0.0,0,0,0,0,0,0,0,0,77,0,56,10,11,0,0,0.7273,0.1299,0,0,0,190.7,0.0,2500.0,0.0,2578.5,-135.0,0.0,0.0,0.0,0.0,0.0,0.0,0.0,0.0,0.0,0.0,100.0,0.0,0.0,0.0,0.0,-33.0,0.0,0.0,2.69229,11.24768,0.0,0.0,0.0,0.0,0.05244,1.14377,-0.0173,0.09139,0.0,0.0,2600.0,0.0,3517.865,-99.56,0.0,0.0,1.3634,11.42576,1.7925,0.86369,0.0,0.0,0.01521,89.65517,0.98637,1.92314,0.0,0.0,36.9318,0.0,147.3429,-9.6,0.0,0,0,0,0,0,0,0,0,0,0,0,0,0,0,0,0,0,0,0,,,0,0,0,0.0,5260.2,0.0,0.0,100.0,0.0,-126.0,0.0,0.0,0.0,-33.0,5260.2,0.0,0.0,100.0,0.0,-126.0,0.0,0.0,0.0,-33.0,0,0,25,25,0,4,4,0,0,5,0,0,0,0,,0,0,0,0,0,616,0,0,0,0,0,0,0,0,0,0,0,0,0,0,82,0,0,0,0,0,0,0,0,0,0,0,0,3200,0,0,0,0,0,4767,9.712607509964338,1.0,2.4753513740297883,1.4271186617976528,1.5942941053073212,0.5873715124816447,2.473684210526316,0.0008208395822364693,0.0038059405988541905,0.005849752103450236,-0.02792580770449592,0.6805496494491379,0.7311332256763012,0.012691727869648051,0.03602137354009047,0.33107608821398904,0.13412633305988514,0.022939388639840907,2438.0,1.0,1.0,24.0,0.0,0.0,,,,,,,,,,,,,,,
84,50_20_5_10_5_2,50_20_5_10_5_2_StartGoalLocations_Seed1010.csv,40,9220.399956703186,40,1.0,0,0,0,0,0,0,0,0,0,0,0.0,0.0,9.89818831334524,11,10,9,0.003572339882623118,0.8652717529982138,0.0,2,8,0,0,0,0,0,0,0,0,0,0,0,0,0,0,0,0,0,0,0,0,0,0,0,0,0,0,0,0,0,0,0,0,0.0,0.0,0.0,0.0,0.0,0.0,0,,10.0,11,,22.85,,48.4,,0.0,,0.0,26.36,0.0,0.0,0,0,0,0,0,0,0,0,146,0,102,30,14,0,0,0.6986,0.2055,0,0,0,391.9,0.0,4000.0,0.0,5110.5,-460.5,0.0,0.0,0.0,0.0,0.0,0.0,0.0,0.0,0.0,0.0,250.0,0.0,0.0,0.0,0.0,-71.5,0.0,0.0,2.3072,9.96632,0.0,0.0,0.0,0.0,0.06379,1.26124,-0.01824,0.09375,0.0,0.0,4250.0,0.0,7090.325,-282.81,0.0,0.0,1.08446,10.12352,1.73705,0.9743,0.0,0.0,0.01276,85.0,0.98724,1.9057,0.0,0.0,60.3693,0.0,292.0286,-30.4,0.0,0,0,0,0,0,0,0,0,0,0,0,0,0,0,0,0,0,0,0,,,0,0,0,0.0,9471.7,0.0,0.0,250.0,0.0,-429.8,0.0,0.0,0.0,-71.5,9471.7,0.0,0.0,250.0,0.0,-429.8,0.0,0.0,0.0,-71.5,0,0,40,40,0,9,9,0,0,5,0,0,0,0,,0,0,0,0,0,1824,0,0,0,0,0,0,0,0,0,0,2,0,0,0,298,0,0,0,0,0,0,0,0,0,0,0,0,3200,0,0,0,0,0,15172,7.57975217505932,1.0,3.5262325336145532,1.7084112380152552,3.288953335090957,0.4481940416556815,3.2545090180360723,0.0007761268102273645,0.0038728002063611426,0.0059171377736339835,-0.026661713750575456,0.7003713319437546,0.7384534274930494,0.014224630464971261,0.005543473329836209,0.31730339173000555,0.15380305364897046,0.02300852189045373,7139.0,1.0,4.0,39.0,0.0,0.0,,,,,,,,,,,,,,,
85,50_20_5_10_5_2,50_20_5_10_5_2_StartGoalLocations_Seed1015.csv,25,6837.335526287556,25,1.0,0,0,0,0,0,0,0,9,0,9,0.0,0.006155740227762389,9.918872038376591,8,7,6,0.012311480455524777,0.8547245306248077,0.0,2,4,0,0,0,0,9,9,9,0,2,2,2,0,2,2,4,0,2,2,2,0,0,0,0,0,0,0,0,0,0,0,0,0,2.0,0.0,0.0,-9.6,0.0,0.0,2,,7.0,8,,32.93,,67.5,,0.0,,0.0,34.0,0.0,0.0,0,0,0,0,0,0,0,0,82,0,57,23,2,0,0,0.6951,0.2805,0,0,0,324.9,0.0,2500.0,0.0,4257.779,-306.779,7.0,0.0,0.0,0.0,0.45,-9.014,0.0,-31.5,0.0,0.0,175.0,0.0,0.0,0.0,0.0,-80.5,0.0,0.0,2.08769,8.66686,-0.00264,0.04242,-0.0097,0.06895,0.05386,1.15917,-0.02478,0.10851,0.0,-15.965,2675.0,0.0,6732.085,-134.507,-0.00491,0.06941,0.82333,8.80996,2.03065,1.03088,0.00554,0.88692,0.00985,83.59375,0.98984,2.13513,0.0,-0.5921,37.9972,0.0,243.7017,-22.1302,-1.707,0,0,0,0,2,12,4,18,0,10,8,0,0,6,12,0,4,0,0,0.0,0.0,18,14,2,-1.6,7068.679,0.45,0.0,175.0,0.0,-285.779,-9.014,-31.5,0.0,-80.5,7068.679,0.45,0.0,175.0,0.0,-285.779,-9.014,-31.5,0.0,-80.5,0,1,25,25,0,6,6,0,8,5,0,0,0,0,,0,0,0,0,0,2308,28,28,0,0,54,4,4,4,0,0,0,0,0,0,22,0,0,0,0,0,0,0,0,0,0,0,0,3200,0,0,0,0,0,13210,6.2906888720666165,1.0,3.376230128690386,1.6376681830316382,2.906888720666162,0.4239212717638153,2.8645833333333335,0.0008213680155068707,0.003757043985369094,0.005685948328142485,-0.026901738482496766,0.7041724942999035,0.7367068574581443,0.012714817058746953,0.029410508928571923,0.3053693876534528,0.1649011685049689,0.02327044317659493,9157.0,1.0,30.0,39.0,0.0,0.0,,,,,,,,,,,,,,,
86,25_5_2_5_2_1,25_5_2_5_2_1_StartGoalLocations_Seed1010.csv,40,4684.1913830041885,40,1.0,0,0,0,0,0,0,0,28,0,28,0.0,0.060797973400886635,6.694554882007282,0,0,0,0.0253324889170361,0.623179227359088,0.0,0,0,0,0,0,0,28,34,34,0,2,4,4,0,4,2,4,1,3,3,3,0,0,0,0,0,0,0,0,0,0,0,0,0,3.0,0.0,0.0,-14.4,0.0,0.0,3,,,0,,,,,,,,,7.28,0.0,0.6,0,0,0,0,0,0,0,0,104,0,84,3,17,0,13,0.8077,0.0288,0,0,0,157.9,0.0,4000.0,0.0,1430.658,-617.658,0.0,0.0,0.0,0.0,0.0,-24.209,0.0,-198.0,0.0,0.0,0.0,0.0,0.0,0.0,0.0,-64.5,0.0,0.0,3.14813,15.68332,-0.01533,0.09776,-0.1254,0.21673,0.0,0.0,-0.04085,0.13695,0.0,-52.028,4000.0,0.0,1633.727,-538.456,-0.03295,0.16985,2.53325,15.71329,0.69365,1.29962,0.0418,0.7883,0.02533,100.0,0.97467,1.41142,0.0,-1.5213,56.8182,0.0,81.7519,-38.9805,-4.782,4,1,0,18,0,26,24,68,15,29,24,0,18,24,26,0,13,0,4,0.22058823529411764,0.2647058823529412,68,32,10,-5.181,5546.458,0.0,0.0,0.0,0.0,-575.558,-24.209,-198.0,0.0,-64.5,5546.458,0.0,0.0,0.0,0.0,-575.558,-24.209,-198.0,0.0,-64.5,0,10,40,40,0,0,0,0,23,5,0,0,0,0,,0,0,0,0,0,452,36,36,28,28,204,40,30,30,0,0,230,0,0,0,406,0,0,0,0,0,0,0,3,0,0,7,0,305,0,6,0,0,0,3075,69.78861788617886,2.1999068033550793,16.260162601626018,0.8356000098064542,10.08130081300813,1.4308943089430894,3.229032258064516,0.0007029640899868878,0.0038001660970492963,0.005871169483371541,-0.026626230654331434,0.7151511823181558,0.7642603983393813,0.01797918759830362,0.007069177144676843,0.29596770718900567,0.15630657815328908,0.022009204425828325,1657.0,,,,,,,,,,,,,,,,,,,,
87,25_5_2_5_2_1,25_5_2_5_2_1_StartGoalLocations_Seed1018.csv,60,3872.412729769945,59,0.9833333333333333,3,1,3,3,0,1,1,242,1,239,0.004132231404958678,0.22683084899546338,5.814914988705937,0,0,0,0.20069129401598618,0.6225966731475481,17.0,0,0,0,1,2,0,239,364,328,36,4,38,36,2,15,3,12,29,8,13,8,0,0,0,1,0,0,0,0,0,0,0,0,0,8.0,4.0,1.0,-62.999999999999986,-150.90000000000003,-100.0,9,1.0,,1,17.0,,17.0,,0.0,,8.0,,8.36,0.0,5.4,0,8,0,4,0,0,0,4,177,0,123,4,50,0,22,0.6949,0.0226,0,0,0,462.9,0.0,5900.0,0.0,3239.435,-1841.71,10.5,0.0,0.0,-300.0,4.329,-512.541,0.0,-1814.0,0.0,-644.0,0.0,0.0,0.0,0.0,0.0,-287.5,0.0,-345.0,1.67879,11.24959,-0.1746,1.81442,-0.531,1.00826,0.0,0.0,-0.13664,0.8178,0.0,-1246.354,5900.0,0.0,3897.875,-1826.984,-0.26925,1.90634,1.27457,11.21752,0.44737,1.4853,0.17002,1.58368,0.01275,100.0,0.98725,1.2527,0.0,-30.7713,83.8068,0.0,184.5963,-140.2692,-48.057,93,18,23,262,133,227,164,787,80,408,299,0,259,299,229,0,217,0,43,0.10165184243964422,0.3290978398983482,787,316,68,-11.358,9476.621,4.037,0.0,0.0,0.0,-1705.495,-812.25,-2458.0,0.0,-632.5,9476.621,4.037,0.0,0.0,0.0,-1705.495,-812.25,-2458.0,0.0,-632.5,0,159,60,59,1,0,0,0,260,5,1,0,1,0,1.0,0,2,4,0,0,3200,260,260,543,543,1632,636,209,209,8,0,1535,44,0,0,1093,24,2,3,4,4,0,0,85,39,1,128,2,305,0,82,0,0,0,9176,72.90758500435919,3.027354260089686,37.61987794245859,1.5107872467118435,24.324324324324323,5.1656495204882305,2.878584229390681,0.0007828849441921193,0.0037490866871667094,0.005911721667798702,-0.026731754010543226,0.7313465826958417,0.7404246073961258,0.01695119533658726,0.006910860836214851,0.3080729631886961,0.1468520782396088,0.02431103783114531,13088.0,,,,,,,,,,,,,,,,,,,,
88,25_5_2_5_2_1,25_5_2_5_2_1_StartGoalLocations_Seed1002.csv,25,2801.519711434841,25,1.0,1,0,1,1,0,0,0,48,0,47,0.0,0.060431654676258995,7.401722106887854,7,6,4,0.19184652278177458,0.6254196642685851,0.0,2,4,0,0,0,0,45,69,69,0,2,5,5,0,5,2,2,3,2,2,2,0,0,0,0,0,0,0,0,0,0,0,0,0,2.0,1.0,0.0,-9.6,-16.8,0.0,2,,6.0,7,,4.41,,8.0,,0.0,,3.3,8.89,0.0,0.7,0,2,0,1,0,0,0,1,413,0,351,14,48,0,7,0.8499,0.0339,0,0,0,208.5,0.0,2500.0,0.0,1552.471,-801.931,7.0,0.0,0.0,-100.0,1.677,-58.697,0.0,-366.0,0.0,-88.0,150.0,0.0,0.0,0.0,0.0,-203.5,0.0,0.0,1.66237,10.91566,-0.07531,1.55335,-0.21775,0.61482,0.07194,1.33917,-0.0976,0.19818,0.0,-251.295,2650.0,0.0,1780.555,-834.611,-0.12053,1.62268,1.27098,10.95843,0.45369,1.29856,0.07194,1.6753,0.01487,85.48387,0.98513,1.27321,0.0,-6.2399,37.642,0.0,89.1126,-57.4532,-11.629,7,2,0,55,1,38,52,146,25,67,54,0,55,53,38,0,34,0,15,0.17123287671232876,0.3767123287671233,146,54,16,2.275,4212.971,1.6,0.0,150.0,0.0,-746.931,-158.62,-454.0,0.0,-203.5,4212.971,1.6,0.0,150.0,0.0,-746.931,-158.62,-454.0,0.0,-203.5,0,13,25,25,0,6,6,0,61,5,0,0,0,0,,0,0,1,0,0,2020,30,30,100,100,92,52,97,97,0,0,186,16,0,0,436,3,0,0,1,1,0,0,6,61,1,13,0,305,0,43,0,0,0,7713,42.90159471022948,1.7361740707162285,20.951640088162844,1.065717834762602,14.754310903669131,2.670815506288085,3.114235500878735,0.0009162444206522916,0.0034736434716989496,0.006005928463920361,-0.025632727863543696,0.7477399873261404,0.7467616490208276,0.01928041277840586,0.03021859666517023,0.3189547402431238,0.12555665512122713,0.024254640738523667,8084.0,1.0,10.0,12.0,0.0,1.0,,,,,,,,,,,,,,,
89,25_5_2_5_2_1,25_5_2_5_2_1_StartGoalLocations_Seed1012.csv,25,92.78642776608467,21,0.84,5,0,5,5,0,0,0,289,0,284,0.0,0.2996357012750455,5.963540110449829,5,4,2,0.3337378640776699,0.6331917475728155,4.75,1,2,0,0,0,0,289,417,363,54,4,38,36,2,35,3,4,22,11,11,11,0,5,2,0,0,0,0,0,0,0,0,0,0,11.0,1.0,0.0,-59.99999999999998,-16.8,0.0,16,1.0,4.0,7,9.0,12.22,8.5,26.75,5.0,1.2,62.0,66.2,9.87,0.0,2.8,1,8,0,7,0,0,0,3,695,0,551,52,92,0,131,0.7928,0.0748,0,0,0,329.6,0.0,2100.0,0.0,1877.695,-1023.194,3.5,0.0,0.0,-500.0,7.27,-515.084,0.0,-999.0,0.0,-208.0,100.0,0.0,0.0,0.0,0.0,-390.0,0.0,-690.0,0.99745,8.01083,-0.30577,2.75483,-0.3662,0.7227,0.03034,0.87039,-0.32767,1.34218,0.0,-1519.542,2200.0,0.0,2341.861,-1728.857,-0.46103,2.94769,0.66748,8.00166,0.18598,1.81358,0.27518,1.67535,0.00758,88.0,0.99302,1.24373,0.0,-31.444,31.25,0.0,104.7921,-117.4777,-43.231,175,20,86,487,56,199,154,896,213,477,206,0,486,211,199,0,274,6,111,0.23772321428571427,0.5424107142857143,892,397,72,-10.772,4232.918,6.818,0.0,100.0,0.0,-945.317,-1014.633,-1207.0,0.0,-1080.0,4232.918,6.818,0.0,100.0,0.0,-945.317,-1014.633,-1207.0,0.0,-1080.0,0,110,25,21,4,4,3,1,397,5,0,0,0,0,,0,0,5,2,3,3200,271,271,1039,1039,989,436,276,276,8,0,422,4,0,0,321,0,0,0,1,1,0,0,145,6,1,147,0,305,0,20,2,0,10,12382,50.84800516879341,1.633259212198221,25.87627200775319,2.238401247478833,19.38297528670651,11.242125666289775,1.7941666666666667,0.0009397353947997544,0.0033880746547947636,0.00627802777744364,-0.025818707102444022,0.7565831896662712,0.7510907332226634,0.02192459994577803,0.01948537312389817,0.3151126590280795,0.1234604321852644,0.026285616786321003,13559.0,,,,,,10.5,10.5,0.0,0.0,0.0,1.0,1.0,4.34,0.5,14.0,0.84,0.0,0.0,19.0,129.0
90,25_5_2_5_2_1,25_5_2_5_2_1_StartGoalLocations_Seed1017.csv,40,1895.3283020928502,38,0.95,2,2,2,2,0,2,0,443,2,441,0.004514672686230248,0.30706410779910165,5.13977603595392,8,8,7,0.28603511637403023,0.6269906084115966,5.890503108501434,1,3,0,2,4,0,440,528,518,10,3,23,22,1,18,3,6,13,10,17,10,0,1,0,0,0,0,0,0,0,0,0,0,0,10.0,6.0,2.0,-85.19999999999999,-141.3,-200.0,10,2.0,8.0,10,5.89,6.31,3.0,11.44,2.5,0.0,324.5,10.8,10.62,0.0,2.4,1,7,0,5,0,0,1,2,158,0,98,17,43,0,12,0.6203,0.1076,0,0,0,489.8,0.0,3800.0,0.0,3069.567,-1780.09,0.0,0.0,0.0,-200.0,8.031,-425.979,0.0,-1737.0,0.0,-472.0,200.0,0.0,0.0,0.0,0.0,-367.0,0.0,-690.0,1.13909,8.82805,-0.12616,1.43743,-0.451,0.85544,0.04083,1.00953,-0.2158,1.11049,0.0,-1135.553,4000.0,0.0,3675.19,-2292.719,-0.23184,1.51861,0.81666,8.82817,0.28225,1.65932,0.22172,1.04563,0.00939,86.95652,0.99143,1.22898,0.0,-35.7885,56.8182,0.0,173.7562,-160.4718,-57.546,258,21,94,636,21,301,126,1084,142,673,269,0,636,147,301,0,184,5,479,0.13099630996309963,0.5867158671586716,1082,420,324,-73.896,7226.467,7.859,0.0,200.0,0.0,-1647.19,-625.807,-2209.0,0.0,-1057.0,7226.467,7.859,0.0,200.0,0.0,-1647.19,-625.807,-2209.0,0.0,-1057.0,0,114,40,38,2,7,7,0,436,5,2,0,2,0,1.0,0,4,4,1,2,3200,164,164,1149,1149,2645,454,401,401,20,0,992,36,0,0,844,4,0,2,6,4,1,0,52,190,4,64,0,305,0,124,1,0,5,19981,51.15860067063711,2.0120328702797887,25.289024573344676,1.9542252435858547,17.09624142935789,6.10580051048496,2.0002927400468384,0.000936482052759402,0.0033475311171787324,0.007067634635313879,-0.02647337788483128,0.7603573293238878,0.771671773120761,0.029869129883591087,-0.03947719608840998,0.30341137006130153,0.15503186601452498,0.026617327751377592,13494.0,,,,,,2.78,2.78,0.0,0.0,0.0,,,,,,,,,,
91,50_20_5_10_5_2,50_20_5_10_5_2_StartGoalLocations_Seed1018.csv,40,9125.399960637093,40,1.0,0,0,0,0,0,0,0,1,0,1,0.0,0.000564334085778781,9.873730248306998,6,6,4,0.0,0.9105530474040632,0.0,1,4,0,0,0,0,1,1,1,0,2,0,0,0,0,0,0,0,0,0,0,0,0,0,0,0,0,0,0,0,0,0,0,0,0.0,0.0,0.0,0.0,0.0,0.0,0,,6.0,6,,19.83,,44.58,,0.0,,0.0,32.62,0.0,0.0,0,0,0,0,0,0,0,0,140,0,95,35,10,0,0,0.6786,0.25,0,0,0,354.4,0.0,4000.0,0.0,4884.0,-186.0,0.0,0.0,0.0,0.0,0.0,0.0,0.0,-20.0,0.0,0.0,150.0,0.0,0.0,0.0,0.0,-57.0,0.0,0.0,2.55429,10.43979,0.0,0.0,-0.00564,0.05282,0.04233,1.02778,-0.01608,0.08822,0.0,0.0,4150.0,0.0,7063.8,-143.355,0.0,0.0,1.17099,10.60913,1.95272,0.87171,0.0,0.0,0.01298,90.21739,0.98815,2.05801,0.0,0.0,58.9489,0.0,279.0857,-13.8857,0.0,0,0,0,0,0,0,2,2,0,2,0,0,0,2,0,0,0,0,0,0.0,0.0,2,0,0,0.0,9226.0,0.0,0.0,150.0,0.0,-173.6,0.0,-20.0,0.0,-57.0,9226.0,0.0,0.0,150.0,0.0,-173.6,0.0,-20.0,0.0,-57.0,0,0,40,40,0,6,6,0,0,5,0,0,0,0,,0,0,0,0,0,1628,0,0,2,2,52,0,0,0,4,0,16,0,0,0,264,0,0,0,0,0,0,0,0,0,0,0,0,3200,0,0,0,0,0,10587,9.842259374704827,1.0,5.185604987248512,1.279417138818129,3.702654198545386,0.4722773212430339,3.3596938775510203,0.0008116057954590736,0.003110676833098933,0.007002585768901013,-0.02491892933278031,0.7555791515975971,0.8018700605674809,0.028694057063696134,-0.00981311090216178,0.30225947155518745,0.14213124274099884,0.02742336549976398,6888.0,,,,,,,,,,,,,,,,,,,,
92,50_20_5_10_5_2,50_20_5_10_5_2_StartGoalLocations_Seed1011.csv,25,6498.204923272133,24,0.96,0,0,0,0,0,0,0,30,0,30,0.0,0.006806930693069307,9.622157491079651,11,9,7,0.011138613861386138,0.8505569306930693,0.0,2,8,1,0,0,0,30,30,30,0,2,1,1,0,1,2,1,1,0,0,0,0,0,0,0,0,0,0,0,0,0,0,0,0,0.0,1.0,0.0,0.0,-31.2,0.0,0,,9.0,11,,21.65,,49.33,,0.0,,0.1,28.07,0.0,0.0,0,0,0,0,0,0,0,0,107,0,79,9,19,0,1,0.7383,0.0841,0,0,0,323.2,0.0,2400.0,0.0,4180.955,-450.0,21.0,0.0,0.0,0.0,0.0,-18.95,0.0,-136.5,0.0,0.0,225.0,0.0,0.0,0.0,0.0,-46.5,0.0,0.0,2.00345,8.53326,-0.00586,0.07137,-0.04223,0.13904,0.06962,1.31741,-0.01439,0.08359,0.0,-50.507,2625.0,0.0,6826.286,-208.78,-0.01563,0.12665,0.81219,8.67976,2.0475,1.23456,0.01918,0.81463,0.01021,79.54545,0.98948,2.19983,0.0,-1.874,37.2869,0.0,240.1117,-28.3714,-2.079,1,1,0,4,4,19,33,60,5,36,19,0,4,37,19,0,5,0,4,0.08333333333333333,0.06666666666666667,60,6,0,0.558,6895.155,0.0,0.0,225.0,0.0,-420.0,-18.95,-136.5,0.0,-46.5,6895.155,0.0,0.0,225.0,0.0,-420.0,-18.95,-136.5,0.0,-46.5,0,10,25,24,1,8,8,0,21,5,0,0,0,0,,0,0,0,0,0,1700,4,4,14,14,172,40,64,64,4,0,0,0,0,0,341,0,0,1,1,1,0,0,1,0,0,1,0,3200,0,1,0,0,0,12597,13.99539572914186,1.1730005672149744,10.192903072160037,1.630295976137632,7.4620941494006505,1.0081765499722155,3.0563829787234043,0.0008623470355900388,0.003090450093150139,0.007409858394085485,-0.02495669535416014,0.7524381753977607,0.8053166423124426,0.030810654599438696,-0.026083403454052613,0.300388947890296,0.1407725321888412,0.027178956044145223,6990.0,2.0,15.75,59.5,0.0,0.0,,,,,,,,,,,,,,,
93,50_20_5_10_5_2,50_20_5_10_5_2_StartGoalLocations_Seed1005.csv,60,9344.633456796408,60,1.0,1,0,1,1,0,0,0,41,0,40,0.0,0.018776824034334765,9.451426562321544,4,4,2,0.008851931330472103,0.8578326180257511,0.0,1,3,0,0,0,0,40,42,42,0,2,9,9,0,6,2,2,4,5,5,5,0,0,0,0,0,0,0,0,0,0,0,0,0,5.0,0.0,0.0,-24.599999999999998,0.0,0.0,5,,4.0,4,,11.88,,23.62,,0.0,,1.5,23.16,0.0,0.1,0,2,0,1,0,0,0,1,160,0,132,17,11,0,1,0.825,0.1062,0,0,0,372.8,0.0,6000.0,0.0,4761.431,-522.251,7.0,0.0,0.0,-100.0,0.16,-27.006,0.0,-714.5,0.0,-480.0,100.0,0.0,0.0,0.0,0.0,-53.0,0.0,0.0,2.84844,12.47089,-0.03403,1.15789,-0.32041,1.01154,0.02682,0.81846,-0.01422,0.0831,0.0,-186.266,6100.0,0.0,6246.81,-342.319,-0.04996,1.20221,1.63627,12.60704,1.58382,0.98273,0.02307,2.16589,0.01717,95.3125,0.98391,1.79638,0.0,-4.9898,86.6477,0.0,272.4818,-32.8715,-3.55,1,1,0,11,8,39,26,84,5,38,41,0,11,34,39,0,13,0,0,0.05952380952380952,0.13095238095238096,84,32,4,0.42,11105.49,0.0,0.0,100.0,0.0,-486.51,-126.846,-1194.5,0.0,-53.0,11105.49,0.0,0.0,100.0,0.0,-486.51,-126.846,-1194.5,0.0,-53.0,0,7,60,60,0,4,4,0,34,5,0,0,0,0,,0,0,1,0,0,1040,58,58,31,31,170,28,50,50,4,0,24,0,0,0,447,0,0,0,0,0,0,0,5,0,0,5,0,3200,0,4,0,0,0,8925,15.137254901960784,1.1776461880088822,9.456582633053221,1.928317561789782,7.57422969187675,0.9187675070028011,2.764792899408284,0.0006487716111573368,0.00311236532825905,0.007356650907940303,-0.0244715498545422,0.7423199699475215,0.8405768534311882,0.032548184850468086,-0.037873318601542943,0.30259070220016393,0.15382571732199787,0.02343751225826396,3764.0,,,,,,,,,,,,,,,,,,,,
94,25_5_2_5_2_1,25_5_2_5_2_1_StartGoalLocations_Seed1003.csv,40,3950.0269730091095,40,1.0,2,0,2,2,0,0,0,59,0,57,0.0,0.08661417322834646,6.541807936944478,2,2,2,0.056594488188976375,0.5462598425196851,0.0,1,2,0,0,0,0,58,80,80,0,2,6,6,0,6,2,3,4,2,2,2,0,0,0,0,0,0,0,0,0,0,0,0,0,2.0,2.0,0.0,-10.200000000000001,-154.5,0.0,2,,2.0,2,,3.75,,5.5,,0.0,,1.5,8.21,0.0,1.5,0,4,0,2,0,0,0,2,133,0,91,12,30,0,8,0.6842,0.0902,0,0,0,203.2,0.0,4000.0,0.0,1626.869,-693.601,14.0,0.0,0.0,-200.0,1.454,-99.395,0.0,-599.0,0.0,-184.0,50.0,0.0,0.0,0.0,0.0,-169.5,0.0,0.0,2.53468,13.87984,-0.14662,2.22018,-0.38533,0.85048,0.02461,0.78393,-0.08342,0.18641,0.0,-412.356,4050.0,0.0,1862.813,-683.728,-0.20293,2.30811,1.99311,13.91018,0.58026,1.26814,0.07972,2.54541,0.02067,96.42857,0.98031,1.27838,0.0,-13.2715,57.5284,0.0,93.764,-49.3201,-8.512,20,11,10,55,28,36,40,160,42,61,57,0,55,69,36,0,30,0,28,0.2625,0.34375,160,68,10,0.415,5796.215,1.306,0.0,50.0,0.0,-645.747,-299.247,-783.0,0.0,-169.5,5796.215,1.306,0.0,50.0,0.0,-645.747,-299.247,-783.0,0.0,-169.5,0,34,40,40,0,2,2,0,44,5,0,0,0,0,,0,0,2,0,0,500,36,36,136,136,314,136,10,10,4,0,194,0,0,0,507,0,0,1,2,2,0,0,9,4,1,21,1,305,0,9,0,0,0,4401,77.57327880027266,1.972466315172818,24.585321517836856,1.2812384628000464,16.678027720972505,2.635764598954783,2.8978201634877383,0.0007274521162325982,0.0030868136081844567,0.007010457172989845,-0.0247703697681427,0.7469050884246826,0.8468710718154907,0.03645793767273426,-0.0631883791461587,0.28466326313926754,0.20205850487540628,0.024076073183864184,1846.0,,,,,,,,,,,,,,,,,,,,
95,25_5_2_5_2_1,25_5_2_5_2_1_StartGoalLocations_Seed1014.csv,60,5130.540227770805,60,1.0,3,0,3,3,0,0,0,100,0,97,0.0,0.15036112934996718,6.097091639699391,5,5,3,0.0770997375328084,0.6391076115485564,0.0,1,4,0,0,0,5,99,154,152,2,3,18,18,0,12,2,7,10,6,6,6,0,0,0,2,0,0,0,0,0,0,0,0,0,6.0,9.0,0.0,-29.399999999999995,-613.5,0.0,8,,5.0,5,,8.3,,13.2,,0.0,,0.0,7.27,0.2,2.1,0,4,0,2,0,0,0,1,235,0,145,7,83,0,49,0.617,0.0298,0,0,0,304.8,0.0,6000.0,0.0,2636.062,-1281.308,91.0,0.0,0.0,-300.0,1.568,-208.581,0.0,-1154.0,0.0,-1016.0,125.0,0.0,0.0,0.0,0.0,-68.0,0.0,0.0,2.54283,13.88978,-0.16634,2.22043,-0.71194,1.53268,0.04101,1.01172,-0.02231,0.10323,0.0,-707.223,6125.0,0.0,3181.111,-1074.978,-0.23203,2.3177,2.00951,13.92255,0.69099,1.34721,0.10827,2.1431,0.02133,94.23077,0.98031,1.42439,0.0,-33.0954,87.0028,0.0,155.8321,-77.1033,-24.273,13,2,0,83,38,135,79,340,11,193,136,0,83,122,135,0,96,7,6,0.03235294117647059,0.24411764705882352,340,198,48,-15.79,8939.462,1.134,0.0,125.0,0.0,-1188.908,-508.146,-2170.0,0.0,-68.0,8939.462,1.134,0.0,125.0,0.0,-1188.908,-508.146,-2170.0,0.0,-68.0,0,74,60,60,0,5,5,0,88,5,0,0,0,0,,0,0,3,2,3,816,165,165,114,114,1018,296,34,34,4,0,560,59,0,0,832,1,0,6,9,7,0,0,22,66,2,25,5,305,0,42,2,0,10,7598,74.84864438010003,2.100404431158783,29.402474335351407,1.3478681918766413,21.545143458804947,2.7112397999473545,2.9749541844838117,0.0009269597766094603,0.0030780791375767803,0.007132783758125323,-0.024953504129513807,0.7488494118054708,0.8400827016608388,0.035660931073567444,-0.058149955945326855,0.3056671531770227,0.14880752435337588,0.023894735492130198,2977.0,,,,,,,,,,,,,,,,,,,,
96,25_5_2_5_2_1,25_5_2_5_2_1_StartGoalLocations_Seed1012.csv,40,4638.84707608819,40,1.0,1,0,1,1,0,0,0,35,0,34,0.0,0.0717557251908397,7.232552339284474,5,5,4,0.02544529262086514,0.6641221374045801,0.0,1,4,0,0,0,0,24,24,24,0,2,1,1,0,1,2,2,0,1,1,1,0,0,0,0,0,0,0,0,0,0,0,0,0,1.0,0.0,0.0,-5.4,0.0,0.0,1,,5.0,5,,5.2,,13.0,,0.0,,1.4,9.43,0.0,0.4,0,2,0,1,0,0,0,1,159,0,94,10,55,0,5,0.5912,0.0629,0,0,0,196.5,0.0,4000.0,0.0,1910.643,-686.463,3.5,0.0,0.0,-100.0,1.419,-38.752,0.0,-424.5,0.0,-288.0,125.0,0.0,0.0,0.0,0.0,-60.5,0.0,0.0,2.7604,14.08755,-0.06989,1.59604,-0.3626,1.07194,0.06361,1.25948,-0.03079,0.12019,0.0,-189.936,4125.0,0.0,2219.096,-598.973,-0.09666,1.65749,2.09924,14.16848,0.82449,1.28369,0.03664,2.638,0.0229,91.66667,0.97863,1.46545,0.0,-4.3003,58.5937,0.0,109.3796,-42.6836,-6.099,4,1,0,11,9,12,36,68,4,47,17,0,11,45,12,0,9,0,0,0.058823529411764705,0.16176470588235295,68,24,12,0.603,6063.943,1.259,0.0,125.0,0.0,-639.763,-138.592,-712.5,0.0,-60.5,6063.943,1.259,0.0,125.0,0.0,-639.763,-138.592,-712.5,0.0,-60.5,0,10,40,40,0,4,4,0,24,5,0,0,0,0,,0,0,1,0,0,892,8,8,17,17,212,40,32,32,0,0,418,40,0,0,562,2,0,0,0,0,0,0,7,0,0,3,0,305,0,4,0,0,0,5357,58.91357102856076,1.8691381495564006,22.17659137577002,1.3751262832238569,16.333768900504012,1.2880343475826022,3.217142857142857,0.0009606472733155839,0.0031863384887434107,0.0071626814925884455,-0.024874857088108233,0.7562286960704444,0.8253174114120381,0.033048481266995715,-0.036608983593420734,0.3058663621153308,0.13292117465224113,0.023888476631770798,3235.0,,,,,,,,,,,,,,,,,,,,
97,25_5_2_5_2_1,25_5_2_5_2_1_StartGoalLocations_Seed1001.csv,60,5223.393534779549,60,1.0,2,1,2,2,0,1,1,88,1,86,0.011363636363636364,0.22197092084006462,5.56929795576413,3,3,3,0.11050080775444265,0.6329563812600969,0.0,1,3,0,1,2,0,87,248,231,17,3,39,39,0,32,2,9,23,14,15,14,0,3,0,0,0,0,0,0,0,0,0,0,0,14.0,5.0,1.0,-72.6,-297.3,-100.0,16,,3.0,3,,5.33,,10.0,,0.0,,1.7,7.89,0.0,3.7,0,6,0,5,0,0,0,3,163,0,124,9,30,0,11,0.7607,0.0552,0,0,0,309.5,0.0,6000.0,0.0,2520.43,-1145.689,0.0,0.0,0.0,-200.0,2.746,-359.593,0.0,-1256.5,0.0,-624.0,75.0,0.0,0.0,0.0,0.0,-98.5,0.0,0.0,2.48279,13.78022,-0.17992,1.81199,-0.60759,1.12738,0.02423,0.77796,-0.03183,0.12207,0.0,-883.48,6075.0,0.0,3036.783,-924.434,-0.28545,1.91295,1.96284,13.80631,0.6825,1.23776,0.17964,1.58899,0.02036,96.42857,0.98061,1.30518,0.0,-28.4136,86.2926,0.0,144.0246,-71.0965,-26.686,72,14,21,201,80,167,105,555,67,278,210,0,201,187,167,0,155,0,14,0.12072072072072072,0.3621621621621622,554,206,50,-7.367,8744.215,2.588,0.0,75.0,0.0,-1059.974,-559.435,-1880.5,0.0,-98.5,8744.215,2.588,0.0,75.0,0.0,-1059.974,-559.435,-1880.5,0.0,-98.5,0,87,60,60,0,3,3,0,197,5,1,0,1,0,1.0,0,2,3,0,0,672,283,283,323,323,946,347,100,100,4,0,1270,88,0,0,746,6,0,3,5,4,0,0,60,123,2,62,2,305,0,111,0,0,0,6942,76.9806972054163,2.66186377245509,33.76548545087871,1.0959311153281976,21.21866897147796,3.961394410832613,2.830957230142566,0.0009770474283478897,0.00315506975415961,0.006933930779008993,-0.02483797826183339,0.7637944381151881,0.8158242131272951,0.030214059172153827,-0.01888565733263801,0.3030166414524259,0.16313474610155937,0.024380332340469317,2501.0,,,,,,,,,,,,,,,,,,,,
98,25_5_2_5_2_1,25_5_2_5_2_1_StartGoalLocations_Seed1006.csv,25,2673.7255486249924,25,1.0,1,1,1,1,0,1,1,60,1,59,0.016666666666666666,0.11597633136094675,7.3596502485007225,3,3,2,0.11715976331360947,0.5887573964497042,0.0,1,2,0,1,2,0,59,94,94,0,2,5,5,0,1,2,1,5,0,0,0,0,0,0,0,0,0,0,0,0,0,0,0,0,0.0,0.0,1.0,0.0,0.0,-100.0,0,,3.0,3,,7.67,,14.33,,0.0,,0.0,9.3,0.0,6.7,0,4,0,2,0,0,0,2,72,0,55,8,9,0,0,0.7639,0.1111,0,0,0,169.0,0.0,2500.0,0.0,1368.578,-580.635,10.5,0.0,0.0,-100.0,0.005,-140.723,0.0,-399.5,0.0,-88.0,75.0,0.0,0.0,0.0,0.0,-140.5,0.0,0.0,2.05174,12.07768,-0.14244,1.73643,-0.28846,0.58133,0.04438,1.05238,-0.08314,0.18616,0.0,-367.67,2575.0,0.0,1597.33,-564.059,-0.21756,1.82949,1.52367,12.11267,0.6114,1.27159,0.11479,1.8952,0.01657,91.96429,0.98521,1.29813,0.0,-8.7864,36.5767,0.0,78.8045,-41.2077,-5.374,68,30,53,145,6,13,24,188,6,134,48,0,145,30,13,0,138,0,2,0.031914893617021274,0.7712765957446809,188,26,4,-1.048,4008.578,0.0,0.0,75.0,0.0,-541.135,-240.718,-487.5,0.0,-140.5,4008.578,0.0,0.0,75.0,0.0,-541.135,-240.718,-487.5,0.0,-140.5,0,11,25,25,0,3,3,0,83,5,1,0,1,0,1.0,0,2,2,0,0,844,20,20,295,295,156,44,18,18,0,0,130,0,0,0,460,2,0,0,0,0,0,0,67,0,0,72,0,305,0,6,0,0,0,4289,51.45721613429704,1.714544630720435,14.875262298904174,0.9545846498632646,9.559337840988576,1.3989274889251573,3.148780487804878,0.0008567891304039946,0.003187112183027605,0.006980260748027767,-0.02463871775574594,0.7747743827471801,0.813590766411822,0.0315783790917405,-0.03469556360615868,0.30304950448175216,0.14941242305540012,0.027620744918297035,3574.0,,,,,,,,,,,,,,,,,,,,
99,50_20_5_10_5_2,50_20_5_10_5_2_StartGoalLocations_Seed1017.csv,40,8556.799842119217,38,0.95,0,0,0,0,0,0,0,0,0,0,0.0,0.0,9.884730092454518,7,4,4,0.0047718461079630185,0.905159558604235,0.0,1,3,0,0,0,0,0,0,0,0,0,0,0,0,0,0,0,0,0,0,0,0,0,0,0,0,0,0,0,0,0,0,0,0,0.0,0.0,0.0,0.0,0.0,0.0,0,,4.0,7,,25.0,,52.5,,0.0,,0.0,34.38,0.0,0.0,0,0,0,0,0,0,0,0,99,0,81,16,2,0,0,0.8182,0.1616,0,0,0,335.3,0.0,3800.0,0.0,4599.0,-235.5,0.0,0.0,0.0,0.0,0.0,0.0,0.0,0.0,0.0,0.0,100.0,0.0,0.0,0.0,0.0,-42.0,0.0,0.0,2.53469,10.4674,0.0,0.0,0.0,0.0,0.02982,0.86297,-0.01253,0.07814,0.0,0.0,3900.0,0.0,6965.82,-114.69,0.0,0.0,1.16314,10.61716,2.04328,0.92226,0.0,0.0,0.01253,92.85714,0.98867,2.1359,0.0,0.0,55.3977,0.0,262.8,-15.8571,0.0,0,0,0,0,0,0,0,0,0,0,0,0,0,0,0,0,0,0,0,,,0,0,0,0.0,8718.6,0.0,0.0,100.0,0.0,-219.8,0.0,0.0,0.0,-42.0,8718.6,0.0,0.0,100.0,0.0,-219.8,0.0,0.0,0.0,-42.0,0,0,40,38,2,4,3,0,0,5,0,0,0,0,,0,0,0,0,0,912,0,0,0,0,0,0,0,0,0,0,0,0,0,0,172,0,0,0,0,0,0,0,0,0,0,0,0,3200,0,0,0,0,0,8132,7.550418101328087,1.0,2.7176586325627152,1.1509049926037433,2.2749631087063453,0.2951303492375799,3.7027027027027026,0.0011134025504489138,0.0032978307602829055,0.006966208566282468,-0.024366292506129594,0.7791844287462402,0.8221163315731183,0.03024152030335053,-0.04190175279386734,0.30614845087965153,0.15517241379310345,0.025890309926455315,3596.0,3.0,30.17,47.67,0.0,0.0,,,,,,,,,,,,,,,
100,25_5_2_5_2_1,25_5_2_5_2_1_StartGoalLocations_Seed1015.csv,60,4658.540426403284,58,0.9666666666666667,1,0,1,1,0,0,0,118,0,117,0.0,0.24625725633974946,6.02464115881898,4,3,1,0.15948670944087992,0.588145432325084,0.7999992370605469,1,3,0,0,0,0,117,309,274,35,3,15,15,0,13,2,4,8,6,6,6,0,1,0,0,0,0,0,0,0,0,0,0,0,6.0,1.0,0.0,-28.799999999999994,-16.8,0.0,7,,3.0,5,,8.73,,11.33,,0.0,,2.3,6.46,0.0,1.6,0,2,0,1,0,0,0,1,858,0,441,356,61,0,24,0.514,0.4149,0,0,0,327.3,0.0,5800.0,0.0,2003.548,-891.819,3.5,0.0,0.0,-100.0,1.974,-478.462,0.0,-1270.0,0.0,-48.0,75.0,0.0,0.0,0.0,0.0,-419.5,0.0,-345.0,2.21281,13.19114,-0.17613,1.26906,-0.40269,0.38623,0.02291,0.75653,-0.23358,1.00818,0.0,-903.084,5875.0,0.0,2318.675,-1479.827,-0.27592,1.36728,1.79499,13.21205,0.25629,1.5473,0.19676,1.4023,0.01864,96.31148,0.98167,1.18223,0.0,-14.4687,83.4517,0.0,114.6884,-94.6468,-27.676,123,31,69,277,166,115,96,657,142,361,154,0,275,266,116,0,151,0,13,0.2161339421613394,0.4185692541856925,657,209,42,-12.404,8067.101,1.905,0.0,75.0,0.0,-824.573,-578.393,-1318.0,0.0,-764.5,8067.101,1.905,0.0,75.0,0.0,-824.573,-578.393,-1318.0,0.0,-764.5,0,161,60,58,2,3,3,1,182,5,0,0,0,0,,0,0,1,0,0,3200,116,116,593,593,1356,640,34,34,0,0,1174,6,0,0,625,1,0,0,1,1,0,0,60,0,1,92,0,305,0,20,0,0,0,13919,54.939291615776995,2.2038707990061464,13.966520583375242,1.3142361274154841,9.512177598965444,2.1696960988576763,2.559667673716012,0.0010102477261375498,0.0032609977466927374,0.006783072439429816,-0.023649711955804377,0.7930911405384541,0.80826903488487,0.02748679515090771,-0.02870994794604485,0.3086191656864282,0.14729556909651698,0.02705001480147227,13293.0,,,,,,,,,,,1.0,1.0,5.0,0.8,6.0,0.8,0.0,0.0,101.0,99.0
101,50_20_5_10_5_2,50_20_5_10_5_2_StartGoalLocations_Seed1013.csv,60,10587.641690850258,60,1.0,0,0,0,0,0,0,0,20,0,20,0.0,0.013542795232936078,9.590561068458392,0,0,0,0.007854821235102925,0.8943661971830986,0.0,0,0,0,0,0,0,20,20,20,0,2,2,2,0,0,2,2,1,1,1,1,0,0,0,0,0,0,0,0,0,0,0,0,0,1.0,1.0,0.0,-4.8,-16.8,0.0,1,,,0,,,,,,,,,26.05,0.0,0.2,0,0,0,0,0,0,0,0,129,0,120,2,7,0,6,0.9302,0.0155,0,0,0,369.2,0.0,6000.0,0.0,4891.481,-292.931,10.5,0.0,0.0,0.0,0.8,-17.408,0.0,-298.5,0.0,0.0,0.0,0.0,0.0,0.0,0.0,-75.5,0.0,0.0,2.97352,12.50498,-0.0045,0.05582,-0.08085,0.18409,0.0,0.0,-0.02045,0.09903,0.0,-32.806,6000.0,0.0,6513.582,-220.748,-0.00889,0.09307,1.62514,12.64407,1.70445,0.88399,0.01029,0.86333,0.01625,100.0,0.98375,1.85417,0.0,-1.2599,85.2273,0.0,280.1132,-21.0532,-2.614,2,1,0,10,5,11,14,40,6,24,10,0,10,19,11,0,5,0,0,0.15,0.25,40,22,8,-2.802,11251.182,0.8,0.0,0.0,0.0,-272.931,-17.408,-298.5,0.0,-75.5,11251.182,0.8,0.0,0.0,0.0,-272.931,-17.408,-298.5,0.0,-75.5,0,7,60,60,0,0,0,0,12,5,0,0,0,0,,0,0,0,0,0,680,12,12,18,18,96,28,20,20,0,0,60,0,0,0,456,0,0,0,1,1,0,0,3,22,1,2,0,3200,0,23,0,0,0,7285,11.928620452985587,1.0,3.980782429649966,0.7145258686826403,2.264927934111187,0.32944406314344543,3.2848484848484847,0.0011784099106187248,0.0033166298492099434,0.006627737925223568,-0.021251482642529643,0.8092184021192439,0.8157989151337568,0.027541634500684108,-0.02978539211771396,0.3022505453002159,0.14505180421579136,0.027376110211655254,2799.0,,,,,,,,,,,,,,,,,,,,
102,50_20_5_10_5_2,50_20_5_10_5_2_StartGoalLocations_Seed1015.csv,40,6801.778937071562,40,1.0,0,0,0,0,0,0,0,51,0,51,0.0,0.047186932849364795,9.22483211731954,0,0,0,0.008711433756805808,0.8936479128856625,0.0,0,0,0,0,0,0,51,52,52,0,2,14,14,0,14,2,3,13,1,1,1,0,0,0,0,0,0,0,0,0,0,0,0,0,1.0,2.0,0.0,-4.8,-235.2,0.0,1,,,0,,,,,,,,,28.0,0.0,0.5,0,0,0,0,0,0,0,0,115,0,96,3,16,0,0,0.8348,0.0261,0,0,0,275.5,0.0,4000.0,0.0,3588.343,-288.343,0.0,0.0,0.0,0.0,0.8,-71.021,0.0,-678.0,0.0,0.0,0.0,0.0,0.0,0.0,0.0,-25.5,0.0,0.0,2.74973,11.8431,-0.02549,0.13373,-0.2461,0.24997,0.0,0.0,-0.00926,0.0674,0.0,-120.963,4000.0,0.0,5037.838,-135.582,-0.04391,0.22482,1.45191,11.96171,1.7794,0.90088,0.03775,1.16311,0.01452,100.0,0.98548,1.9055,0.0,-8.6049,56.8182,0.0,205.0482,-17.9339,-3.15,5,4,1,18,36,38,12,104,13,52,39,0,18,48,38,0,8,0,2,0.125,0.17307692307692307,104,30,6,-1.258,7842.443,0.8,0.0,0.0,0.0,-266.943,-71.021,-678.0,0.0,-25.5,7842.443,0.8,0.0,0.0,0.0,-266.943,-71.021,-678.0,0.0,-25.5,0,28,40,40,0,0,0,0,24,5,0,0,0,0,,0,0,0,0,0,872,64,64,24,24,340,112,8,8,0,0,138,0,0,0,330,0,0,2,2,2,0,0,3,7,0,4,0,3200,0,2,0,0,0,5401,17.015367524532493,1.0,9.516756156267357,1.640466951848468,5.239770412886503,0.5924828735419366,2.872791519434629,0.0010101464466711692,0.0033630852741317464,0.007272672286222971,-0.02109584062778895,0.8063221259401478,0.8120003775992525,0.0293696289711179,-0.04309702317503819,0.2920383639318345,0.1707605800532702,0.02641267551665869,3379.0,,,,,,,,,,,,,,,,,,,,
103,25_5_2_5_2_1,25_5_2_5_2_1_StartGoalLocations_Seed1010.csv,25,3450.1831648498774,25,1.0,0,0,0,0,0,0,0,41,0,41,0.0,0.07036669970267592,7.374828043376254,6,5,4,0.04261645193260654,0.6159563924677899,0.0,1,4,0,0,0,0,38,46,46,0,2,6,6,0,6,2,5,2,4,4,4,0,0,0,0,0,0,0,0,0,0,0,0,0,4.0,1.0,0.0,-19.2,-16.8,0.0,4,,5.0,6,,5.9,,24.2,,0.0,,2.4,10.55,0.0,0.3,0,0,0,0,0,0,0,0,130,0,77,36,17,0,0,0.5923,0.2769,0,0,0,201.8,0.0,2500.0,0.0,1878.939,-696.939,0.0,0.0,0.0,0.0,0.8,-33.917,0.0,-430.0,0.0,0.0,125.0,0.0,0.0,0.0,0.0,-95.5,0.0,0.0,1.92458,11.06543,-0.01641,0.10555,-0.21308,0.24726,0.06194,1.24287,-0.04732,0.14636,0.0,-80.744,2625.0,0.0,2326.743,-578.719,-0.04001,0.19324,1.30079,11.12392,0.86622,1.29507,0.04856,0.82392,0.01487,87.5,0.98513,1.4615,0.0,-2.6518,37.2869,0.0,107.3679,-45.2822,-5.957,2,1,0,18,10,39,35,102,20,45,37,0,18,45,39,0,11,0,8,0.19607843137254902,0.17647058823529413,102,36,8,-1.373,4531.539,0.8,0.0,125.0,0.0,-647.739,-33.917,-430.0,0.0,-95.5,4531.539,0.8,0.0,125.0,0.0,-647.739,-33.917,-430.0,0.0,-95.5,0,12,25,25,0,5,5,0,37,5,0,0,0,0,,0,0,0,0,0,1092,64,64,6,6,278,48,62,62,4,0,380,20,0,0,750,1,0,0,1,1,0,0,5,12,1,2,0,305,0,11,0,0,0,5813,57.31980044727335,2.3616446578631454,20.16170651986926,1.4323165728472198,13.26337519353174,2.6492344744538103,2.9896238651102465,0.0010263700209472832,0.0034589419591721598,0.00722259007933321,-0.020886831081066377,0.8125758070648809,0.8055499436217787,0.029720059653996548,-0.05304016895343178,0.28245384976025517,0.17908762420957544,0.02724948176847823,4428.0,1.0,0.0,3.0,0.0,0.0,,,,,,,,,,,,,,,
104,50_20_5_10_5_2,50_20_5_10_5_2_StartGoalLocations_Seed1016.csv,25,5237.8000405579805,25,1.0,0,0,0,0,0,0,0,28,0,28,0.0,0.016973125884016973,9.778406419263927,2,2,2,0.0004714757190004715,0.9207920792079208,0.0,1,2,0,0,0,0,28,28,28,0,2,0,0,0,0,0,0,0,0,0,0,0,0,0,0,0,0,0,0,0,0,0,0,0,0.0,0.0,0.0,0.0,0.0,0.0,0,,2.0,2,,4.75,,43.0,,0.0,,0.0,31.11,0.0,0.0,0,0,0,0,0,0,0,0,93,0,55,11,27,0,0,0.5914,0.1183,0,0,0,212.1,0.0,2500.0,0.0,2929.5,-118.5,0.0,0.0,0.0,0.0,0.0,-28.8,0.0,-284.5,0.0,0.0,50.0,0.0,0.0,0.0,0.0,-22.0,0.0,0.0,2.60401,10.6652,-0.01358,0.09977,-0.13413,0.22153,0.02357,0.76733,-0.01037,0.07126,0.0,-48.8,2550.0,0.0,4202.101,-92.373,-0.02301,0.15165,1.20226,10.81725,1.93764,0.85006,0.0264,0.87143,0.01273,94.44444,0.98821,2.04889,0.0,-0.8163,36.2216,0.0,167.4,-8.0286,0.0,0,0,0,0,29,2,25,56,0,54,2,0,0,54,2,0,0,0,0,0.0,0.0,56,20,2,-8.0,5633.6,0.0,0.0,50.0,0.0,-110.5,-28.8,-284.5,0.0,-22.0,5633.6,0.0,0.0,50.0,0.0,-110.5,-28.8,-284.5,0.0,-22.0,0,11,25,25,0,2,2,0,17,5,0,0,0,0,,0,0,0,0,0,1000,0,0,0,0,80,44,68,68,0,0,56,0,0,0,150,0,0,0,0,0,0,0,0,0,0,0,0,3200,0,0,0,0,0,4796,12.427022518765638,1.0,8.131776480400333,1.118974374454373,5.087572977481234,1.0842368640533777,2.6598360655737703,0.0010648851357836974,0.0033825622657313943,0.007224645939655602,-0.021029361676424742,0.8093095855712891,0.8110209445953369,0.029681794598698616,-0.04688875653874129,0.3036386801617309,0.14285714285714285,0.027031841084884347,4032.0,,,,,,,,,,,,,,,,,,,,
105,50_20_5_10_5_2,50_20_5_10_5_2_StartGoalLocations_Seed1004.csv,60,7478.437015473843,59,0.9833333333333333,1,0,1,1,0,0,0,119,0,118,0.0,0.08056972789115646,8.784316491614394,0,0,0,0.15773809523809523,0.8511904761904762,14.271381855010986,0,0,0,0,0,0,117,165,155,10,4,15,15,0,15,2,4,10,4,4,4,0,0,0,1,0,0,0,0,0,0,0,0,0,4.0,1.0,0.0,-19.799999999999997,-16.8,0.0,5,1.0,,1,14.27,,16.0,,0.0,,10.0,,24.37,0.0,0.7,0,2,0,1,0,0,0,1,124,0,118,4,2,0,0,0.9516,0.0323,0,0,0,470.4,0.0,5900.0,0.0,4893.816,-657.747,0.0,0.0,0.0,-100.0,1.301,-218.832,0.0,-1835.0,0.0,-264.0,0.0,0.0,0.0,0.0,0.0,-366.5,0.0,-345.0,2.25478,11.06874,-0.0675,1.04193,-0.44622,0.66702,0.0,0.0,-0.15125,0.81873,0.0,-488.664,5900.0,0.0,6589.678,-784.262,-0.10388,1.10502,1.25425,11.12888,1.23414,1.40618,0.07504,1.38432,0.01254,100.0,0.98746,1.5875,0.0,-9.4702,83.8068,0.0,278.7038,-77.2998,-10.728,4,1,0,78,110,97,70,355,70,192,93,0,78,180,97,0,25,0,15,0.19718309859154928,0.21971830985915494,355,178,56,-22.368,11214.816,1.029,0.0,0.0,0.0,-608.347,-318.56,-2099.0,0.0,-711.5,11214.816,1.029,0.0,0.0,0.0,-608.347,-318.56,-2099.0,0.0,-711.5,0,103,60,59,1,0,0,0,79,5,0,0,0,0,,0,0,1,0,0,3200,104,104,114,114,604,412,79,79,8,0,208,24,0,0,426,0,0,0,1,1,0,0,10,19,1,7,0,3200,0,17,0,0,0,9288,20.00430663221361,1.3907427341227125,9.539190353143841,1.335214466258093,5.8570198105081825,1.52885443583118,2.525735294117647,0.0010626418603283127,0.0031075415243685713,0.0073455608758376915,-0.02083139804424718,0.8063440173119306,0.8370982811227441,0.03291389613528736,-0.03571661234163912,0.2912083161210444,0.17825850973094517,0.02686110626596995,12897.0,,,,,,,,,,,,,,,,,,,,
106,50_20_5_10_5_2,50_20_5_10_5_2_StartGoalLocations_Seed1015.csv,60,9994.900025486946,60,1.0,0,0,0,0,0,0,0,2,0,2,0.0,0.0032530904359141183,9.746746909564086,0,0,0,0.001951854261548471,0.894925178919974,0.0,0,0,0,0,0,0,2,2,2,0,2,0,0,0,0,0,0,0,0,0,0,0,0,0,0,0,0,0,0,0,0,0,0,0,0.0,0.0,0.0,0.0,0.0,0.0,0,,,0,,,,,,,,,21.58,0.0,0.0,0,0,0,0,0,0,0,0,156,0,131,0,25,0,12,0.8397,0.0,0,0,0,307.4,0.0,6000.0,0.0,4084.5,-289.5,0.0,0.0,0.0,0.0,0.0,0.0,0.0,-59.0,0.0,0.0,0.0,0.0,0.0,0.0,0.0,-48.5,0.0,0.0,3.2864,13.68089,0.0,0.0,-0.01919,0.09606,0.0,0.0,-0.01578,0.08741,0.0,-2.0,6000.0,0.0,5252.785,-221.31,-0.00065,0.01802,1.95185,13.83386,1.63678,0.88611,0.0013,0.5,0.01952,100.0,0.98048,1.81622,0.0,-0.0583,85.2273,0.0,233.4,-19.3143,0.0,0,0,0,2,0,0,2,4,2,2,0,0,2,2,0,0,0,0,0,0.5,0.5,4,0,0,0.0,10372.6,0.0,0.0,0.0,0.0,-270.2,0.0,-59.0,0.0,-48.5,10372.6,0.0,0.0,0.0,0.0,-270.2,0.0,-59.0,0.0,-48.5,0,0,60,60,0,0,0,0,2,5,0,0,0,0,,0,0,0,0,0,596,0,0,0,0,12,0,8,8,0,0,110,0,0,0,277,0,0,0,0,0,0,0,0,0,0,0,0,3200,0,0,0,0,0,6001,4.715880686552241,1.0,0.7665389101816364,0.5065217460303203,0.6665555740709882,0.13331111481419763,2.9,0.001222256062884976,0.0030725731423762222,0.00751932825730651,-0.02110625295931061,0.8128513573800158,0.8248448153870218,0.03964462846317547,-0.08135316092145924,0.3118999232721858,0.14144736842105263,0.02734982483893494,2432.0,,,,,,,,,,,,,,,,,,,,
107,25_5_2_5_2_1,25_5_2_5_2_1_StartGoalLocations_Seed1001.csv,60,-3981.1445603072643,55,0.9166666666666666,16,1,16,16,0,1,1,196,1,180,0.00510204081632653,0.22261318320431622,5.900051579475333,0,0,0,0.37091292628618305,0.6466658853861479,8.1,0,0,0,1,2,9,192,693,622,71,3,52,50,2,41,3,58,38,12,12,12,0,1,1,1,0,0,0,0,0,0,0,0,0,12.0,14.0,1.0,-61.799999999999976,-814.7999999999997,-100.0,14,5.0,,5,8.1,,6.0,,0.0,,22.0,,9.71,0.7,11.9,10,28,0,16,0,0,1,10,439,0,219,12,208,0,70,0.4989,0.0273,0,0,0,853.3,0.0,5500.0,0.0,4724.901,-3203.006,80.5,0.0,0.0,-1700.0,13.807,-961.147,0.0,-2349.5,0.0,-4152.0,0.0,0.0,0.0,0.0,0.0,-1063.0,0.0,-1725.0,0.93234,8.07189,-0.31025,3.14714,-0.76192,2.03558,0.0,0.0,-0.32673,1.31385,0.0,-3716.835,5500.0,0.0,5938.915,-4691.43,-0.43558,3.27471,0.64456,8.00251,0.1462,1.82821,0.18012,2.41824,0.00645,100.0,0.99344,1.25402,0.0,-103.4406,78.125,0.0,267.461,-335.2099,-94.413,235,45,81,666,162,360,316,1504,278,765,461,0,663,480,361,0,445,20,157,0.1848404255319149,0.4408244680851064,1500,742,139,-3.505,10924.933,9.415,0.0,0.0,0.0,-2969.237,-2656.755,-6501.5,0.0,-2788.0,10924.933,9.415,0.0,0.0,0.0,-2969.237,-2656.755,-6501.5,0.0,-2788.0,0,252,60,55,5,0,0,0,543,5,1,0,1,0,1.0,0,2,17,8,5,3200,577,577,1289,1289,2422,1010,226,226,12,0,2828,108,0,0,1205,13,0,6,14,14,0,0,157,112,7,228,1,305,0,97,8,0,40,17064,70.17112048757619,2.9688491732086186,31.176746366619785,1.5216964506869786,22.937177684013125,5.0164088138771685,2.810424118548799,0.0012932536045400411,0.0028723459161119538,0.006968967071152292,-0.019373323788167907,0.8201084525883198,0.8259990873932839,0.028212278101127596,-0.04321175265271449,0.29904952019470454,0.14695575996495838,0.028908885451758393,13698.0,,,,,,9.5,15.4,0.0,0.0,0.0,,,,,,,,,,
108,25_5_2_5_2_1,25_5_2_5_2_1_StartGoalLocations_Seed1001.csv,25,3042.064474582672,25,1.0,0,0,0,0,0,0,0,71,0,71,0.0,0.1094264996704021,7.012790368431559,0,0,0,0.037574159525379035,0.6170072511535926,0.0,0,0,0,0,0,0,71,74,74,0,2,8,8,0,8,2,2,7,1,1,1,0,0,0,0,0,0,0,0,0,0,0,0,0,1.0,0.0,0.0,-4.8,0.0,0.0,1,,,0,,,,,,,,,10.88,0.0,3.0,0,0,0,0,0,0,0,0,72,0,49,0,23,0,2,0.6806,0.0,0,0,0,151.7,0.0,2500.0,0.0,1373.844,-595.344,31.5,0.0,0.0,0.0,0.8,-77.435,0.0,-284.0,0.0,0.0,0.0,0.0,0.0,0.0,0.0,-59.0,0.0,0.0,2.28194,12.73064,-0.05052,0.16419,-0.18721,0.24199,0.0,0.0,-0.03889,0.13392,0.0,-145.811,2500.0,0.0,1665.529,-494.142,-0.09612,0.30345,1.64799,12.73119,0.77217,1.33339,0.09361,1.02684,0.01648,100.0,0.98352,1.4475,0.0,-2.3423,35.5114,0.0,80.3054,-37.3911,-4.542,33,32,29,74,25,25,24,148,61,62,25,0,74,49,25,0,15,0,2,0.41216216216216217,0.5,148,60,10,-1.825,4016.244,0.8,0.0,0.0,0.0,-554.544,-77.435,-284.0,0.0,-59.0,4016.244,0.8,0.0,0.0,0.0,-554.544,-77.435,-284.0,0.0,-59.0,0,23,25,25,0,0,0,0,48,5,0,0,0,0,,0,0,0,0,0,584,36,36,140,140,252,92,22,22,0,0,310,0,0,0,623,2,0,0,0,0,0,0,5,0,0,11,0,305,0,5,0,0,0,2980,67.78523489932886,1.7094059405940594,21.74496644295302,1.3907407604640833,12.348993288590604,2.1476510067114094,2.7065217391304346,0.0013605588591828614,0.00282218078253408,0.0078054931005207846,-0.018797227844902096,0.8232306654322638,0.8135833242168166,0.029514253241558597,-0.04679965194193519,0.30185122421058286,0.14873949579831933,0.02712892348143023,2380.0,,,,,,,,,,,,,,,,,,,,
109,25_5_2_5_2_1,25_5_2_5_2_1_StartGoalLocations_Seed1010.csv,40,2949.3319630026817,39,0.975,4,1,4,4,0,1,0,148,1,144,0.006756756756756757,0.25,5.71360144823297,4,3,3,0.19199009083402147,0.6222130470685384,0.0,1,3,0,1,2,3,146,184,184,0,2,17,17,0,17,2,3,10,7,7,7,0,0,0,0,0,0,0,0,0,0,0,0,0,7.0,4.0,1.0,-34.199999999999996,-96.00000000000001,-100.0,7,,3.0,4,,6.97,,11.0,,0.0,,0.7,8.39,0.3,5.8,0,8,0,3,0,0,0,3,138,0,95,8,35,0,7,0.6884,0.058,0,0,0,242.2,0.0,3900.0,0.0,1715.097,-743.764,0.0,0.0,0.0,-400.0,2.979,-283.18,0.0,-904.0,0.0,-440.0,75.0,0.0,0.0,0.0,0.0,-215.0,0.0,0.0,2.11129,12.58819,-0.28084,2.87347,-0.55491,1.1484,0.03097,0.87931,-0.08877,0.19106,0.0,-950.789,3975.0,0.0,2046.577,-759.334,-0.39256,2.99703,1.64121,12.61367,0.53148,1.20927,0.16185,2.42548,0.01734,94.64286,0.98266,1.17895,0.0,-24.7283,56.4631,0.0,98.0055,-54.7865,-17.98,120,54,72,246,7,55,82,390,97,216,77,0,246,89,55,0,118,4,79,0.24871794871794872,0.6307692307692307,390,148,28,-1.411,5803.097,2.501,0.0,75.0,0.0,-689.564,-682.701,-1344.0,0.0,-215.0,5803.097,2.501,0.0,75.0,0.0,-689.564,-682.701,-1344.0,0.0,-215.0,0,47,40,39,1,3,3,0,145,5,1,0,1,0,1.0,0,2,5,2,2,1316,108,108,396,396,497,189,42,42,0,0,971,43,0,0,495,0,0,2,4,4,0,0,63,36,2,65,0,305,0,50,2,0,10,6457,54.049868359919465,2.4169054441260744,9.276753910484745,1.2060935012934004,6.891745392597182,2.5089050642713335,2.2764044943820223,0.001088652821641589,0.002982504848789956,0.00817796497642541,-0.018446367040084035,0.8406306349397793,0.803726921327933,0.027525996378874887,-0.041682660991558096,0.3012893639621468,0.1599578133239585,0.028489970142456706,5689.0,1.0,5.48,13.0,0.0,116.0,,,,,,,,,,,,,,,
110,25_5_2_5_2_1,25_5_2_5_2_1_StartGoalLocations_Seed1014.csv,60,6189.720049738884,60,1.0,1,0,1,1,0,0,0,64,0,63,0.0,0.17377349839523154,6.298179246153869,0,0,0,0.03759743237047226,0.6859238881247134,0.0,0,0,0,0,0,0,62,103,102,1,3,7,7,0,7,2,3,5,1,1,1,0,0,0,1,0,0,0,0,0,0,0,0,0,1.0,6.0,0.0,-4.8,-200.10000000000005,0.0,2,,,0,,,,,,,,,7.72,0.0,1.3,0,2,0,1,0,0,0,1,147,0,117,4,26,0,14,0.7959,0.0272,0,0,0,218.1,0.0,6000.0,0.0,2031.75,-730.092,14.0,0.0,0.0,-100.0,2.432,-170.97,0.0,-862.0,0.0,-176.0,0.0,0.0,0.0,0.0,0.0,-37.5,0.0,0.0,3.45427,16.3013,-0.12313,1.52851,-0.47593,0.78529,0.0,0.0,-0.01719,0.09111,0.0,-408.409,6000.0,0.0,2363.217,-632.822,-0.18726,1.60909,2.75103,16.3565,0.7934,1.24906,0.12013,1.55881,0.02751,100.0,0.97249,1.41256,0.0,-13.1865,85.2273,0.0,116.9,-43.8624,-15.396,14,5,2,64,49,84,69,269,28,137,104,0,65,119,85,0,46,0,10,0.10408921933085502,0.241635687732342,269,118,34,-8.129,8209.76,2.4,0.0,0.0,0.0,-676.002,-270.938,-1038.0,0.0,-37.5,8209.76,2.4,0.0,0.0,0.0,-676.002,-270.938,-1038.0,0.0,-37.5,0,60,60,60,0,0,0,0,70,5,0,0,0,0,,0,0,1,0,0,532,40,40,43,43,688,240,88,88,4,0,664,120,0,0,689,2,0,4,6,6,0,0,18,10,2,19,0,305,0,15,0,0,0,4510,77.1840354767184,2.4372306808388395,25.3880266075388,1.462008756119351,16.20842572062084,2.7716186252771617,2.811217510259918,0.001109896344324194,0.002938176356466081,0.008170727948497113,-0.017869167548037114,0.8530417492515162,0.7886225419833248,0.0254869628767658,-0.044285091750071684,0.29159414345157636,0.1653898152320865,0.028058862014064587,2219.0,,,,,,,,,,,,,,,,,,,,
111,50_20_5_10_5_2,50_20_5_10_5_2_StartGoalLocations_Seed1016.csv,60,10085.886983841658,59,0.9833333333333333,0,1,0,0,0,1,1,48,1,48,0.020833333333333332,0.03442622950819672,9.284752997153443,4,3,2,0.00273224043715847,0.8986338797814207,0.0,1,3,0,1,2,0,48,49,49,0,2,0,0,0,0,0,0,0,0,0,0,0,0,0,0,0,0,0,0,0,0,0,0,0,0.0,0.0,1.0,0.0,0.0,-100.0,0,,3.0,4,,19.5,,39.67,,0.0,,0.0,24.24,0.0,0.7,0,2,0,1,0,0,0,1,147,0,124,20,3,0,0,0.8435,0.1361,0,0,0,366.0,0.0,5900.0,0.0,4877.7,-285.3,0.0,0.0,0.0,0.0,0.8,-66.813,0.0,-689.5,0.0,-48.0,75.0,0.0,0.0,0.0,0.0,-44.0,0.0,0.0,2.96678,12.45342,-0.01804,0.11486,-0.2015,0.32565,0.02049,0.71545,-0.01202,0.07659,0.0,-120.765,5975.0,0.0,6655.194,-173.33,-0.033,0.21008,1.63251,12.61148,1.771,0.86343,0.02787,1.18397,0.01694,96.37097,0.98333,1.89734,0.0,-4.503,84.8722,0.0,278.7257,-18.8171,-4.454,0,0,0,31,16,28,23,98,30,40,28,0,31,39,28,0,1,0,0,0.30612244897959184,0.3163265306122449,98,76,8,-3.248,11123.14,0.8,0.0,75.0,0.0,-264.74,-66.813,-737.5,0.0,-44.0,11123.14,0.8,0.0,75.0,0.0,-264.74,-66.813,-737.5,0.0,-44.0,0,44,60,59,1,3,2,0,6,5,1,0,1,0,1.0,0,2,1,0,0,880,0,0,0,0,249,173,24,24,4,0,225,0,0,0,373,0,0,0,0,0,0,0,2,0,0,0,0,3200,0,1,0,0,0,8187,15.597899108342494,1.0563821456538762,4.6292903383412725,1.1204485628252607,3.2734823500671797,0.19543178209356296,2.843283582089552,0.0012626876287620027,0.0027816522628365255,0.008013710841028528,-0.018276779420292853,0.8449540108442306,0.8086724748665636,0.024001641575755045,-0.03668754860250787,0.30579396200232184,0.13391637059305822,0.028139471845978942,3659.0,1.0,1.0,31.0,0.0,0.0,,,,,,,,,,,,,,,
112,25_5_2_5_2_1,25_5_2_5_2_1_StartGoalLocations_Seed1016.csv,60,4471.487348169088,59,0.9833333333333333,2,1,2,2,0,1,1,121,1,119,0.008264462809917356,0.15607524148449414,6.2547375333372806,1,1,0,0.24428063040162684,0.6278596847991865,17.5,0,0,0,1,2,0,116,177,175,2,3,19,19,0,18,2,3,11,8,8,8,0,0,0,0,0,0,0,0,0,0,0,0,0,8.0,6.0,1.0,-39.599999999999994,-187.20000000000005,-100.0,8,1.0,1.0,2,17.5,6.3,20.0,10.0,0.0,0.0,13.0,30.0,6.67,0.0,3.2,0,6,0,3,0,0,0,3,222,0,134,21,67,0,39,0.6036,0.0946,0,0,0,393.4,0.0,5900.0,0.0,2584.376,-1452.104,3.5,0.0,0.0,-200.0,3.458,-226.142,0.0,-1373.5,0.0,-404.0,25.0,0.0,0.0,0.0,0.0,-437.5,0.0,-345.0,1.88845,12.17704,-0.10744,1.60394,-0.45183,0.82593,0.00635,0.39854,-0.19891,0.89084,0.0,-693.418,5925.0,0.0,3008.648,-1620.819,-0.17626,1.68733,1.5061,12.15998,0.35278,1.4955,0.10778,1.63542,0.01525,98.75,0.98449,1.19532,0.0,-22.2849,84.1619,0.0,146.8501,-126.6631,-28.57,97,27,54,184,40,94,99,418,45,217,156,0,184,139,95,0,152,0,21,0.1076555023923445,0.44019138755980863,418,124,45,-2.266,8778.576,3.208,0.0,25.0,0.0,-1349.404,-425.893,-1777.5,0.0,-782.5,8778.576,3.208,0.0,25.0,0.0,-1349.404,-425.893,-1777.5,0.0,-782.5,0,46,60,59,1,1,1,0,161,5,1,0,1,0,1.0,0,2,3,0,0,3200,124,124,280,280,1024,184,128,128,8,0,1640,122,0,0,895,13,2,3,6,5,1,0,76,93,3,94,0,305,0,140,0,0,0,9047,56.40543826682878,3.344307270233196,25.864927600309496,1.2604060001161872,16.45849452857301,1.9675030396816624,3.1208865010073876,0.0012144017593459467,0.002921837040776154,0.007785598334448878,-0.018210186935029925,0.865955399274826,0.788932875096798,0.028547848234302363,-0.028807694864080986,0.3068924546894128,0.14352426121853337,0.028868929978676853,13705.0,,,,,,,,,,,,,,,,,,,,
113,50_20_5_10_5_2,50_20_5_10_5_2_StartGoalLocations_Seed1009.csv,25,5854.599991306663,25,1.0,0,0,0,0,0,0,0,0,0,0,0.0,0.0,9.980128462464874,5,4,5,0.003211561621838619,0.8610999598554797,0.0,1,3,0,0,0,0,0,0,0,0,0,0,0,0,0,0,0,0,0,0,0,0,0,0,0,0,0,0,0,0,0,0,0,0,0.0,0.0,0.0,0.0,0.0,0.0,0,,4.0,5,,11.38,,52.25,,0.0,,0.0,27.82,0.0,0.0,0,0,0,0,0,0,0,0,94,0,59,14,21,0,0,0.6277,0.1489,0,0,0,249.1,0.0,2500.0,0.0,3256.5,-162.0,0.0,0.0,0.0,0.0,0.0,0.0,0.0,0.0,0.0,0.0,100.0,0.0,0.0,0.0,0.0,-89.0,0.0,0.0,2.34589,9.86792,0.0,0.0,0.0,0.0,0.04014,1.001,-0.03573,0.12879,0.0,0.0,2600.0,0.0,4721.86,-120.6,0.0,0.0,1.04376,10.01376,1.84715,0.90355,0.0,0.0,0.01164,89.65517,0.98996,1.96369,0.0,0.0,36.9318,0.0,186.0857,-14.3429,0.0,0,0,0,0,0,0,0,0,0,0,0,0,0,0,0,0,0,0,0,,,0,0,0,0.0,5994.8,0.0,0.0,100.0,0.0,-151.2,0.0,0.0,0.0,-89.0,5994.8,0.0,0.0,100.0,0.0,-151.2,0.0,0.0,0.0,-89.0,0,0,25,25,0,4,4,0,0,5,0,0,0,0,,0,0,0,0,0,1344,0,0,0,0,0,0,0,0,0,0,0,0,0,0,81,0,0,0,0,0,0,0,0,0,0,0,0,3200,0,0,0,0,0,6740,3.9465875370919883,1.0,2.28486646884273,1.2649350820423721,1.632047477744807,0.3560830860534125,2.8363636363636364,0.0012104249314385622,0.0028570205613505095,0.00823163150371762,-0.018051943406351797,0.8753517596494584,0.790354050429804,0.03766660758161119,-0.0435921819045602,0.30350498054317554,0.14046822742474915,0.02919724306203172,5681.0,1.0,0.5,48.0,0.0,0.0,,,,,,,,,,,,,,,
114,50_20_5_10_5_2,50_20_5_10_5_2_StartGoalLocations_Seed1019.csv,40,7591.199968934059,40,1.0,0,0,0,0,0,0,0,1,0,1,0.0,0.0,9.73686229382432,0,0,0,0.004602991944764097,0.9087073264288454,0.0,0,0,0,0,0,0,1,2,2,0,2,0,0,0,0,0,0,0,0,0,0,0,0,0,0,0,0,0,0,0,0,0,0,0,0.0,0.0,0.0,0.0,0.0,0.0,0,,,0,,,,,,,,,28.8,0.0,0.0,0,0,0,0,0,0,0,0,80,0,80,0,0,0,0,1.0,0.0,0,0,0,260.7,0.0,4000.0,0.0,3555.0,-159.0,0.0,0.0,0.0,0.0,0.0,0.0,0.0,-20.0,0.0,0.0,0.0,0.0,0.0,0.0,0.0,-45.5,0.0,0.0,2.93698,12.14585,0.0,0.0,-0.00767,0.06146,0.0,0.0,-0.01745,0.09177,0.0,0.0,4000.0,0.0,4858.8,-97.4,0.0,0.0,1.53433,12.29142,1.82639,0.8045,0.0,0.0,0.01534,100.0,0.98466,1.93074,0.0,0.0,56.8182,0.0,203.1429,-11.6857,0.0,0,0,0,0,0,0,4,4,0,4,0,0,0,4,0,0,0,0,0,0.0,0.0,4,0,0,0.0,7805.1,0.0,0.0,0.0,0.0,-148.4,0.0,-20.0,0.0,-45.5,7805.1,0.0,0.0,0.0,0.0,-148.4,0.0,-20.0,0.0,-45.5,0,0,40,40,0,0,0,0,0,5,0,0,0,0,,0,0,0,0,0,564,0,0,4,4,44,0,0,0,0,0,0,0,0,0,218,0,0,0,0,0,0,0,0,0,0,0,0,3200,0,0,0,0,0,5147,9.733825529434622,1.0,5.7509228676899165,1.1918919064557634,3.419467651058869,0.0,3.6363636363636362,0.0010705024094622398,0.0028591661273125323,0.008253290450055125,-0.01745628832396886,0.8722085576530889,0.7900487222570054,0.04015663041607708,-0.04958834169855249,0.3165396213114314,0.10761154855643044,0.028190712821223183,2286.0,,,,,,,,,,,,,,,,,,,,
115,25_5_2_5_2_1,25_5_2_5_2_1_StartGoalLocations_Seed1000.csv,60,6178.573737166822,60,1.0,0,0,0,0,0,0,0,92,0,92,0.0,0.19830397912589692,5.70677739932929,8,8,6,0.08382257012393998,0.6226353555120678,0.0,2,8,0,0,0,0,92,206,204,2,3,22,22,0,21,2,3,16,5,5,5,0,1,0,0,0,0,0,0,0,0,0,0,0,5.0,4.0,0.0,-23.999999999999996,-241.20000000000005,0.0,6,,8.0,8,,4.56,,9.25,,0.0,,1.1,6.48,0.0,2.0,0,0,0,0,0,0,0,0,305,0,205,6,94,0,14,0.6721,0.0197,0,0,0,306.6,0.0,6000.0,0.0,2467.77,-1203.0,14.0,0.0,0.0,0.0,3.392,-271.188,0.0,-1231.5,0.0,0.0,200.0,0.0,0.0,0.0,0.0,-107.5,0.0,0.0,2.47403,13.8494,-0.08734,0.23818,-0.40166,0.19874,0.06523,1.27536,-0.03506,0.12768,0.0,-460.174,6200.0,0.0,2839.427,-1078.699,-0.15009,0.39064,2.02218,13.90095,0.57428,1.26624,0.13764,1.09046,0.02218,91.17647,0.97684,1.30822,0.0,-14.5024,88.0682,0.0,141.8154,-74.8857,-21.233,30,6,6,104,108,117,105,436,32,255,149,0,100,219,117,0,80,0,8,0.07339449541284404,0.22935779816513763,436,150,60,-18.622,8700.88,3.392,0.0,200.0,0.0,-1115.51,-271.188,-1231.5,0.0,-107.5,8700.88,3.392,0.0,200.0,0.0,-1115.51,-271.188,-1231.5,0.0,-107.5,0,114,60,60,0,8,8,0,99,5,0,0,0,0,,0,0,0,0,0,916,116,116,128,128,814,458,124,124,8,0,1034,40,0,0,611,5,1,3,4,4,0,0,28,125,1,35,0,305,0,120,0,0,0,8484,65.57048561999056,2.4510156390436815,22.17114568599717,1.4064194785063648,13.18953323903819,2.876001885902876,2.603217158176944,0.0011008883659373542,0.0027973930586300236,0.0076585921670379335,-0.01764678903835049,0.8769635844438878,0.808763485027713,0.036584585872539786,-0.05168449208059035,0.3089095973881539,0.150499864901378,0.02786301446593551,3701.0,,,,,,,,,,,,,,,,,,,,
116,50_20_5_10_5_2,50_20_5_10_5_2_StartGoalLocations_Seed1018.csv,60,10700.577791810036,60,1.0,0,0,0,0,0,0,0,61,0,61,0.0,0.025701858442071967,9.554221500564159,11,8,8,0.015816528272044286,0.8305654408857256,0.0,2,7,1,0,0,0,61,61,61,0,2,8,8,0,8,2,15,6,0,0,0,0,2,0,0,0,0,0,0,0,0,0,0,0,0.0,0.0,0.0,0.0,0.0,0.0,2,,8.0,11,,11.81,,31.06,,0.0,,0.0,25.87,0.0,1.6,0,0,0,0,0,0,0,0,183,0,137,38,8,0,0,0.7486,0.2077,0,0,0,505.8,0.0,6000.0,0.0,6242.919,-532.419,0.0,0.0,0.0,0.0,0.8,-105.522,0.0,-1413.0,0.0,0.0,200.0,0.0,0.0,0.0,0.0,-198.0,0.0,0.0,2.41524,10.73634,-0.0207,0.13593,-0.27936,0.24827,0.03954,0.99346,-0.03915,0.13432,0.0,-164.93,6200.0,0.0,8626.81,-414.733,-0.03261,0.21062,1.22578,10.86784,1.62358,1.02986,0.02372,1.37442,0.01344,91.17647,0.98656,1.81193,0.0,-1.8189,88.0682,0.0,356.7383,-41.7382,-2.389,28,13,10,78,12,14,18,122,44,60,18,0,78,30,14,0,38,0,5,0.36065573770491804,0.639344262295082,122,52,4,0.208,12712.219,0.8,0.0,200.0,0.0,-495.919,-105.522,-1413.0,0.0,-198.0,12712.219,0.8,0.0,200.0,0.0,-495.919,-105.522,-1413.0,0.0,-198.0,0,19,60,60,0,8,8,0,41,5,0,0,0,0,,0,0,0,0,0,2024,92,92,64,64,170,76,10,10,0,0,50,0,0,0,372,0,0,0,0,0,0,0,11,0,0,28,0,3200,0,2,0,0,0,18660,13.87459807073955,1.0417149478563152,4.705251875669882,1.2832289440430074,3.4941050375133975,1.0396570203644158,2.7791411042944785,0.0012558968212694956,0.0027100769370396733,0.007789148413484158,-0.01864687515525773,0.8725038314525317,0.833662923204569,0.033935903183188246,-0.06191249858043175,0.306284062291351,0.1575247752938465,0.02836227689722506,8678.0,3.0,8.5,42.33,0.0,0.0,,,,,,,,,,,,,,,
117,50_20_5_10_5_2,50_20_5_10_5_2_StartGoalLocations_Seed1015.csv,25,5996.90000140667,25,1.0,0,0,0,0,0,0,0,0,0,0,0.0,0.0,9.808422301304864,6,6,5,0.007908264136022143,0.8754448398576512,0.0,2,5,1,0,0,0,0,0,0,0,0,0,0,0,0,0,0,0,0,0,0,0,0,0,0,0,0,0,0,0,0,0,0,0,0.0,0.0,0.0,0.0,0.0,0.0,0,,6.0,6,,24.67,,54.0,,0.0,,0.0,24.79,0.0,0.0,0,0,0,0,0,0,0,0,76,0,60,10,6,0,0,0.7895,0.1316,0,0,0,252.9,0.0,2500.0,0.0,3378.0,-246.0,0.0,0.0,0.0,0.0,0.0,0.0,0.0,0.0,0.0,0.0,150.0,0.0,0.0,0.0,0.0,-38.0,0.0,0.0,2.32697,9.80017,0.0,0.0,0.0,0.0,0.05931,1.21626,-0.01503,0.08536,0.0,0.0,2650.0,0.0,4852.81,-176.715,0.0,0.0,1.04784,9.96183,1.84899,0.99627,0.0,0.0,0.01226,85.48387,0.98774,2.01342,0.0,0.0,37.642,0.0,193.0286,-16.2286,0.0,0,0,0,0,0,0,0,0,0,0,0,0,0,0,0,0,0,0,0,,,0,0,0,0.0,6114.5,0.0,0.0,150.0,0.0,-229.6,0.0,0.0,0.0,-38.0,6114.5,0.0,0.0,150.0,0.0,-229.6,0.0,0.0,0.0,-38.0,0,0,25,25,0,6,6,0,0,5,0,0,0,0,,0,0,0,0,0,1584,0,0,0,0,0,0,0,0,0,0,0,0,0,0,228,0,0,0,0,0,0,0,0,0,0,0,0,3200,0,0,0,0,0,8251,10.435098775905951,1.0696864111498259,3.878317779663071,1.3725000196136534,2.1815537510604774,0.509029208580778,2.8555555555555556,0.0010968059997011174,0.0026820080126682766,0.007631468093916398,-0.01861660445174861,0.8811241845891933,0.8211304858477428,0.030947338862608028,-0.04041659172813671,0.3113527292299243,0.15778129041528954,0.029632791673230505,6959.0,,,,,,,,,,,,,,,,,,,,
118,50_20_5_10_5_2,50_20_5_10_5_2_StartGoalLocations_Seed1012.csv,40,9565.168738335371,40,1.0,0,0,0,0,0,0,0,35,0,35,0.0,0.017140279657194408,9.449584993629989,9,9,7,0.007442489851150203,0.8387460532250789,0.0,2,8,2,0,0,0,35,35,35,0,2,3,3,0,3,2,2,2,1,1,1,0,0,0,0,0,0,0,0,0,0,0,0,0,1.0,0.0,0.0,-4.8,0.0,0.0,1,,9.0,9,,23.94,,49.22,,0.0,,0.0,30.89,0.0,0.3,0,0,0,0,0,0,0,0,190,0,141,14,35,0,16,0.7421,0.0737,0,0,0,443.4,0.0,4000.0,0.0,5629.516,-570.016,31.5,0.0,0.0,0.0,0.8,-28.531,0.0,-58.5,0.0,0.0,225.0,0.0,0.0,0.0,0.0,-108.0,0.0,0.0,2.15029,9.38852,-0.00625,0.06304,-0.01319,0.08014,0.05074,1.12518,-0.02436,0.10764,0.0,-58.424,4225.0,0.0,8297.317,-416.586,-0.01318,0.11087,0.95286,9.51697,1.77734,1.15931,0.01579,0.83463,0.01105,86.22449,0.98872,1.98766,0.0,-1.305,60.0142,0.0,323.4867,-38.7438,-4.962,0,0,0,12,1,35,22,70,13,14,43,0,12,23,35,0,0,0,9,0.18571428571428572,0.17142857142857143,70,48,18,-4.307,10065.516,0.8,0.0,225.0,0.0,-531.116,-28.531,-58.5,0.0,-108.0,10065.516,0.8,0.0,225.0,0.0,-531.116,-28.531,-58.5,0.0,-108.0,0,7,40,40,0,9,9,0,28,5,0,0,0,0,,0,0,0,0,0,1996,16,16,76,76,248,28,20,20,0,0,68,0,0,0,496,0,0,0,0,0,0,0,0,0,0,0,0,3200,0,0,0,0,0,16224,14.096400394477318,1.140795802361172,5.769230769230769,1.3767361310051962,4.561143984220907,0.7149901380670611,2.9945945945945946,0.0011077428757899125,0.0026863255955181823,0.007997685388283046,-0.018179969910629288,0.885669727483111,0.8463276719640873,0.0343709642474422,-0.06210417722637405,0.30925279855001797,0.13465756763343895,0.02836988992586354,8206.0,,,,,,,,,,,,,,,,,,,,
119,25_5_2_5_2_1,25_5_2_5_2_1_StartGoalLocations_Seed1004.csv,25,3523.0479521155357,25,1.0,0,0,0,0,0,0,0,4,0,4,0.0,0.011409395973154362,8.091652347897524,3,1,3,0.02348993288590604,0.6657718120805369,0.0,0,0,0,0,0,0,4,4,4,0,2,0,0,0,0,0,0,0,0,0,0,0,0,0,0,0,0,0,0,0,0,0,0,0,0.0,0.0,0.0,0.0,0.0,0.0,0,,1.0,3,,8.0,,11.0,,0.0,,0.0,12.55,0.0,0.1,0,0,0,0,0,0,0,0,78,0,57,0,21,0,2,0.7308,0.0,0,0,0,149.0,0.0,2500.0,0.0,1508.304,-594.804,7.0,0.0,0.0,0.0,0.8,-4.752,0.0,-40.5,0.0,0.0,25.0,0.0,0.0,0.0,0.0,-27.0,0.0,0.0,2.39564,12.83194,-0.00265,0.05059,-0.02718,0.11337,0.01678,0.64744,-0.01812,0.09345,0.0,-8.92,2525.0,0.0,1761.192,-509.806,-0.00599,0.07786,1.69463,12.85819,0.83986,1.35026,0.00671,0.892,0.01745,97.11538,0.98322,1.55017,0.0,-0.1748,35.8665,0.0,86.5888,-35.5317,-0.994,0,0,0,0,2,2,4,8,0,5,3,0,0,6,2,0,0,0,1,0.0,0.0,8,6,4,-0.032,4124.504,0.8,0.0,25.0,0.0,-555.004,-4.752,-40.5,0.0,-27.0,4124.504,0.8,0.0,25.0,0.0,-555.004,-4.752,-40.5,0.0,-27.0,0,3,25,25,0,1,1,0,2,5,0,0,0,0,,0,0,0,0,0,836,0,0,8,8,82,10,0,0,0,0,230,0,0,0,441,1,0,0,0,0,0,0,0,0,0,0,0,305,0,1,0,0,0,3487,59.87955262403212,1.6546934865900382,16.1170060223688,0.8641681610507181,8.976197304273015,0.6882707198164612,3.587859424920128,0.0012811851403061868,0.0027235770658211133,0.008033000139974093,-0.018194635866575264,0.8944055726083272,0.8257988347676382,0.03455565197829995,-0.06419074636523091,0.3011298293564313,0.1403899721448468,0.029690700398344375,3590.0,2.0,2.25,8.5,0.0,0.0,,,,,,,,,,,,,,,
120,50_20_5_10_5_2,50_20_5_10_5_2_StartGoalLocations_Seed1010.csv,60,10582.099864125252,60,1.0,0,0,0,0,0,0,0,2,0,2,0.0,0.0010979961570134504,9.821026626406807,3,2,3,0.005764479824320615,0.8737304419434532,0.0,1,2,0,0,0,0,2,2,2,0,2,0,0,0,0,0,0,0,0,0,0,0,0,0,0,0,0,0,0,0,0,0,0,0,0.0,0.0,0.0,0.0,0.0,0.0,0,,2.0,3,,21.0,,45.0,,0.0,,0.0,22.98,0.0,0.0,0,0,0,0,0,0,0,0,149,0,125,2,22,0,0,0.8389,0.0134,0,0,0,364.3,0.0,6000.0,0.0,4750.5,-478.5,0.0,0.0,0.0,0.0,0.8,0.0,0.0,-60.0,0.0,0.0,50.0,0.0,0.0,0.0,0.0,-45.0,0.0,0.0,2.91965,12.60561,0.00022,0.00937,-0.01647,0.08924,0.01372,0.58561,-0.01235,0.07761,0.0,-2.0,6050.0,0.0,6259.454,-314.04,-0.00055,0.01656,1.66072,12.7391,1.63201,0.96019,0.0011,0.5,0.01702,97.58065,0.98243,1.83668,0.0,-0.0652,85.9375,0.0,271.4572,-29.9143,-0.237,0,0,0,1,0,0,3,4,0,4,0,0,1,3,0,0,1,0,0,0.0,0.25,4,2,2,0.8,11082.9,0.8,0.0,50.0,0.0,-446.6,0.0,-60.0,0.0,-45.0,11082.9,0.8,0.0,50.0,0.0,-446.6,0.0,-60.0,0.0,-45.0,0,0,60,60,0,2,2,0,2,5,0,0,0,0,,0,0,0,0,0,724,0,0,0,0,4,0,8,8,0,0,166,0,0,0,320,0,0,0,0,0,0,0,1,0,0,0,0,3200,0,1,0,0,0,7780,8.084832904884319,1.0,1.2596401028277635,1.5558673651242743,0.9768637532133676,0.2827763496143959,2.473684210526316,0.00108230248593395,0.0026619414939128313,0.007823005534749664,-0.018037141249283573,0.8950798781537219,0.8321430525068421,0.031480185666960245,-0.05141642949163132,0.30007605253172315,0.13586776859504132,0.0290996673899726,3025.0,1.0,2.0,5.0,0.0,0.0,,,,,,,,,,,,,,,
121,25_5_2_5_2_1,25_5_2_5_2_1_StartGoalLocations_Seed1013.csv,40,3856.1900950595737,40,1.0,1,0,1,1,0,0,0,100,0,99,0.0,0.19581958195819582,5.368087698250933,5,5,5,0.09094242757609095,0.5804913824715805,0.0,1,3,0,0,0,0,96,190,180,10,3,9,9,0,9,2,5,6,3,3,3,0,0,0,0,0,0,0,0,0,0,0,0,0,3.0,6.0,0.0,-14.4,-197.10000000000002,0.0,3,,5.0,5,,3.73,,7.4,,0.0,,3.2,9.09,0.0,3.4,0,2,0,1,0,0,0,1,164,0,101,19,44,0,12,0.6159,0.1159,0,0,0,272.7,0.0,4000.0,0.0,2274.951,-1183.131,7.0,0.0,0.0,-100.0,6.076,-220.906,0.0,-1054.5,0.0,-232.0,125.0,0.0,0.0,0.0,0.0,-39.0,0.0,0.0,1.96975,12.04315,-0.11545,1.36956,-0.47176,0.80708,0.04584,1.06951,-0.0143,0.08334,0.0,-536.421,4125.0,0.0,2657.648,-985.643,-0.19671,1.44413,1.51265,12.06396,0.61313,1.29942,0.15695,1.25332,0.0165,91.66667,0.9846,1.35691,0.0,-16.0949,58.5937,0.0,130.3972,-69.8361,-26.554,34,6,4,109,36,149,140,437,40,220,177,0,109,179,149,0,90,0,23,0.09153318077803203,0.2494279176201373,436,211,61,-8.409,6468.584,6.024,0.0,125.0,0.0,-1097.064,-320.854,-1286.5,0.0,-39.0,6468.584,6.024,0.0,125.0,0.0,-1097.064,-320.854,-1286.5,0.0,-39.0,0,86,40,40,0,4,4,0,139,5,0,0,0,0,,0,0,1,0,0,696,68,68,219,219,1079,344,176,176,12,0,910,106,0,0,763,0,0,2,6,6,0,0,27,51,4,35,0,305,0,31,0,0,0,6221,80.597974602154,2.3454327881930594,31.875904195466966,1.1659102517852218,20.28612763221347,3.632856453946311,2.954041204437401,0.0010360547860821907,0.0025955256838726157,0.007901142589512399,-0.018080965348187535,0.887202565012307,0.8418759319974088,0.03270749718850029,-0.03914302408470419,0.3145797417842596,0.13838964773544213,0.027265210309450474,2782.0,,,,,,,,,,,,,,,,,,,,
122,50_20_5_10_5_2,50_20_5_10_5_2_StartGoalLocations_Seed1002.csv,60,10832.599872648716,60,1.0,0,0,0,0,0,0,0,0,0,0,0.0,0.0005087763927753752,9.8636479267362,9,8,8,0.0043245993385906895,0.8282879674383109,0.0,2,7,0,0,0,0,0,0,0,0,0,0,0,0,0,0,0,0,0,0,0,0,0,0,0,0,0,0,0,0,0,0,0,0,0.0,0.0,0.0,0.0,0.0,0.0,0,,8.0,9,,11.5,,31.38,,0.0,,0.0,21.25,0.0,0.0,0,0,0,0,0,0,0,0,180,0,134,38,8,0,1,0.7444,0.2111,0,0,0,393.1,0.0,6000.0,0.0,4866.0,-481.5,0.0,0.0,0.0,0.0,0.0,0.0,0.0,0.0,0.0,0.0,200.0,0.0,0.0,0.0,0.0,-145.0,0.0,0.0,2.74169,12.15298,0.0,0.0,0.0,0.0,0.05088,1.12666,-0.03689,0.1307,0.0,0.0,6200.0,0.0,6288.785,-357.66,0.0,0.0,1.57721,12.30517,1.50881,0.98642,0.0,0.0,0.0173,91.17647,0.98296,1.72009,0.0,0.0,88.0682,0.0,278.0572,-35.8,0.0,0,0,0,0,0,0,0,0,0,0,0,0,0,0,0,0,0,0,0,,,0,0,0,0.0,11227.0,0.0,0.0,200.0,0.0,-449.4,0.0,0.0,0.0,-145.0,11227.0,0.0,0.0,200.0,0.0,-449.4,0.0,0.0,0.0,-145.0,0,0,60,60,0,7,7,0,0,5,0,0,0,0,,0,0,0,0,0,1040,0,0,0,0,0,0,0,0,0,0,20,0,0,0,379,0,0,0,0,0,0,0,0,0,0,0,0,3200,0,0,0,0,0,10888,9.799779573842763,1.0243673851921276,2.2226304188096986,1.5669421686613856,1.8736223365172666,0.440852314474651,3.0686274509803924,0.0009823608432270702,0.0027147083888009477,0.008655224027685248,-0.018365645867127637,0.883324285195424,0.8499263073389347,0.03986964030907704,-0.056623304764238686,0.3263165185901713,0.1356382978723404,0.02668491129200609,4136.0,1.0,8.5,20.0,0.0,0.0,,,,,,,,,,,,,,,
123,50_20_5_10_5_2,50_20_5_10_5_2_StartGoalLocations_Seed1001.csv,40,6425.999839782715,40,1.0,0,0,0,0,0,0,0,0,0,0,0.0,0.0,9.911173184357542,0,0,0,0.002793296089385475,0.8972067039106145,0.0,0,0,0,0,0,0,0,0,0,0,0,0,0,0,0,0,0,0,0,0,0,0,0,0,0,0,0,0,0,0,0,0,0,0,0.0,0.0,0.0,0.0,0.0,0.0,0,,,0,,,,,,,,,19.5,0.0,0.0,0,0,0,0,0,0,0,0,120,0,98,3,19,0,0,0.8167,0.025,0,0,0,179.0,0.0,4000.0,0.0,2403.0,-123.0,0.0,0.0,0.0,0.0,0.0,0.0,0.0,0.0,0.0,0.0,0.0,0.0,0.0,0.0,0.0,-33.0,0.0,0.0,3.60838,14.60383,0.0,0.0,0.0,0.0,0.0,0.0,-0.01844,0.09422,0.0,0.0,4000.0,0.0,2978.775,-107.49,0.0,0.0,2.23464,14.78073,1.60407,0.8043,0.0,0.0,0.02235,100.0,0.97765,1.76358,0.0,0.0,56.8182,0.0,137.3143,-8.9143,0.0,0,0,0,0,0,0,0,0,0,0,0,0,0,0,0,0,0,0,0,,,0,0,0,0.0,6573.8,0.0,0.0,0.0,0.0,-114.8,0.0,0.0,0.0,-33.0,6573.8,0.0,0.0,0.0,0.0,-114.8,0.0,0.0,0.0,-33.0,0,0,40,40,0,0,0,0,0,5,0,0,0,0,,0,0,0,0,0,368,0,0,0,0,0,0,0,0,0,0,0,0,0,0,184,0,0,0,0,0,0,0,0,0,0,0,0,3200,0,0,0,0,0,3465,4.81962481962482,1.0,0.0,0.0,0.0,0.0,0.0,0.0011314641890393154,0.0027137144554770835,0.00886665046741457,-0.018317611710897283,0.8891847250254258,0.8454856435241906,0.03434904367136567,-0.027046110293746966,0.2903474013063713,0.14352469959946595,0.027731894292173917,1498.0,,,,,,,,,,,,,,,,,,,,
124,50_20_5_10_5_2,50_20_5_10_5_2_StartGoalLocations_Seed1001.csv,40,6971.439863756299,40,1.0,0,0,0,0,0,0,0,27,0,27,0.0,0.0144,9.623519995117187,6,4,4,0.004,0.858,0.0,1,4,0,0,0,0,15,16,16,0,2,0,0,0,0,0,0,0,0,0,0,0,0,0,0,0,0,0,0,0,0,0,0,0,0.0,0.0,0.0,0.0,0.0,0.0,0,,4.0,6,,22.0,,34.75,,0.0,,0.0,20.07,0.0,0.0,0,0,0,0,0,0,0,0,126,0,100,10,16,0,26,0.7937,0.0794,0,0,0,250.0,0.0,4000.0,0.0,3191.4,-262.8,42.0,0.0,0.0,0.0,0.0,-28.16,0.0,-260.5,0.0,0.0,100.0,0.0,0.0,0.0,0.0,-60.5,0.0,0.0,2.88824,12.42499,-0.01126,0.08581,-0.1042,0.20308,0.04,0.9992,-0.0242,0.1073,0.0,-44.6,4100.0,0.0,4119.489,-198.063,-0.01784,0.13324,1.64,12.58215,1.56857,0.93957,0.0216,0.82593,0.0176,93.18182,0.984,1.7551,0.0,-0.8223,58.2386,0.0,184.7657,-18.4743,-1.206,0,0,0,0,12,27,16,56,0,29,27,0,0,29,27,0,0,0,0,0.0,0.0,56,24,24,-10.56,7464.8,0.0,0.0,100.0,0.0,-244.2,-28.16,-260.5,0.0,-60.5,7464.8,0.0,0.0,100.0,0.0,-244.2,-28.16,-260.5,0.0,-60.5,0,0,40,40,0,4,4,0,27,5,0,0,0,0,,0,0,0,0,0,1224,0,0,4,4,196,0,60,60,0,0,106,46,0,0,274,0,0,0,0,0,0,0,0,0,0,0,0,3200,0,0,0,0,0,7829,15.09771362881594,1.0135363790186125,8.289692170136671,1.47604008326063,6.105505173074467,0.45982884148677994,3.1631799163179917,0.0011717279757921062,0.0026130899429333463,0.008065468677337848,-0.018632083072089682,0.876222179216497,0.8707457354255751,0.03244671172590232,-0.0222218666085669,0.31336788669550825,0.14953656024716785,0.026418837060146475,4855.0,2.0,15.0,29.92,0.0,0.0,,,,,,,,,,,,,,,
125,50_20_5_10_5_2,50_20_5_10_5_2_StartGoalLocations_Seed1000.csv,25,3425.8999277353287,21,0.84,0,0,0,0,0,0,0,0,0,0,0.0,0.0,9.908466819221967,4,0,0,0.0,0.9668192219679634,0.0,1,4,0,0,0,0,0,0,0,0,0,0,0,0,0,0,0,0,0,0,0,0,0,0,0,0,0,0,0,0,0,0,0,0,0.0,0.0,0.0,0.0,0.0,0.0,0,,,4,,,,,,,,,16.38,0.0,0.0,0,0,0,0,0,0,0,0,42,0,42,0,0,0,0,1.0,0.0,0,0,0,87.4,0.0,2100.0,0.0,1254.0,-10.5,0.0,0.0,0.0,0.0,0.0,0.0,0.0,0.0,0.0,0.0,0.0,0.0,0.0,0.0,0.0,-5.0,0.0,0.0,3.92551,15.09338,0.0,0.0,0.0,0.0,0.0,0.0,-0.00572,0.05318,0.0,0.0,2100.0,0.0,1508.335,-10.35,0.0,0.0,2.40275,15.31344,1.71394,0.47054,0.0,0.0,0.02403,100.0,0.97597,1.7804,0.0,0.0,29.8295,0.0,71.6572,-0.8857,0.0,0,0,0,0,0,0,0,0,0,0,0,0,0,0,0,0,0,0,0,,,0,0,0,0.0,3440.7,0.0,0.0,0.0,0.0,-9.8,0.0,0.0,0.0,-5.0,3440.7,0.0,0.0,0.0,0.0,-9.8,0.0,0.0,0.0,-5.0,0,0,25,21,4,0,0,0,0,5,0,0,0,0,,0,0,0,0,0,204,0,0,0,0,0,0,0,0,0,0,0,0,0,0,6,0,0,0,0,0,0,0,0,0,0,0,0,3200,0,0,0,0,0,1788,1.1185682326621924,1.0,0.0,0.0,0.0,0.0,0.0,0.0009632835592093019,0.0027288801045905727,0.007762741671838597,-0.01849815010220981,0.8971095891559825,0.8393057713321611,0.02941374893428064,-0.019862718432776483,0.3342259755488052,0.16511627906976745,0.027858442762347967,860.0,4.0,4.5,24.75,0.0,0.0,,,,,,,,,,,,,,,
126,25_5_2_5_2_1,25_5_2_5_2_1_StartGoalLocations_Seed1010.csv,60,5947.6174247562885,60,1.0,1,0,1,1,0,0,0,72,0,71,0.0,0.1801980198019802,6.102936194108264,2,2,2,0.06178217821782178,0.6637623762376238,0.0,1,2,0,0,0,0,72,174,172,2,3,19,19,0,16,2,4,12,6,6,6,0,1,0,0,0,0,0,0,0,0,0,0,0,6.0,5.0,0.0,-28.799999999999994,-256.8,0.0,7,,2.0,2,,3.34,,14.5,,0.0,,3.5,7.08,0.0,1.0,0,2,0,1,0,0,0,1,208,0,145,5,58,0,12,0.6971,0.024,0,0,0,252.5,0.0,6000.0,0.0,2226.305,-946.706,10.5,0.0,0.0,-100.0,3.72,-269.701,0.0,-1095.0,0.0,-144.0,50.0,0.0,0.0,0.0,0.0,-40.0,0.0,0.0,2.98717,15.20282,-0.14494,1.42853,-0.49069,0.65749,0.0198,0.70332,-0.01584,0.08758,0.0,-564.443,6050.0,0.0,2606.696,-785.52,-0.22354,1.51241,2.39604,15.24394,0.72126,1.26116,0.14772,1.51325,0.02455,97.58065,0.97545,1.37727,0.0,-17.2703,85.9375,0.0,127.8174,-56.3832,-20.272,20,4,2,57,95,127,97,378,28,216,134,0,57,194,127,0,38,0,4,0.07407407407407407,0.15079365079365079,378,156,35,-4.038,8418.761,3.56,0.0,50.0,0.0,-876.162,-369.541,-1239.0,0.0,-40.0,8418.761,3.56,0.0,50.0,0.0,-876.162,-369.541,-1239.0,0.0,-40.0,0,107,60,60,0,2,2,0,79,5,0,0,0,0,,0,0,1,0,0,656,112,112,102,102,816,426,56,56,4,0,741,58,0,0,758,8,3,3,5,5,0,0,16,12,2,14,0,305,0,24,0,0,0,5297,76.49612988484047,2.3583415597235935,22.333396262035116,1.4078296902987064,13.951293184821598,2.8506701906739664,2.5926928281461437,0.0010113641695991137,0.002569997028686197,0.007992374003728533,-0.018779272917748953,0.8843051820266538,0.8510104374187749,0.035778037226963336,-0.038979925107347164,0.3144404873921941,0.1687105165366035,0.027597324637152084,2691.0,,,,,,,,,,,,,,,,,,,,
127,50_20_5_10_5_2,50_20_5_10_5_2_StartGoalLocations_Seed1012.csv,25,5400.933729857206,25,1.0,0,1,0,0,0,1,1,36,1,36,0.027777777777777776,0.030660377358490566,9.557237750329312,6,5,5,0.007075471698113208,0.8639937106918238,0.0,1,4,0,1,2,0,36,36,36,0,2,13,13,0,13,2,2,12,1,1,1,0,0,0,0,0,0,0,0,0,0,0,0,0,1.0,0.0,1.0,-4.8,0.0,-100.0,1,,5.0,6,,10.3,,34.8,,0.0,,0.0,27.74,0.0,0.2,0,2,0,1,0,0,0,1,67,0,56,11,0,0,0,0.8358,0.1642,0,0,0,254.4,0.0,2500.0,0.0,3359.869,-291.726,0.0,0.0,0.0,0.0,0.8,-49.91,0.0,-400.0,0.0,-80.0,125.0,0.0,0.0,0.0,0.0,-17.5,0.0,0.0,2.28874,9.77853,-0.0193,0.12078,-0.18868,0.41086,0.04914,1.10723,-0.00688,0.05824,0.0,-92.653,2625.0,0.0,4804.075,-111.964,-0.03642,0.22785,1.03184,9.9214,1.84438,0.89412,0.02909,1.25207,0.01179,87.5,0.9886,1.95469,0.0,-4.1401,37.2869,0.0,191.9925,-17.67,-1.205,1,1,0,5,29,34,4,72,2,38,32,0,5,33,34,0,5,0,0,0.027777777777777776,0.06944444444444445,72,16,2,-0.457,6092.969,0.8,0.0,125.0,0.0,-270.426,-49.91,-480.0,0.0,-17.5,6092.969,0.8,0.0,125.0,0.0,-270.426,-49.91,-480.0,0.0,-17.5,0,19,25,25,0,5,5,0,17,5,1,0,1,0,1.0,0,2,1,0,0,1600,56,56,1,1,83,75,12,12,0,0,40,0,0,0,146,0,0,0,0,0,0,0,3,0,0,2,0,3200,0,2,0,0,0,8480,11.308962264150944,1.0,4.716981132075472,1.661250022146851,3.7382075471698113,0.5660377358490566,2.7539432176656153,0.0009429417520550488,0.002651177328953054,0.008258952926844358,-0.019443773939274253,0.8923910953104496,0.8760977231711149,0.03477850582683459,-0.06091793594881892,0.3103164760278509,0.14345728955967013,0.027067069950677425,6427.0,1.0,26.0,44.0,0.0,0.0,,,,,,,,,,,,,,,
128,25_5_2_5_2_1,25_5_2_5_2_1_StartGoalLocations_Seed1019.csv,25,2368.3791109621525,24,0.96,1,1,1,1,0,1,0,145,1,144,0.006896551724137931,0.19238476953907815,6.792111779660803,4,3,3,0.19104876419505679,0.6847027388109552,0.0,1,2,0,1,2,0,144,146,146,0,2,2,2,0,2,2,1,2,0,0,0,0,0,0,0,0,0,0,0,0,0,0,0,0,0.0,1.0,1.0,0.0,-16.8,-100.0,0,,3.0,4,,3.83,,12.67,,0.0,,0.0,9.43,0.2,5.7,0,3,0,2,0,0,1,1,127,0,64,23,40,0,5,0.5039,0.1811,0,0,0,149.7,0.0,2400.0,0.0,1185.779,-428.034,7.0,0.0,0.0,-100.0,0.657,-179.723,0.0,-550.5,0.0,-40.0,75.0,0.0,0.0,0.0,0.0,-151.5,0.0,0.0,2.21406,12.54939,-0.18642,1.8319,-0.39446,0.46974,0.0501,1.11803,-0.1012,0.2009,0.0,-450.615,2475.0,0.0,1375.074,-482.76,-0.30101,1.94292,1.65331,12.60316,0.59607,1.26133,0.19506,1.5432,0.01804,91.66667,0.98397,1.26126,0.0,-10.6741,35.1562,0.0,68.1588,-33.1163,-2.32,119,52,103,257,8,8,19,292,58,160,74,0,257,27,8,0,187,4,13,0.19863013698630136,0.8801369863013698,292,26,6,0.549,3713.479,0.192,0.0,75.0,0.0,-399.034,-279.258,-590.5,0.0,-151.5,3713.479,0.192,0.0,75.0,0.0,-399.034,-279.258,-590.5,0.0,-151.5,0,15,25,24,1,3,3,0,130,5,1,0,1,0,1.0,0,2,2,1,2,988,8,8,486,486,188,60,29,29,0,0,56,0,0,0,296,0,0,0,1,1,0,0,66,0,1,122,0,305,0,2,1,0,5,3971,49.760765550239235,1.3041497975708503,22.815411735079326,0.9711920632559304,12.969025434399395,1.7879627297909846,2.436893203883495,0.0009622212887200435,0.0026525677703057044,0.008427260647177214,-0.019048913928721597,0.9075031669033684,0.8578790225963361,0.03704025171817797,-0.07998119679426677,0.29335806128158837,0.15881197839960726,0.02845965632385682,4074.0,1.0,2.38,7.0,0.0,129.0,,,,,,,,,,,,,,,
129,50_20_5_10_5_2,50_20_5_10_5_2_StartGoalLocations_Seed1003.csv,60,10391.399923205376,60,1.0,0,0,0,0,0,0,0,1,0,1,0.0,0.0,9.755272952853598,0,0,0,0.0012406947890818859,0.9106699751861043,0.0,0,0,0,0,0,0,1,1,1,0,2,0,0,0,0,0,0,0,0,0,0,0,0,0,0,0,0,0,0,0,0,0,0,0,0.0,0.0,0.0,0.0,0.0,0.0,0,,,0,,,,,,,,,23.38,0.0,0.0,0,0,0,0,0,0,0,0,153,0,118,1,34,0,0,0.7712,0.0065,0,0,0,322.4,0.0,6000.0,0.0,4402.5,-283.5,0.0,0.0,0.0,0.0,0.0,0.0,0.0,-30.0,0.0,0.0,0.0,0.0,0.0,0.0,0.0,-20.0,0.0,0.0,3.23865,13.35789,0.0,0.0,-0.00931,0.06757,0.0,0.0,-0.0062,0.05535,0.0,0.0,6000.0,0.0,5843.205,-207.695,0.0,0.0,1.86104,13.51446,1.74799,0.85802,0.0,0.0,0.01861,100.0,0.98139,1.91242,0.0,0.0,85.2273,0.0,251.5715,-17.3429,0.0,0,0,0,0,0,0,2,2,0,2,0,0,0,2,0,0,0,0,0,0.0,0.0,2,0,0,0.0,10706.0,0.0,0.0,0.0,0.0,-264.6,0.0,-30.0,0.0,-20.0,10706.0,0.0,0.0,0.0,0.0,-264.6,0.0,-30.0,0.0,-20.0,0,0,60,60,0,0,0,0,0,5,0,0,0,0,,0,0,0,0,0,512,0,0,2,2,8,0,0,0,0,0,0,0,0,0,556,0,0,0,0,0,0,0,0,0,0,0,0,3200,0,0,0,0,0,6338,7.983591038182392,1.075098814229249,0.47333543704638686,0.5666666756073634,0.2682234143262859,0.0,4.352941176470588,0.0008256607368508639,0.0026661365118343383,0.008377695015951758,-0.019147146653267555,0.9035652866587043,0.8640466905198991,0.03903290869493503,-0.08654200103774201,0.3062853602695209,0.14236957581667478,0.02765794874229285,2051.0,,,,,,,,,,,,,,,,,,,,
130,25_5_2_5_2_1,25_5_2_5_2_1_StartGoalLocations_Seed1009.csv,40,4795.217376291752,40,1.0,0,0,0,0,0,0,0,55,0,55,0.0,0.11701170117011701,6.215200901567989,3,3,2,0.047254725472547256,0.630963096309631,0.0,1,3,0,0,0,0,44,47,44,3,3,3,3,0,2,2,3,0,3,10,3,0,0,0,0,0,0,0,0,0,0,0,0,0,3.0,4.0,0.0,-48.0,-225.60000000000002,0.0,3,,3.0,3,,7.93,,13.33,,0.0,,1.3,9.4,0.0,2.0,0,0,0,0,0,0,0,0,142,0,91,6,45,0,5,0.6408,0.0423,0,0,0,222.2,0.0,4000.0,0.0,1934.4,-782.244,14.0,0.0,0.0,0.0,4.57,-71.709,0.0,-491.0,0.0,0.0,75.0,0.0,0.0,0.0,0.0,-110.0,0.0,0.0,2.425,13.28315,-0.03022,0.14896,-0.22097,0.24831,0.03375,0.91798,-0.0495,0.14934,0.0,-132.478,4075.0,0.0,2269.569,-686.597,-0.05962,0.24911,1.83393,13.32286,0.71241,1.26677,0.06076,0.98132,0.01935,94.76744,0.98155,1.35542,0.0,-10.3037,57.8835,0.0,111.3372,-50.9854,-12.318,11,5,2,43,9,36,45,135,17,73,45,0,44,55,36,0,34,0,4,0.1259259259259259,0.32592592592592595,135,64,42,-2.161,6115.298,4.57,0.0,75.0,0.0,-726.942,-71.709,-491.0,0.0,-110.0,6115.298,4.57,0.0,75.0,0.0,-726.942,-71.709,-491.0,0.0,-110.0,0,22,40,40,0,3,3,0,48,5,0,0,0,0,,0,0,0,0,0,688,32,32,56,56,362,86,28,28,0,0,614,78,0,0,513,1,0,3,4,4,0,0,14,38,1,12,0,305,0,32,0,0,0,5094,69.15979583824107,2.1001986942946353,28.111503729878287,1.4264665005218717,19.238319591676483,3.1409501374165685,3.1081632653061226,0.000876174208177724,0.0026984217050106288,0.00829909788173905,-0.019101974754702558,0.8930882080349811,0.8836171637440837,0.03485877210880781,-0.06741583699273855,0.31189056108582697,0.17245283018867924,0.02662866116106701,2650.0,,,,,,,,,,,,,,,,,,,,
131,25_5_2_5_2_1,25_5_2_5_2_1_StartGoalLocations_Seed1012.csv,25,3223.799945116043,25,1.0,0,0,0,0,0,0,0,1,0,1,0.0,0.014669926650366748,7.702933985330073,0,0,0,0.004889975550122249,0.7518337408312958,0.0,0,0,0,0,0,0,1,1,1,0,2,0,0,0,0,0,0,0,0,0,0,0,0,0,0,0,0,0,0,0,0,0,0,0,0.0,0.0,0.0,0.0,0.0,0.0,0,,,0,,,,,,,,,9.4,0.0,0.0,0,0,0,0,0,0,0,0,53,0,49,2,2,0,2,0.9245,0.0377,0,0,0,81.8,0.0,2500.0,0.0,904.5,-237.0,0.0,0.0,0.0,0.0,0.0,0.0,0.0,-9.5,0.0,0.0,0.0,0.0,0.0,0.0,0.0,-16.0,0.0,0.0,3.97225,17.10913,0.0,0.0,-0.01161,0.07531,0.0,0.0,-0.01956,0.09694,0.0,-1.0,2500.0,0.0,1048.93,-200.315,-0.00122,0.02469,3.05623,17.21287,1.03743,1.21159,0.00244,0.5,0.03056,100.0,0.96944,1.57534,0.0,-0.0292,35.5114,0.0,51.6857,-14.4571,0.0,0,0,0,0,0,1,0,2,0,1,1,0,0,1,1,0,0,0,0,0.0,0.0,2,0,0,0.0,3470.5,0.0,0.0,0.0,0.0,-221.2,0.0,-9.5,0.0,-16.0,3470.5,0.0,0.0,0.0,0.0,-221.2,0.0,-9.5,0.0,-16.0,0,0,25,25,0,0,0,0,1,5,0,0,0,0,,0,0,0,0,0,452,0,0,4,4,16,0,0,0,0,0,32,0,0,0,194,1,0,0,0,0,0,0,0,0,0,0,0,305,0,1,0,0,0,1579,50.854971500949965,1.6936488169364883,14.946168461051299,0.6032839075472775,8.676377454084864,0.0,4.0510948905109485,0.0008474280638623477,0.002586180461669522,0.008037669713963318,-0.019350390477452132,0.9067631912442435,0.8705426296301647,0.03653046246453197,-0.07805137839003475,0.3000696151518916,0.18264322178105502,0.026861414786315773,1763.0,,,,,,,,,,,,,,,,,,,,
132,50_20_5_10_5_2,50_20_5_10_5_2_StartGoalLocations_Seed1014.csv,25,5864.400068350136,25,1.0,0,0,0,0,0,0,0,0,0,0,0.0,0.0016604400166044002,9.887090078870902,7,5,5,0.0012453300124533001,0.8812785388127854,0.0,1,4,0,0,0,0,0,0,0,0,0,0,0,0,0,0,0,0,0,0,0,0,0,0,0,0,0,0,0,0,0,0,0,0,0.0,0.0,0.0,0.0,0.0,0.0,0,,5.0,7,,23.6,,46.8,,0.0,,0.0,28.42,0.0,0.0,0,0,0,0,0,0,0,0,68,0,58,9,1,0,0,0.8529,0.1324,0,0,0,240.9,0.0,2500.0,0.0,3205.5,-132.0,0.0,0.0,0.0,0.0,0.0,0.0,0.0,0.0,0.0,0.0,125.0,0.0,0.0,0.0,0.0,-75.0,0.0,0.0,2.41362,10.02511,0.0,0.0,0.0,0.0,0.05189,1.13777,-0.03113,0.12082,0.0,0.0,2625.0,0.0,4492.09,-105.385,0.0,0.0,1.08966,10.19251,1.82097,0.87197,0.0,0.0,0.01245,87.5,0.98755,1.93252,0.0,0.0,37.2869,0.0,183.1714,-11.8286,0.0,0,0,0,0,0,0,0,0,0,0,0,0,0,0,0,0,0,0,0,,,0,0,0,0.0,5937.6,0.0,0.0,125.0,0.0,-123.2,0.0,0.0,0.0,-75.0,5937.6,0.0,0.0,125.0,0.0,-123.2,0.0,0.0,0.0,-75.0,0,0,25,25,0,5,5,0,0,5,0,0,0,0,,0,0,0,0,0,2132,0,0,0,0,24,0,0,0,0,0,4,0,0,0,82,0,0,0,0,0,0,0,0,0,0,0,0,3200,0,0,0,0,0,10015,11.083374937593609,1.0,6.140788816774838,1.7996748215783902,4.5931103344982525,1.2680978532201697,2.6782608695652175,0.001005060096105286,0.0026495750835357585,0.00816022014283832,-0.02108886800741333,0.9053768649781175,0.8804054136683301,0.02906976825790043,-0.04832891736827847,0.2912086042960485,0.2010909090909091,0.026198962950099592,8250.0,2.0,7.0,35.0,0.0,0.0,,,,,,,,,,,,,,,
133,25_5_2_5_2_1,25_5_2_5_2_1_StartGoalLocations_Seed1001.csv,25,1710.6083681881428,23,0.92,3,1,3,3,0,1,1,195,1,192,0.005128205128205128,0.24060517325524647,5.9630540639612954,4,2,2,0.1351219512195122,0.5717073170731707,0.0,1,2,0,1,2,2,193,226,226,0,2,22,22,0,19,2,4,13,9,9,8,0,0,0,0,0,0,0,0,0,0,0,0,0,9.0,1.0,1.0,-43.19999999999999,-16.8,-100.0,9,,2.0,4,,13.5,,26.0,,0.0,,2.5,9.1,0.0,1.7,0,6,0,3,0,0,1,2,75,0,46,11,18,0,4,0.6133,0.1467,0,0,0,205.0,0.0,2300.0,0.0,1527.823,-791.542,3.5,0.0,0.0,-300.0,1.766,-341.438,0.0,-615.5,0.0,-244.0,50.0,0.0,0.0,0.0,0.0,-85.0,0.0,0.0,1.58282,10.56656,-0.31204,2.71068,-0.41927,0.95032,0.02439,0.78049,-0.04146,0.13789,0.0,-935.214,2350.0,0.0,1868.977,-678.028,-0.4562,2.82771,1.14634,10.55892,0.58095,1.26007,0.23317,1.95652,0.0122,94.0,0.98878,1.25654,0.0,-21.0755,33.3807,0.0,87.5041,-50.0881,-22.89,88,17,46,260,44,86,76,466,185,209,72,0,259,121,86,0,81,3,112,0.3969957081545064,0.555793991416309,466,212,28,-0.458,3977.922,1.6,0.0,50.0,0.0,-733.142,-641.273,-859.5,0.0,-85.0,3977.922,1.6,0.0,50.0,0.0,-733.142,-641.273,-859.5,0.0,-85.0,0,58,25,23,2,2,2,0,176,5,1,0,1,0,1.0,0,2,4,2,3,1060,133,133,506,506,390,230,40,40,0,0,273,28,0,0,482,6,2,0,1,1,0,0,30,9,1,48,0,305,0,16,2,0,10,4760,67.37394957983193,1.7954474586841285,21.57563025210084,1.0810856994299514,14.747899159663865,5.168067226890757,2.4715099715099713,0.0011147506565049418,0.0025982295211299127,0.007842719481098203,-0.02174590451396861,0.900827447198472,0.8906161989805833,0.02780254753130787,-0.04446702500242951,0.2778686814479061,0.2261072261072261,0.02729258758062894,4290.0,2.0,7.51,15.5,5.0,109.0,,,,,,,,,,,,,,,
134,50_20_5_10_5_2,50_20_5_10_5_2_StartGoalLocations_Seed1016.csv,25,5533.300000265241,25,1.0,0,0,0,0,0,0,0,0,0,0,0.0,0.0,9.991228070175438,3,3,3,0.0,0.9566563467492261,0.0,1,3,0,0,0,0,0,0,0,0,0,0,0,0,0,0,0,0,0,0,0,0,0,0,0,0,0,0,0,0,0,0,0,0,0.0,0.0,0.0,0.0,0.0,0.0,0,,3.0,3,,6.83,,49.0,,0.0,,0.0,28.73,0.0,0.0,0,0,0,0,0,0,0,0,64,0,52,11,1,0,0,0.8125,0.1719,0,0,0,193.8,0.0,2500.0,0.0,2802.0,-27.0,0.0,0.0,0.0,0.0,0.0,0.0,0.0,0.0,0.0,0.0,75.0,0.0,0.0,0.0,0.0,-10.5,0.0,0.0,2.82188,11.12564,0.0,0.0,0.0,0.0,0.0387,0.98285,-0.00542,0.05177,0.0,0.0,2575.0,0.0,3999.07,-16.615,0.0,0.0,1.32869,11.32259,2.05493,0.65395,0.0,0.0,0.01445,91.96429,0.9871,2.09916,0.0,0.0,36.5767,0.0,160.1143,-2.1429,0.0,0,0,0,0,0,0,0,0,0,0,0,0,0,0,0,0,0,0,0,,,0,0,0,0.0,5494.0,0.0,0.0,75.0,0.0,-25.2,0.0,0.0,0.0,-10.5,5494.0,0.0,0.0,75.0,0.0,-25.2,0.0,0.0,0.0,-10.5,0,0,25,25,0,3,3,0,0,5,0,0,0,0,,0,0,0,0,0,876,0,0,0,0,0,0,0,0,0,0,0,0,0,0,40,0,0,0,0,0,0,0,0,0,0,0,0,3200,0,0,0,0,0,4613,4.4222848471710385,1.0,1.3873834814654238,2.1406250277068466,1.2573162800780404,0.30349013657056145,2.7586206896551726,0.001275189460513552,0.0025878850047446823,0.007595125519878924,-0.02213675011646802,0.9128957861634694,0.8725887572384317,0.03699150215409118,-0.06912653276177982,0.31574271172744606,0.2032520325203252,0.028367422644649205,3567.0,,,,,,,,,,,,,,,,,,,,
135,25_5_2_5_2_1,25_5_2_5_2_1_StartGoalLocations_Seed1016.csv,25,3156.9079056680202,25,1.0,0,0,0,0,0,0,0,75,0,75,0.0,0.1109942135718043,6.768895521034917,5,5,3,0.048921620199894794,0.6091530773277223,0.0,1,4,0,0,0,0,75,88,87,1,3,2,2,0,2,2,3,1,1,1,1,0,0,0,0,0,0,0,0,0,0,0,0,0,1.0,1.0,0.0,-4.8,-98.39999999999999,0.0,1,,5.0,5,,7.6,,15.2,,0.0,,2.2,9.47,0.0,2.4,0,0,0,0,0,0,0,0,97,0,57,12,28,0,0,0.5876,0.1237,0,0,0,190.1,0.0,2500.0,0.0,1701.761,-744.761,0.0,0.0,0.0,0.0,0.764,-82.456,0.0,-473.0,0.0,0.0,125.0,0.0,0.0,0.0,0.0,-60.5,0.0,0.0,1.91852,11.40625,-0.04297,0.18238,-0.24882,0.25,0.06575,1.28045,-0.03183,0.12206,0.0,-163.577,2625.0,0.0,2066.572,-584.077,-0.08605,0.29824,1.38085,11.4563,0.77985,1.28828,0.091,0.94553,0.01578,87.5,0.9858,1.41443,0.0,-5.7768,37.2869,0.0,97.2435,-46.0149,-8.444,14,5,3,86,18,28,45,177,64,77,36,0,86,63,28,0,24,0,2,0.3615819209039548,0.4858757062146893,177,54,14,-4.615,4340.409,0.764,0.0,125.0,0.0,-693.309,-82.456,-473.0,0.0,-60.5,4340.409,0.764,0.0,125.0,0.0,-693.309,-82.456,-473.0,0.0,-60.5,0,40,25,25,0,5,5,0,47,5,0,0,0,0,,0,0,0,0,0,1024,16,16,140,140,430,160,36,36,4,0,352,0,0,0,482,1,0,1,1,1,0,0,22,0,0,19,0,305,0,18,0,0,0,5455,64.96791934005499,1.7483069977426637,30.00916590284143,1.246548579663275,20.69660861594867,3.556370302474794,3.1806908768821964,0.001445046047237497,0.002587450484497822,0.008218281205699896,-0.024761632452282356,0.9120588381774724,0.880706193856895,0.049619950317719486,-0.06497140573083016,0.3269313683739776,0.2072027627035027,0.027256797230051043,4054.0,,,,,,,,,,,,,,,,,,,,
136,50_20_5_10_5_2,50_20_5_10_5_2_StartGoalLocations_Seed1004.csv,25,5062.3999353423715,25,1.0,0,0,0,0,0,0,0,0,0,0,0.0,0.0,9.938775510204081,3,2,3,0.0022675736961451248,0.9240362811791383,0.0,1,2,0,0,0,0,0,0,0,0,0,0,0,0,0,0,0,0,0,0,0,0,0,0,0,0,0,0,0,0,0,0,0,0,0.0,0.0,0.0,0.0,0.0,0.0,0,,2.0,3,,15.0,,37.0,,0.0,,0.0,28.39,0.0,0.0,0,0,0,0,0,0,0,0,61,0,54,4,3,0,0,0.8852,0.0656,0,0,0,176.4,0.0,2500.0,0.0,2466.0,-126.0,0.0,0.0,0.0,0.0,0.0,0.0,0.0,0.0,0.0,0.0,50.0,0.0,0.0,0.0,0.0,-4.0,0.0,0.0,2.84376,11.67901,0.0,0.0,0.0,0.0,0.02834,0.84132,-0.00227,0.0336,0.0,0.0,2550.0,0.0,3332.285,-84.06,0.0,0.0,1.44558,11.84661,1.8414,0.79599,0.0,0.0,0.01531,94.44444,0.98526,1.96568,0.0,0.0,36.2216,0.0,140.9143,-7.4286,0.0,0,0,0,0,0,0,0,0,0,0,0,0,0,0,0,0,0,0,0,,,0,0,0,0.0,5134.0,0.0,0.0,50.0,0.0,-117.6,0.0,0.0,0.0,-4.0,5134.0,0.0,0.0,50.0,0.0,-117.6,0.0,0.0,0.0,-4.0,0,0,25,25,0,2,2,0,0,5,0,0,0,0,,0,0,0,0,0,852,0,0,0,0,0,0,0,0,0,0,0,0,0,0,94,0,0,0,0,0,0,0,0,0,0,0,0,3200,0,0,0,0,0,4379,7.4674583238182235,1.0,4.293217629595798,2.0000000302778913,3.7451472939027175,0.41105275176981043,2.682926829268293,0.0012163576046359467,0.002585529204908356,0.008087878141709616,-0.02444039195985861,0.9082036245037133,0.8907153642793216,0.04802382810854576,-0.05670822793923913,0.3322961593453774,0.20382775119617225,0.026402524931023973,3135.0,1.0,4.5,18.0,0.0,0.0,,,,,,,,,,,,,,,
137,50_20_5_10_5_2,50_20_5_10_5_2_StartGoalLocations_Seed1003.csv,25,5615.799986079335,25,1.0,0,0,0,0,0,0,0,0,0,0,0.0,0.0,9.853440571939231,9,7,9,0.004915102770330653,0.8744414655942806,0.0,2,8,2,0,0,0,0,0,0,0,0,0,0,0,0,0,0,0,0,0,0,0,0,0,0,0,0,0,0,0,0,0,0,0,0.0,0.0,0.0,0.0,0.0,0.0,0,,7.0,9,,19.0,,45.57,,0.0,,0.0,20.88,0.0,0.0,0,0,0,0,0,0,0,0,88,0,59,28,1,0,0,0.6705,0.3182,0,0,0,223.8,0.0,2500.0,0.0,2947.5,-169.5,0.0,0.0,0.0,0.0,0.0,0.0,0.0,0.0,0.0,0.0,175.0,0.0,0.0,0.0,0.0,-61.0,0.0,0.0,2.45836,10.40357,0.0,0.0,0.0,0.0,0.07819,1.39598,-0.02726,0.11351,0.0,0.0,2675.0,0.0,4095.15,-97.675,0.0,0.0,1.19526,10.59401,1.78618,0.86385,0.0,0.0,0.0143,83.59375,0.9857,1.90065,0.0,0.0,37.9972,0.0,168.4286,-13.1714,0.0,0,0,0,0,0,0,0,0,0,0,0,0,0,0,0,0,0,0,0,,,0,0,0,0.0,5660.0,0.0,0.0,175.0,0.0,-158.2,0.0,0.0,0.0,-61.0,5660.0,0.0,0.0,175.0,0.0,-158.2,0.0,0.0,0.0,-61.0,0,0,25,25,0,6,6,0,0,5,0,0,0,0,,0,0,0,0,0,1376,0,0,0,0,0,0,0,0,0,0,16,0,0,0,176,0,0,0,0,0,0,0,0,0,0,0,0,3200,0,0,0,0,0,8875,10.850704225352112,1.0,3.628169014084507,1.6347826294462133,3.3577464788732394,0.5633802816901409,3.4563758389261743,0.0011056986823161931,0.002504657586457121,0.007730735302090558,-0.024599172922154498,0.9183543120012727,0.8707979622968408,0.044376961020536204,-0.04626510517135652,0.31271344848702437,0.1902654867256637,0.02899631997906902,5650.0,2.0,8.25,21.0,0.0,0.0,,,,,,,,,,,,,,,
138,25_5_2_5_2_1,25_5_2_5_2_1_StartGoalLocations_Seed1013.csv,25,3325.145677663386,25,1.0,0,0,0,0,0,0,0,27,0,27,0.0,0.06222775357809583,7.264522053398697,7,6,5,0.054138145612943375,0.6141879278158059,0.0,2,6,0,0,0,0,27,30,30,0,2,4,4,0,4,2,4,1,3,3,3,0,0,0,0,0,0,0,0,0,0,0,0,0,3.0,3.0,0.0,-14.4,-50.4,0.0,3,,6.0,7,,4.63,,9.5,,0.0,,0.3,9.67,0.0,0.3,0,0,0,0,0,0,0,0,137,0,60,56,21,0,0,0.438,0.4088,0,0,0,160.7,0.0,2500.0,0.0,1429.641,-639.922,0.0,0.0,0.0,0.0,1.6,-28.373,0.0,-175.5,0.0,0.0,150.0,0.0,0.0,0.0,0.0,-73.0,0.0,0.0,2.14712,12.38102,-0.01666,0.10165,-0.10921,0.20659,0.09334,1.52474,-0.04543,0.1437,0.0,-54.077,2650.0,0.0,1635.227,-583.624,-0.03365,0.17707,1.64904,12.45727,0.65439,1.31903,0.03858,0.87221,0.01929,85.48387,0.98195,1.40612,0.0,-2.9907,37.642,0.0,81.6938,-40.7384,-6.779,3,1,0,20,0,26,14,60,7,26,27,0,20,14,26,0,23,0,2,0.11666666666666667,0.3333333333333333,60,40,18,-3.696,4045.941,1.6,0.0,150.0,0.0,-595.522,-28.373,-175.5,0.0,-73.0,4045.941,1.6,0.0,150.0,0.0,-595.522,-28.373,-175.5,0.0,-73.0,0,15,25,25,0,6,6,0,16,5,0,0,0,0,,0,0,0,0,0,680,40,40,8,8,210,58,16,16,0,0,322,0,0,0,425,0,0,1,3,3,0,0,1,42,2,0,0,305,0,21,0,0,0,4795,53.26381647549531,1.4788566953797964,17.309697601668404,1.295602423859289,12.930135557872784,2.586027111574557,2.629032258064516,0.0010245911021496902,0.0025406646076589824,0.008018494857584728,-0.0240794993170044,0.920125114216524,0.8632643313968883,0.039570429219919094,-0.029587649532100732,0.3025326999760622,0.17784877529286475,0.02996724701052753,2817.0,1.0,0.5,4.0,0.0,21.0,,,,,,,,,,,,,,,
139,25_5_2_5_2_1,25_5_2_5_2_1_StartGoalLocations_Seed1013.csv,40,4057.902145445347,40,1.0,1,0,1,1,0,0,0,105,0,104,0.0,0.18693918245264207,5.900991566486635,0,0,0,0.08873379860418744,0.6490528414755733,0.0,0,0,0,0,0,0,95,113,81,32,3,18,15,3,18,3,7,4,12,35,12,0,0,1,2,0,0,0,0,0,0,0,0,0,12.0,4.0,0.0,-178.80000000000007,-74.7,0.0,14,,,0,,,,,,,,,9.62,0.0,2.3,0,2,0,1,0,0,0,1,113,0,80,4,29,0,7,0.708,0.0354,0,0,0,200.6,0.0,4000.0,0.0,1819.798,-720.232,0.0,0.0,0.0,-100.0,0.064,-168.828,0.0,-878.5,0.0,-56.0,0.0,0.0,0.0,0.0,0.0,-39.0,0.0,0.0,2.64216,13.95658,-0.13398,1.59277,-0.46585,0.47464,0.0,0.0,-0.01944,0.09666,0.0,-418.157,4000.0,0.0,2125.262,-612.722,-0.20845,1.67822,1.99402,13.97947,0.75401,1.25221,0.13809,1.50959,0.01994,100.0,0.98006,1.39267,0.0,-14.8979,56.8182,0.0,103.9885,-43.3847,-17.999,22,6,3,74,21,92,96,283,42,137,104,0,74,117,92,0,86,0,39,0.14840989399293286,0.26148409893992935,281,154,21,-6.106,5967.598,0.0,0.0,0.0,0.0,-667.432,-268.764,-934.5,0.0,-39.0,5967.598,0.0,0.0,0.0,0.0,-667.432,-268.764,-934.5,0.0,-39.0,0,48,40,40,0,0,0,0,126,5,0,0,0,0,,0,0,1,0,0,624,284,284,137,137,621,193,40,40,0,0,495,49,0,0,425,2,1,1,4,4,0,0,18,30,3,24,0,305,0,17,0,0,0,3935,73.03684879288437,2.1527487821851077,21.24523506988564,1.2942658609350806,15.1715374841169,5.133418043202033,2.185929648241206,0.0010838810425505075,0.0024613108753095358,0.007932379244802853,-0.02629834443378525,0.9141920067560978,0.872209778198829,0.03790636977945001,-0.0567578721839266,0.3129970044761464,0.1492361927144536,0.02886642155426989,2553.0,,,,,,,,,,,,,,,,,,,,
140,25_5_2_5_2_1,25_5_2_5_2_1_StartGoalLocations_Seed1010.csv,40,4115.024548202753,39,0.975,1,0,1,1,0,0,0,49,0,48,0.0,0.10989010989010989,6.614430659488835,4,3,1,0.09253903990746096,0.7038750722961249,0.0,1,3,0,0,0,0,48,72,72,0,2,6,6,0,6,2,1,6,0,0,0,0,0,0,0,0,0,0,0,0,0,0,0,0,0.0,1.0,0.0,0.0,-16.8,0.0,0,,3.0,4,,12.67,,16.33,,0.0,,0.0,7.75,0.0,0.6,0,2,0,1,0,0,0,1,96,0,78,7,11,0,1,0.8125,0.0729,0,0,0,172.9,0.0,3900.0,0.0,1552.365,-600.946,0.0,0.0,0.0,-100.0,0.224,-102.518,0.0,-596.0,0.0,-120.0,75.0,0.0,0.0,0.0,0.0,-66.0,0.0,0.0,2.90591,14.81617,-0.117,1.70604,-0.41411,0.74572,0.04338,1.04046,-0.03817,0.13277,0.0,-294.856,3975.0,0.0,1785.415,-526.682,-0.17054,1.78296,2.29902,14.87827,0.72801,1.24847,0.09138,1.86617,0.02429,94.64286,0.97513,1.37135,0.0,-5.9284,56.4631,0.0,88.7066,-38.1112,-7.545,16,6,3,48,46,45,19,158,25,80,53,0,48,65,45,0,27,0,0,0.15822784810126583,0.3037974683544304,158,34,10,-2.439,5582.465,0.0,0.0,75.0,0.0,-558.146,-202.295,-716.0,0.0,-66.0,5582.465,0.0,0.0,75.0,0.0,-558.146,-202.295,-716.0,0.0,-66.0,0,39,40,39,1,3,3,0,38,5,0,0,0,0,,0,0,1,0,0,828,24,24,74,74,254,156,31,31,0,0,344,28,0,0,376,1,0,1,1,1,0,0,14,2,0,12,0,305,0,5,0,0,0,4536,58.9726631393298,1.9906542056074767,20.480599647266313,1.2379978656592359,11.882716049382717,0.48500881834215165,3.2634508348794062,0.001082234129087931,0.0024615119623047285,0.007908159003093622,-0.02622346268687847,0.9120813982498243,0.8778271116496285,0.03464614308398703,-0.045804779045283794,0.30905601544519445,0.18843557381860876,0.02905815447733795,3407.0,1.0,9.0,11.0,0.0,23.0,,,,,,,,,,,,,,,
141,25_5_2_5_2_1,25_5_2_5_2_1_StartGoalLocations_Seed1002.csv,40,3871.7097626924515,39,0.975,1,0,1,1,0,0,0,84,0,83,0.0,0.20195994887089902,6.13844514097566,5,4,3,0.09118023008095441,0.610140605027695,0.0,1,3,0,0,0,0,79,128,125,3,3,10,10,0,10,2,2,7,3,3,3,0,0,0,0,0,0,0,0,0,0,0,0,0,3.0,5.0,0.0,-14.4,-231.00000000000006,0.0,3,,4.0,5,,7.88,,14.25,,0.0,,0.8,8.81,0.0,3.1,0,2,0,1,0,0,0,1,147,0,80,14,53,0,20,0.5442,0.0952,0,0,0,234.7,0.0,3900.0,0.0,2025.825,-917.267,0.0,0.0,0.0,-100.0,0.832,-197.381,0.0,-962.5,0.0,-168.0,100.0,0.0,0.0,0.0,0.0,-44.5,0.0,0.0,2.23403,12.78417,-0.12635,1.47517,-0.48168,0.7387,0.04261,1.0312,-0.01896,0.0955,0.0,-444.749,4000.0,0.0,2360.009,-773.929,-0.1895,1.54988,1.7043,12.81913,0.67579,1.27431,0.12782,1.4825,0.01832,93.02326,0.98296,1.35845,0.0,-14.9708,56.8182,0.0,115.7615,-54.9581,-18.097,28,6,3,98,25,88,93,305,55,124,126,0,97,120,88,0,62,0,22,0.18032786885245902,0.3180327868852459,305,143,55,-17.8,6093.025,0.8,0.0,100.0,0.0,-849.767,-297.349,-1130.5,0.0,-44.5,6093.025,0.8,0.0,100.0,0.0,-849.767,-297.349,-1130.5,0.0,-44.5,0,66,40,39,1,4,4,0,83,5,0,0,0,0,,0,0,1,0,0,504,52,52,144,144,592,264,57,57,2,0,696,90,0,0,538,2,1,3,5,5,0,0,27,48,2,25,0,305,0,27,0,0,0,5284,72.16124148372445,2.3270390768423814,17.978803936411808,1.7065526550400414,12.717638152914459,2.971233913701741,2.8169642857142856,0.001121489184596511,0.0024411291048477683,0.007528898162057712,-0.02616153552477795,0.9123507946256607,0.8772343785043747,0.03667788853543618,-0.05007867924388616,0.30870981803789294,0.18011452368558042,0.0272454759009275,1921.0,1.0,14.0,17.0,0.0,18.0,,,,,,,,,,,,,,,
142,50_20_5_10_5_2,50_20_5_10_5_2_StartGoalLocations_Seed1000.csv,60,8960.799790740013,60,1.0,0,0,0,0,0,0,0,0,0,0,0.0,0.0,9.850091407678246,0,0,0,0.004113345521023766,0.9090493601462523,0.0,0,0,0,0,0,0,0,0,0,0,0,0,0,0,0,0,0,0,0,0,0,0,0,0,0,0,0,0,0,0,0,0,0,0,0.0,0.0,0.0,0.0,0.0,0.0,0,,,0,,,,,,,,,15.88,0.0,0.0,0,0,0,0,0,0,0,0,149,0,132,1,16,0,0,0.8859,0.0067,0,0,0,218.8,0.0,6000.0,0.0,2938.5,-168.0,0.0,0.0,0.0,0.0,0.0,0.0,0.0,0.0,0.0,0.0,0.0,0.0,0.0,0.0,0.0,-28.5,0.0,0.0,4.10846,16.13335,0.0,0.0,0.0,0.0,0.0,0.0,-0.01303,0.07964,0.0,0.0,6000.0,0.0,3536.93,-130.13,0.0,0.0,2.74223,16.33105,1.55704,0.77633,0.0,0.0,0.02742,100.0,0.97258,1.72324,0.0,0.0,85.2273,0.0,167.9143,-11.2286,0.0,0,0,0,0,0,0,0,0,0,0,0,0,0,0,0,0,0,0,0,,,0,0,0,0.0,9146.1,0.0,0.0,0.0,0.0,-156.8,0.0,0.0,0.0,-28.5,9146.1,0.0,0.0,0.0,0.0,-156.8,0.0,0.0,0.0,-28.5,0,0,60,60,0,0,0,0,0,5,0,0,0,0,,0,0,0,0,0,440,0,0,0,0,0,0,0,0,0,0,0,0,0,0,160,0,0,0,0,0,0,0,0,0,0,0,0,3200,0,0,0,0,0,4242,3.0174446016030174,1.0,0.1885902876001886,0.15000000223517418,0.1885902876001886,0.0,5.0,0.0007986905617806108,0.002289877924009819,0.0070931977169080215,-0.025403738766908646,0.910689823735844,0.883430800112811,0.03718458229506558,-0.05031022723679515,0.3283809301632083,0.17424689899586532,0.027482448700356234,1693.0,,,,,,,,,,,,,,,,,,,,
143,50_20_5_10_5_2,50_20_5_10_5_2_StartGoalLocations_Seed1000.csv,25,3867.4999698400497,25,1.0,0,0,0,0,0,0,0,0,0,0,0.0,0.0,9.9,0,0,0,0.0,0.9531914893617022,0.0,0,0,0,0,0,0,0,0,0,0,0,0,0,0,0,0,0,0,0,0,0,0,0,0,0,0,0,0,0,0,0,0,0,0,0.0,0.0,0.0,0.0,0.0,0.0,0,,,0,,,,,,,,,17.52,0.0,0.0,0,0,0,0,0,0,0,0,55,0,50,0,5,0,0,0.9091,0.0,0,0,0,94.0,0.0,2500.0,0.0,1320.0,-43.5,0.0,0.0,0.0,0.0,0.0,0.0,0.0,0.0,0.0,0.0,0.0,0.0,0.0,0.0,0.0,-3.0,0.0,0.0,4.11755,15.87427,0.0,0.0,0.0,0.0,0.0,0.0,-0.00319,0.03982,0.0,0.0,2500.0,0.0,1579.69,-36.76,0.0,0.0,2.65957,16.08988,1.64141,0.63411,0.0,0.0,0.0266,100.0,0.9734,1.76661,0.0,0.0,35.5114,0.0,75.4286,-2.6571,0.0,0,0,0,0,0,0,0,0,0,0,0,0,0,0,0,0,0,0,0,,,0,0,0,0.0,3911.1,0.0,0.0,0.0,0.0,-40.6,0.0,0.0,0.0,-3.0,3911.1,0.0,0.0,0.0,0.0,-40.6,0.0,0.0,0.0,-3.0,0,0,25,25,0,0,0,0,0,5,0,0,0,0,,0,0,0,0,0,224,0,0,0,0,0,0,0,0,0,0,0,0,0,0,22,0,0,0,0,0,0,0,0,0,0,0,0,3200,0,0,0,0,0,1834,2.7262813522355507,1.0,0.0,0.0,0.0,0.0,0.0,0.0011248123781959813,0.0025173580298932003,0.0074164909310638905,-0.026647791066872224,0.9078888190644128,0.9001212918332645,0.04137247138922768,-0.07370925375393458,0.31548409102923225,0.18430034129692832,0.027536090594770118,879.0,,,,,,,,,,,,,,,,,,,,
144,50_20_5_10_5_2,50_20_5_10_5_2_StartGoalLocations_Seed1019.csv,25,5939.100002169609,25,1.0,0,0,0,0,0,0,0,0,0,0,0.0,0.0,9.960644007155635,5,5,4,0.0,0.9458855098389982,0.0,2,5,1,0,0,0,0,0,0,0,0,0,0,0,0,0,0,0,0,0,0,0,0,0,0,0,0,0,0,0,0,0,0,0,0.0,0.0,0.0,0.0,0.0,0.0,0,,5.0,5,,26.1,,48.6,,0.0,,0.0,30.05,0.0,0.0,0,0,0,0,0,0,0,0,88,0,62,18,8,0,0,0.7045,0.2045,0,0,0,223.6,0.0,2500.0,0.0,3181.5,-76.5,0.0,0.0,0.0,0.0,0.0,0.0,0.0,0.0,0.0,0.0,125.0,0.0,0.0,0.0,0.0,-14.5,0.0,0.0,2.60671,10.37829,0.0,0.0,0.0,0.0,0.0559,1.18087,-0.00648,0.05657,0.0,0.0,2625.0,0.0,4586.86,-52.88,0.0,0.0,1.17397,10.57479,2.02772,0.73689,0.0,0.0,0.01342,87.5,0.98703,2.10228,0.0,0.0,37.2869,0.0,181.8,-5.2,0.0,0,0,0,0,0,0,0,0,0,0,0,0,0,0,0,0,0,0,0,,,0,0,0,0.0,5900.0,0.0,0.0,125.0,0.0,-71.4,0.0,0.0,0.0,-14.5,5900.0,0.0,0.0,125.0,0.0,-71.4,0.0,0.0,0.0,-14.5,0,0,25,25,0,5,5,0,0,5,0,0,0,0,,0,0,0,0,0,1084,0,0,0,0,0,0,0,0,0,0,0,0,0,0,98,0,0,0,0,0,0,0,0,0,0,0,0,3200,0,0,0,0,0,6486,9.173604687018193,1.0,3.8544557508479804,1.601600022315979,3.114400246685168,0.7092198581560284,2.9207920792079207,0.0010265227037190281,0.002376382275247376,0.0072861887992280655,-0.025908304639573027,0.9113895138691273,0.8861086190406686,0.0396994936908853,-0.06715042255750112,0.3051259525294641,0.18012849931161082,0.027959709813812482,4358.0,,,,,,,,,,,,,,,,,,,,
145,25_5_2_5_2_1,25_5_2_5_2_1_StartGoalLocations_Seed1006.csv,25,2966.20350214839,25,1.0,1,0,1,1,0,0,0,30,0,29,0.0,0.12214682294879704,7.26487679874213,0,0,0,0.05181986428130783,0.6107341147439852,0.0,0,0,0,0,0,0,24,26,25,1,3,3,3,0,3,2,3,1,2,2,2,0,0,0,0,0,0,0,0,0,0,0,0,0,2.0,0.0,0.0,-9.6,0.0,0.0,2,,,0,,,,,,,,,10.56,0.0,0.8,0,2,0,1,0,0,0,1,76,0,49,0,27,0,4,0.6447,0.0,0,0,0,162.1,0.0,2500.0,0.0,1496.31,-743.202,3.5,0.0,0.0,-100.0,1.632,-39.136,0.0,-234.5,0.0,-72.0,0.0,0.0,0.0,0.0,0.0,-8.5,0.0,0.0,2.10901,12.33812,-0.08483,1.75868,-0.18908,0.62603,0.0,0.0,-0.00524,0.05093,0.0,-185.892,2500.0,0.0,1775.708,-570.164,-0.11468,1.82346,1.54226,12.32263,0.7437,1.34017,0.0401,2.85988,0.01542,100.0,0.98458,1.46984,0.0,-4.33,35.5114,0.0,85.7034,-42.9544,-6.421,2,1,0,12,17,20,14,63,8,34,21,0,12,31,20,0,11,0,0,0.12698412698412698,0.19047619047619047,63,24,12,-0.112,4109.41,1.6,0.0,0.0,0.0,-690.702,-139.104,-306.5,0.0,-8.5,4109.41,1.6,0.0,0.0,0.0,-690.702,-139.104,-306.5,0.0,-8.5,0,14,25,25,0,0,0,0,17,5,0,0,0,0,,0,0,1,0,0,916,24,24,1,1,304,56,28,28,0,0,566,18,0,0,503,0,0,0,0,0,0,0,6,0,0,2,0,305,0,4,0,0,0,3200,61.25,1.688265306122449,15.8125,1.1873517946704575,9.53125,1.8125,2.8819672131147542,0.0009969530711996452,0.0023918905565881183,0.007800883949046962,-0.025397278929706744,0.8978020020447444,0.880129705089669,0.03162282033453342,-0.0391217843094621,0.31125189064133474,0.17567938512215206,0.027327591859013383,3643.0,,,,,,,,,,,,,,,,,,,,
146,25_5_2_5_2_1,25_5_2_5_2_1_StartGoalLocations_Seed1011.csv,40,3267.209116280079,40,1.0,2,2,2,2,0,2,1,196,2,194,0.01020408163265306,0.2775599128540305,5.186528316107711,0,0,0,0.15729847494553376,0.6457516339869281,0.0,0,0,0,2,4,0,195,243,161,82,3,10,10,0,7,2,2,6,4,4,4,0,0,0,0,0,0,0,0,0,0,0,0,0,4.0,1.0,2.0,-19.2,-16.8,-212.5,4,,,0,,,,,,,,,8.43,0.0,9.2,0,8,0,4,0,0,0,4,172,0,134,0,38,0,70,0.7791,0.0,0,0,0,229.5,0.0,4000.0,0.0,1767.138,-809.036,17.5,0.0,0.0,-200.0,6.498,-317.891,0.0,-1040.0,0.0,-260.0,0.0,0.0,0.0,0.0,0.0,-126.5,0.0,0.0,2.26802,13.08684,-0.22283,2.08015,-0.56645,0.88158,0.0,0.0,-0.05512,0.15659,0.0,-858.134,4000.0,0.0,2065.896,-783.734,-0.37391,2.19885,1.74292,13.08641,0.55868,1.25837,0.26187,1.42784,0.01743,100.0,0.98257,1.26369,0.0,-22.2889,56.8182,0.0,101.9793,-53.4592,-16.51,192,41,138,356,67,92,82,601,87,389,125,0,356,151,94,0,298,0,26,0.1447587354409318,0.5923460898502496,601,133,45,-4.759,5955.738,4.856,0.0,0.0,0.0,-750.636,-516.249,-1300.0,0.0,-126.5,5955.738,4.856,0.0,0.0,0.0,-750.636,-516.249,-1300.0,0.0,-126.5,0,55,40,40,0,0,0,0,340,5,2,0,1,1,1.0,0,2,4,0,0,840,56,56,900,900,748,220,348,348,12,0,471,66,0,0,516,0,0,1,1,1,0,0,125,0,0,176,0,305,0,14,0,0,0,5370,71.80633147113593,2.1281120331950207,32.17877094972067,1.609201406363691,23.314711359404097,6.70391061452514,2.392172523961661,0.0009851669024404448,0.002365419594016636,0.007807151979899832,-0.025346687294188,0.8915915358634222,0.8841010556334541,0.03395507717948584,-0.05750992348129373,0.3108051452991421,0.17085889570552149,0.02723878694708798,3260.0,,,,,,,,,,,,,,,,,,,,
147,25_5_2_5_2_1,25_5_2_5_2_1_StartGoalLocations_Seed1005.csv,25,3100.627875342965,24,0.96,0,0,0,0,0,0,0,45,0,45,0.0,0.07353906762967827,7.252560206016896,9,6,5,0.043992120814182537,0.6585686145764937,0.0,2,6,1,0,0,0,43,44,44,0,2,8,8,0,8,2,6,2,6,6,6,0,0,0,0,0,0,0,0,0,0,0,0,0,6.0,2.0,0.0,-28.799999999999994,-33.6,0.0,6,,6.0,9,,5.78,,10.5,,0.0,,1.8,8.12,0.0,0.6,0,0,0,0,0,0,0,0,98,0,63,15,20,0,2,0.6429,0.1531,0,0,0,152.3,0.0,2400.0,0.0,1437.177,-635.727,0.0,0.0,0.0,0.0,0.0,-44.122,0.0,-338.0,0.0,0.0,150.0,0.0,0.0,0.0,0.0,-21.0,0.0,0.0,2.20207,12.45735,-0.02897,0.13332,-0.22193,0.24842,0.09849,1.56606,-0.01379,0.08188,0.0,-90.338,2550.0,0.0,1646.234,-554.982,-0.05932,0.24272,1.67433,12.53964,0.71652,1.33263,0.06172,0.96105,0.0197,85.0,0.98162,1.47239,0.0,-3.3434,36.2216,0.0,82.1244,-37.5273,-5.28,12,4,1,30,7,30,27,94,0,63,31,0,30,34,30,0,45,0,4,0.0,0.3191489361702128,94,38,8,-0.784,3945.871,0.0,0.0,150.0,0.0,-592.121,-44.122,-338.0,0.0,-21.0,3945.871,0.0,0.0,150.0,0.0,-592.121,-44.122,-338.0,0.0,-21.0,0,10,25,24,1,5,4,0,37,5,0,0,0,0,,0,0,0,0,0,1400,92,92,46,46,94,40,0,0,0,0,252,10,0,0,449,1,0,0,2,2,0,0,17,2,2,18,0,305,0,7,0,0,0,7359,66.73461068079902,1.4738342496436572,24.03859220002718,1.0726257929385736,10.857453458350319,3.451555917923631,2.4868585732165207,0.0011500408282518037,0.0024094840425199697,0.007739089652895928,-0.025354397685400078,0.9023404208251408,0.8615548600469317,0.03143411751836538,-0.0510894668115569,0.3060904433091828,0.18010167029774873,0.027827534838372324,5508.0,3.0,2.88,12.33,0.0,4.3,,,,,,,,,,,,,,,
148,25_5_2_5_2_1,25_5_2_5_2_1_StartGoalLocations_Seed1011.csv,40,4250.434161663055,40,1.0,1,0,1,1,0,0,0,52,0,51,0.0,0.12592228234136743,6.337041427569617,0,0,0,0.08952287260206591,0.6537137235612396,0.0,0,0,0,0,0,0,50,77,73,4,3,4,4,0,3,2,1,4,0,0,0,0,0,0,0,0,0,0,0,0,0,0,0,0,0.0,1.0,0.0,0.0,-26.4,0.0,0,,,0,,,,,,,,,9.72,0.0,2.4,0,2,0,1,0,0,0,1,106,0,78,0,28,0,7,0.7358,0.0,0,0,0,203.3,0.0,4000.0,0.0,1864.331,-754.17,7.0,0.0,0.0,-100.0,0.106,-99.632,0.0,-657.0,0.0,-160.0,0.0,0.0,0.0,0.0,0.0,-53.5,0.0,0.0,2.61705,13.86854,-0.09814,1.57466,-0.40187,0.79353,0.0,0.0,-0.02632,0.11165,0.0,-292.567,4000.0,0.0,2186.177,-637.86,-0.14391,1.64353,1.96754,13.88821,0.76159,1.27807,0.08165,1.76245,0.01968,100.0,0.98032,1.41698,0.0,-6.46,56.8182,0.0,106.9332,-46.1526,-12.177,38,8,11,84,22,17,43,168,30,105,33,0,84,67,17,0,59,0,6,0.17857142857142858,0.5,168,44,24,-5.959,6022.531,0.0,0.0,0.0,0.0,-702.07,-199.526,-817.0,0.0,-53.5,6022.531,0.0,0.0,0.0,0.0,-702.07,-199.526,-817.0,0.0,-53.5,0,24,40,40,0,0,0,0,59,5,0,0,0,0,,0,0,1,0,0,464,16,16,184,184,320,96,25,25,4,0,638,18,0,0,561,5,0,1,1,1,0,0,31,49,0,36,0,305,0,63,0,0,0,3995,74.76846057571964,2.1817877469032476,21.25156445556946,1.325588949952709,12.515644555694617,0.7008760951188986,3.312,0.0009248297154295744,0.0023581941927189073,0.00783396443625077,-0.025317408818880033,0.9092374300134594,0.8469585503997474,0.03438618906034992,-0.06868085113418257,0.3061207836235916,0.1665815022994379,0.03065616120214897,1957.0,,,,,,,,,,,,,,,,,,,,
149,25_5_2_5_2_1,25_5_2_5_2_1_StartGoalLocations_Seed1006.csv,25,2662.7340294122696,25,1.0,0,0,0,0,0,0,0,134,0,134,0.0,0.22125084061869535,6.2742695104538715,0,0,0,0.0652320107599193,0.5978480161398789,0.0,0,0,0,0,0,0,134,141,97,44,4,4,4,0,4,2,1,4,0,0,0,0,0,0,0,0,0,0,0,0,0,0,0,0,0.0,0.0,0.0,0.0,0.0,0.0,0,,,0,,,,,,,,,10.2,0.0,4.8,0,0,0,0,0,0,0,0,57,0,50,2,5,0,4,0.8772,0.0351,0,0,0,148.7,0.0,2500.0,0.0,1226.989,-500.389,31.5,0.0,0.0,0.0,0.459,-272.525,0.0,-407.5,0.0,0.0,0.0,0.0,0.0,0.0,0.0,-64.5,0.0,0.0,2.29106,12.84982,-0.18296,0.36725,-0.27404,0.24884,0.0,0.0,-0.04338,0.14074,0.0,-435.891,2500.0,0.0,1491.085,-430.966,-0.29313,0.56432,1.68124,12.8568,0.71292,1.25314,0.22327,1.31292,0.01681,100.0,0.98319,1.31467,0.0,-5.056,35.5114,0.0,71.9137,-32.2794,-7.421,57,39,37,124,113,29,63,332,151,140,41,0,120,183,29,0,21,0,61,0.45481927710843373,0.3614457831325301,332,86,10,-2.175,3872.267,0.459,0.0,0.0,0.0,-465.468,-272.525,-407.5,0.0,-64.5,3872.267,0.459,0.0,0.0,0.0,-465.468,-272.525,-407.5,0.0,-64.5,0,105,25,25,0,0,0,0,103,5,0,0,0,0,,0,0,0,0,0,712,16,16,304,304,728,420,92,92,8,0,150,0,0,0,441,0,0,0,0,0,0,0,5,0,0,17,0,305,0,4,0,0,0,2916,75.960219478738,2.001354401805869,40.6721536351166,2.8170531668368897,29.11522633744856,4.663923182441701,2.739693757361602,0.0008741924212505652,0.002270404076768776,0.007803296678165874,-0.025046323310960544,0.9077159822656867,0.8431181535961922,0.04060161474757315,-0.10210458362956396,0.32127922223825855,0.16232186305179006,0.02848369851158784,2877.0,,,,,,,,,,,,,,,,,,,,
150,50_20_5_10_5_2,50_20_5_10_5_2_StartGoalLocations_Seed1009.csv,40,7311.3998790979385,40,1.0,0,0,0,0,0,0,0,0,0,0,0.0,0.0,9.677166857579229,0,0,0,0.012600229095074456,0.8491790759831997,0.0,0,0,0,0,0,0,0,0,0,0,0,0,0,0,0,0,0,0,0,0,0,0,0,0,0,0,0,0,0,0,0,0,0,0,0.0,0.0,0.0,0.0,0.0,0.0,0,,,0,,,,,,,,,26.75,0.0,0.0,0,0,0,0,0,0,0,0,103,0,86,8,9,0,0,0.835,0.0777,0,0,0,261.9,0.0,4000.0,0.0,3358.5,-208.5,0.0,0.0,0.0,0.0,0.0,0.0,0.0,0.0,0.0,0.0,0.0,0.0,0.0,0.0,0.0,-100.5,0.0,0.0,2.83005,12.13754,0.0,0.0,0.0,0.0,0.0,0.0,-0.03837,0.13309,0.0,0.0,4000.0,0.0,4601.6,-137.945,0.0,0.0,1.5273,12.26366,1.70434,0.89765,0.0,0.0,0.01527,100.0,0.98473,1.83775,0.0,0.0,56.8182,0.0,191.9143,-17.6571,0.0,0,0,0,0,0,0,0,0,0,0,0,0,0,0,0,0,0,0,0,,,0,0,0,0.0,7606.5,0.0,0.0,0.0,0.0,-194.6,0.0,0.0,0.0,-100.5,7606.5,0.0,0.0,0.0,0.0,-194.6,0.0,0.0,0.0,-100.5,0,0,40,40,0,0,0,0,0,5,0,0,0,0,,0,0,0,0,0,688,0,0,0,0,0,0,0,0,0,0,0,0,0,0,130,0,0,0,0,0,0,0,0,0,0,0,0,3200,0,0,0,0,0,5151,9.49330227140361,1.0,0.34944670937682004,0.6114583399612457,0.17472335468841002,0.0,4.333333333333333,0.0012933824560753047,0.0021026596869612763,0.007082296345859419,-0.026348764347562264,0.9252106086459271,0.8216320158437241,0.02892660193665083,-0.07696829017165095,0.298790766327408,0.17229953611663354,0.030561719081672996,3018.0,,,,,,,,,,,,,,,,,,,,
