episode,map,scen,agents,reward,completed,completion_rate,collisions,recovery_invocations,recovery_forced,recovery_resolved,recovery_wasted,recovery_preemptive,recovery_preemptive_success,risk_steps,risk_steps_acted,warning_steps,intervention_rate,brake_duty_cycle,mean_peer_gap,errors_injected,handovers_completed,retired_recalled,action_override_rate,gradient_agreement,mean_hops_remaining,wave_fired,wave_failures,wave_rescuers_hit,ladder_l3_fired,ladder_l3_fleets,ladder_rules_while_held,ladder_shadow_steps_with_groups,ladder_shadow_groups,ladder_shadow_groups_2,ladder_shadow_groups_3plus,ladder_shadow_max_group,ladder_shadow_cycles_seen,ladder_shadow_cycles_2,ladder_shadow_cycles_3plus,ladder_shadow_cycles_in_corridor,ladder_shadow_max_cycle,ladder_shadow_max_cycle_persist,ladder_shadow_cycles_cleared_in_grace,ladder_retrace_orders,ladder_retrace_hops,ladder_retrace_released,ladder_retrace_timeouts,ladder_retrace_no_room,ladder_retrace_multi,ladder_retrace_skipped_corridor,ladder_retrace_timeout_not_arrived,ladder_retrace_timeout_others_stuck,ladder_retrace_timeout_last_head_on,ladder_retrace_timeout_last_contested,ladder_retrace_timeout_last_blocked,ladder_retrace_timeout_last_following,ladder_retrace_timeout_last_none,ladder_retrace_collisions_while_retreating,ladder_retrace_open,ladder_rung_l1_events,ladder_rung_l2_events,ladder_rung_l3_events,ladder_rung_l1_charged,ladder_rung_l2_charged,ladder_rung_l3_charged,ladder_shadow_cycles_needing_retreat,incomplete_dead_no_pickup,incomplete_dead_rescued,incomplete_moving,incomplete_total,hops_dead_no_pickup,hops_dead_rescued,hops_moving,start_hops_dead_no_pickup,start_hops_dead_rescued,start_hops_moving,steps_held_dead_no_pickup,steps_held_dead_rescued,steps_held_moving,steps_waiting_dead_no_pickup,steps_waiting_dead_rescued,steps_waiting_moving,start_hops_delivered,steps_held_delivered,steps_waiting_delivered,sep_pairs,tier1_real_escapes,tier1_noop_escapes,tier1_rejected_occupied,tier1_rejected_obstacle,tier2_rejected_obstacle,recurrence_escalations,recurrence_pairs_tracked,doorstep_steps,doorstep_arrived,doorstep_closer,doorstep_idle,doorstep_away,doorstep_overridden,doorstep_peer_within_warning,doorstep_step_in_rate,doorstep_idle_rate,convoy_fleets_exempted,convoy_invocations_skipped,held_pair_invocations_skipped,rwd_term_pos_goal_baseline,rwd_term_neg_goal_baseline,rwd_term_pos_goal_delivery,rwd_term_neg_goal_delivery,rwd_term_pos_goal_progress,rwd_term_neg_goal_progress,rwd_term_pos_goal_final_approach,rwd_term_neg_goal_final_approach,rwd_term_pos_safety_collision,rwd_term_neg_safety_collision,rwd_term_pos_safety_warning,rwd_term_neg_safety_warning,rwd_term_pos_integrity_coherence,rwd_term_neg_integrity_coherence,rwd_term_pos_integrity_recovery_events,rwd_term_neg_integrity_recovery_events,rwd_term_pos_rescue_pickup,rwd_term_neg_rescue_pickup,rwd_term_pos_rescue_rescue_delivery,rwd_term_neg_rescue_rescue_delivery,rwd_term_pos_time_idle,rwd_term_neg_time_idle,rwd_term_pos_time_overtime,rwd_term_neg_time_overtime,rwd_spread_mean_goal,rwd_spread_std_goal,rwd_spread_mean_safety,rwd_spread_std_safety,rwd_spread_mean_integrity,rwd_spread_std_integrity,rwd_spread_mean_rescue,rwd_spread_std_rescue,rwd_spread_mean_time,rwd_spread_std_time,rwd_shadow_pos_safety,rwd_shadow_neg_safety,rwd_shadow_pos_delivery,rwd_shadow_neg_delivery,rwd_shadow_pos_efficiency,rwd_shadow_neg_efficiency,rwd_shadow_mean_safety,rwd_shadow_std_safety,rwd_shadow_mean_delivery,rwd_shadow_std_delivery,rwd_shadow_mean_efficiency,rwd_shadow_std_efficiency,rwd_shadow_freq_safety,rwd_shadow_typical_safety,rwd_shadow_freq_delivery,rwd_shadow_typical_delivery,rwd_shadow_freq_efficiency,rwd_shadow_typical_efficiency,rwd_live_pos_safety,rwd_live_neg_safety,rwd_live_pos_delivery,rwd_live_neg_delivery,rwd_live_pos_efficiency,rwd_live_neg_efficiency,rwd_approach_total,rwd_standoff_pairsteps,rwd_standoff_longest,rwd_standoff_past_cap,rwd_choice_wait,rwd_choice_follow,rwd_choice_reroute,rwd_choice_proceed,choice_n,choice_policy_wait,choice_policy_toward,choice_policy_away,choice_policy_side,choice_exec_wait,choice_exec_toward,choice_exec_away,choice_exec_side,choice_over_rule,choice_over_hold,choice_over_other,choice_policy_wait_share,choice_exec_wait_share,rwd_warnundo_fleetsteps,rwd_warnundo_mismatched,rwd_warnundo_escaped_kept,rwd_warnundo_error,rwd_all_pos_goal,rwd_all_pos_safety,rwd_all_pos_integrity,rwd_all_pos_rescue,rwd_all_pos_time,rwd_all_neg_goal,rwd_all_neg_safety,rwd_all_neg_integrity,rwd_all_neg_rescue,rwd_all_neg_time,rwd_learned_pos_goal,rwd_learned_pos_safety,rwd_learned_pos_integrity,rwd_learned_pos_rescue,rwd_learned_pos_time,rwd_learned_neg_goal,rwd_learned_neg_safety,rwd_learned_neg_integrity,rwd_learned_neg_rescue,rwd_learned_neg_time,held_pair_fleets_exempted,convoy_splats_skipped,orders_total,orders_delivered,orders_undelivered,orders_inherited,orders_inherited_delivered,orders_stranded_in_open_pickups,sep_warning_splats,preempt_window,preempt_watched,preempt_collided_k,preempt_clear_k,preempt_pending,preempt_prevention_rate,preempt_fleets_hit_k,preempt_fleets_watched,conflict_collapses,conflict_repeat_offences,conflict_max_pair_repeat,conflict_evaluations,conflict_pairs_head_on,conflict_warned_head_on,conflict_pairs_blocked,conflict_warned_blocked,conflict_pairs_following,conflict_warned_following,conflict_pairs_contested,conflict_warned_contested,conflict_pairs_sequential,conflict_warned_sequential,conflict_pairs_none,conflict_warned_none,conflict_pairs_unknown,conflict_warned_unknown,conflict_brake_convoy_exempt,corridor_entry_waits,corridor_entry_contests,corridor_meetings,corridor_retreaters,corridor_released,corridor_timeouts,corridor_no_pullover,corridor_claim_waits,corridor_hold_steps,corridor_entry_pullovers,corridor_stopped_waits,corridor_stopped_cycles_left,corridor_count,corridor_orders_open,corridor_aging_resets,conflict_holds,conflict_holds_at_cap,conflict_hold_steps,path_views,path_seeing_pct,path_routes_seen_mean,path_shared_pct,path_overlap_mean,path_contested_pct,path_contested_next_pct,path_contested_soonest,loss_safety,loss_delivery,loss_efficiency,qval_safety,qval_delivery,qval_efficiency,loss_recovery,qval_recovery,loss_teacher,teacher_agree,teacher_share,teacher_n,incomplete_livelocked,hops_livelocked,start_hops_livelocked,steps_held_livelocked,steps_waiting_livelocked,sep_min,sep_mean_nearest,sep_within_collision,sep_within_warning,sep_pct_within_warning,incomplete_rescuer_busy,incomplete_dead_rescue_late,hops_rescuer_busy,hops_dead_rescue_late,start_hops_rescuer_busy,start_hops_dead_rescue_late,steps_held_rescuer_busy,steps_held_dead_rescue_late,steps_waiting_rescuer_busy,steps_waiting_dead_rescue_late,incomplete_waiting,hops_waiting,start_hops_waiting,steps_held_waiting,steps_waiting_waiting
1,25_5_2_5_2_1,25_5_2_5_2_1_StartGoalLocations_Seed1016.csv,40,-109.56026872992516,39,0.975,7,1,7,7,0,1,1,172,1,165,0.005813953488372093,0.14079822616407983,7.107568781332036,7,5,6,0.25827395091053046,0.35961995249406176,9.303997039794922,1,2,0,1,2,0,170,376,344,32,3,29,27,2,24,3,34,18,7,10,7,0,3,0,2,0,0,0,0,0,0,0,0,0,7.0,9.0,1.0,-49.79999999999999,-433.79999999999995,-100.0,11,2.0,5.0,1.0,8,1.0,9.52,9.3,5.0,20.6,2.0,0.0,0.0,0.0,18.5,3.4,63.0,7.61,0.2,9.1,0,17,0,8,0,0,0,7,205,0,87,41,77,0,14,0.4244,0.2,0,0,0,631.5,0.0,3900.0,0.0,3957.685,-2893.859,42.0,0.0,0.0,-800.0,4.666,-468.052,0.0,-2086.5,0.0,-1612.0,125.0,0.0,0.0,0.0,0.0,-565.0,0.0,-345.0,0.89269,7.92223,-0.20006,2.51595,-0.58567,1.58282,0.01979,0.70318,-0.1441,0.7345,0.0,-1821.285,4025.0,0.0,4990.747,-2779.42,-0.28841,2.61871,0.63737,7.86424,0.35017,1.48045,0.12969,2.22379,0.00697,91.47727,0.99367,1.23827,0.0,-53.5286,57.1733,0.0,228.382,-217.1919,-41.432,124,12,24,371,58,180,185,797,188,238,371,0,369,247,181,0,236,0,121,0.23588456712672523,0.4629861982434128,795,407,39,2.898,8328.308,3.32,0.0,125.0,0.0,-2690.981,-1266.707,-3698.5,0.0,-910.0,8328.308,3.32,0.0,125.0,0.0,-2690.981,-1266.707,-3698.5,0.0,-910.0,0,96,40,39,1,4,4,0,324,5,1,0,1,0,1.0,0,2,8,1,2,3200,488,488,654,654,864,384,140,140,8,0,767,26,0,0,648,13,0,6,9,9,0,0,100,168,3,129,3,305,0,177,1,0,5,19918,46.08896475549754,2.0685185185185184,18.345215383070588,1.4536774978508076,12.591625665227433,1.9128426548850286,2.84170653907496,0.005765759147999977,0.007465080501672178,0.0014669893299522614,-0.0073621776081859115,0.05341666890134507,-0.012884819688297333,0.0016525264066181826,0.0466356355334955,0.40952101763509624,0.37599959827761525,0.09704851693154828,79657.0,,,,,,,,,,,,,,,,,,,,,,,,,
2,50_20_5_10_5_2,50_20_5_10_5_2_StartGoalLocations_Seed1015.csv,40,7466.85822892189,37,0.925,0,0,0,0,0,0,0,32,0,32,0.0,0.007681802663024923,9.812995801732255,13,11,12,0.08159781495390918,0.47635711847046774,18.666666666666668,3,8,2,0,0,0,26,26,26,0,2,0,0,0,0,0,0,0,0,0,0,0,0,0,0,0,0,0,0,0,0,0,0,0,0.0,1.0,0.0,0.0,-21.6,0.0,0,2.0,11.0,2.0,16,6.25,15.55,19.5,37.0,29.14,33.25,0.0,0.0,0.0,0.0,0.0,5.0,26.6,0.0,0.9,3,0,0,0,0,0,0,0,351,0,195,66,90,0,0,0.5556,0.188,0,0,0,1171.6,0.0,3700.0,0.0,9731.644,-5090.644,0.0,0.0,0.0,0.0,0.32,-44.062,0.0,-385.5,0.0,0.0,275.0,0.0,0.0,0.0,0.0,-856.5,0.0,-1035.0,0.81193,5.74194,-0.00373,0.05146,-0.0329,0.12397,0.02347,0.76567,-0.16145,0.88221,0.0,-73.448,3975.0,0.0,13917.018,-3914.348,-0.00627,0.08605,0.33928,5.66149,0.85376,1.63393,0.00546,1.14763,0.0041,82.8125,0.99565,1.52862,0.0,-1.6852,56.4631,0.0,548.7035,-391.5892,-4.204,10,2,0,34,2,9,19,64,22,29,13,0,34,21,9,0,13,0,3,0.34375,0.53125,64,42,8,-2.293,14263.444,0.32,0.0,275.0,0.0,-4750.844,-44.062,-385.5,0.0,-1891.5,14263.444,0.32,0.0,275.0,0.0,-4750.844,-44.062,-385.5,0.0,-1891.5,0,12,40,37,3,11,8,0,20,5,0,0,0,0,,0,0,0,0,0,3200,0,0,56,56,128,48,0,0,0,0,80,24,0,0,212,1,0,1,1,1,0,0,3,8,0,10,0,3200,0,10,0,0,0,38047,12.184929166557152,1.0,4.733618944989092,1.718822900307205,3.5955528688201435,1.035561279470129,2.5409356725146197,0.0019959396502599704,0.004604404632555088,0.0018001470803574193,0.014582261190007557,0.06167061945423484,0.021358235843454167,0.007798471684400283,0.04645823661878239,0.42041893943237446,0.2900461711243293,0.039995428808334996,24041.0,1.0,17.0,35.0,0.0,13.0,36.5,64.0,0.0,0.0,0.0,,,,,,,,,,,,,,,
3,25_5_2_5_2_1,25_5_2_5_2_1_StartGoalLocations_Seed1004.csv,60,4303.8925613462925,60,1.0,2,0,2,2,0,0,0,129,0,127,0.0,0.22735507246376813,5.139887521239133,0,0,0,0.13654891304347827,0.47078804347826086,0.0,0,0,0,0,0,0,129,303,296,7,3,17,17,0,15,2,3,10,5,5,5,0,1,0,1,0,0,0,0,0,0,0,0,0,5.0,6.0,0.0,-23.999999999999996,-211.20000000000002,0.0,7,,,,0,,,,,,,,,,,,,7.43,0.0,6.1,0,4,0,2,0,0,0,2,192,0,109,18,65,0,22,0.5677,0.0938,0,0,0,441.6,0.0,6000.0,0.0,3048.86,-1795.096,7.0,0.0,0.0,-200.0,7.643,-458.114,0.0,-2012.5,0.0,-480.0,0.0,0.0,0.0,0.0,0.0,-255.5,0.0,0.0,1.74419,11.60853,-0.1473,1.52395,-0.56442,0.88253,0.0,0.0,-0.05786,0.15994,0.0,-1011.864,6000.0,0.0,3591.315,-1620.598,-0.22914,1.60453,1.3587,11.57685,0.44627,1.24896,0.16304,1.40537,0.01359,100.0,0.98641,1.19649,0.0,-24.8997,85.2273,0.0,174.6206,-117.1769,-58.859,94,10,21,276,61,189,193,722,161,309,252,0,276,255,191,0,155,0,58,0.22299168975069253,0.38227146814404434,722,372,125,-30.606,9365.077,7.512,0.0,0.0,0.0,-1662.713,-657.982,-2492.5,0.0,-255.5,9365.077,7.512,0.0,0.0,0.0,-1662.713,-657.982,-2492.5,0.0,-255.5,0,113,60,60,0,0,0,0,250,5,0,0,0,0,,0,0,2,0,0,812,104,104,573,573,1336,452,117,117,0,0,1695,218,0,0,736,1,0,3,6,6,0,0,60,62,3,106,0,305,0,81,0,0,0,9129,81.47661299156535,2.6396880881957516,31.1315587687589,1.2447176468086723,19.531164421075694,3.154781465658889,3.025799214806506,0.001020092563517277,0.004944081412481483,0.002057286012651665,0.015971358583350047,0.065409886315832,0.03364628198753877,0.013747832508473267,0.023764671652297963,0.44634512584105784,0.18886956521739132,0.03526919754780697,5750.0,,,,,,,,,,,,,,,,,,,,,,,,,
4,25_5_2_5_2_1,25_5_2_5_2_1_StartGoalLocations_Seed1019.csv,25,1012.5020131766796,23,0.92,4,0,4,4,0,0,0,120,0,116,0.0,0.12438302073050346,7.647218752165753,7,4,5,0.24021059559065483,0.5574202040144784,4.5,2,4,1,0,0,0,120,158,158,0,2,10,10,0,8,2,2,8,1,3,1,0,0,0,1,0,0,0,0,0,0,0,0,0,1.0,2.0,0.0,-14.399999999999999,-33.6,0.0,2,2.0,4.0,,8,4.5,7.38,,7.0,13.25,,0.0,0.0,,1.0,0.0,,10.56,0.0,2.3,0,8,0,4,0,0,0,4,92,0,58,14,20,0,4,0.6304,0.1522,0,0,0,303.9,0.0,2300.0,0.0,1951.693,-1125.711,10.5,0.0,0.0,-400.0,5.073,-205.953,0.0,-794.5,0.0,-408.0,100.0,0.0,0.0,0.0,0.0,-379.5,0.0,-345.0,1.13208,8.72516,-0.19772,2.56542,-0.39569,1.02381,0.03291,0.9064,-0.2384,1.00535,0.0,-826.147,2400.0,0.0,2278.828,-1489.308,-0.27185,2.66335,0.78973,8.71101,0.2598,1.61181,0.10793,2.51874,0.00888,88.88889,0.99177,1.25021,0.0,-18.4518,34.0909,0.0,110.8396,-104.4406,-19.896,51,9,9,146,16,83,70,316,84,85,147,0,145,87,84,0,83,0,23,0.26582278481012656,0.4588607594936709,316,159,47,-3.733,4486.945,4.672,0.0,100.0,0.0,-1046.563,-605.552,-1202.5,0.0,-724.5,4486.945,4.672,0.0,100.0,0.0,-1046.563,-605.552,-1202.5,0.0,-724.5,0,52,25,23,2,3,3,1,105,5,0,0,0,0,,0,0,4,0,0,3200,48,48,308,308,492,208,70,70,4,0,196,0,0,0,413,1,1,0,2,1,1,0,19,53,2,21,0,305,0,15,0,0,0,15539,36.224982302593475,1.280689287617694,14.704935967565481,1.517352320826908,10.817941952506596,2.1108179419525066,2.8572278405710887,0.001316183593171445,0.005675555925845402,0.0022755462031636853,0.012501652592618484,0.08236575203482062,0.05729245099471882,0.019639619961380958,0.011233574405778199,0.4291640836920292,0.1661552145875028,0.03815575307576115,22485.0,,,,,,,,,,,1.0,1.0,4.5,4.5,4.5,13.0,0.0,0.0,70.0,55.0,,,,,
5,25_5_2_5_2_1,25_5_2_5_2_1_StartGoalLocations_Seed1003.csv,40,2629.4793589413166,39,0.975,3,0,3,3,0,0,0,79,0,76,0.0,0.10061877858488028,6.960275435370722,5,5,3,0.193166532149583,0.5364541296744687,20.5,1,4,0,0,0,0,75,116,114,2,3,10,10,0,10,2,4,6,4,4,4,0,0,0,0,0,0,0,0,0,0,0,0,0,4.0,2.0,0.0,-20.4,-43.199999999999996,0.0,4,,5.0,1.0,6,,6.2,20.5,,12.4,19.0,,0.0,0.0,,3.4,6.0,6.47,0.0,2.7,0,6,0,3,0,0,0,3,159,0,75,26,58,0,18,0.4717,0.1635,0,0,0,371.7,0.0,3900.0,0.0,2468.14,-1596.421,10.5,0.0,0.0,-200.0,1.035,-166.474,0.0,-994.0,0.0,-576.0,125.0,0.0,0.0,0.0,0.0,-369.0,0.0,-345.0,1.38658,10.24176,-0.09832,1.64521,-0.42238,1.09317,0.03363,0.9163,-0.19209,0.92793,0.0,-539.147,4025.0,0.0,2935.035,-1699.629,-0.14505,1.72451,1.08286,10.227,0.33237,1.55484,0.07237,2.00426,0.01184,91.47727,0.98816,1.26182,0.0,-12.2174,57.1733,0.0,140.8556,-131.2431,-21.956,34,5,4,82,39,65,80,267,57,111,99,0,82,120,65,0,46,0,44,0.21348314606741572,0.30711610486891383,267,114,31,-7.793,6640.674,0.746,0.0,125.0,0.0,-1486.755,-366.185,-1570.0,0.0,-714.0,6640.674,0.746,0.0,125.0,0.0,-1486.755,-366.185,-1570.0,0.0,-714.0,0,51,40,39,1,5,5,0,83,5,0,0,0,0,,0,0,3,0,0,3200,68,68,164,164,534,204,29,29,4,0,990,80,0,0,628,5,1,2,2,2,0,0,15,22,0,33,2,305,0,41,0,0,0,14761,35.76315967752862,2.4680810759613565,14.301199105751643,1.4130270211612836,10.432897500169366,0.9890928798861865,3.1603896103896103,0.0013199544032977428,0.004833891608868725,0.0023454314141417854,0.010662365128898727,0.09618602118454873,0.08280059755081311,0.026856027502799407,-0.01929237504482444,0.4218207507501767,0.15537555228276878,0.03570747841668121,17654.0,,,,,,,,,,,,,,,,,,,,,,,,,
6,50_20_5_10_5_2,50_20_5_10_5_2_StartGoalLocations_Seed1017.csv,40,7054.199886441231,40,1.0,0,0,0,0,0,0,0,0,0,0,0.0,0.0,9.94069004847448,0,0,0,0.009409751924721984,0.7177074422583405,0.0,0,0,0,0,0,0,0,0,0,0,0,0,0,0,0,0,0,0,0,0,0,0,0,0,0,0,0,0,0,0,0,0,0,0,0.0,0.0,0.0,0.0,0.0,0.0,0,,,,0,,,,,,,,,,,,,24.43,0.0,0.0,0,0,0,0,0,0,0,0,120,0,91,8,21,0,0,0.7583,0.0667,0,0,0,350.7,0.0,4000.0,0.0,3784.5,-913.5,0.0,0.0,0.0,0.0,0.0,0.0,0.0,0.0,0.0,0.0,0.0,0.0,0.0,0.0,0.0,-167.5,0.0,0.0,2.05922,10.59379,0.0,0.0,0.0,0.0,0.0,0.0,-0.04776,0.14697,0.0,0.0,4000.0,0.0,5082.97,-610.985,0.0,0.0,1.14058,10.6187,1.27516,1.23068,0.0,0.0,0.01141,100.0,0.98859,1.64233,0.0,0.0,56.8182,0.0,216.2572,-61.7714,0.0,0,0,0,0,0,0,0,0,0,0,0,0,0,0,0,0,0,0,0,,,0,0,0,0.0,8074.3,0.0,0.0,0.0,0.0,-852.6,0.0,0.0,0.0,-167.5,8074.3,0.0,0.0,0.0,0.0,-852.6,0.0,0.0,0.0,-167.5,0,0,40,40,0,0,0,0,0,5,0,0,0,0,,0,0,0,0,0,876,0,0,0,0,0,0,0,0,0,0,0,0,0,0,111,0,0,0,0,0,0,0,0,0,0,0,0,3200,0,0,0,0,0,6923,1.1266791853242815,1.0769230769230769,0.0,0.0,0.0,0.0,0.0,0.0009588326659605341,0.0044950229744639535,0.0023399934578754995,0.011577190955160993,0.10528364447562118,0.10859561793199957,0.03286694610261754,-0.039444275242893116,0.3907075822028483,0.14752906976744187,0.03257469145350219,4128.0,,,,,,,,,,,,,,,,,,,,,,,,,
7,50_20_5_10_5_2,50_20_5_10_5_2_StartGoalLocations_Seed1010.csv,40,7769.492764413357,40,1.0,1,0,1,1,0,0,0,26,0,25,0.0,0.010228166797797011,9.579222171068379,6,6,5,0.026357199055861525,0.6795830055074744,0.0,2,6,1,0,0,0,25,25,25,0,2,3,3,0,3,2,6,0,3,3,3,0,0,0,0,0,0,0,0,0,0,0,0,0,3.0,0.0,0.0,-14.4,0.0,0.0,3,,6.0,,6,,13.92,,,43.58,,,0.0,,,0.0,,27.03,0.0,0.3,0,2,0,1,0,0,0,1,116,0,89,17,10,0,0,0.7672,0.1466,0,0,0,508.4,0.0,4000.0,0.0,5324.842,-1315.178,0.0,0.0,0.0,-100.0,0.977,-18.048,0.0,-344.0,0.0,-144.0,150.0,0.0,0.0,0.0,0.0,-293.5,0.0,0.0,1.67546,8.8404,-0.02303,0.99085,-0.09599,0.50121,0.0295,0.85833,-0.05773,0.15979,0.0,-158.271,4150.0,0.0,7448.795,-924.908,-0.03113,1.02732,0.81629,8.87409,1.28322,1.28841,0.01023,3.04368,0.00905,90.21739,0.99135,1.66145,0.0,-4.2329,58.9489,0.0,304.2767,-91.9244,-4.788,0,0,0,8,0,18,24,50,15,21,14,0,8,24,18,0,6,0,7,0.3,0.16,50,28,4,-0.8,9744.936,0.796,0.0,150.0,0.0,-1226.872,-117.867,-488.0,0.0,-293.5,9744.936,0.796,0.0,150.0,0.0,-1226.872,-117.867,-488.0,0.0,-293.5,0,2,40,40,0,6,6,0,22,5,0,0,0,0,,0,0,1,0,0,2004,40,40,22,22,140,8,28,28,4,0,13,0,0,0,270,0,0,0,0,0,0,0,2,0,0,2,0,3200,0,3,0,0,0,14629,14.614806206849408,1.0739008419083256,4.805523275685283,1.0539118185861944,3.499897463941486,0.5742019276779,3.11328125,0.001008932965256561,0.0046066109781402595,0.0022709549673295723,0.012441270479531247,0.10765754601020298,0.1263584430346232,0.036808515726003105,-0.044770313625757445,0.4168511702984321,0.15353168294344766,0.028712024116285827,8806.0,,,,,,,,,,,,,,,,,,,,,,,,,
8,50_20_5_10_5_2,50_20_5_10_5_2_StartGoalLocations_Seed1016.csv,40,8055.499975770712,40,1.0,0,0,0,0,0,0,0,0,0,0,0.0,0.0007149240393208221,9.585361931385794,8,8,6,0.029848078641644325,0.6155495978552279,0.0,3,8,0,0,0,0,0,0,0,0,0,0,0,0,0,0,0,0,0,0,0,0,0,0,0,0,0,0,0,0,0,0,0,0,0.0,0.0,0.0,0.0,0.0,0.0,0,,8.0,,8,,14.06,,,31.62,,,0.0,,,0.0,,24.42,0.0,0.0,0,0,0,0,0,0,0,0,190,0,114,37,39,0,0,0.6,0.1947,0,0,0,559.5,0.0,4000.0,0.0,5385.0,-1669.5,0.0,0.0,0.0,0.0,0.0,0.0,0.0,0.0,0.0,0.0,200.0,0.0,0.0,0.0,0.0,-419.5,0.0,0.0,1.479,8.45469,0.0,0.0,0.0,0.0,0.03575,0.94466,-0.07498,0.17851,0.0,0.0,4200.0,0.0,7532.319,-1151.165,0.0,0.0,0.75067,8.47482,1.14051,1.31829,0.0,0.0,0.00858,87.5,0.99088,1.56628,0.0,-0.0117,59.6591,0.0,307.7143,-119.3714,-0.4,0,0,0,0,0,0,0,0,0,0,0,0,0,0,0,0,0,0,0,,,0,0,0,0.0,9833.2,0.0,0.0,200.0,0.0,-1558.2,0.0,0.0,0.0,-419.5,9833.2,0.0,0.0,200.0,0.0,-1558.2,0.0,0.0,0.0,-419.5,0,0,40,40,0,8,8,0,0,5,0,0,0,0,,0,0,0,0,0,1840,0,0,0,0,24,0,0,0,0,0,32,0,0,0,553,1,0,0,0,0,0,0,1,0,0,0,0,3200,0,2,0,0,0,16963,14.14254554029358,1.0100041684035015,5.14060012969404,1.586955296911658,4.268112951718446,0.5541472616872015,3.2845303867403315,0.001187909900901381,0.00532259411715052,0.0029003293152250675,0.010049025975446135,0.13104268767587515,0.16093224227104497,0.051995639575888285,-0.0715929374827639,0.3952887112490732,0.18672541999449188,0.025102772400334386,7262.0,,,,,,,,,,,,,,,,,,,,,,,,,
9,25_5_2_5_2_1,25_5_2_5_2_1_StartGoalLocations_Seed1000.csv,60,411.48900976777077,57,0.95,6,7,6,6,0,7,2,688,7,682,0.010174418604651164,0.34636694633528575,4.8023483299139995,5,4,2,0.31497309275087054,0.5240582462804685,4.112305323282878,1,2,0,7,14,5,685,1006,989,17,3,36,36,0,30,2,4,27,7,9,7,0,2,0,0,0,0,0,0,0,0,0,0,0,7.0,11.0,7.0,-43.79999999999999,-285.59999999999997,-700.0,9,,4.0,2.0,8,,5.07,5.67,,12.5,4.25,,0.0,2.5,,16.8,129.5,6.43,0.4,11.4,3,20,0,10,0,0,5,5,685,0,270,160,255,0,350,0.3942,0.2336,0,0,0,631.8,0.0,5700.0,0.0,3184.261,-1986.028,101.5,0.0,0.0,-600.0,12.834,-1109.878,0.0,-2893.5,0.0,-852.0,100.0,0.0,0.0,0.0,0.0,-842.5,0.0,-1035.0,1.2079,9.50024,-0.2686,2.18344,-0.59283,0.93423,0.01583,0.62884,-0.29717,1.20183,0.0,-2887.698,5800.0,0.0,3898.176,-3226.879,-0.45706,2.3071,0.91801,9.47478,0.10625,1.69127,0.33064,1.38234,0.00965,95.08197,0.99098,1.13801,0.0,-80.3343,82.3864,0.0,184.7805,-217.7958,-79.565,486,41,241,1266,62,384,360,2073,437,1067,569,0,1264,424,385,0,525,24,525,0.21080559575494454,0.6097443318861553,2073,710,208,-35.846,9469.339,10.728,0.0,100.0,0.0,-1837.805,-1707.772,-3745.5,0.0,-1877.5,9469.339,10.728,0.0,100.0,0.0,-1837.805,-1707.772,-3745.5,0.0,-1877.5,0,163,60,57,3,4,3,1,885,5,7,0,7,0,1.0,0,14,13,6,5,3200,200,200,2603,2603,1789,652,648,648,16,0,1380,98,0,0,589,7,0,4,11,8,2,0,188,258,7,258,1,305,1,114,6,0,30,18715,72.54074271974352,1.8869328226281674,30.451509484370824,1.5456121868450978,20.774779588565323,9.014159764894469,2.223508230452675,0.0011297150012933342,0.005180593117329408,0.0029639014955319,0.006575165105260794,0.14418202676810324,0.16608572723343967,0.049169822221156206,-0.05699457857102971,0.3836782167558244,0.16578167448752779,0.032661205021386856,16196.0,,,,,,2.34,13.22,0.0,0.0,0.0,1.0,1.0,1.0,3.44,4.0,12.0,5.0,0.0,350.0,53.0,,,,,
10,50_20_5_10_5_2,50_20_5_10_5_2_StartGoalLocations_Seed1000.csv,60,8853.30298385024,60,1.0,0,0,0,0,0,0,0,7,0,7,0.0,0.00359804677460807,9.625036494525409,4,3,4,0.01593420714469288,0.6759187869442302,0.0,1,2,0,0,0,0,7,7,7,0,2,2,2,0,2,2,2,1,1,1,1,0,0,0,0,0,0,0,0,0,0,0,0,0,1.0,0.0,0.0,-4.8,0.0,0.0,1,1.0,3.0,,4,4.5,3.17,,16.0,18.0,,0.0,0.0,,0.0,0.0,,14.42,0.0,0.1,0,0,0,0,0,0,0,0,185,0,129,34,22,0,0,0.6973,0.1838,0,0,0,389.1,0.0,6000.0,0.0,3952.5,-1152.0,0.0,0.0,0.0,0.0,0.0,-1.797,0.0,-201.0,0.0,0.0,75.0,0.0,0.0,0.0,0.0,-208.5,0.0,0.0,2.36176,12.29038,-0.00046,0.0116,-0.05166,0.15219,0.01928,0.69391,-0.05359,0.15466,0.0,-7.018,6075.0,0.0,4700.234,-990.425,-0.0018,0.03343,1.5613,12.33881,0.95343,1.24356,0.00308,0.58487,0.01619,96.42857,0.98432,1.48581,0.0,-0.333,86.2926,0.0,225.8572,-77.7429,-0.622,1,1,0,4,2,2,6,14,3,10,1,0,4,8,2,0,2,0,0,0.21428571428571427,0.2857142857142857,14,4,4,-0.778,10264.8,0.0,0.0,75.0,0.0,-1075.2,-1.797,-201.0,0.0,-208.5,10264.8,0.0,0.0,75.0,0.0,-1075.2,-1.797,-201.0,0.0,-208.5,0,0,60,60,0,3,3,0,6,5,0,0,0,0,,0,0,0,0,0,1228,12,12,14,14,84,0,0,0,0,0,32,0,0,0,235,1,0,0,0,0,0,0,0,0,0,2,0,3200,0,3,0,0,0,9261,13.756613756613756,1.0,6.046863189720333,1.3014285912138543,4.794298671849692,0.36713097937587735,3.5855855855855854,0.0013322364023428924,0.0051597943635663494,0.003325942558682363,0.002940353330588398,0.1633181557884434,0.18495325664064394,0.05727527893667112,-0.0765403621323431,0.36717157808016054,0.1796875,0.035697345004283024,6656.0,,,,,,,,,,,,,,,,,,,,,,,,,
11,50_20_5_10_5_2,50_20_5_10_5_2_StartGoalLocations_Seed1010.csv,25,5717.300050444901,25,1.0,0,0,0,0,0,0,0,4,0,4,0.0,0.0011799410029498525,9.848318582720461,4,4,3,0.01799410029498525,0.7194690265486726,0.0,1,3,0,0,0,0,4,4,4,0,2,0,0,0,0,0,0,0,0,0,0,0,0,0,0,0,0,0,0,0,0,0,0,0,0.0,0.0,0.0,0.0,0.0,0.0,0,,4.0,,4,,19.12,,,37.25,,,0.0,,,0.0,,34.29,0.0,0.0,0,0,0,0,0,0,0,0,71,0,52,9,10,0,0,0.7324,0.1268,0,0,0,339.0,0.0,2500.0,0.0,3736.05,-718.05,0.0,0.0,0.0,0.0,0.8,0.0,0.0,-46.0,0.0,0.0,100.0,0.0,0.0,0.0,0.0,-194.5,0.0,0.0,1.72773,8.54793,0.00024,0.00971,-0.01357,0.08124,0.0295,0.85825,-0.05737,0.15936,0.0,-4.0,2600.0,0.0,5433.145,-525.92,-0.00118,0.02426,0.76696,8.59625,1.44756,1.29084,0.00236,0.5,0.00855,89.65517,0.99056,1.77459,0.0,-0.1326,36.9318,0.0,213.4886,-52.1457,-0.548,0,0,0,0,0,0,8,8,0,8,0,0,0,8,0,0,0,0,0,0.0,0.0,8,2,2,0.8,6527.15,0.8,0.0,100.0,0.0,-670.15,0.0,-46.0,0.0,-194.5,6527.15,0.8,0.0,100.0,0.0,-670.15,0.0,-46.0,0.0,-194.5,0,0,25,25,0,3,3,0,4,5,0,0,0,0,,0,0,0,0,0,2104,0,0,0,0,4,0,16,16,0,0,4,0,0,0,131,0,0,0,0,0,0,0,0,0,0,0,0,3200,0,0,0,0,0,10042,9.400517825134436,1.0,1.593308105954989,1.79250002251938,1.4538936466839274,0.21907986456881098,3.164383561643836,0.0011105138859586541,0.005517783881069476,0.0032659191014103505,0.003211401470126618,0.16966423848396017,0.20185990021086012,0.0659940855669658,-0.0858532512142631,0.3759097983700932,0.17523455824863174,0.03238403499781685,10232.0,,,,,,,,,,,,,,,,,,,,,,,,,
12,25_5_2_5_2_1,25_5_2_5_2_1_StartGoalLocations_Seed1007.csv,60,2625.118851661682,59,0.9833333333333333,6,0,6,6,0,0,0,173,0,167,0.0,0.19366783928902054,5.6964080213915524,3,3,2,0.13846723435764532,0.48185857089966677,15.5,1,3,0,0,0,0,171,356,289,67,4,53,47,6,42,4,9,30,16,28,16,0,1,1,5,0,0,0,0,0,0,0,0,0,16.0,6.0,0.0,-154.80000000000007,-323.1000000000001,0.0,23,,3.0,1.0,4,,4.33,15.5,,8.67,18.0,,0.0,0.0,,0.0,22.0,7.5,0.1,5.8,0,13,0,8,0,0,0,6,234,0,110,39,85,0,19,0.4701,0.1667,0,0,0,540.2,0.0,5900.0,0.0,3773.779,-2468.028,10.5,0.0,0.0,-700.0,9.156,-473.988,0.0,-2152.0,0.0,-1280.0,75.0,0.0,0.0,0.0,0.0,-264.5,0.0,-345.0,1.43585,10.44612,-0.21563,2.54505,-0.63532,1.5876,0.01388,0.58898,-0.11283,0.74696,0.0,-1687.673,5975.0,0.0,4517.439,-2347.944,-0.31242,2.6506,1.10607,10.40877,0.40161,1.48142,0.15494,2.01634,0.01148,96.37097,0.98908,1.28493,0.0,-48.5859,84.8722,0.0,214.2445,-173.8587,-65.596,100,6,6,276,51,290,221,840,118,327,395,0,276,274,290,0,216,2,86,0.14047619047619048,0.32857142857142857,837,410,97,-12.16,10045.429,7.988,0.0,75.0,0.0,-2288.978,-1172.82,-3432.0,0.0,-609.5,10045.429,7.988,0.0,75.0,0.0,-2288.978,-1172.82,-3432.0,0.0,-609.5,0,123,60,59,1,3,3,0,349,5,0,0,0,0,,0,0,6,1,2,3200,525,525,650,650,1674,492,153,153,20,0,1677,93,0,0,816,2,0,5,6,6,0,0,72,53,1,133,2,305,0,84,1,0,5,15363,55.05435136366595,3.258217072593994,26.934843455054352,1.86800388794585,20.555881012823015,4.094252424656642,2.7587080430652313,0.0012011267072603005,0.00613869280074141,0.003458785869879648,-0.0008490281835679525,0.19527382524684073,0.2059216493461281,0.07351234761998057,-0.08503262158163125,0.36097282984920015,0.17984962406015037,0.0346553772661502,16625.0,,,,,,,,,,,,,,,,,,,,,,,,,
13,25_5_2_5_2_1,25_5_2_5_2_1_StartGoalLocations_Seed1014.csv,60,4171.067779138684,59,0.9833333333333333,3,0,3,3,0,0,0,108,0,105,0.0,0.18007380073800738,5.725911129642677,0,0,0,0.13308733087330873,0.47330873308733085,15.5,0,0,0,0,0,0,105,239,216,23,3,32,30,2,32,3,4,18,12,12,12,0,0,0,2,0,0,0,0,0,0,0,0,0,12.0,5.0,0.0,-58.79999999999998,-215.7,0.0,14,,,1.0,1,,,15.5,,,20.0,,,0.0,,,29.0,6.22,0.0,3.6,0,6,0,5,0,0,0,3,183,0,110,14,59,0,13,0.6011,0.0765,0,0,0,406.5,0.0,5900.0,0.0,2807.328,-1777.68,3.5,0.0,0.0,-300.0,6.106,-292.686,0.0,-1550.5,0.0,-432.0,0.0,0.0,0.0,0.0,0.0,-254.5,0.0,-345.0,1.80557,11.99507,-0.1443,1.92785,-0.4877,0.89613,0.0,0.0,-0.14748,0.86175,0.0,-900.949,5900.0,0.0,3273.691,-1860.303,-0.22164,2.00987,1.45141,11.95972,0.3477,1.5275,0.13555,1.63512,0.01451,100.0,0.98549,1.28158,0.0,-25.8898,83.8068,0.0,158.8283,-134.0484,-38.019,79,6,15,180,27,164,172,545,107,228,210,0,180,201,164,0,111,0,54,0.1963302752293578,0.3302752293577982,543,255,79,-9.132,8990.481,5.821,0.0,0.0,0.0,-1650.832,-592.402,-1982.5,0.0,-599.5,8990.481,5.821,0.0,0.0,0.0,-1650.832,-592.402,-1982.5,0.0,-599.5,0,76,60,59,1,0,0,0,217,5,0,0,0,0,,0,0,3,0,0,3200,228,228,387,387,1102,302,165,165,32,0,1397,94,0,0,572,2,0,4,5,5,0,0,44,14,1,77,0,305,0,41,0,0,0,8040,70.93283582089552,3.2514466070489214,28.84328358208955,1.3307352486175354,20.932835820895523,4.825870646766169,2.717171717171717,0.0012832385248066202,0.006346975591150113,0.003486065978067927,-0.0028508294097039765,0.2206197539716959,0.2288386384397745,0.08029763872735202,-0.07201933257339987,0.3507186594486761,0.2046176398729538,0.03576306901219321,16372.0,,,,,,,,,,,,,,,,,,,,,,,,,
14,25_5_2_5_2_1,25_5_2_5_2_1_StartGoalLocations_Seed1016.csv,40,2575.796175546944,39,0.975,2,1,2,2,0,1,0,193,1,191,0.0051813471502590676,0.1541529391364661,6.151995005714267,9,8,7,0.16264955782902724,0.5149991329980926,16.0,2,7,0,1,2,0,192,364,287,77,4,28,25,3,27,3,24,11,11,11,11,0,0,0,6,0,0,0,0,0,0,0,0,0,11.0,6.0,1.0,-53.399999999999984,-164.70000000000005,-112.5,17,1.0,8.0,1.0,10,2.0,6.66,16.0,6.0,12.0,14.0,0.0,0.0,0.0,62.0,18.1,1.0,12.42,0.0,6.3,0,6,0,3,0,0,0,3,434,0,231,48,155,0,5,0.5323,0.1106,0,0,0,576.7,0.0,3900.0,0.0,4040.97,-2565.745,17.5,0.0,0.0,-200.0,8.361,-341.99,0.0,-1812.0,0.0,-476.0,200.0,0.0,0.0,0.0,0.0,-427.0,0.0,-345.0,1.0351,8.27355,-0.09253,1.32591,-0.39674,0.77929,0.03468,0.93048,-0.13387,0.74642,0.0,-975.814,4100.0,0.0,4858.644,-2607.038,-0.16921,1.40315,0.71094,8.24547,0.39043,1.51258,0.14063,1.20322,0.00815,87.23404,0.99064,1.30679,0.0,-28.4546,58.2386,0.0,230.8269,-189.6426,-37.891,124,19,27,399,22,208,179,808,239,272,297,0,399,201,208,0,206,0,81,0.2957920792079208,0.4938118811881188,806,369,98,-17.315,8354.905,8.104,0.0,200.0,0.0,-2385.48,-541.733,-2288.0,0.0,-772.0,8354.905,8.104,0.0,200.0,0.0,-2385.48,-541.733,-2288.0,0.0,-772.0,0,115,40,39,1,8,8,0,372,5,1,0,1,0,1.0,0,2,3,0,0,3200,361,361,841,841,1243,457,284,284,20,0,772,4,0,0,1028,1,0,2,6,3,3,0,27,238,4,33,0,305,0,60,0,0,0,23163,61.801148383197344,2.134125043660496,20.61045633121789,1.604435505002119,15.524759314423866,3.6523766351508873,2.7305339265850948,0.0012884724856030516,0.006372282832744531,0.0035471529004280455,-0.006089764649013887,0.24481418661773205,0.23194803290069102,0.06940099243074656,-0.071921304698335,0.3399964011033034,0.23251508092934361,0.03792333239476901,16743.0,,,,,,,,,,,,,,,,,,,,,,,,,
15,25_5_2_5_2_1,25_5_2_5_2_1_StartGoalLocations_Seed1017.csv,40,3543.4530035853386,39,0.975,2,0,2,2,0,0,0,110,0,108,0.0,0.11838482716427041,6.583237190272473,7,5,6,0.11773700305810397,0.5076452599388379,0.0,2,6,1,0,0,1,109,151,151,0,2,12,12,0,9,2,32,7,3,3,3,0,1,0,2,0,0,0,0,0,0,0,0,0,3.0,2.0,0.0,-14.4,-33.6,0.0,5,2.0,5.0,,7,7.5,11.7,,17.75,20.0,,0.0,0.0,,0.5,0.8,,8.08,0.2,5.6,0,3,0,1,0,0,0,1,186,0,96,36,54,0,16,0.5161,0.1935,0,0,0,327.0,0.0,3900.0,0.0,2576.413,-1436.928,10.5,0.0,0.0,-200.0,0.373,-189.405,0.0,-1005.0,0.0,-384.0,125.0,0.0,0.0,0.0,0.0,-180.5,0.0,0.0,1.64434,10.89573,-0.11897,1.75488,-0.42477,0.95535,0.03823,0.97683,-0.0552,0.15669,0.0,-565.72,4025.0,0.0,3017.465,-1290.028,-0.173,1.83513,1.23089,10.89526,0.52827,1.33601,0.09174,1.88573,0.01346,91.47727,0.98685,1.33483,0.0,-12.1329,57.1733,0.0,147.8236,-92.4245,-17.157,74,31,46,170,7,56,70,304,49,171,84,0,170,78,56,0,139,3,23,0.1611842105263158,0.5592105263157895,304,88,20,-6.312,6715.813,0.0,0.0,125.0,0.0,-1338.828,-389.032,-1389.0,0.0,-180.5,6715.813,0.0,0.0,125.0,0.0,-1338.828,-389.032,-1389.0,0.0,-180.5,0,28,40,39,1,5,4,0,119,5,0,0,0,0,,0,0,2,1,2,1224,228,228,225,225,457,113,32,32,4,0,578,2,0,0,639,4,1,0,2,1,1,0,66,0,2,83,0,305,0,15,1,0,5,9382,62.86506075463654,1.7726347914547305,25.026646770411425,1.2888628801194477,18.194414836921766,4.3487529311447455,2.908025776215583,0.0012159462023631623,0.006630772360284003,0.003458543046030636,-0.008330710497063467,0.256962359389838,0.23067635916222154,0.0643676492610788,-0.07256951199515778,0.3381622304180111,0.2366471133065761,0.038529279011973706,6478.0,,,,,,,,,,,,,,,,,,,,,,,,,
16,25_5_2_5_2_1,25_5_2_5_2_1_StartGoalLocations_Seed1010.csv,60,5998.668694406748,60,1.0,0,0,0,0,0,0,0,66,0,66,0.0,0.21448313985627418,5.8388539188586,4,3,4,0.09231619679380873,0.5110558319513543,0.0,1,3,0,0,0,0,66,195,174,21,3,8,8,0,8,2,2,7,0,0,0,0,1,0,0,0,0,0,0,0,0,0,0,0,0.0,6.0,0.0,0.0,-267.3,0.0,1,1.0,3.0,,4,0.0,9.33,,5.0,16.67,,0.0,0.0,,0.0,12.3,,6.95,0.0,4.2,0,0,0,0,0,0,0,0,236,0,120,42,74,0,20,0.5085,0.178,0,0,0,361.8,0.0,6000.0,0.0,2695.387,-1328.278,3.5,0.0,0.0,0.0,2.175,-266.415,0.0,-1331.5,0.0,0.0,75.0,0.0,0.0,0.0,0.0,-213.0,0.0,0.0,2.13721,12.77873,-0.07303,0.20884,-0.36802,0.22039,0.02073,0.71959,-0.05887,0.16115,0.0,-469.033,6075.0,0.0,3203.017,-1181.325,-0.12964,0.35518,1.6791,12.78813,0.55879,1.23649,0.12631,1.02633,0.01741,96.42857,0.98231,1.23364,0.0,-15.527,86.2926,0.0,154.2221,-88.073,-36.777,74,17,19,170,52,118,131,471,84,207,180,0,170,183,118,0,94,0,6,0.17834394904458598,0.3609341825902335,471,248,77,-23.707,8963.878,2.175,0.0,75.0,0.0,-1231.469,-266.415,-1331.5,0.0,-213.0,8963.878,2.175,0.0,75.0,0.0,-1231.469,-266.415,-1331.5,0.0,-213.0,0,91,60,60,0,3,3,0,155,5,0,0,0,0,,0,0,0,0,0,856,36,36,394,394,904,364,88,88,0,0,1926,116,0,0,651,17,0,3,6,5,0,0,32,32,3,63,2,305,0,65,0,0,0,7929,76.18867448606382,2.6969044860122495,24.189683440534747,1.5626173319801984,16.597301046790264,2.875520242149073,2.7879939209726445,0.0011348512590328061,0.007219335722528119,0.0038037031277509356,-0.007474904709622627,0.27814465963116314,0.2359103139872863,0.06561598869336542,-0.0737239209778398,0.3356356389668523,0.23890860692102928,0.03858856294848899,4508.0,,,,,,,,,,,,,,,,,,,,,,,,,
17,50_20_5_10_5_2,50_20_5_10_5_2_StartGoalLocations_Seed1002.csv,40,7036.459938108921,40,1.0,0,0,0,0,0,0,0,14,0,14,0.0,0.005908419497784343,9.674261150331933,4,4,4,0.0035450516986706058,0.7205317577548006,0.0,1,3,0,0,0,0,14,14,14,0,2,0,0,0,0,0,0,0,0,0,0,0,0,0,0,0,0,0,0,0,0,0,0,0,0.0,1.0,0.0,0.0,-16.8,0.0,0,,4.0,,4,,8.62,,,19.75,,,0.0,,,0.2,,23.47,0.0,0.2,0,0,0,0,0,0,0,0,160,0,114,14,32,0,0,0.7125,0.0875,0,0,0,338.5,0.0,4000.0,0.0,3619.5,-679.5,24.5,0.0,0.0,0.0,0.8,-5.84,0.0,-132.0,0.0,0.0,100.0,0.0,0.0,0.0,0.0,-229.5,0.0,0.0,2.15746,10.76479,-0.00149,0.03479,-0.039,0.13408,0.02954,0.85888,-0.0678,0.17118,0.0,-18.968,4100.0,0.0,4805.717,-573.592,-0.0056,0.06674,1.21123,10.83697,1.25026,1.21626,0.00827,0.67743,0.013,93.18182,0.98671,1.61057,0.0,-0.9117,58.2386,0.0,208.2286,-51.9429,-0.471,0,0,0,10,1,5,12,28,5,16,7,0,10,13,5,0,5,0,0,0.17857142857142858,0.35714285714285715,28,10,4,-0.072,7937.2,0.8,0.0,100.0,0.0,-634.2,-5.84,-132.0,0.0,-229.5,7937.2,0.8,0.0,100.0,0.0,-634.2,-5.84,-132.0,0.0,-229.5,0,4,40,40,0,4,4,0,10,5,0,0,0,0,,0,0,0,0,0,784,0,0,4,4,48,16,36,36,0,0,36,0,0,0,86,0,0,0,1,1,0,0,0,7,1,0,0,3200,0,1,0,0,0,7665,11.16764514024788,1.0186915887850467,4.4096542726679715,1.163313624123938,3.157208088714938,0.46966731898238745,2.809917355371901,0.0010532293470124406,0.007925678111080612,0.004407533862609036,-0.006184416290422205,0.30817903669513,0.2632299306593379,0.0795396484282552,-0.10416241999411462,0.33760924212078125,0.20066809830589358,0.03883440100081501,4191.0,,,,,,,,,,,,,,,,,,,,,,,,,
18,50_20_5_10_5_2,50_20_5_10_5_2_StartGoalLocations_Seed1007.csv,60,10259.319937720895,59,0.9833333333333333,1,0,1,1,0,0,0,40,0,39,0.0,0.01399078655519536,9.61506482827096,6,4,5,0.004436103054086334,0.7311039071830746,0.0,1,3,0,0,0,0,39,39,39,0,2,6,6,0,6,2,4,0,6,6,6,0,0,0,0,0,0,0,0,0,0,0,0,0,6.0,0.0,0.0,-28.799999999999994,0.0,0.0,6,2.0,4.0,,6,10.75,31.0,,26.75,51.0,,0.0,0.0,,0.0,0.0,,27.18,0.0,0.4,0,2,0,1,0,0,0,1,222,0,140,57,25,0,0,0.6306,0.2568,0,0,0,586.1,0.0,5900.0,0.0,6406.916,-1312.736,0.0,0.0,0.0,-100.0,0.648,-33.608,0.0,-899.0,0.0,-88.0,100.0,0.0,0.0,0.0,0.0,-301.0,0.0,0.0,1.97582,9.95582,-0.02269,0.9237,-0.1684,0.41043,0.01706,0.65288,-0.05136,0.15179,0.0,-187.858,6000.0,0.0,8973.942,-933.474,-0.03205,0.9594,1.02372,10.0022,1.37186,1.23976,0.01365,2.34823,0.01075,95.2381,0.98993,1.70759,0.0,-5.0725,85.2273,0.0,366.1095,-92.2135,-5.186,7,2,0,24,11,25,18,78,18,32,28,0,24,29,25,0,8,0,3,0.23076923076923078,0.3076923076923077,78,40,10,-1.102,12804.317,0.488,0.0,100.0,0.0,-1224.036,-133.448,-987.0,0.0,-301.0,12804.317,0.488,0.0,100.0,0.0,-1224.036,-133.448,-987.0,0.0,-301.0,0,11,60,59,1,4,3,0,27,5,0,0,0,0,,0,0,1,0,0,1260,64,64,47,47,156,44,0,0,0,0,22,0,0,0,317,2,0,0,0,0,0,2,3,0,2,2,0,3200,0,5,0,0,0,13864,9.997114829774956,1.0,6.022792844777842,1.6653143966168968,4.969705712637046,0.8078476630121177,2.8171262699564585,0.0012803078138353562,0.007774358327751831,0.004225799397728036,-0.006484568930098912,0.3010714226298862,0.2736058509065991,0.06587869251767794,-0.06427734378459198,0.3386608875796052,0.20776356418173797,0.036971043452879535,6801.0,,,,,,,,,,,,,,,,,,,,,,,,,
19,25_5_2_5_2_1,25_5_2_5_2_1_StartGoalLocations_Seed1005.csv,25,2097.6738092005253,24,0.96,1,0,1,1,0,0,0,53,0,52,0.0,0.08190709046454768,8.040696729475536,4,4,4,0.1756316218418908,0.5321923390383048,8.0,1,4,0,0,0,0,51,56,56,0,2,2,2,0,2,2,1,2,0,0,0,0,0,0,0,0,0,0,0,0,0,0,0,0,0.0,0.0,0.0,0.0,0.0,0.0,0,,4.0,1.0,5,,8.12,8.0,,12.75,10.0,,0.0,0.0,,1.0,18.0,8.75,0.0,2.6,0,2,0,1,0,0,0,1,109,0,54,19,36,0,0,0.4954,0.1743,0,0,0,245.4,0.0,2400.0,0.0,1690.153,-1025.482,0.0,0.0,0.0,-100.0,0.052,-74.949,0.0,-435.0,0.0,-112.0,100.0,0.0,0.0,0.0,0.0,-245.5,0.0,-345.0,1.34885,9.89317,-0.07127,1.43204,-0.2229,0.63566,0.04075,1.00851,-0.24063,1.12319,0.0,-252.705,2500.0,0.0,1936.555,-1316.513,-0.10298,1.49154,1.01874,9.8884,0.25267,1.70588,0.05134,2.0056,0.01141,89.28571,0.98981,1.33926,0.0,-5.0087,35.5114,0.0,95.6373,-91.399,-8.797,23,6,5,62,23,25,16,126,49,45,32,0,59,42,25,0,16,0,6,0.3888888888888889,0.46825396825396826,126,44,10,-1.192,4265.093,0.0,0.0,100.0,0.0,-955.022,-174.897,-547.0,0.0,-590.5,4265.093,0.0,0.0,100.0,0.0,-955.022,-174.897,-547.0,0.0,-590.5,0,18,25,24,1,4,4,0,43,5,0,0,0,0,,0,0,1,0,0,3200,8,8,143,143,204,72,0,0,0,0,368,26,0,0,310,0,0,0,0,0,0,0,5,0,0,16,1,305,0,11,0,0,0,10853,22.878466783377867,1.3455497382198953,6.6341103842255595,1.8426389162428678,4.966368745968857,0.35013360361190454,3.0964749536178107,0.0010356673280193717,0.007888696116860956,0.004197016969264951,-0.006155618508100886,0.3272874546423554,0.2861897938605398,0.06227403565775603,-0.07132991572842001,0.3408480344710967,0.20111104175769304,0.034613683873791906,16021.0,,,,,,,,,,,,,,,,,,,,,,,,,
20,50_20_5_10_5_2,50_20_5_10_5_2_StartGoalLocations_Seed1002.csv,40,7348.2999078035355,40,1.0,0,0,0,0,0,0,0,3,0,3,0.0,0.0,9.860552041403105,3,3,2,0.00488786658999425,0.7328924669350201,0.0,1,3,0,0,0,0,3,3,3,0,2,0,0,0,0,0,0,0,0,0,0,0,0,0,0,0,0,0,0,0,0,0,0,0,0.0,0.0,0.0,0.0,0.0,0.0,0,,3.0,,3,,12.0,,,27.0,,,0.0,,,0.0,,24.68,0.0,0.0,0,0,0,0,0,0,0,0,176,0,94,55,27,0,0,0.5341,0.3125,0,0,0,347.8,0.0,4000.0,0.0,3841.5,-669.0,3.5,0.0,0.0,0.0,0.0,0.0,0.0,-37.5,0.0,0.0,75.0,0.0,0.0,0.0,0.0,-213.0,0.0,0.0,2.16325,10.61619,0.0,0.0,-0.01078,0.07263,0.02156,0.73392,-0.06124,0.16392,0.0,-3.0,4075.0,0.0,5059.43,-549.24,-0.00086,0.02075,1.17165,10.68527,1.29678,1.183,0.00173,0.5,0.01236,94.76744,0.98764,1.6328,0.0,-0.0875,57.8835,0.0,219.7143,-50.4,0.0,0,0,0,0,0,3,2,6,0,3,3,0,0,3,3,0,0,0,0,0.0,0.0,6,0,0,0.0,8148.2,0.0,0.0,75.0,0.0,-624.4,0.0,-37.5,0.0,-213.0,8148.2,0.0,0.0,75.0,0.0,-624.4,0.0,-37.5,0.0,-213.0,0,0,40,40,0,3,3,0,3,5,0,0,0,0,,0,0,0,0,0,1048,0,0,4,4,16,0,8,8,0,0,16,0,0,0,72,0,0,0,0,0,0,0,0,0,0,0,0,3200,0,0,0,0,0,8154,8.854549914152564,1.0,5.101790532254109,1.8230769504936268,4.537650233014471,0.17169487368162864,2.7621621621621624,0.0010536508330873584,0.007812427440373838,0.004219473884369865,-0.005940911208463218,0.36160768432016593,0.2968426806326131,0.05382920724858765,-0.06886025958424363,0.3472018795264079,0.18048289738430584,0.03368792006027904,4970.0,,,,,,,,,,,,,,,,,,,,,,,,,
21,25_5_2_5_2_1,25_5_2_5_2_1_StartGoalLocations_Seed1001.csv,25,3158.3544461727142,25,1.0,0,0,0,0,0,0,0,21,0,21,0.0,0.03214535290006988,8.067510294964228,0,0,0,0.050314465408805034,0.6135569531795947,0.0,0,0,0,0,0,0,21,21,21,0,2,3,3,0,2,2,1,3,0,0,0,0,0,0,0,0,0,0,0,0,0,0,0,0,0.0,1.0,0.0,0.0,-74.4,0.0,0,,,,0,,,,,,,,,,,,,10.8,0.0,0.4,0,0,0,0,0,0,0,0,73,0,46,9,18,0,0,0.6301,0.1233,0,0,0,143.1,0.0,2500.0,0.0,1324.909,-550.909,0.0,0.0,0.0,0.0,0.0,-27.245,0.0,-167.0,0.0,0.0,0.0,0.0,0.0,0.0,0.0,-64.5,0.0,0.0,2.38791,13.09291,-0.01904,0.11731,-0.1167,0.2115,0.0,0.0,-0.04507,0.1432,0.0,-46.98,2500.0,0.0,1585.029,-446.376,-0.03283,0.19445,1.74703,13.10156,0.7957,1.305,0.02935,1.11856,0.01747,100.0,0.98253,1.44481,0.0,-2.8121,35.5114,0.0,75.7091,-35.1662,-1.054,4,2,0,13,13,14,2,42,7,21,14,0,13,15,14,0,6,0,0,0.16666666666666666,0.30952380952380953,42,10,2,-1.266,3930.609,0.0,0.0,0.0,0.0,-513.509,-27.245,-167.0,0.0,-64.5,3930.609,0.0,0.0,0.0,0.0,-513.509,-27.245,-167.0,0.0,-64.5,0,9,25,25,0,0,0,0,12,5,0,0,0,0,,0,0,0,0,0,560,12,12,36,36,120,36,0,0,0,0,20,0,0,0,319,0,0,1,1,1,0,0,2,6,0,4,0,305,0,8,0,0,0,2813,46.782794169925346,1.5509118541033435,18.414504088162104,1.1270270475894788,10.060433700675436,0.28439388553146105,3.7809187279151946,0.0009163088702864895,0.008342687878757716,0.004237639997154474,-0.005620601150543994,0.3632297242326396,0.29950035480516296,0.05599961017391512,-0.0735164541218962,0.3527575907169604,0.1843137254901961,0.032592307887443744,2550.0,,,,,,,,,,,,,,,,,,,,,,,,,
22,50_20_5_10_5_2,50_20_5_10_5_2_StartGoalLocations_Seed1016.csv,60,8756.389052391052,59,0.9833333333333333,0,0,0,0,0,0,0,83,0,83,0.0,0.04423617619493908,9.02410987717254,3,2,1,0.01218369259606373,0.7055295220243674,0.0,0,0,0,0,0,0,83,116,116,0,2,5,5,0,4,2,2,3,2,2,2,0,0,0,0,0,0,0,0,0,0,0,0,0,2.0,0.0,0.0,-9.6,0.0,0.0,2,1.0,2.0,,3,6.0,15.25,,27.0,59.5,,0.0,0.0,,0.0,0.0,,23.11,0.0,1.7,0,0,0,0,0,0,0,0,203,0,130,41,32,0,12,0.6404,0.202,0,0,0,533.5,0.0,5900.0,0.0,5605.85,-1195.85,14.0,0.0,0.0,0.0,2.176,-96.287,0.0,-1766.5,0.0,0.0,50.0,0.0,0.0,0.0,0.0,-290.5,0.0,0.0,2.03515,10.42879,-0.01764,0.10486,-0.33112,0.23647,0.00937,0.48396,-0.05445,0.15576,0.0,-204.202,5950.0,0.0,7685.842,-874.58,-0.03828,0.19189,1.11528,10.46809,1.27671,1.23627,0.04311,0.88783,0.01143,97.54098,0.988,1.62406,0.0,-3.8684,84.517,0.0,321.1343,-84.9343,-8.086,26,3,0,75,33,51,73,232,51,120,61,0,75,106,51,0,24,0,0,0.21982758620689655,0.3232758620689655,232,116,32,-4.909,11971.65,2.176,0.0,50.0,0.0,-1114.15,-96.287,-1766.5,0.0,-290.5,11971.65,2.176,0.0,50.0,0.0,-1114.15,-96.287,-1766.5,0.0,-290.5,0,33,60,59,1,2,1,0,82,5,0,0,0,0,,0,0,0,0,0,1232,28,28,218,218,440,132,84,84,0,0,140,0,0,0,436,0,0,0,0,0,0,0,10,0,0,18,0,3200,0,9,0,0,0,11218,18.78231413799251,1.1082107261509255,8.825102513817079,1.1524747644673394,5.25049028347299,0.8914244963451595,2.8251273344651953,0.0010241004652311563,0.007900262054950967,0.003992821484525966,-0.005815375584803972,0.36395569948794004,0.3162794930304026,0.061612098889014165,-0.08062933719499255,0.3497408574068492,0.191997191997192,0.031773655591158925,5698.0,,,,,,,,,,,,,,,,,,,,,,,,,
23,25_5_2_5_2_1,25_5_2_5_2_1_StartGoalLocations_Seed1018.csv,25,2885.141931861639,25,1.0,1,0,1,1,0,0,0,44,0,43,0.0,0.07074569789674952,7.441506423944117,1,1,1,0.04843849585723391,0.5787125557680051,0.0,0,0,0,0,0,0,43,43,43,0,2,8,8,0,7,2,2,6,2,2,2,0,0,0,0,0,0,0,0,0,0,0,0,0,2.0,0.0,0.0,-9.6,0.0,0.0,2,,1.0,,1,,3.5,,,11.0,,,0.0,,,0.0,,9.85,0.0,1.8,0,2,0,1,0,0,0,1,83,0,53,12,18,0,0,0.6386,0.1446,0,0,0,156.9,0.0,2500.0,0.0,1343.659,-619.075,0.0,0.0,0.0,-100.0,0.617,-76.959,0.0,-199.5,0.0,-72.0,25.0,0.0,0.0,0.0,0.0,-73.5,0.0,0.0,2.15518,12.52879,-0.11239,1.79316,-0.17304,0.63304,0.01593,0.63094,-0.04685,0.1457,0.0,-235.266,2525.0,0.0,1607.625,-543.906,-0.14995,1.86593,1.60931,12.53577,0.67796,1.31543,0.05609,2.67348,0.01657,97.11538,0.98407,1.39348,0.0,-4.653,35.8665,0.0,76.7805,-39.5757,-5.998,7,1,0,35,0,21,31,87,29,31,27,0,35,29,23,0,24,0,18,0.3333333333333333,0.40229885057471265,87,66,10,-1.076,3957.537,0.553,0.0,25.0,0.0,-576.053,-176.895,-271.5,0.0,-73.5,3957.537,0.553,0.0,25.0,0.0,-576.053,-176.895,-271.5,0.0,-73.5,0,17,25,25,0,1,1,0,25,5,0,0,0,0,,0,0,1,0,0,944,40,40,56,56,156,68,7,7,0,0,126,2,0,0,243,0,0,0,0,0,0,0,11,0,0,17,1,305,0,5,0,0,0,3326,51.77390258568852,1.5696864111498259,14.642212868310283,1.0862423185435042,7.696933253156946,0.8719182200841852,2.8515625,0.0009711261985611893,0.00790392335748963,0.004172379429199559,-0.006655188303014611,0.38136750800629793,0.3266956758827476,0.06597923078590025,-0.07532310621591948,0.34871192657880723,0.17141522652965904,0.03074514973151494,4282.0,,,,,,,,,,,,,,,,,,,,,,,,,
24,50_20_5_10_5_2,50_20_5_10_5_2_StartGoalLocations_Seed1015.csv,40,7963.799898549914,40,1.0,0,0,0,0,0,0,0,0,0,0,0.0,0.0010196278358399185,9.66852154052291,3,2,3,0.007902115727759368,0.7573285750700994,0.0,0,0,0,0,0,0,0,0,0,0,0,0,0,0,0,0,0,0,0,0,0,0,0,0,0,0,0,0,0,0,0,0,0,0,0.0,0.0,0.0,0.0,0.0,0.0,0,1.0,2.0,,3,3.0,5.0,,36.0,26.25,,0.0,0.0,,0.0,0.0,,27.42,0.0,0.0,0,0,0,0,0,0,0,0,134,0,91,19,24,0,0,0.6791,0.1418,0,0,0,392.3,0.0,4000.0,0.0,4471.365,-752.865,0.0,0.0,0.0,0.0,0.0,0.0,0.0,0.0,0.0,0.0,50.0,0.0,0.0,0.0,0.0,-197.0,0.0,0.0,2.0675,10.00445,0.0,0.0,0.0,0.0,0.01275,0.56433,-0.05022,0.15029,0.0,0.0,4050.0,0.0,6378.826,-527.01,0.0,0.0,1.03237,10.0606,1.49167,1.22908,0.0,0.0,0.01071,96.42857,0.98904,1.77985,0.0,-0.0131,57.5284,0.0,255.5066,-54.278,-0.449,0,0,0,0,0,0,0,0,0,0,0,0,0,0,0,0,0,0,0,,,0,0,0,0.0,8813.465,0.0,0.0,50.0,0.0,-702.665,0.0,0.0,0.0,-197.0,8813.465,0.0,0.0,50.0,0.0,-702.665,0.0,0.0,0.0,-197.0,0,0,40,40,0,2,2,0,0,5,0,0,0,0,,0,0,0,0,0,1832,0,0,0,0,0,0,0,0,0,0,48,0,0,0,166,0,0,0,0,0,0,0,0,0,0,0,0,3200,0,0,0,0,0,9368,15.019214346712213,1.1108742004264391,5.166524338172502,1.3888429964869475,3.1810418445772846,0.6618274978650726,2.6812080536912752,0.0008902048043657337,0.007239870940066679,0.004150094399350699,-0.0065241026324863085,0.3814792521785961,0.33464688043146673,0.06316781350651422,-0.06426795592173673,0.3595896625094101,0.15532544378698224,0.03058543694465948,8112.0,,,,,,,,,,,,,,,,,,,,,,,,,
25,25_5_2_5_2_1,25_5_2_5_2_1_StartGoalLocations_Seed1019.csv,40,4602.250828295946,40,1.0,0,0,0,0,0,0,0,39,0,39,0.0,0.08945424702503077,7.257733569582515,6,6,5,0.037340993024210095,0.5141567501025851,0.0,1,4,0,0,0,0,36,50,49,1,3,1,1,0,1,2,1,1,0,0,0,0,0,0,0,0,0,0,0,0,0,0,0,0,0.0,0.0,0.0,0.0,0.0,0.0,0,,6.0,,6,,6.08,,,9.83,,,0.0,,,1.8,,6.53,0.0,1.1,0,0,0,0,0,0,0,0,237,0,131,21,85,0,15,0.5527,0.0886,0,0,0,243.7,0.0,4000.0,0.0,1885.783,-1077.765,0.0,0.0,0.0,0.0,0.192,-65.159,0.0,-394.5,0.0,0.0,150.0,0.0,0.0,0.0,0.0,-140.0,0.0,0.0,2.07292,12.72924,-0.02666,0.13601,-0.16188,0.23395,0.06155,1.23895,-0.05745,0.15945,0.0,-115.716,4150.0,0.0,2142.818,-1009.575,-0.04748,0.22922,1.70291,12.75833,0.46502,1.32042,0.04432,1.07144,0.01888,90.21739,0.98195,1.31734,0.0,-1.7376,58.9489,0.0,107.7591,-69.5866,-5.6,12,1,0,19,42,37,20,119,9,66,44,0,19,63,37,0,10,0,0,0.07563025210084033,0.15966386554621848,119,48,18,-3.251,6054.483,0.192,0.0,150.0,0.0,-1002.765,-65.159,-394.5,0.0,-140.0,6054.483,0.192,0.0,150.0,0.0,-1002.765,-65.159,-394.5,0.0,-140.0,0,30,40,40,0,6,6,0,24,5,0,0,0,0,,0,0,0,0,0,1052,4,4,46,46,190,118,28,28,0,0,542,32,0,0,342,0,0,0,0,0,0,0,6,0,0,13,0,305,0,14,0,0,0,7202,51.90224937517356,1.5791867308721241,13.399055817828382,1.6086787799440827,8.955845598444876,2.8325465148569844,2.3705426356589148,0.0010910777913550572,0.00750769666456281,0.004297458198445605,-0.0066146865571021195,0.39051352152353,0.33740366168121877,0.0763622007612493,-0.09966607773924395,0.3450064490092049,0.1732706514439221,0.029389230838663526,4467.0,,,,,,,,,,,,,,,,,,,,,,,,,
26,50_20_5_10_5_2,50_20_5_10_5_2_StartGoalLocations_Seed1010.csv,60,10061.995345778763,60,1.0,1,0,1,1,0,0,0,65,0,64,0.0,0.039046247399583935,9.267690726787038,11,10,9,0.01872299567930869,0.7490798527764442,0.0,2,6,0,0,0,0,57,79,79,0,2,5,5,0,5,2,1,5,0,0,0,0,0,0,0,0,0,0,0,0,0,0,0,0,0.0,1.0,0.0,0.0,-170.4,0.0,0,1.0,10.0,,11,0.0,12.6,,24.0,38.75,,0.0,0.0,,0.0,3.6,,24.54,0.0,0.6,0,2,0,1,0,0,0,1,215,0,150,43,22,0,1,0.6977,0.2,0,0,0,624.9,0.0,6000.0,0.0,6899.81,-1272.608,0.0,0.0,0.0,-100.0,0.025,-141.632,0.0,-1500.5,0.0,-416.0,250.0,0.0,0.0,0.0,0.0,-282.0,0.0,0.0,1.96065,9.72119,-0.03866,0.90383,-0.30669,0.74737,0.04001,0.99928,-0.04513,0.14327,0.0,-340.771,6250.0,0.0,9504.657,-911.871,-0.05453,0.95083,1.00016,9.79873,1.37507,1.17994,0.02752,1.98123,0.0112,89.28571,0.98928,1.68498,0.0,-10.6799,88.7784,0.0,394.2749,-88.8347,-8.922,20,3,0,51,75,21,25,172,19,119,34,0,49,102,21,0,33,0,0,0.11046511627906977,0.28488372093023256,172,52,14,-3.836,13437.881,0.0,0.0,250.0,0.0,-1185.778,-241.607,-1916.5,0.0,-282.0,13437.881,0.0,0.0,250.0,0.0,-1185.778,-241.607,-1916.5,0.0,-282.0,0,56,60,60,0,9,9,0,29,5,0,0,0,0,,0,0,1,0,0,2368,20,20,69,69,290,222,4,4,0,0,358,28,0,0,411,0,0,4,1,1,0,3,13,18,0,22,2,3200,0,25,0,0,0,20526,15.896911234531814,1.0649708856880171,6.927798889213681,1.572819996030501,4.53083893598363,0.7307804735457468,2.9204301075268817,0.0008458807888664032,0.007567686929817412,0.004627608538784615,-0.007388093511195079,0.42190739844699165,0.3599263741257223,0.0836216370147225,-0.12307770154438913,0.37410647048326773,0.15821843071123898,0.029113780873898827,10081.0,,,,,,,,,,,,,,,,,,,,,,,,,
27,25_5_2_5_2_1,25_5_2_5_2_1_StartGoalLocations_Seed1008.csv,25,3298.099956765771,25,1.0,0,0,0,0,0,0,0,1,0,1,0.0,0.011058451816745656,7.921011058451817,4,4,2,0.00315955766192733,0.6090047393364929,0.0,1,3,0,0,0,0,1,1,1,0,2,0,0,0,0,0,0,0,0,0,0,0,0,0,0,0,0,0,0,0,0,0,0,0,0.0,0.0,0.0,0.0,0.0,0.0,0,,4.0,,4,,7.25,,,11.25,,,0.0,,,0.2,,7.95,0.0,0.0,0,0,0,0,0,0,0,0,101,0,62,20,19,0,0,0.6139,0.198,0,0,0,126.6,0.0,2500.0,0.0,1135.5,-474.0,0.0,0.0,0.0,0.0,0.0,0.0,0.0,-11.0,0.0,0.0,100.0,0.0,0.0,0.0,0.0,-79.0,0.0,0.0,2.59724,13.8976,0.0,0.0,-0.00869,0.06534,0.07899,1.40303,-0.0624,0.16525,0.0,-1.0,2600.0,0.0,1312.95,-431.02,-0.00079,0.01986,2.05371,13.97245,0.69663,1.31149,0.00158,0.5,0.02291,89.65517,0.97946,1.40643,0.0,-0.0292,36.9318,0.0,64.8857,-31.6,0.0,0,0,0,0,0,1,1,2,0,1,1,0,0,1,1,0,0,0,0,0.0,0.0,2,0,0,0.0,3730.5,0.0,0.0,100.0,0.0,-442.4,0.0,-11.0,0.0,-79.0,3730.5,0.0,0.0,100.0,0.0,-442.4,0.0,-11.0,0.0,-79.0,0,0,25,25,0,4,4,0,1,5,0,0,0,0,,0,0,0,0,0,1308,0,0,4,4,24,0,0,0,0,0,112,0,0,0,214,0,0,0,0,0,0,0,0,0,0,0,0,305,0,0,0,0,0,4779,43.75392341494037,1.3094213295074126,17.84892236869638,1.4698124500810401,12.408453651391504,3.3479807491106928,3.0489038785834737,0.0009625420885412709,0.007194941236127727,0.004299315982085257,-0.007643149772552853,0.4252270971416333,0.3576494561058301,0.07654610786598393,-0.10558918278539035,0.35486990346440245,0.18035714285714285,0.02959027119375642,5600.0,,,,,,,,,,,,,,,,,,,,,,,,,
28,25_5_2_5_2_1,25_5_2_5_2_1_StartGoalLocations_Seed1005.csv,40,2262.47530323267,38,0.95,4,0,4,4,0,0,0,165,0,161,0.0,0.17161359956826766,6.2704622206502805,6,5,5,0.20711974110032363,0.5587918015102481,6.5,1,4,0,0,0,2,156,202,202,0,2,18,18,0,16,2,4,10,5,5,5,0,1,0,2,0,0,0,0,0,0,0,0,0,5.0,9.0,0.0,-23.999999999999996,-535.1999999999998,0.0,8,1.0,5.0,1.0,7,4.5,4.4,6.5,7.0,13.6,5.0,0.0,1.0,5.0,0.0,1.8,17.0,7.94,0.0,7.5,0,6,0,2,0,0,0,2,122,0,84,12,26,0,8,0.6885,0.0984,0,0,0,370.8,0.0,3800.0,0.0,2551.477,-1481.248,7.0,0.0,0.0,-400.0,3.873,-267.426,0.0,-1173.5,0.0,-608.0,125.0,0.0,0.0,0.0,0.0,-320.5,0.0,-345.0,1.41533,10.1169,-0.17895,2.32355,-0.48045,1.11318,0.03371,0.91741,-0.17948,0.90422,0.0,-935.077,3925.0,0.0,2996.926,-1709.515,-0.25218,2.49853,1.05852,10.10957,0.3472,1.56449,0.1254,2.01092,0.0116,91.27907,0.98894,1.28346,0.0,-35.6827,55.7528,0.0,144.4844,-120.957,-30.215,96,14,37,235,22,103,96,457,102,184,171,0,235,119,103,0,151,5,20,0.22319474835886213,0.5142231947483589,457,168,62,-10.976,6623.777,3.265,0.0,125.0,0.0,-1375.748,-666.818,-1781.5,0.0,-665.5,6623.777,3.265,0.0,125.0,0.0,-1375.748,-666.818,-1781.5,0.0,-665.5,0,55,40,38,2,5,4,0,172,5,0,0,0,0,,0,0,4,2,3,3200,132,132,383,383,771,221,71,71,4,0,829,108,0,0,487,6,1,5,9,8,1,0,35,98,4,48,2,305,0,46,2,0,10,15831,45.360368896468955,1.9832892354825233,17.939485818962794,1.1614304744864774,10.542606278820037,1.2001768681700462,3.249850209706411,0.0010253744069177628,0.006685206399997696,0.00424600915692281,-0.00945305521608816,0.4425561122596264,0.36563449937850234,0.09898270186968147,-0.10741385722067207,0.3424571548684584,0.1774473000288767,0.029959809660403548,13852.0,,,,,,,,,,,,,,,,,,,,,,,,,
29,50_20_5_10_5_2,50_20_5_10_5_2_StartGoalLocations_Seed1003.csv,25,4562.500002920628,25,1.0,0,0,0,0,0,0,0,0,0,0,0.0,0.0,9.988709677419354,0,0,0,0.0,0.8086021505376344,0.0,0,0,0,0,0,0,0,0,0,0,0,0,0,0,0,0,0,0,0,0,0,0,0,0,0,0,0,0,0,0,0,0,0,0,0.0,0.0,0.0,0.0,0.0,0.0,0,,,,0,,,,,,,,,,,,,26.64,0.0,0.0,0,0,0,0,0,0,0,0,67,0,53,7,7,0,0,0.791,0.1045,0,0,0,186.0,0.0,2500.0,0.0,2230.5,-270.0,0.0,0.0,0.0,0.0,0.0,0.0,0.0,0.0,0.0,0.0,0.0,0.0,0.0,0.0,0.0,-84.0,0.0,0.0,2.49812,11.43128,0.0,0.0,0.0,0.0,0.0,0.0,-0.04516,0.14332,0.0,0.0,2500.0,0.0,2989.075,-213.22,0.0,0.0,1.34409,11.5153,1.4924,1.08634,0.0,0.0,0.01344,100.0,0.98656,1.74512,0.0,0.0,35.5114,0.0,127.4572,-20.2286,0.0,0,0,0,0,0,0,0,0,0,0,0,0,0,0,0,0,0,0,0,,,0,0,0,0.0,4898.5,0.0,0.0,0.0,0.0,-252.0,0.0,0.0,0.0,-84.0,4898.5,0.0,0.0,0.0,0.0,-252.0,0.0,0.0,0.0,-84.0,0,0,25,25,0,0,0,0,0,5,0,0,0,0,,0,0,0,0,0,576,0,0,0,0,0,0,0,0,0,0,0,0,0,0,14,0,0,0,0,0,0,0,0,0,0,0,0,3200,0,0,0,0,0,3666,0.05455537370430987,1.0,0.0,0.0,0.0,0.0,0.0,0.0010774398881747199,0.006395763874429071,0.00412797812896315,-0.009975049858136723,0.45039754340218174,0.36131122190919185,0.09478516069551308,-0.09944689333335394,0.3481386300317618,0.18344883815735832,0.030485284525900207,2453.0,,,,,,,,,,,,,,,,,,,,,,,,,
30,25_5_2_5_2_1,25_5_2_5_2_1_StartGoalLocations_Seed1018.csv,25,2634.764471039176,25,1.0,2,0,2,2,0,0,0,132,0,130,0.0,0.18050373134328357,5.972070303884571,3,3,3,0.09561567164179105,0.5251865671641791,0.0,1,2,0,0,0,0,117,133,133,0,2,16,16,0,16,2,4,11,5,5,5,0,0,0,0,0,0,0,0,0,0,0,0,0,5.0,0.0,0.0,-23.999999999999996,0.0,0.0,5,,3.0,,3,,4.5,,,7.67,,,0.0,,,0.0,,10.55,0.0,7.5,0,4,0,2,0,0,0,2,123,0,71,19,33,0,3,0.5772,0.1545,0,0,0,214.4,0.0,2500.0,0.0,1635.706,-804.96,10.5,0.0,0.0,-200.0,0.313,-195.194,0.0,-432.0,0.0,-56.0,75.0,0.0,0.0,0.0,0.0,-113.0,0.0,0.0,1.65842,10.76404,-0.18418,2.16446,-0.22761,0.50783,0.03498,0.93451,-0.05271,0.15354,0.0,-570.056,2575.0,0.0,1930.955,-726.418,-0.26588,2.25653,1.20103,10.77203,0.56182,1.26882,0.13993,1.90019,0.01306,91.96429,0.98461,1.25882,0.0,-11.4718,36.5767,0.0,94.0689,-52.4548,-19.482,48,6,10,139,14,79,61,294,77,120,97,0,135,77,82,0,72,0,26,0.2619047619047619,0.45918367346938777,294,122,30,-6.825,4302.2,0.009,0.0,75.0,0.0,-746.554,-394.891,-488.0,0.0,-113.0,4302.2,0.009,0.0,75.0,0.0,-746.554,-394.891,-488.0,0.0,-113.0,0,34,25,25,0,3,3,0,112,5,0,0,0,0,,0,0,2,0,0,1440,104,104,273,273,384,136,18,18,4,0,385,56,0,0,384,1,0,0,0,0,0,0,25,0,0,53,0,305,0,16,0,0,0,5580,62.92114695340502,1.566220450014241,25.50179211469534,1.5412992133728856,19.35483870967742,3.1899641577060933,3.0462962962962963,0.0009385534030975073,0.006500346506557738,0.004587233621471872,-0.010994668527766609,0.46836051013734603,0.37531625918216177,0.0735435288813379,-0.08117108739679679,0.3380478730706566,0.1824613359657782,0.029811675031400156,6078.0,,,,,,,,,,,,,,,,,,,,,,,,,
31,25_5_2_5_2_1,25_5_2_5_2_1_StartGoalLocations_Seed1006.csv,25,3288.8416835442185,24,0.96,0,0,0,0,0,0,0,25,0,25,0.0,0.04774823657080846,7.368282300703595,5,4,3,0.049376017362995114,0.5404232230059686,0.0,1,2,0,0,0,0,25,25,25,0,2,2,2,0,2,2,4,1,1,1,1,0,0,0,0,0,0,0,0,0,0,0,0,0,1.0,0.0,0.0,-4.8,0.0,0.0,1,1.0,4.0,,5,0.5,5.38,,7.0,8.25,,0.0,0.0,,0.0,1.8,,10.95,0.0,1.4,0,0,0,0,0,0,0,0,82,0,53,14,15,0,4,0.6463,0.1707,0,0,0,184.3,0.0,2400.0,0.0,1559.224,-735.478,0.0,0.0,0.0,0.0,0.176,-16.88,0.0,-88.5,0.0,0.0,100.0,0.0,0.0,0.0,0.0,-114.0,0.0,0.0,1.84918,11.35869,-0.00906,0.07107,-0.04802,0.14732,0.05426,1.16342,-0.06186,0.16463,0.0,-39.357,2500.0,0.0,1799.846,-669.477,-0.02135,0.13568,1.35648,11.3903,0.61333,1.31551,0.02713,0.78714,0.01519,89.28571,0.98535,1.35976,0.0,-0.9872,35.5114,0.0,89.0985,-48.5416,-4.059,8,1,0,20,0,16,14,50,19,17,14,0,20,15,15,0,4,0,0,0.38,0.4,50,28,10,-2.347,4093.725,0.176,0.0,100.0,0.0,-685.679,-16.88,-88.5,0.0,-114.0,4093.725,0.176,0.0,100.0,0.0,-685.679,-16.88,-88.5,0.0,-114.0,0,8,25,24,1,3,2,0,17,5,0,0,0,0,,0,0,0,0,0,1072,20,20,40,40,96,32,8,8,0,0,266,0,0,0,333,0,0,0,0,0,0,0,3,0,0,4,0,305,0,6,0,0,0,5218,63.89421234189344,1.410617876424715,25.143733231123036,1.2727134274886693,18.340360291299348,5.251054043694903,2.5517241379310347,0.0008709892279702176,0.0065767849507088316,0.004648820247758291,-0.01184116084034791,0.47821350884971336,0.3761683814227581,0.07150856857257548,-0.0895420330673901,0.32633027412021365,0.18603042876901799,0.02951622776576033,4338.0,,,,,,,,,,,,,,,,,,,,,,,,,
32,50_20_5_10_5_2,50_20_5_10_5_2_StartGoalLocations_Seed1011.csv,25,5540.271427676082,25,1.0,0,0,0,0,0,0,0,100,0,100,0.0,0.054558859670680755,9.40918742958525,11,8,8,0.029245514868518063,0.7340869992627181,0.0,2,7,0,0,0,0,100,100,100,0,2,1,1,0,1,2,2,0,1,1,1,0,0,0,0,0,0,0,0,0,0,0,0,0,1.0,1.0,0.0,-4.8,-16.8,0.0,1,3.0,8.0,,11,7.67,15.25,,32.33,44.5,,0.0,0.0,,0.0,11.2,,26.18,0.0,5.8,0,0,0,0,0,0,0,0,90,0,68,18,4,0,0,0.7556,0.2,0,0,0,406.9,0.0,2500.0,0.0,4393.258,-659.758,0.0,0.0,0.0,0.0,2.4,-100.529,0.0,-914.0,0.0,0.0,200.0,0.0,0.0,0.0,0.0,-288.0,0.0,0.0,1.63195,7.80707,-0.02412,0.11658,-0.22463,0.24871,0.04915,1.10742,-0.07078,0.1743,0.0,-193.506,2700.0,0.0,6441.072,-462.452,-0.04756,0.21505,0.66355,7.88851,1.46931,1.18058,0.04866,0.9773,0.00811,81.81818,0.99214,1.71006,0.0,-3.6262,38.3523,0.0,251.0434,-54.1576,-3.777,71,13,35,164,0,20,16,200,87,83,30,0,164,16,20,0,81,0,6,0.435,0.82,200,48,20,-3.623,7254.959,2.4,0.0,200.0,0.0,-614.558,-100.529,-914.0,0.0,-288.0,7254.959,2.4,0.0,200.0,0.0,-614.558,-100.529,-914.0,0.0,-288.0,0,19,25,25,0,8,8,0,80,5,0,0,0,0,,0,0,0,0,0,2476,8,8,280,280,128,76,34,34,0,0,20,0,0,0,103,0,0,0,1,0,1,0,2,76,1,13,0,3200,0,4,0,0,0,17721,12.44850742057446,1.0,3.8654703459172732,1.4957664405995041,3.160092545567406,1.122961458156989,2.4625,0.0009116132525160451,0.006303744839718009,0.004782739093509143,-0.012063392799653065,0.4780410938386193,0.3843326054405126,0.06736968407145609,-0.07921226633981966,0.3421009882281395,0.18545454545454546,0.029573263562195435,10175.0,,,,,,,,,,,,,,,,,,,,,,,,,
33,25_5_2_5_2_1,25_5_2_5_2_1_StartGoalLocations_Seed1000.csv,60,4423.860364019871,59,0.9833333333333333,1,2,1,1,0,2,1,150,2,149,0.013333333333333334,0.24311926605504589,5.34209816389082,2,1,1,0.1692150866462793,0.5517329255861366,0.0,0,0,0,2,4,3,150,328,300,28,4,18,18,0,12,2,5,13,2,2,2,0,3,0,0,0,0,0,0,0,0,0,0,0,2.0,3.0,2.0,-9.6,-65.7,-200.0,5,1.0,1.0,,2,10.71,9.0,,13.0,15.0,,0.0,0.0,,56.0,0.0,,6.57,0.1,6.1,0,5,0,3,0,0,1,2,154,0,107,9,38,0,8,0.6948,0.0584,0,0,0,392.4,0.0,5900.0,0.0,2618.462,-1504.848,0.0,0.0,0.0,-100.0,3.783,-309.436,0.0,-1798.5,0.0,-508.0,25.0,0.0,0.0,0.0,0.0,-295.0,0.0,0.0,1.88736,12.19334,-0.10338,1.14754,-0.58779,0.89504,0.00637,0.39904,-0.07518,0.17871,0.0,-785.01,5925.0,0.0,3032.258,-1416.879,-0.20005,1.24085,1.50994,12.17523,0.41167,1.21592,0.1789,1.11825,0.01529,98.75,0.98471,1.15143,0.0,-22.3956,84.1619,0.0,149.6264,-102.8485,-41.868,152,31,69,359,47,146,157,709,89,387,233,0,357,206,146,0,245,3,53,0.12552891396332863,0.5035260930888575,709,274,82,-15.643,8800.863,3.642,0.0,25.0,0.0,-1394.849,-409.295,-2306.5,0.0,-295.0,8800.863,3.642,0.0,25.0,0.0,-1394.849,-409.295,-2306.5,0.0,-295.0,0,110,60,59,1,1,1,0,255,5,2,0,2,0,1.0,0,4,3,1,2,1168,108,108,742,742,1264,439,130,130,12,0,1892,54,0,0,610,3,0,2,3,3,0,0,56,170,1,82,1,305,0,61,1,0,5,8185,78.4850335980452,3.24719800747198,34.79535736102627,1.4505267051811161,22.2846670739157,3.9095907147220523,2.9402412280701755,0.0008613935893812944,0.006524734719726576,0.004571394586603935,-0.012362641424310636,0.4922447132125293,0.3964774178927892,0.06238608068646225,-0.07387556164838016,0.32723782634961424,0.1952125464300454,0.02934571566868996,4846.0,,,,,,,,,,,,,,,,,,,,,,,,,
34,25_5_2_5_2_1,25_5_2_5_2_1_StartGoalLocations_Seed1003.csv,60,1101.6466631442308,58,0.9666666666666667,7,7,5,7,0,5,0,436,7,429,0.016055045871559634,0.45821462488129155,4.391187650829922,8,8,5,0.32600094951732866,0.5154296565912327,7.891023188829422,1,4,0,7,16,15,361,549,332,217,7,21,18,3,21,3,9,16,3,3,3,0,1,1,1,0,0,0,0,0,0,0,0,0,3.0,11.0,7.0,-18.0,-447.3,-962.5,5,,8.0,,10,,7.94,,,12.12,,,0.6,,,21.2,,8.78,0.3,12.2,1,17,0,14,0,0,4,9,197,0,140,21,36,0,22,0.7107,0.1066,0,0,0,631.9,0.0,5800.0,0.0,3394.588,-1862.368,49.0,0.0,0.0,-700.0,13.653,-1001.626,0.0,-2594.5,0.0,-1258.0,200.0,0.0,0.0,0.0,0.0,-881.0,0.0,-690.0,1.2681,9.57353,-0.26713,2.35969,-0.60967,1.11106,0.03165,0.88897,-0.24862,1.02091,0.0,-2898.473,6000.0,0.0,4453.264,-2451.399,-0.45869,2.48034,0.94952,9.57478,0.3168,1.52981,0.31128,1.47355,0.01044,90.90909,0.9905,1.10316,0.0,-93.3806,85.2273,0.0,196.7282,-196.1442,-88.655,1121,65,820,1226,89,327,322,1965,306,915,744,0,1225,414,326,0,714,16,402,0.15572519083969466,0.6234096692111959,1956,844,129,-0.001,9733.627,12.802,0.0,200.0,0.0,-1720.507,-1700.775,-3852.5,0.0,-1571.0,9733.627,12.802,0.0,200.0,0.0,-1720.507,-1700.775,-3852.5,0.0,-1571.0,0,188,60,58,2,8,8,0,1384,5,5,0,5,0,1.0,0,11,12,5,3,3200,128,128,3088,3088,1921,753,1819,1819,20,0,3952,520,0,0,531,10,0,4,11,8,2,0,242,535,7,237,0,305,0,257,5,0,25,22244,55.53857219924474,3.219766877124818,27.76928609962237,3.0710822883774767,22.95900017982377,6.140981837798957,2.4587820638339535,0.0011598585774254388,0.006418139836168848,0.0047079937893431635,-0.01379106699838303,0.5186800910532474,0.3795321877300739,0.06937476967927068,-0.0838767369283596,0.34085361376232304,0.16496715670941509,0.035997246954007314,15985.0,,,,,,1.19,1.19,0.0,1.0,100.0,,,,,,,,,,,2.0,7.89,7.5,2.5,617.0
35,25_5_2_5_2_1,25_5_2_5_2_1_StartGoalLocations_Seed1001.csv,60,2359.598265260458,59,0.9833333333333333,7,2,7,7,0,2,1,474,2,467,0.004219409282700422,0.30787589498806683,4.77572084604383,8,8,4,0.24599659284497444,0.5243611584327087,7.5,2,7,0,2,4,11,454,632,598,34,3,66,65,1,64,3,9,42,23,26,23,0,0,0,1,0,0,0,0,0,0,0,0,0,23.0,14.0,2.0,-127.20000000000013,-617.9999999999999,-200.0,24,,8.0,1.0,9,,5.26,7.5,,9.75,5.0,,0.6,15.0,,20.5,246.0,8.03,0.1,6.0,0,13,0,4,0,0,2,4,361,0,232,40,89,0,181,0.6427,0.1108,0,0,0,587.0,0.0,5900.0,0.0,3942.073,-2428.482,66.5,0.0,0.0,-700.0,5.611,-969.603,0.0,-2584.5,0.0,-1048.0,200.0,0.0,0.0,0.0,0.0,-266.0,0.0,-345.0,1.37429,10.02456,-0.28347,2.45093,-0.61882,1.12008,0.03407,0.92229,-0.10409,0.71774,0.0,-2475.02,6100.0,0.0,4813.766,-2359.673,-0.42164,2.55902,1.03918,10.01414,0.41807,1.44767,0.24259,1.73808,0.01141,91.04478,0.98961,1.23488,0.0,-71.323,86.6477,0.0,227.0613,-171.6847,-88.679,213,22,84,614,74,379,340,1409,177,784,448,0,613,416,380,0,500,12,225,0.1256210078069553,0.4350603264726757,1409,670,165,-29.471,10311.825,4.985,0.0,200.0,0.0,-2244.734,-1668.977,-3632.5,0.0,-611.0,10311.825,4.985,0.0,200.0,0.0,-2244.734,-1668.977,-3632.5,0.0,-611.0,0,209,60,59,1,8,8,0,513,5,2,0,2,0,1.0,0,4,9,5,4,3200,470,470,1162,1162,2112,840,195,195,28,0,2028,239,0,0,869,10,0,7,14,12,1,0,219,138,6,249,2,305,0,129,5,0,25,23133,56.20974365624865,2.5387987387525954,22.43548177927636,1.3163704407832053,15.834522111269616,3.7003415034798772,2.828009828009828,0.0011403634722478274,0.005934696449839976,0.004507229111914058,-0.015386318200617097,0.5514700442180037,0.3721076775714755,0.07018101373221725,-0.062251891138148496,0.33054494157040193,0.17101013475888183,0.040384820687061965,17958.0,,,,,,,,,,,,,,,,,,,,,,,,,
36,50_20_5_10_5_2,50_20_5_10_5_2_StartGoalLocations_Seed1003.csv,60,10332.439898610115,59,0.9833333333333333,0,0,0,0,0,0,0,5,0,5,0.0,0.0026327336551118913,9.635980693956068,6,4,5,0.006362439666520404,0.749670908293111,0.0,1,4,0,0,0,0,4,4,4,0,2,0,0,0,0,0,0,0,0,0,0,0,0,0,0,0,0,0,0,0,0,0,0,0,0.0,0.0,0.0,0.0,0.0,0.0,0,2.0,4.0,,6,6.25,20.5,,17.75,39.75,,0.0,0.0,,0.0,0.0,,22.02,0.0,0.1,0,0,0,0,0,0,0,0,173,0,130,28,15,0,2,0.7514,0.1618,0,0,0,455.8,0.0,5900.0,0.0,5134.05,-928.05,7.0,0.0,0.0,0.0,0.28,-2.64,0.0,-113.0,0.0,0.0,100.0,0.0,0.0,0.0,0.0,-221.0,0.0,0.0,2.31874,11.24829,-0.00052,0.01944,-0.02479,0.10854,0.02194,0.74027,-0.04849,0.14796,0.0,-7.4,6000.0,0.0,6696.851,-711.64,-0.00162,0.03773,1.31637,11.32512,1.31312,1.16551,0.00219,0.74,0.01382,95.2381,0.98684,1.64706,0.0,-0.1742,85.2273,0.0,293.7743,-65.66,-0.974,0,0,0,3,2,0,4,10,2,8,0,0,3,7,0,0,1,0,0,0.2,0.3,10,6,4,0.04,11434.95,0.28,0.0,100.0,0.0,-866.15,-2.64,-113.0,0.0,-221.0,11434.95,0.28,0.0,100.0,0.0,-866.15,-2.64,-113.0,0.0,-221.0,0,0,60,59,1,4,3,0,5,5,0,0,0,0,,0,0,0,0,0,928,0,0,8,8,24,0,8,8,0,0,52,4,0,0,362,0,0,0,0,0,0,0,1,0,0,0,0,3200,0,1,0,0,0,10545,13.153153153153154,1.0317231434751262,4.950213371266003,1.1374042306338006,3.4234234234234235,0.3793266951161688,3.263157894736842,0.0010756848928081284,0.005601236883727512,0.004581079665764138,-0.01704409362844609,0.5573014941965712,0.3983442326044214,0.07367230397809682,-0.05480437694470687,0.31563138745226577,0.1988689915174364,0.041173768307082005,5305.0,,,,,,,,,,,,,,,,,,,,,,,,,
37,25_5_2_5_2_1,25_5_2_5_2_1_StartGoalLocations_Seed1002.csv,25,2435.094404131174,25,1.0,1,0,1,1,0,0,0,92,0,91,0.0,0.11805810959911732,6.551415441587222,5,5,5,0.12357484369253402,0.5204119161456418,0.0,1,3,0,0,0,0,92,120,113,7,3,14,12,2,12,3,5,10,4,6,4,0,0,1,0,0,0,0,0,0,0,0,0,0,4.0,0.0,0.0,-31.8,0.0,0.0,4,,5.0,,5,,4.52,,,12.6,,,0.0,,,9.0,,8.53,0.0,3.1,0,2,0,1,0,0,0,1,149,0,85,14,50,0,9,0.5705,0.094,0,0,0,271.9,0.0,2500.0,0.0,1980.028,-1223.453,3.5,0.0,0.0,-100.0,0.064,-124.945,0.0,-672.0,0.0,-144.0,125.0,0.0,0.0,0.0,0.0,-181.0,0.0,0.0,1.299,9.60456,-0.08271,1.36421,-0.30011,0.67616,0.04597,1.07108,-0.06657,0.16986,0.0,-357.222,2625.0,0.0,2308.584,-1119.924,-0.13138,1.42776,0.96543,9.60015,0.43717,1.31171,0.09158,1.43463,0.01103,87.5,0.98786,1.27644,0.0,-8.0435,37.2869,0.0,113.3445,-80.2544,-19.593,34,14,11,81,19,74,72,247,34,133,80,0,80,93,74,0,67,0,19,0.13765182186234817,0.32388663967611336,245,102,23,-8.158,4670.228,0.0,0.0,125.0,0.0,-1138.253,-224.881,-816.0,0.0,-181.0,4670.228,0.0,0.0,125.0,0.0,-1138.253,-224.881,-816.0,0.0,-181.0,0,37,25,25,0,5,5,0,91,5,0,0,0,0,,0,0,1,0,0,1720,108,108,198,198,576,146,61,61,0,0,495,0,0,0,467,1,0,0,0,0,0,0,28,0,0,40,0,305,0,25,0,0,0,8568,67.0985060690943,1.935293094451209,23.72782446311858,1.4214338589417512,17.600373482726425,2.1942110177404297,3.2652519893899203,0.0011615658402957326,0.0055161237435112165,0.004519282684249933,-0.017058548551096127,0.5605845521355785,0.39700049071810967,0.06714438210393107,-0.041454871314534444,0.32237512520762585,0.17239963035219222,0.04064924619528176,9739.0,,,,,,,,,,,,,,,,,,,,,,,,,
38,50_20_5_10_5_2,50_20_5_10_5_2_StartGoalLocations_Seed1005.csv,40,7700.710886090994,40,1.0,0,0,0,0,0,0,0,24,0,24,0.0,0.013962580284836637,9.728505194503413,7,7,6,0.003909522479754258,0.7894442893046635,0.0,2,7,0,0,0,0,24,24,24,0,2,3,3,0,3,2,2,2,1,1,1,0,0,0,0,0,0,0,0,0,0,0,0,0,1.0,0.0,0.0,-4.8,0.0,0.0,1,,7.0,,7,,11.64,,,36.14,,,0.0,,,3.6,,22.36,0.0,0.0,0,0,0,0,0,0,0,0,129,0,95,24,10,0,0,0.7364,0.186,0,0,0,358.1,0.0,4000.0,0.0,4227.042,-493.542,0.0,0.0,0.0,0.0,0.0,-39.389,0.0,-353.0,0.0,0.0,175.0,0.0,0.0,0.0,0.0,-173.5,0.0,0.0,2.25959,10.4408,-0.011,0.09342,-0.09858,0.19892,0.04887,1.10424,-0.04845,0.14791,0.0,-59.382,4175.0,0.0,5702.955,-378.23,-0.01658,0.14554,1.16588,10.56234,1.48694,1.06242,0.0134,1.23713,0.01312,88.82979,0.98827,1.71833,0.0,-0.9016,59.304,0.0,241.5453,-38.1167,-2.124,8,2,0,24,3,13,8,48,18,18,12,0,24,11,13,0,7,0,0,0.375,0.5,48,26,8,-4.007,8551.542,0.0,0.0,175.0,0.0,-459.942,-39.389,-353.0,0.0,-173.5,8551.542,0.0,0.0,175.0,0.0,-459.942,-39.389,-353.0,0.0,-173.5,0,5,40,40,0,7,7,0,19,5,0,0,0,0,,0,0,0,0,0,1296,16,16,44,44,64,20,16,16,0,0,20,0,0,0,120,0,0,0,0,0,0,0,0,0,0,6,0,3200,0,2,0,0,0,10580,10.992438563327033,1.0,4.914933837429111,1.5127884831566076,3.771266540642722,0.6427221172022685,2.869674185463659,0.001227785729576153,0.005293417175122203,0.004576452371785072,-0.01692408218945342,0.5607178150503723,0.40747629501569416,0.06349599854675708,-0.026671649781803107,0.3434518629805801,0.1540447504302926,0.03856322526182015,6972.0,,,,,,,,,,,,,,,,,,,,,,,,,
39,50_20_5_10_5_2,50_20_5_10_5_2_StartGoalLocations_Seed1019.csv,25,5148.460020303726,24,0.96,0,0,0,0,0,0,0,6,0,6,0.0,0.017477203647416412,9.607906312565673,1,0,0,0.006838905775075988,0.7754559270516718,0.0,0,0,0,0,0,0,3,3,3,0,2,0,0,0,0,0,0,0,0,0,0,0,0,0,0,0,0,0,0,0,0,0,0,0,0.0,0.0,0.0,0.0,0.0,0.0,0,1.0,,,1,17.5,,,67.0,,,0.0,,,0.0,,,35.75,0.0,0.6,0,0,0,0,0,0,0,0,90,0,59,13,18,0,0,0.6556,0.1444,0,0,0,263.2,0.0,2400.0,0.0,3095.735,-409.235,0.0,0.0,0.0,0.0,0.0,-10.24,0.0,-68.0,0.0,0.0,0.0,0.0,0.0,0.0,0.0,-123.0,0.0,0.0,2.03256,9.45746,-0.00389,0.05014,-0.02584,0.11068,0.0,0.0,-0.04673,0.14554,0.0,-12.36,2400.0,0.0,4522.834,-274.853,-0.0047,0.07645,0.91185,9.50547,1.61397,1.15687,0.0038,1.236,0.00912,100.0,0.99088,1.8396,0.0,-0.1941,34.0909,0.0,176.8991,-30.4134,-1.656,6,4,1,0,3,4,5,12,0,8,4,0,0,8,4,0,0,0,0,0.0,0.0,12,8,8,-2.88,5731.175,0.0,0.0,0.0,0.0,-381.475,-10.24,-68.0,0.0,-123.0,5731.175,0.0,0.0,0.0,0.0,-381.475,-10.24,-68.0,0.0,-123.0,0,2,25,24,1,0,0,0,3,5,0,0,0,0,,0,0,0,0,0,768,0,0,2,2,20,8,0,0,0,0,164,12,0,0,144,0,0,0,0,0,0,0,0,0,0,1,0,3200,0,1,0,0,0,5185,7.03953712632594,1.0,1.9672131147540983,0.823529417170029,0.9836065573770492,0.0,4.627450980392157,0.0012725975305253694,0.005391009953503574,0.0050119422157877125,-0.017796344063147746,0.5703695523552597,0.4390347898006439,0.06807546499961366,-0.036082901423166426,0.33100553199793187,0.161351287502953,0.039161754275067094,4233.0,,,,,,,,,,,,,,,,,,,,,,,,,
40,50_20_5_10_5_2,50_20_5_10_5_2_StartGoalLocations_Seed1008.csv,25,5202.099960014224,25,1.0,0,0,0,0,0,0,0,0,0,0,0.0,0.0,9.969040247678018,1,1,1,0.0,0.8328173374613003,0.0,0,0,0,0,0,0,0,0,0,0,0,0,0,0,0,0,0,0,0,0,0,0,0,0,0,0,0,0,0,0,0,0,0,0,0.0,0.0,0.0,0.0,0.0,0.0,0,,1.0,,1,,3.0,,,44.0,,,0.0,,,0.0,,31.1,0.0,0.0,0,0,0,0,0,0,0,0,63,0,53,8,2,0,0,0.8413,0.127,0,0,0,226.1,0.0,2500.0,0.0,2824.5,-297.0,0.0,0.0,0.0,0.0,0.0,0.0,0.0,0.0,0.0,0.0,25.0,0.0,0.0,0.0,0.0,-76.5,0.0,0.0,2.32357,10.37772,0.0,0.0,0.0,0.0,0.01106,0.52565,-0.03383,0.12559,0.0,0.0,2525.0,0.0,4080.425,-184.7,0.0,0.0,1.11676,10.46899,1.72301,1.07546,0.0,0.0,0.0115,97.11538,0.9885,1.90833,0.0,0.0,35.8665,0.0,161.4,-21.3429,0.0,0,0,0,0,0,0,0,0,0,0,0,0,0,0,0,0,0,0,0,,,0,0,0,0.0,5530.8,0.0,0.0,25.0,0.0,-277.2,0.0,0.0,0.0,-76.5,5530.8,0.0,0.0,25.0,0.0,-277.2,0.0,0.0,0.0,-76.5,0,0,25,25,0,1,1,0,0,5,0,0,0,0,,0,0,0,0,0,988,0,0,0,0,0,0,0,0,0,0,0,0,0,0,74,0,0,0,0,0,0,0,0,0,0,0,0,3200,0,0,0,0,0,4755,2.9022082018927446,1.0,1.2197686645636172,1.4965517438691238,1.0515247108307044,0.16824395373291273,2.24,0.001703037821166599,0.005415554267735134,0.005038579308469346,-0.01818309007363341,0.569379823169245,0.44174370941845514,0.06978221872617842,-0.0403775741687414,0.33077510322598086,0.16136873597606582,0.03864057457423958,5348.0,,,,,,,,,,,,,,,,,,,,,,,,,
41,50_20_5_10_5_2,50_20_5_10_5_2_StartGoalLocations_Seed1005.csv,60,9714.092218786478,60,1.0,0,0,0,0,0,0,0,55,0,55,0.0,0.026490066225165563,9.139714717019134,2,2,0,0.007568590350047304,0.78240302743614,0.0,1,2,0,0,0,0,54,54,54,0,2,8,8,0,0,2,2,7,1,1,1,0,0,0,0,0,0,0,0,0,0,0,0,0,1.0,1.0,0.0,-4.8,-199.2,0.0,1,,2.0,,2,,8.5,,,19.5,,,0.0,,,0.0,,22.86,0.0,0.3,0,0,0,0,0,0,0,0,150,0,128,11,11,0,0,0.8533,0.0733,0,0,0,422.8,0.0,6000.0,0.0,4901.483,-726.983,0.0,0.0,0.0,0.0,1.6,-56.808,0.0,-705.0,0.0,0.0,50.0,0.0,0.0,0.0,0.0,-173.0,0.0,0.0,2.50646,11.75183,-0.01306,0.10043,-0.16675,0.23573,0.01183,0.54361,-0.04092,0.13706,0.0,-103.878,6050.0,0.0,6663.21,-500.222,-0.02457,0.16299,1.43094,11.83888,1.45766,1.10764,0.02554,0.96184,0.01466,97.58065,0.98486,1.72032,0.0,-7.6278,85.9375,0.0,280.0848,-51.4276,-3.635,2,1,0,8,36,34,32,110,4,72,34,0,8,68,34,0,4,0,0,0.03636363636363636,0.07272727272727272,110,26,10,-5.329,11273.883,1.6,0.0,50.0,0.0,-676.583,-56.808,-705.0,0.0,-173.0,11273.883,1.6,0.0,50.0,0.0,-676.583,-56.808,-705.0,0.0,-173.0,0,17,60,60,0,2,2,0,37,5,0,0,0,0,,0,0,0,0,0,944,36,36,26,26,248,68,84,84,8,0,140,4,0,0,518,0,0,1,1,1,0,0,4,0,0,2,0,3200,0,4,0,0,0,9135,18.53311439518336,1.0118133490844654,7.203065134099617,1.4768237314586128,4.740010946907499,0.6568144499178982,2.956120092378753,0.0013470866944031914,0.005186473116105012,0.004669894210765359,-0.01697885340387475,0.56198920726271,0.4564338077680539,0.0583637382487877,-0.010201453907075891,0.32318678761353603,0.1694915254237288,0.037147303260749116,4956.0,,,,,,,,,,,,,,,,,,,,,,,,,
42,25_5_2_5_2_1,25_5_2_5_2_1_StartGoalLocations_Seed1005.csv,60,4934.294033169746,60,1.0,3,0,3,3,0,0,0,91,0,88,0.0,0.1603748326639893,6.2354130896538935,2,2,1,0.09475374732334046,0.5436295503211992,0.0,1,2,0,0,0,5,85,136,133,3,3,15,15,0,14,2,3,12,3,3,3,0,0,0,0,0,0,0,0,0,0,0,0,0,3.0,5.0,0.0,-14.4,-472.7999999999999,0.0,3,,2.0,,2,,2.75,,,8.5,,,0.0,,,5.0,,7.67,0.1,3.5,0,5,0,3,0,0,0,2,170,0,120,9,41,0,17,0.7059,0.0529,0,0,0,373.6,0.0,6000.0,0.0,2876.835,-1553.334,3.5,0.0,0.0,-300.0,1.968,-183.774,0.0,-1404.5,0.0,-760.0,50.0,0.0,0.0,0.0,0.0,-170.0,0.0,0.0,2.06119,12.58918,-0.12896,2.00566,-0.57936,1.21644,0.01338,0.57828,-0.0455,0.14381,0.0,-675.867,6050.0,0.0,3434.053,-1335.502,-0.18091,2.08958,1.61938,12.5822,0.56171,1.28206,0.08324,2.17321,0.0166,97.58065,0.98394,1.29748,0.0,-28.6544,85.9375,0.0,164.5906,-98.4763,-38.145,58,8,9,95,40,106,68,311,47,140,124,0,95,110,106,0,72,1,10,0.15112540192926044,0.3054662379421222,311,151,62,-11.439,9142.147,1.61,0.0,50.0,0.0,-1441.547,-483.416,-2164.5,0.0,-170.0,9142.147,1.61,0.0,50.0,0.0,-1441.547,-483.416,-2164.5,0.0,-170.0,0,57,60,60,0,2,2,0,96,5,0,0,0,0,,0,0,3,1,2,796,80,80,194,194,580,228,48,48,4,0,1217,71,0,0,853,3,0,5,5,5,0,0,46,12,0,89,6,305,0,93,1,0,5,7839,72.49649189947698,2.329931374274151,19.288174512055107,1.317146184925044,13.777267508610793,1.3011863758132416,3.2314814814814814,0.0013185980777728871,0.005425663825227463,0.004983726616284281,-0.017246747298175515,0.5719847159469547,0.440014772154578,0.07268397390243396,-0.04685804823731732,0.32461388389459506,0.16188524590163936,0.03843335128965932,4392.0,,,,,,,,,,,,,,,,,,,,,,,,,
43,50_20_5_10_5_2,50_20_5_10_5_2_StartGoalLocations_Seed1008.csv,60,10261.91235885024,60,1.0,0,0,0,0,0,0,0,26,0,26,0.0,0.016340678385739046,9.628845466779996,2,2,1,0.0076751671205743995,0.8318890814558059,0.0,1,2,0,0,0,0,26,26,26,0,2,1,1,0,1,2,1,1,0,0,0,0,0,0,0,0,0,0,0,0,0,0,0,0,0.0,0.0,0.0,0.0,0.0,0.0,0,,2.0,,2,,27.5,,,34.5,,,0.0,,,0.0,,24.23,0.0,0.6,0,0,0,0,0,0,0,0,162,0,130,19,13,0,0,0.8025,0.1173,0,0,0,403.9,0.0,6000.0,0.0,4924.316,-539.816,0.0,0.0,0.0,0.0,1.549,-27.536,0.0,-402.5,0.0,0.0,50.0,0.0,0.0,0.0,0.0,-148.0,0.0,0.0,2.67106,11.99864,-0.00643,0.06458,-0.09965,0.19974,0.01238,0.55617,-0.03664,0.1303,0.0,-53.164,6050.0,0.0,6665.957,-380.157,-0.01316,0.11794,1.4979,12.10857,1.55628,1.0381,0.01287,1.02239,0.01535,97.58065,0.98514,1.77083,0.0,-0.8116,85.9375,0.0,281.3895,-39.3038,-1.838,14,5,4,30,0,9,13,52,4,38,10,0,30,13,9,0,26,0,0,0.07692307692307693,0.5769230769230769,52,24,8,1.177,11291.716,1.549,0.0,50.0,0.0,-503.316,-27.536,-402.5,0.0,-148.0,11291.716,1.549,0.0,50.0,0.0,-503.316,-27.536,-402.5,0.0,-148.0,0,6,60,60,0,2,2,0,20,5,0,0,0,0,,0,0,0,0,0,808,4,4,72,72,44,24,4,4,0,0,40,0,0,0,92,0,0,0,0,0,0,0,14,0,0,14,0,3200,0,2,0,0,0,8641,8.170350653859508,1.0,3.2866566369633143,1.3077464971533963,2.8237472514755235,0.16201828492072676,3.4344262295081966,0.0011644541476259589,0.005252891199405093,0.005078282278713466,-0.01724936643679912,0.5675853209035231,0.46219447299395455,0.06201176420960686,-0.05599198651518488,0.32467676952654106,0.16738685467364112,0.037185190663219965,4397.0,,,,,,,,,,,,,,,,,,,,,,,,,
44,50_20_5_10_5_2,50_20_5_10_5_2_StartGoalLocations_Seed1005.csv,60,10379.534282624722,60,1.0,1,0,1,1,0,0,0,55,0,54,0.0,0.026596816441668347,9.497325004456194,4,4,4,0.017529719927463227,0.7890388877694943,0.0,1,3,0,0,0,0,54,64,64,0,2,3,3,0,1,2,2,2,1,1,1,0,0,0,0,0,0,0,0,0,0,0,0,0,1.0,0.0,0.0,-4.8,0.0,0.0,1,,4.0,,4,,20.12,,,40.0,,,0.0,,,0.0,,26.59,0.0,1.3,0,2,0,1,0,0,0,1,189,0,142,24,23,0,0,0.7513,0.127,0,0,0,496.3,0.0,6000.0,0.0,5799.329,-779.405,0.0,0.0,0.0,-100.0,1.699,-95.888,0.0,-703.0,0.0,-128.0,100.0,0.0,0.0,0.0,0.0,-211.5,0.0,0.0,2.32042,10.86036,-0.03913,1.01114,-0.16744,0.49911,0.02015,0.70945,-0.04262,0.13961,0.0,-278.797,6100.0,0.0,7973.785,-583.215,-0.05618,1.05616,1.2291,10.94932,1.48913,1.12192,0.0266,2.1121,0.0129,95.3125,0.98731,1.74633,0.0,-5.074,86.6477,0.0,331.3902,-56.6232,-3.239,25,10,7,70,18,12,28,128,21,74,33,0,70,46,12,0,53,0,4,0.1640625,0.546875,128,48,6,2.608,12242.829,1.6,0.0,100.0,0.0,-726.605,-195.789,-831.0,0.0,-211.5,12242.829,1.6,0.0,100.0,0.0,-726.605,-195.789,-831.0,0.0,-211.5,0,18,60,60,0,4,4,0,46,5,0,0,0,0,,0,0,1,0,0,1224,16,16,133,133,96,72,36,36,0,0,44,0,0,0,504,0,0,0,0,0,0,0,23,0,0,33,3,3200,0,4,0,0,0,11737,11.161284825764676,1.0,5.878844679219562,1.4917391525338526,4.524154383573316,0.9883275112890858,2.6610169491525424,0.0012759043506389539,0.005016971976812807,0.0050625488340087675,-0.01701255227299103,0.5637973172991884,0.49114638304009156,0.05585066661287367,-0.05885393149675984,0.32450229514205964,0.18786870367569203,0.036182358977207785,6611.0,,,,,,,,,,,,,,,,,,,,,,,,,
45,50_20_5_10_5_2,50_20_5_10_5_2_StartGoalLocations_Seed1013.csv,60,11506.500851869583,59,0.9833333333333333,0,0,0,0,0,0,0,17,0,17,0.0,0.009099901088031652,9.629425024225734,5,4,3,0.005736894164193867,0.8128585558852621,0.0,1,4,0,0,0,0,16,16,16,0,2,1,1,0,1,2,1,1,0,0,0,0,0,0,0,0,0,0,0,0,0,0,0,0,0.0,1.0,0.0,0.0,-45.6,0.0,0,1.0,4.0,,5,3.5,12.5,,29.5,46.5,,0.0,0.0,,0.0,0.0,,26.41,0.0,0.1,0,0,0,0,0,0,0,0,176,0,130,16,30,0,0,0.7386,0.0909,0,0,0,505.5,0.0,5900.0,0.0,6114.637,-801.637,0.0,0.0,0.0,0.0,0.0,-30.499,0.0,-104.0,0.0,0.0,100.0,0.0,0.0,0.0,0.0,-177.5,0.0,0.0,2.3182,10.66979,-0.00603,0.0661,-0.02057,0.09932,0.01978,0.70297,-0.03511,0.12777,0.0,-40.914,6000.0,0.0,8403.575,-552.259,-0.00809,0.09903,1.18694,10.76113,1.55318,1.10124,0.00673,1.20335,0.01246,95.2381,0.98675,1.79548,0.0,-1.8624,85.2273,0.0,349.4079,-55.9507,-1.28,3,3,0,7,6,14,7,34,2,16,16,0,7,13,14,0,5,0,0,0.058823529411764705,0.20588235294117646,34,26,10,-6.585,12465.937,0.0,0.0,100.0,0.0,-747.437,-30.499,-104.0,0.0,-177.5,12465.937,0.0,0.0,100.0,0.0,-747.437,-30.499,-104.0,0.0,-177.5,0,12,60,59,1,4,3,0,5,5,0,0,0,0,,0,0,0,0,0,1000,4,4,12,12,84,48,0,0,0,0,104,4,0,0,367,0,0,1,1,1,0,0,2,0,0,3,0,3200,0,2,0,0,0,11228,9.164588528678305,1.0,1.3359458496615604,1.6020000189542771,1.148913430708942,0.23156394727467047,2.891472868217054,0.00110670517100516,0.005016748491674662,0.005077550087124109,-0.016385782122612,0.5626524379253387,0.4979980022907257,0.05740634316205978,-0.0620022483933717,0.3163588915756462,0.17894152479644707,0.035901979339381586,5404.0,,,,,,,,,,,,,,,,,,,,,,,,,
46,50_20_5_10_5_2,50_20_5_10_5_2_StartGoalLocations_Seed1008.csv,40,7223.113814562559,39,0.975,0,0,0,0,0,0,0,5,0,5,0.0,0.012149848126898413,9.756435616693102,2,1,1,0.011137360782990213,0.8093148835639554,0.0,0,0,0,0,0,0,5,5,5,0,2,0,0,0,0,0,0,0,0,0,0,0,0,0,0,0,0,0,0,0,0,0,0,0,0.0,1.0,0.0,0.0,-16.8,0.0,0,1.0,1.0,,2,11.0,10.5,,72.0,35.0,,0.0,0.0,,0.0,0.0,,25.41,0.0,0.1,0,0,0,0,0,0,0,0,102,0,85,8,9,0,0,0.8333,0.0784,0,0,0,296.3,0.0,3900.0,0.0,3556.064,-401.564,0.0,0.0,0.0,0.0,0.508,-5.694,0.0,-13.5,0.0,0.0,25.0,0.0,0.0,0.0,0.0,-134.0,0.0,0.0,2.48086,11.31164,-0.00175,0.03319,-0.00456,0.04751,0.00844,0.4592,-0.04522,0.14341,0.0,-10.694,3925.0,0.0,4913.743,-277.363,-0.00361,0.06204,1.32467,11.40524,1.56476,1.06025,0.00337,1.06944,0.0135,98.125,0.98684,1.77534,0.0,-0.6661,55.7528,0.0,203.2037,-30.6037,-1.047,0,0,0,0,0,5,5,10,0,5,5,0,0,5,5,0,0,0,0,0.0,0.0,10,10,10,0.508,7725.064,0.508,0.0,25.0,0.0,-374.264,-5.694,-13.5,0.0,-134.0,7725.064,0.508,0.0,25.0,0.0,-374.264,-5.694,-13.5,0.0,-134.0,0,5,40,39,1,1,1,0,0,5,0,0,0,0,,0,0,0,0,0,880,0,0,0,0,20,20,0,0,0,0,84,0,0,0,150,0,0,1,1,1,0,0,0,19,0,0,0,3200,0,19,0,0,0,6141,8.255984367366878,1.0,3.6476143950496662,1.214508946103576,3.2567985670086306,0.6187917277316398,3.18,0.0011289770697162154,0.004992471405685964,0.004913132049312646,-0.016228115234778007,0.5626515651291067,0.4972173581069166,0.05038725252855908,-0.03862967600262809,0.3125298411462355,0.19160104986876642,0.03536645918291537,4572.0,,,,,,,,,,,,,,,,,,,,,,,,,
47,25_5_2_5_2_1,25_5_2_5_2_1_StartGoalLocations_Seed1002.csv,40,4308.111944444478,40,1.0,0,0,0,0,0,0,0,70,0,70,0.0,0.1467444120505345,6.579780821938274,5,5,4,0.04907677356656948,0.5626822157434402,0.0,1,4,0,0,0,0,69,103,96,7,3,9,9,0,5,2,4,5,4,4,4,0,0,0,0,0,0,0,0,0,0,0,0,0,4.0,0.0,0.0,-19.2,0.0,0.0,4,,5.0,,5,,3.2,,,9.6,,,0.0,,,0.4,,6.49,0.0,2.7,0,0,0,0,0,0,0,0,119,0,88,9,22,0,0,0.7395,0.0756,0,0,0,205.8,0.0,4000.0,0.0,1660.264,-731.764,0.0,0.0,0.0,0.0,0.845,-142.033,0.0,-698.0,0.0,0.0,125.0,0.0,0.0,0.0,0.0,-112.0,0.0,0.0,2.4948,13.79573,-0.0686,0.20764,-0.33916,0.23356,0.06074,1.23076,-0.05442,0.15572,0.0,-237.884,4125.0,0.0,1909.15,-670.828,-0.11559,0.3449,2.00437,13.85151,0.60171,1.23993,0.10739,1.0764,0.02187,91.66667,0.97716,1.28293,0.0,-4.1801,58.5937,0.0,94.8722,-48.2151,-13.678,26,4,1,78,33,68,46,225,53,94,78,0,78,79,68,0,32,0,8,0.23555555555555555,0.3466666666666667,225,106,40,-13.804,5813.364,0.845,0.0,125.0,0.0,-679.064,-142.033,-698.0,0.0,-112.0,5813.364,0.845,0.0,125.0,0.0,-679.064,-142.033,-698.0,0.0,-112.0,0,45,40,40,0,5,5,0,70,5,0,0,0,0,,0,0,0,0,0,720,64,64,168,168,440,180,28,28,8,0,652,24,0,0,404,0,0,0,0,0,0,0,19,0,0,23,0,305,0,11,0,0,0,5190,60.40462427745665,1.799043062200957,17.302504816955683,1.2306236233396295,10.693641618497109,1.9653179190751444,2.645045045045045,0.000935719622056139,0.004959983659339034,0.0050400127773173155,-0.015859087799779244,0.5601030839814081,0.5150693012608423,0.06422803623394834,-0.05996145290943484,0.3203608635707134,0.1944361352078971,0.031284605238962884,3343.0,,,,,,,,,,,,,,,,,,,,,,,,,
48,25_5_2_5_2_1,25_5_2_5_2_1_StartGoalLocations_Seed1008.csv,60,3369.471247434616,59,0.9833333333333333,7,2,7,7,0,2,0,329,2,322,0.0060790273556231,0.24096124702316518,5.548244100101946,0,0,0,0.19372972972972974,0.5202162162162162,16.5,0,0,0,2,4,1,320,392,360,32,3,25,25,0,24,2,2,16,9,9,9,0,0,0,0,0,0,0,0,0,0,0,0,0,9.0,5.0,2.0,-43.19999999999999,-251.99999999999997,-200.0,9,,,1.0,1,,,16.5,,,15.0,,,17.0,,,148.0,7.15,0.3,6.4,0,10,0,3,0,0,2,1,165,0,112,6,47,0,35,0.6788,0.0364,0,0,0,462.5,0.0,5900.0,0.0,3172.039,-1971.34,3.5,0.0,0.0,-700.0,5.795,-594.523,0.0,-1919.0,0.0,-416.0,0.0,0.0,0.0,0.0,0.0,-228.5,0.0,-345.0,1.63604,11.26167,-0.27864,2.75462,-0.50486,0.80278,0.0,0.0,-0.124,0.80454,0.0,-1798.186,5900.0,0.0,3784.022,-2007.405,-0.3888,2.91412,1.27568,11.22231,0.38413,1.50292,0.18832,2.06451,0.01276,100.0,0.98724,1.26838,0.0,-49.1003,83.8068,0.0,179.7165,-143.6766,-46.941,162,22,39,450,54,199,167,873,223,394,256,0,450,223,200,0,274,7,110,0.2554410080183276,0.5154639175257731,871,447,92,-12.542,9393.905,5.632,0.0,0.0,0.0,-1827.206,-1294.359,-2335.0,0.0,-573.5,9393.905,5.632,0.0,0.0,0.0,-1827.206,-1294.359,-2335.0,0.0,-573.5,0,132,60,59,1,0,0,0,331,5,2,0,2,0,1.0,0,4,9,8,7,3200,136,136,741,741,1337,529,341,341,24,0,1300,126,0,0,690,9,0,3,5,5,0,1,108,30,3,184,4,305,0,60,8,0,40,10777,77.89737403730166,2.399166170339488,28.79279948037487,1.6757170734527878,18.558040270947387,5.428226779252111,2.448,0.001078864600522138,0.0050196542852791026,0.005318364503036719,-0.01724191583052743,0.5809932344034314,0.5058728513866663,0.07737077075988054,-0.04495494849485113,0.30220713590851184,0.21287605294825512,0.035014519610968006,16620.0,,,,,,,,,,,,,,,,,,,,,,,,,
49,25_5_2_5_2_1,25_5_2_5_2_1_StartGoalLocations_Seed1011.csv,40,4170.287656605244,39,0.975,0,0,0,0,0,0,0,63,0,63,0.0,0.11169744942832015,6.727867766756076,3,2,2,0.08487247141600704,0.5470536499560247,0.0,1,2,0,0,0,0,62,86,86,0,2,8,8,0,6,2,2,4,3,3,3,0,1,0,0,0,0,0,0,0,0,0,0,0,3.0,1.0,0.0,-15.0,-21.6,0.0,4,1.0,2.0,,3,1.29,7.25,,4.0,10.5,,0.0,0.0,,21.0,0.0,,8.35,0.0,1.6,0,0,0,0,0,0,0,0,91,0,73,7,11,0,0,0.8022,0.0769,0,0,0,227.4,0.0,3900.0,0.0,1814.794,-843.664,3.5,0.0,0.0,0.0,1.6,-114.843,0.0,-717.5,0.0,0.0,50.0,0.0,0.0,0.0,0.0,-151.0,0.0,0.0,2.24364,12.98597,-0.0498,0.18569,-0.31552,0.24126,0.02199,0.74109,-0.0664,0.16968,0.0,-193.375,3950.0,0.0,2125.594,-768.961,-0.08504,0.30591,1.73703,13.0014,0.59658,1.26617,0.07564,1.12427,0.01803,96.34146,0.98241,1.29568,0.0,-3.921,56.108,0.0,103.9025,-56.8379,-11.892,23,6,4,61,16,41,60,178,25,99,54,0,61,76,41,0,42,0,8,0.1404494382022472,0.34269662921348315,178,70,22,-5.868,5886.668,1.6,0.0,50.0,0.0,-784.637,-114.843,-717.5,0.0,-151.0,5886.668,1.6,0.0,50.0,0.0,-784.637,-114.843,-717.5,0.0,-151.0,0,37,40,39,1,2,2,0,49,5,0,0,0,0,,0,0,0,0,0,776,48,48,112,112,282,148,32,32,0,0,428,10,0,0,477,0,0,1,1,1,0,0,18,47,0,29,0,305,0,62,0,0,0,4986,65.52346570397111,1.9494949494949494,23.766546329723226,1.2397046621338728,14.761331728840753,1.7248295226634576,3.089673913043478,0.0009432245163309548,0.00498959902774773,0.00531586035413994,-0.017767380058919032,0.601471138522797,0.49315081966906477,0.07325927653954815,-0.05722774405118808,0.29571618539152567,0.22836598065955865,0.036189819763765986,4033.0,,,,,,,,,,,,,,,,,,,,,,,,,
50,50_20_5_10_5_2,50_20_5_10_5_2_StartGoalLocations_Seed1019.csv,60,10393.661499500275,60,1.0,0,0,0,0,0,0,0,5,0,5,0.0,0.011764705882352941,9.47993913601076,1,1,1,0.006588235294117647,0.7894117647058824,0.0,0,0,0,0,0,0,2,2,2,0,2,0,0,0,0,0,0,0,0,0,0,0,0,0,0,0,0,0,0,0,0,0,0,0,0.0,0.0,0.0,0.0,0.0,0.0,0,,1.0,,1,,9.0,,,32.0,,,0.0,,,0.0,,23.74,0.0,0.3,0,0,0,0,0,0,0,0,154,0,130,10,14,0,2,0.8442,0.0649,0,0,0,425.0,0.0,6000.0,0.0,5005.673,-748.972,0.0,0.0,0.0,0.0,0.0,-7.04,0.0,-147.0,0.0,0.0,25.0,0.0,0.0,0.0,0.0,-159.0,0.0,0.0,2.51334,11.72092,-0.00166,0.03397,-0.03459,0.12688,0.00588,0.38344,-0.03741,0.13155,0.0,-10.08,6025.0,0.0,6771.213,-553.734,-0.00237,0.0547,1.41765,11.80313,1.46294,1.14946,0.00188,1.26,0.01435,98.77049,0.98588,1.7482,0.0,-0.1746,85.5824,0.0,286.0385,-51.8841,-1.987,4,1,0,5,1,1,3,10,5,4,1,0,5,4,1,0,0,0,0,0.5,0.5,10,4,4,-0.96,11380.374,0.0,0.0,25.0,0.0,-698.672,-7.04,-147.0,0.0,-159.0,11380.374,0.0,0.0,25.0,0.0,-698.672,-7.04,-147.0,0.0,-159.0,0,2,60,60,0,1,1,0,2,5,0,0,0,0,,0,0,0,0,0,720,0,0,0,0,12,8,0,0,0,0,138,10,0,0,309,0,0,0,0,0,0,0,0,0,0,2,0,3200,0,2,0,0,0,8600,8.476744186046512,1.0233196159122084,1.558139534883721,0.6865671759665902,1.069767441860465,0.06976744186046512,4.195652173913044,0.0012416592374292022,0.004968981681546817,0.005844432397538589,-0.019083888301004968,0.6189836955732769,0.4991711970004771,0.06604016123132574,-0.06295102586348851,0.2970609862352457,0.2132100396301189,0.03630098444039971,3785.0,,,,,,,,,,,,,,,,,,,,,,,,,
51,50_20_5_10_5_2,50_20_5_10_5_2_StartGoalLocations_Seed1013.csv,40,8020.0277808606625,40,1.0,0,0,0,0,0,0,0,42,0,42,0.0,0.026015396867533847,9.567051523966596,9,7,8,0.002654632333421821,0.8181576851606053,0.0,2,6,1,0,0,0,37,37,37,0,2,1,1,0,0,2,1,1,0,0,0,0,0,0,0,0,0,0,0,0,0,0,0,0,0.0,0.0,0.0,0.0,0.0,0.0,0,2.0,7.0,,9,10.75,16.64,,21.5,42.86,,0.0,0.0,,0.0,2.3,,24.71,0.0,0.7,0,0,0,0,0,0,0,0,124,0,95,17,12,0,0,0.7661,0.1371,0,0,0,376.7,0.0,4000.0,0.0,4582.518,-525.018,10.5,0.0,0.0,0.0,0.8,-53.472,0.0,-425.5,0.0,0.0,175.0,0.0,0.0,0.0,0.0,-121.5,0.0,0.0,2.24176,10.18031,-0.01398,0.09973,-0.11295,0.20909,0.04646,1.07668,-0.03225,0.12283,0.0,-93.968,4175.0,0.0,6447.77,-366.931,-0.02495,0.16953,1.10831,10.30138,1.61424,1.11423,0.0223,1.11867,0.01248,88.82979,0.98805,1.83092,0.0,-1.3283,59.304,0.0,262.4582,-36.9439,-3.56,14,5,3,33,7,17,27,84,28,36,20,0,33,34,17,0,5,0,0,0.3333333333333333,0.39285714285714285,84,32,8,-0.704,8933.618,0.8,0.0,175.0,0.0,-488.918,-53.472,-425.5,0.0,-121.5,8933.618,0.8,0.0,175.0,0.0,-488.918,-53.472,-425.5,0.0,-121.5,0,15,40,40,0,7,7,0,27,5,0,0,0,0,,0,0,0,0,0,1308,4,4,72,72,102,60,12,12,0,0,60,20,0,0,96,0,0,0,0,0,0,0,3,0,0,4,0,3200,0,4,0,0,0,11450,10.995633187772926,1.0254169976171565,5.877729257641922,1.3488856060278185,5.004366812227074,0.7860262008733624,3.2670157068062826,0.0010640533611643258,0.0049605469457201365,0.00543282964104496,-0.018761924542030975,0.6225694089854529,0.5032141708999599,0.06879374774497583,-0.07439274802114758,0.30715632380575153,0.1875090566584553,0.03610102511123728,6901.0,,,,,,,,,,,,,,,,,,,,,,,,,
52,25_5_2_5_2_1,25_5_2_5_2_1_StartGoalLocations_Seed1006.csv,60,5239.711411207914,60,1.0,2,1,2,2,0,1,1,114,1,112,0.008771929824561403,0.1736870897155361,5.850661900497696,1,1,1,0.1025711159737418,0.5817833698030634,0.0,0,0,0,1,2,0,105,203,201,2,3,13,13,0,12,2,3,10,3,3,3,0,0,0,0,0,0,0,0,0,0,0,0,0,3.0,3.0,1.0,-14.4,-317.99999999999994,-100.0,3,,1.0,,1,,5.0,,,19.0,,,0.0,,,23.0,,7.27,0.0,2.9,0,6,0,3,0,0,0,3,196,0,111,13,72,0,21,0.5663,0.0663,0,0,0,365.6,0.0,6000.0,0.0,2896.195,-1596.399,7.0,0.0,0.0,-200.0,3.073,-282.257,0.0,-1499.0,0.0,-368.0,25.0,0.0,0.0,0.0,0.0,-111.5,0.0,0.0,2.09858,12.72476,-0.13107,1.66175,-0.51067,0.75791,0.00684,0.41341,-0.0305,0.11966,0.0,-715.145,6025.0,0.0,3420.544,-1356.719,-0.19561,1.7435,1.64798,12.71098,0.5645,1.30053,0.11734,1.667,0.01668,98.77049,0.98359,1.32849,0.0,-25.7107,85.5824,0.0,165.8969,-97.5943,-35.975,58,12,11,125,51,126,131,434,42,261,131,0,123,185,126,0,131,0,21,0.0967741935483871,0.2834101382488479,434,220,66,-17.539,9154.644,2.592,0.0,25.0,0.0,-1482.248,-481.776,-1867.0,0.0,-111.5,9154.644,2.592,0.0,25.0,0.0,-1482.248,-481.776,-1867.0,0.0,-111.5,0,112,60,60,0,1,1,0,98,5,1,0,1,0,1.0,0,2,3,0,0,996,76,76,242,242,1187,447,45,45,12,0,662,50,0,0,774,3,0,2,3,3,0,0,49,33,0,67,2,305,0,56,0,0,0,7393,79.95401055052076,2.4610049061072576,31.786825375355065,1.2740691680845586,19.721358041390506,2.6917354254024075,3.1275720164609053,0.0011441400110925315,0.00478907538499369,0.00531268575187608,-0.018702146062350655,0.6161609533800179,0.5120156665882433,0.05933263609148412,-0.04382290416228843,0.32162513872233706,0.16389318885448917,0.03562670140016275,5168.0,,,,,,,,,,,,,,,,,,,,,,,,,
53,25_5_2_5_2_1,25_5_2_5_2_1_StartGoalLocations_Seed1007.csv,25,3108.915429279208,24,0.96,0,0,0,0,0,0,0,32,0,32,0.0,0.10257879656160458,6.749221092377146,5,3,3,0.04297994269340974,0.5581661891117479,0.0,1,3,0,0,0,0,32,32,32,0,2,1,1,0,1,2,3,0,1,1,1,0,0,0,0,0,0,0,0,0,0,0,0,0,1.0,0.0,0.0,-4.8,0.0,0.0,1,2.0,3.0,,5,4.75,6.7,,6.75,11.33,,0.0,0.0,,0.0,3.3,,11.75,0.0,2.5,0,0,0,0,0,0,0,0,80,0,57,10,13,0,2,0.7125,0.125,0,0,0,174.5,0.0,2400.0,0.0,1426.365,-594.175,0.0,0.0,0.0,0.0,1.264,-44.538,0.0,-200.5,0.0,0.0,75.0,0.0,0.0,0.0,0.0,-129.0,0.0,0.0,1.95226,11.65385,-0.0248,0.12618,-0.1149,0.21035,0.04298,1.03569,-0.07393,0.17748,0.0,-72.441,2475.0,0.0,1693.191,-518.386,-0.04151,0.21322,1.41834,11.68754,0.67324,1.24543,0.03782,1.0976,0.01547,91.66667,0.98395,1.28805,0.0,-1.4316,35.1562,0.0,81.5066,-41.3243,-11.305,22,4,1,29,2,13,24,68,14,36,18,0,29,26,13,0,17,0,1,0.20588235294117646,0.4264705882352941,68,41,18,-3.833,3960.013,1.264,0.0,75.0,0.0,-553.323,-44.538,-200.5,0.0,-129.0,3960.013,1.264,0.0,75.0,0.0,-553.323,-44.538,-200.5,0.0,-129.0,0,13,25,24,1,3,2,0,21,5,0,0,0,0,,0,0,0,0,0,684,12,12,58,58,208,52,4,4,0,0,642,12,0,0,308,4,0,0,0,0,0,0,11,0,0,17,0,305,0,15,0,0,0,4241,67.01249705258194,1.5745953553835328,14.359820796981843,1.2205254711418707,10.469228955435039,1.1082291912284838,3.27027027027027,0.00098457512878178,0.004773762011737155,0.004941477132579911,-0.01844996428498399,0.624279947308769,0.504294866184045,0.06476914636485757,-0.0648519456746024,0.30122075489149486,0.1848393298544356,0.03654379400896676,3641.0,,,,,,,,,,,,,,,,,,,,,,,,,
54,50_20_5_10_5_2,50_20_5_10_5_2_StartGoalLocations_Seed1018.csv,60,9853.289068698883,60,1.0,0,0,0,0,0,0,0,27,0,27,0.0,0.03797164143234799,9.147980632016475,0,0,0,0.01201634222542658,0.7933189137226628,0.0,0,0,0,0,0,0,24,25,25,0,2,2,2,0,2,2,1,2,0,0,0,0,0,0,0,0,0,0,0,0,0,0,0,0,0.0,1.0,0.0,0.0,-16.8,0.0,0,,,,0,,,,,,,,,,,,,23.78,0.0,0.7,0,0,0,0,0,0,0,0,143,0,124,9,10,0,0,0.8671,0.0629,0,0,0,416.1,0.0,6000.0,0.0,4869.516,-678.516,0.0,0.0,0.0,0.0,0.8,-37.111,0.0,-564.0,0.0,0.0,0.0,0.0,0.0,0.0,0.0,-153.5,0.0,0.0,2.54917,11.83988,-0.00873,0.07658,-0.13554,0.22226,0.0,0.0,-0.03689,0.13071,0.0,-61.476,6000.0,0.0,6517.248,-499.672,-0.01477,0.12862,1.44196,11.92128,1.44618,1.0927,0.01346,1.09778,0.01442,100.0,0.98558,1.71103,0.0,-1.5278,85.2273,0.0,278.2581,-47.5438,-7.605,9,3,0,16,9,18,13,56,6,31,19,0,16,22,18,0,13,0,0,0.10714285714285714,0.2857142857142857,56,24,12,-2.835,11238.117,0.8,0.0,0.0,0.0,-631.016,-37.111,-564.0,0.0,-153.5,11238.117,0.8,0.0,0.0,0.0,-631.016,-37.111,-564.0,0.0,-153.5,0,17,60,60,0,0,0,0,11,5,0,0,0,0,,0,0,0,0,0,800,8,8,20,20,148,68,4,4,0,0,464,12,0,0,349,0,0,0,1,1,0,0,5,4,1,7,0,3200,0,10,0,0,0,8219,17.313541793405523,1.0014054813773718,1.971042705925295,0.8360339610515461,1.253193819199416,0.19467088453583162,3.0,0.0012101277346937423,0.004839460990624502,0.005807987774023787,-0.019261188693344592,0.6356666597723961,0.5127295196056366,0.06346955202519894,-0.0412565934471786,0.30775870865364036,0.18738049713193117,0.03519306092654702,4184.0,,,,,,,,,,,,,,,,,,,,,,,,,
55,25_5_2_5_2_1,25_5_2_5_2_1_StartGoalLocations_Seed1018.csv,40,2183.460919559002,38,0.95,4,0,4,4,0,0,0,182,0,178,0.0,0.1882640586797066,6.197928931412895,8,7,5,0.2558651026392962,0.6006842619745846,1.5,2,6,0,0,0,1,178,306,267,39,3,30,30,0,27,2,4,16,11,11,11,0,0,0,3,0,0,0,0,0,0,0,0,0,11.0,10.0,0.0,-53.39999999999998,-453.59999999999997,0.0,14,,7.0,,9,,6.04,,,12.14,,,0.0,,,9.0,,9.61,0.0,3.7,0,6,0,2,0,0,0,2,124,0,91,11,22,0,2,0.7339,0.0887,0,0,0,409.2,0.0,3800.0,0.0,2601.704,-1318.495,0.0,0.0,0.0,-400.0,5.047,-376.994,0.0,-1437.5,0.0,-440.0,175.0,0.0,0.0,0.0,0.0,-489.5,0.0,-345.0,1.34223,9.62862,-0.18865,2.21484,-0.45882,0.90848,0.04277,1.03312,-0.20393,0.90752,0.0,-1158.766,3975.0,0.0,3226.951,-1710.332,-0.28318,2.31515,0.97141,9.64311,0.37063,1.52074,0.163,1.73728,0.011,88.33333,0.98998,1.21878,0.0,-37.2454,56.4631,0.0,148.6688,-123.0283,-33.016,92,20,29,272,49,166,176,663,120,336,207,0,269,229,165,0,201,6,39,0.18099547511312217,0.4057315233785822,662,294,76,-14.682,6715.104,4.484,0.0,175.0,0.0,-1222.695,-776.432,-1877.5,0.0,-834.5,6715.104,4.484,0.0,175.0,0.0,-1222.695,-776.432,-1877.5,0.0,-834.5,0,136,40,38,2,7,7,1,239,5,0,0,0,0,,0,0,4,2,3,3200,236,236,398,398,1258,542,302,302,23,0,444,25,0,0,710,13,0,6,10,9,0,0,37,234,4,51,0,305,0,126,2,0,10,19251,39.556386681211364,2.0254760341431384,23.73902654407563,1.931829895134363,18.134122902706352,3.1530829567295204,2.378688054998568,0.0012441758325121555,0.004642422473698389,0.00508342178130988,-0.019194164786022157,0.6338833720237017,0.5195703671872616,0.0707789099868387,-0.05799472789367428,0.3060591979166098,0.1825807192921981,0.03619983747134056,17406.0,,,,,,,,,,,1.0,1.0,1.5,22.0,1.5,26.0,5.0,5.0,75.0,60.0,,,,,
56,25_5_2_5_2_1,25_5_2_5_2_1_StartGoalLocations_Seed1014.csv,25,3496.0399422198534,25,1.0,0,0,0,0,0,0,0,6,0,6,0.0,0.02102803738317757,8.102038551435292,2,1,2,0.02453271028037383,0.6209112149532711,0.0,0,0,0,0,0,0,6,6,6,0,2,0,0,0,0,0,0,0,0,0,0,0,0,0,0,0,0,0,0,0,0,0,0,0,0.0,0.0,0.0,0.0,0.0,0.0,0,1.0,1.0,,2,0.5,13.5,,11.0,20.0,,0.0,0.0,,0.0,0.0,,11.74,0.0,0.1,0,0,0,0,0,0,0,0,66,0,55,9,2,0,0,0.8333,0.1364,0,0,0,171.2,0.0,2500.0,0.0,1586.55,-682.05,7.0,0.0,0.0,0.0,0.0,-6.16,0.0,-29.0,0.0,0.0,25.0,0.0,0.0,0.0,0.0,-76.5,0.0,0.0,2.0927,12.00233,-0.0036,0.05079,-0.01694,0.09046,0.0146,0.60403,-0.04468,0.14264,0.0,-11.16,2525.0,0.0,1881.6,-554.651,-0.00652,0.08831,1.47488,12.00907,0.77509,1.31548,0.00584,1.116,0.01519,97.11538,0.9854,1.44413,0.0,-0.235,35.8665,0.0,91.06,-43.3457,-3.06,0,0,0,1,0,1,9,12,0,11,1,0,1,10,1,0,1,0,0,0.0,0.08333333333333333,12,4,2,-0.0,4218.95,0.0,0.0,25.0,0.0,-636.25,-6.16,-29.0,0.0,-76.5,4218.95,0.0,0.0,25.0,0.0,-636.25,-6.16,-29.0,0.0,-76.5,0,4,25,25,0,1,1,0,1,5,0,0,0,0,,0,0,0,0,0,1048,0,0,6,6,64,16,0,0,0,0,272,0,0,0,447,7,0,0,0,0,0,0,3,0,0,0,0,305,0,9,0,0,0,3794,48.286768581971536,1.4077510917030567,9.804955192409066,1.217775553817891,8.118081180811808,1.0015814443858724,3.409090909090909,0.0011456637493009682,0.004565366801542749,0.005351643676101764,-0.020119103834118326,0.6319716952684271,0.5469903490925563,0.05792807722250924,-0.038072387894921234,0.30359987158664076,0.2038679914833215,0.0362127232526829,5636.0,,,,,,,,,,,,,,,,,,,,,,,,,
57,50_20_5_10_5_2,50_20_5_10_5_2_StartGoalLocations_Seed1005.csv,60,11406.79987820983,60,1.0,0,0,0,0,0,0,0,1,0,1,0.0,0.0,9.745069798360293,1,1,1,0.0037668956348327056,0.838466651894527,0.0,0,0,0,0,0,0,1,1,1,0,2,0,0,0,0,0,0,0,0,0,0,0,0,0,0,0,0,0,0,0,0,0,0,0,0.0,0.0,0.0,0.0,0.0,0.0,0,,1.0,,1,,7.5,,,26.0,,,0.0,,,0.0,,28.49,0.0,0.0,0,0,0,0,0,0,0,0,150,0,127,10,13,0,0,0.8467,0.0667,0,0,0,451.3,0.0,6000.0,0.0,5692.5,-615.0,3.5,0.0,0.0,0.0,0.0,0.0,0.0,-27.5,0.0,0.0,25.0,0.0,0.0,0.0,0.0,-123.0,0.0,0.0,2.55535,11.35878,0.0,0.0,-0.00609,0.05486,0.00554,0.3721,-0.02725,0.11351,0.0,-1.0,6025.0,0.0,8083.525,-386.885,-0.00022,0.01052,1.33503,11.45886,1.70544,1.06313,0.00044,0.5,0.01352,98.77049,0.98648,1.90261,0.0,-0.0292,85.5824,0.0,325.4857,-42.1714,0.0,0,0,0,0,0,1,1,2,0,1,1,0,0,1,1,0,0,0,0,0.0,0.0,2,0,0,0.0,12106.3,0.0,0.0,25.0,0.0,-574.0,0.0,-27.5,0.0,-123.0,12106.3,0.0,0.0,25.0,0.0,-574.0,0.0,-27.5,0.0,-123.0,0,0,60,60,0,1,1,0,1,5,0,0,0,0,,0,0,0,0,0,848,0,0,0,0,4,0,4,4,0,0,4,0,0,0,379,0,0,0,0,0,0,0,0,0,0,0,0,3200,0,0,0,0,0,9162,8.666230080768392,1.0176322418136021,1.7463435931019429,0.7198437587474473,1.1351233355162629,0.10914647456887143,4.153846153846154,0.0010151021428409534,0.00427411775596721,0.005324624566677606,-0.020798940000669012,0.6242424443645297,0.5518828925659072,0.06730329967543201,-0.06411495388876472,0.2952925868842828,0.20951183741881416,0.03590513024927043,4773.0,,,,,,,,,,,,,,,,,,,,,,,,,
58,50_20_5_10_5_2,50_20_5_10_5_2_StartGoalLocations_Seed1019.csv,60,10348.118475914001,60,1.0,0,0,0,0,0,0,0,27,0,27,0.0,0.017666201766620176,9.456065564751903,4,4,3,0.009530450953045095,0.8128777312877731,0.0,1,3,0,0,0,0,27,27,27,0,2,0,0,0,0,0,0,0,0,0,0,0,0,0,0,0,0,0,0,0,0,0,0,0,0.0,0.0,0.0,0.0,0.0,0.0,0,,4.0,,4,,8.0,,,30.75,,,0.0,,,0.0,,23.71,0.0,0.6,0,0,0,0,0,0,0,0,203,0,142,39,22,0,0,0.6995,0.1921,0,0,0,430.2,0.0,6000.0,0.0,5187.055,-646.555,0.0,0.0,0.0,0.0,0.893,-22.474,0.0,-550.0,0.0,0.0,100.0,0.0,0.0,0.0,0.0,-151.0,0.0,0.0,2.55014,11.64031,-0.00502,0.05357,-0.12785,0.21813,0.02325,0.76196,-0.0351,0.12774,0.0,-47.5,6100.0,0.0,6901.26,-510.686,-0.01104,0.10156,1.41795,11.74907,1.48549,1.10164,0.01255,0.87963,0.01488,95.3125,0.98466,1.74975,0.0,-0.8825,86.6477,0.0,296.4032,-45.5746,-3.269,12,9,6,25,4,3,22,54,5,45,4,0,25,26,3,0,20,0,0,0.09259259259259259,0.46296296296296297,54,22,10,-1.081,11574.056,0.893,0.0,100.0,0.0,-603.355,-22.474,-550.0,0.0,-151.0,11574.056,0.893,0.0,100.0,0.0,-603.355,-22.474,-550.0,0.0,-151.0,0,9,60,60,0,4,4,0,18,5,0,0,0,0,,0,0,0,0,0,840,0,0,52,52,128,36,20,20,4,0,68,0,0,0,353,0,0,0,0,0,0,0,11,0,0,14,0,3200,0,4,0,0,0,9651,12.56864573619314,1.0362737015663643,4.911408144233758,1.3242616240831115,3.3571650606154804,0.3522950989534763,2.993827160493827,0.0011544201019118884,0.004389339361694597,0.005105773191012087,-0.020671670156575384,0.6243216805514835,0.5554378419404938,0.07554265659834658,-0.08714605900680734,0.30007707305667275,0.19557274876423814,0.03571940093798894,4653.0,,,,,,,,,,,,,,,,,,,,,,,,,
59,25_5_2_5_2_1,25_5_2_5_2_1_StartGoalLocations_Seed1010.csv,40,3003.428465873003,39,0.975,3,0,3,3,0,0,0,121,0,118,0.0,0.15568022440392706,6.285256128529345,5,5,4,0.15427769985974754,0.585413744740533,6.5,1,4,0,0,0,0,112,182,173,9,3,17,17,0,16,2,5,8,9,9,9,0,0,0,0,0,0,0,0,0,0,0,0,0,9.0,3.0,0.0,-43.19999999999999,-95.70000000000002,0.0,9,,5.0,1.0,6,,10.4,6.5,,15.2,4.0,,0.0,0.0,,4.8,17.0,9.46,0.0,3.4,0,6,0,3,0,0,0,3,159,0,106,11,42,0,6,0.6667,0.0692,0,0,0,356.5,0.0,3900.0,0.0,2765.774,-1606.148,3.5,0.0,0.0,-300.0,4.491,-210.689,0.0,-1114.5,0.0,-432.0,125.0,0.0,0.0,0.0,0.0,-143.5,0.0,-345.0,1.52023,10.44893,-0.14199,2.05498,-0.4338,0.96827,0.03506,0.9356,-0.13703,0.91862,0.0,-760.67,4025.0,0.0,3245.115,-1702.362,-0.21337,2.14301,1.12903,10.44025,0.43275,1.63335,0.11837,1.80254,0.01234,91.47727,0.98794,1.40474,0.0,-19.9906,57.1733,0.0,156.5871,-118.037,-33.777,36,4,2,139,31,126,129,425,87,172,166,0,139,160,126,0,79,0,38,0.20470588235294118,0.3270588235294118,425,225,58,-6.528,6912.214,4.127,0.0,125.0,0.0,-1492.587,-510.325,-1546.5,0.0,-488.5,6912.214,4.127,0.0,125.0,0.0,-1492.587,-510.325,-1546.5,0.0,-488.5,0,50,40,39,1,5,5,0,162,5,0,0,0,0,,0,0,3,0,0,3200,140,140,194,194,882,200,226,226,32,0,1068,104,0,0,652,0,0,2,3,3,0,0,35,4,1,42,0,305,0,23,0,0,0,14493,45.51852618505485,2.030923146884948,17.332505347409093,1.3961883150671377,12.136893672807563,2.6288553094597393,2.916429789653212,0.0012246277105577973,0.004383240934694186,0.005503744183515664,-0.02028010579524562,0.6584230630844832,0.5472228940203786,0.08329504059627652,-0.09913057325407863,0.29713604276988786,0.21018790532675571,0.03731852458820313,18041.0,,,,,,,,,,,,,,,,,,,,,,,,,
60,50_20_5_10_5_2,50_20_5_10_5_2_StartGoalLocations_Seed1013.csv,25,6216.899960666895,25,1.0,0,0,0,0,0,0,0,0,0,0,0.0,0.003419972640218878,9.806942544459645,4,4,2,0.0010259917920656635,0.8502051983584131,0.0,1,3,0,0,0,0,0,0,0,0,0,0,0,0,0,0,0,0,0,0,0,0,0,0,0,0,0,0,0,0,0,0,0,0,0.0,0.0,0.0,0.0,0.0,0.0,0,,4.0,,4,,16.38,,,58.5,,,0.0,,,0.0,,31.95,0.0,0.0,0,0,0,0,0,0,0,0,75,0,60,9,6,0,0,0.8,0.12,0,0,0,292.4,0.0,2500.0,0.0,3745.5,-337.5,0.0,0.0,0.0,0.0,0.0,0.0,0.0,0.0,0.0,0.0,100.0,0.0,0.0,0.0,0.0,-83.5,0.0,0.0,2.12052,9.13846,0.0,0.0,0.0,0.0,0.0342,0.92403,-0.02856,0.11603,0.0,0.0,2600.0,0.0,5474.615,-232.635,0.0,0.0,0.88919,9.25006,1.79274,1.06145,0.0,0.0,0.00992,89.65517,0.9894,1.97278,0.0,0.0,36.9318,0.0,214.0286,-24.0571,0.0,0,0,0,0,0,0,0,0,0,0,0,0,0,0,0,0,0,0,0,,,0,0,0,0.0,6515.4,0.0,0.0,100.0,0.0,-315.0,0.0,0.0,0.0,-83.5,6515.4,0.0,0.0,100.0,0.0,-315.0,0.0,0.0,0.0,-83.5,0,0,25,25,0,4,4,0,0,5,0,0,0,0,,0,0,0,0,0,1264,0,0,0,0,12,0,0,0,0,0,62,0,0,0,97,0,0,0,0,0,0,0,0,0,0,0,0,3200,0,0,0,0,0,7440,7.983870967741935,1.0,5.080645161290323,1.5412698596637084,4.623655913978495,1.1290322580645162,2.7674418604651163,0.00116709421562622,0.004321125772917243,0.005839000030898171,-0.01943764272381705,0.6586435693728773,0.5640174556947961,0.07930895407931714,-0.081329087141748,0.28823664104010166,0.21775836972343524,0.03643172056391091,6870.0,,,,,,,,,,,,,,,,,,,,,,,,,
61,25_5_2_5_2_1,25_5_2_5_2_1_StartGoalLocations_Seed1004.csv,60,1510.3675463497639,57,0.95,6,0,6,6,0,0,0,128,0,122,0.0,0.19858275687531635,6.1147081514615245,9,7,7,0.2758097165991903,0.5969973009446694,8.25,2,6,0,0,0,3,108,350,298,52,6,38,35,3,33,3,7,24,10,12,10,0,5,1,0,0,0,0,0,0,0,0,0,0,10.0,7.0,0.0,-62.39999999999998,-696.8999999999999,0.0,14,1.0,7.0,1.0,11,2.5,5.81,10.5,6.7,11.43,11.0,0.0,0.0,5.0,14.0,3.6,32.0,7.67,0.0,4.9,1,13,0,6,0,0,0,6,218,0,131,19,68,0,17,0.6009,0.0872,0,0,0,592.8,0.0,5700.0,0.0,3651.186,-2241.724,7.0,0.0,0.0,-700.0,7.046,-576.94,0.0,-1915.0,0.0,-1896.0,175.0,0.0,0.0,0.0,0.0,-603.0,0.0,-690.0,1.30048,9.80547,-0.21422,2.43361,-0.64288,1.74387,0.02952,0.85858,-0.21812,1.02833,0.0,-1815.848,5875.0,0.0,4318.725,-2822.828,-0.30632,2.53545,0.99106,9.79335,0.25234,1.59799,0.14963,2.04718,0.0108,91.79688,0.98988,1.21703,0.0,-57.4754,83.4517,0.0,207.6678,-200.6128,-65.107,101,5,6,275,122,265,226,889,127,385,377,0,272,351,266,0,183,2,84,0.14285714285714285,0.3059617547806524,885,407,91,-13.046,9785.42,6.183,0.0,175.0,0.0,-2076.159,-1276.077,-3811.0,0.0,-1293.0,9785.42,6.183,0.0,175.0,0.0,-2076.159,-1276.077,-3811.0,0.0,-1293.0,0,162,60,57,3,6,6,1,324,5,0,0,0,0,,0,0,6,1,2,3200,276,276,475,475,1676,651,265,265,16,0,2417,308,0,0,833,9,0,5,7,7,0,0,60,82,0,110,0,305,0,100,1,0,5,24236,59.33734939759036,2.2518600931784993,25.325961379765637,1.246690719722081,10.183198547615119,2.3642515266545634,2.579416531604538,0.0013693558052614207,0.004299626287538558,0.0057869241386652,-0.01942405030480586,0.6702218609303237,0.5790317140892148,0.0954129344271496,-0.07612047551287106,0.2954893847564942,0.20368505243201612,0.035554551191469795,16879.0,,,,,,33.5,33.5,0.0,0.0,0.0,1.0,1.0,6.0,13.5,4.31,20.0,0.0,0.0,21.0,0.0,,,,,
62,50_20_5_10_5_2,50_20_5_10_5_2_StartGoalLocations_Seed1013.csv,60,8590.19630792737,59,0.9833333333333333,0,0,0,0,0,0,0,44,0,44,0.0,0.030797101449275364,9.431461841299914,1,0,0,0.012681159420289856,0.8429951690821256,0.0,0,0,0,0,0,0,44,44,44,0,2,2,2,0,2,2,1,2,0,0,0,0,0,0,0,0,0,0,0,0,0,0,0,0,0.0,1.0,0.0,0.0,-208.79999999999998,0.0,0,1.0,,,1,14.0,,,55.0,,,0.0,,,19.0,,,20.31,0.0,0.4,0,0,0,0,0,0,0,0,137,0,121,9,7,0,0,0.8832,0.0657,0,0,0,331.2,0.0,5900.0,0.0,4052.308,-423.808,0.0,0.0,0.0,0.0,0.0,-73.004,0.0,-1091.0,0.0,0.0,0.0,0.0,0.0,0.0,0.0,-105.5,0.0,0.0,2.97696,13.11041,-0.02204,0.13491,-0.32941,0.23705,0.0,0.0,-0.03185,0.12212,0.0,-114.948,5900.0,0.0,5232.231,-333.335,-0.03471,0.21325,1.7814,13.2275,1.47914,0.98576,0.02597,1.3366,0.01781,100.0,0.98219,1.7109,0.0,-7.3728,83.8068,0.0,231.5605,-30.2462,-1.086,19,9,9,43,34,4,7,88,5,78,5,0,39,45,4,0,34,0,0,0.056818181818181816,0.4431818181818182,88,18,2,-1.056,10255.008,0.0,0.0,0.0,0.0,-395.308,-73.004,-1091.0,0.0,-105.5,10255.008,0.0,0.0,0.0,0.0,-395.308,-73.004,-1091.0,0.0,-105.5,0,22,60,59,1,0,0,0,21,5,0,0,0,0,,0,0,0,0,0,724,8,8,78,78,180,88,0,0,0,0,20,0,0,0,184,0,0,3,1,1,0,2,16,0,0,18,2,3200,0,2,0,0,0,6512,8.184889434889435,1.0,3.839066339066339,2.050400035560131,1.9195331695331694,0.0,2.48,0.001424834657631215,0.004131042501420935,0.005514505683336386,-0.020049306512578746,0.6775294710259411,0.5735522622232279,0.10525880535827815,-0.09857324701193618,0.28649351521658684,0.19436619718309858,0.03597452525834164,3905.0,,,,,,,,,,,,,,,,,,,,,,,,,
63,25_5_2_5_2_1,25_5_2_5_2_1_StartGoalLocations_Seed1000.csv,25,3307.3999424874783,24,0.96,0,0,0,0,0,0,0,0,0,0,0.0,0.009057971014492754,7.828079714291338,3,2,1,0.015398550724637682,0.7028985507246377,0.0,1,2,0,0,0,0,0,0,0,0,0,0,0,0,0,0,0,0,0,0,0,0,0,0,0,0,0,0,0,0,0,0,0,0,0.0,0.0,0.0,0.0,0.0,0.0,0,1.0,2.0,,3,8.5,6.5,,26.0,13.5,,0.0,0.0,,0.0,0.0,,9.14,0.0,0.0,0,0,0,0,0,0,0,0,78,0,55,4,19,0,1,0.7051,0.0513,0,0,0,110.4,0.0,2400.0,0.0,1155.0,-384.0,0.0,0.0,0.0,0.0,0.0,0.0,0.0,0.0,0.0,0.0,50.0,0.0,0.0,0.0,0.0,-24.0,0.0,0.0,2.97228,14.53377,0.0,0.0,0.0,0.0,0.04529,1.06311,-0.02174,0.10197,0.0,0.0,2450.0,0.0,1334.838,-327.176,0.0,0.0,2.2192,14.61502,0.91274,1.27919,0.0,0.0,0.02355,94.23077,0.97826,1.5389,0.0,-0.0233,34.8011,0.0,66.0,-23.3143,-0.8,0,0,0,0,0,0,0,0,0,0,0,0,0,0,0,0,0,0,0,,,0,0,0,0.0,3639.8,0.0,0.0,50.0,0.0,-358.4,0.0,0.0,0.0,-24.0,3639.8,0.0,0.0,50.0,0.0,-358.4,0.0,0.0,0.0,-24.0,0,0,25,24,1,2,2,0,0,5,0,0,0,0,,0,0,0,0,0,628,0,0,0,0,16,0,0,0,0,0,102,0,0,0,225,1,0,0,0,0,0,0,0,0,0,0,0,305,0,1,0,0,0,2415,47.28778467908903,1.4316987740805605,10.186335403726709,1.0944105816581022,7.287784679089027,0.5797101449275363,3.6363636363636362,0.001173939371435565,0.004021288061834824,0.005606441491633464,-0.01874617758284139,0.6812573242339359,0.5800963220702615,0.09908830668706044,-0.08117281990778294,0.31649579761085567,0.14054054054054055,0.035618193832207684,3330.0,,,,,,,,,,,,,,,,,,,,,,,,,
64,25_5_2_5_2_1,25_5_2_5_2_1_StartGoalLocations_Seed1003.csv,25,3011.5879334807396,24,0.96,0,0,0,0,0,0,0,2,0,2,0.0,0.00778816199376947,8.54183176521943,4,3,3,0.007009345794392523,0.5179127725856698,0.0,1,2,0,0,0,0,2,2,2,0,2,0,0,0,0,0,0,0,0,0,0,0,0,0,0,0,0,0,0,0,0,0,0,0,0.0,0.0,0.0,0.0,0.0,0.0,0,1.0,3.0,,4,14.2,4.67,,19.0,10.67,,0.0,0.0,,2.0,0.0,,7.12,0.0,0.0,0,0,0,0,0,0,0,0,85,0,53,8,24,0,0,0.6235,0.0941,0,0,0,128.4,0.0,2400.0,0.0,975.0,-372.6,0.0,0.0,0.0,0.0,0.0,-3.712,0.0,-15.0,0.0,0.0,75.0,0.0,0.0,0.0,0.0,-175.5,0.0,0.0,2.43832,13.52852,-0.00289,0.04569,-0.01168,0.07553,0.05841,1.20701,-0.13668,0.22284,0.0,-4.56,2475.0,0.0,1103.071,-354.669,-0.00355,0.06415,1.92757,13.58899,0.58287,1.20238,0.00312,1.14,0.02103,91.66667,0.97975,1.15878,0.0,-0.0854,35.1562,0.0,55.7143,-31.32,-0.93,0,0,0,1,0,1,2,4,1,2,1,0,1,2,1,0,0,0,0,0.25,0.25,4,4,2,-1.152,3478.5,0.0,0.0,75.0,0.0,-347.7,-3.712,-15.0,0.0,-175.5,3478.5,0.0,0.0,75.0,0.0,-347.7,-3.712,-15.0,0.0,-175.5,0,2,25,24,1,3,3,0,0,5,0,0,0,0,,0,0,0,0,0,1564,0,0,0,0,36,8,0,0,0,0,8,0,0,0,188,0,0,0,0,0,0,0,0,0,0,0,0,305,0,0,0,0,0,4588,23.060156931124673,1.3090737240075614,7.279860505666957,1.0985030110278529,5.25283347863993,0.5666957279860506,3.4896265560165975,0.0011681601111835185,0.004016480321074119,0.005734515262057867,-0.021235364851306008,0.6892103440011553,0.5747277616234996,0.10303537882959751,-0.1182334639198716,0.3017735952766083,0.18557860534866283,0.03412892659922015,8002.0,,,,,,,,,,,,,,,,,,,,,,,,,
65,50_20_5_10_5_2,50_20_5_10_5_2_StartGoalLocations_Seed1005.csv,40,7505.499870151281,40,1.0,0,0,0,0,0,0,0,3,0,3,0.0,0.0,9.73887884267631,0,0,0,0.0,0.8799276672694394,0.0,0,0,0,0,0,0,3,3,3,0,2,0,0,0,0,0,0,0,0,0,0,0,0,0,0,0,0,0,0,0,0,0,0,0,0.0,0.0,0.0,0.0,0.0,0.0,0,,,,0,,,,,,,,,,,,,28.27,0.0,0.0,0,0,0,0,0,0,0,0,89,0,81,4,4,0,0,0.9101,0.0449,0,0,0,276.5,0.0,4000.0,0.0,3621.0,-288.0,0.0,0.0,0.0,0.0,0.0,0.0,0.0,-44.5,0.0,0.0,0.0,0.0,0.0,0.0,0.0,-59.5,0.0,0.0,2.75208,11.8217,0.0,0.0,-0.01609,0.08825,0.0,0.0,-0.02152,0.10147,0.0,-3.0,4000.0,0.0,4930.835,-212.52,-0.00108,0.02327,1.44665,11.94038,1.70644,0.96182,0.00217,0.5,0.01447,100.0,0.98517,1.88816,0.0,-0.0875,56.8182,0.0,206.9143,-19.8571,0.0,0,0,0,0,0,3,3,6,0,3,3,0,0,3,3,0,0,0,0,0.0,0.0,6,0,0,0.0,7878.3,0.0,0.0,0.0,0.0,-268.8,0.0,-44.5,0.0,-59.5,7878.3,0.0,0.0,0.0,0.0,-268.8,0.0,-44.5,0.0,-59.5,0,0,40,40,0,0,0,0,3,5,0,0,0,0,,0,0,0,0,0,576,0,0,0,0,24,0,12,12,0,0,12,0,0,0,195,0,0,0,0,0,0,0,0,0,0,0,0,3200,0,0,0,0,0,5453,6.2350999449844124,1.0235294117647058,1.5771135154960572,0.5947674466080444,0.7885567577480286,0.0,4.162790697674419,0.0012391094833977452,0.0038082327890960085,0.005582789670572513,-0.02107951953075826,0.6835144075254599,0.5881577581167221,0.09838040328274171,-0.11335208010859787,0.3158557260316889,0.15899725274725274,0.034324832350025945,2912.0,,,,,,,,,,,,,,,,,,,,,,,,,
66,50_20_5_10_5_2,50_20_5_10_5_2_StartGoalLocations_Seed1002.csv,40,7724.619902998209,40,1.0,0,0,0,0,0,0,0,7,0,7,0.0,0.0031665611146295125,9.73233058801401,6,6,4,0.002849905003166561,0.818239392020266,0.0,1,4,0,0,0,0,7,7,7,0,2,0,0,0,0,0,0,0,0,0,0,0,0,0,0,0,0,0,0,0,0,0,0,0,0.0,0.0,0.0,0.0,0.0,0.0,0,,6.0,,6,,11.67,,,29.33,,,0.0,,,0.7,,24.4,0.0,0.0,0,0,0,0,0,0,0,0,146,0,105,23,18,0,0,0.7192,0.1575,0,0,0,315.8,0.0,4000.0,0.0,3883.5,-366.0,0.0,0.0,0.0,0.0,0.8,-0.48,0.0,-126.0,0.0,0.0,150.0,0.0,0.0,0.0,0.0,-133.0,0.0,0.0,2.48046,11.09113,0.0001,0.01093,-0.0399,0.13549,0.0475,1.08867,-0.04212,0.13887,0.0,-7.24,4150.0,0.0,5185.262,-302.665,-0.00229,0.03447,1.31412,11.23045,1.5461,1.03237,0.00443,0.51714,0.01457,90.21739,0.98638,1.76177,0.0,-0.2356,58.9489,0.0,221.9143,-28.5143,-1.08,1,1,0,1,0,1,12,14,0,13,1,0,1,12,1,0,1,0,0,0.0,0.07142857142857142,14,4,4,0.56,8174.9,0.8,0.0,150.0,0.0,-341.6,-0.48,-126.0,0.0,-133.0,8174.9,0.8,0.0,150.0,0.0,-341.6,-0.48,-126.0,0.0,-133.0,0,0,40,40,0,6,6,0,7,5,0,0,0,0,,0,0,0,0,0,996,0,0,8,8,114,0,20,20,0,0,0,0,0,0,269,0,0,0,0,0,0,0,0,0,0,2,0,3200,0,1,0,0,0,8445,10.97690941385435,1.0,6.631142687981054,1.44089287721685,5.304914150384843,0.5210183540556542,3.205357142857143,0.0013789859275270117,0.003926150720514147,0.005700182601674853,-0.021590519958291667,0.6803175141533695,0.5882403723686096,0.08677060502659843,-0.08593189315384171,0.2926086111925918,0.2063683998387747,0.033410370274583726,4962.0,,,,,,,,,,,,,,,,,,,,,,,,,
67,50_20_5_10_5_2,50_20_5_10_5_2_StartGoalLocations_Seed1003.csv,40,7135.799931421876,40,1.0,0,0,0,0,0,0,0,0,0,0,0.0,0.0,9.802074857607812,1,1,1,0.0008136696501220504,0.8596419853539463,0.0,0,0,0,0,0,0,0,0,0,0,0,0,0,0,0,0,0,0,0,0,0,0,0,0,0,0,0,0,0,0,0,0,0,0,0.0,0.0,0.0,0.0,0.0,0.0,0,,1.0,,1,,6.0,,,51.0,,,0.0,,,0.0,,23.06,0.0,0.0,0,0,0,0,0,0,0,0,101,0,85,6,10,0,0,0.8416,0.0594,0,0,0,245.8,0.0,4000.0,0.0,3175.5,-241.5,0.0,0.0,0.0,0.0,0.0,0.0,0.0,0.0,0.0,0.0,25.0,0.0,0.0,0.0,0.0,-69.0,0.0,0.0,2.92099,12.52442,0.0,0.0,0.0,0.0,0.01017,0.50415,-0.02807,0.1151,0.0,0.0,4025.0,0.0,4295.27,-155.585,0.0,0.0,1.63751,12.66123,1.68417,0.92712,0.0,0.0,0.01668,98.17073,0.98373,1.84072,0.0,0.0,57.1733,0.0,181.4572,-17.7429,0.0,0,0,0,0,0,0,0,0,0,0,0,0,0,0,0,0,0,0,0,,,0,0,0,0.0,7405.2,0.0,0.0,25.0,0.0,-225.4,0.0,0.0,0.0,-69.0,7405.2,0.0,0.0,25.0,0.0,-225.4,0.0,0.0,0.0,-69.0,0,0,40,40,0,1,1,0,0,5,0,0,0,0,,0,0,0,0,0,920,0,0,0,0,0,0,0,0,0,0,0,0,0,0,155,0,0,0,0,0,0,0,0,0,0,0,0,3200,0,0,0,0,0,5070,5.581854043392505,1.0,1.6173570019723866,1.829268316306719,1.6173570019723866,0.27613412228796846,2.8048780487804876,0.0014760052450583316,0.003829286839691517,0.005465049330023643,-0.021218999074367077,0.6725345487179963,0.60586177110672,0.0748677589647148,-0.058873721495594666,0.30058448996071946,0.18945487042001788,0.03199510822814312,4476.0,,,,,,,,,,,,,,,,,,,,,,,,,
68,25_5_2_5_2_1,25_5_2_5_2_1_StartGoalLocations_Seed1016.csv,60,2219.1496481895447,59,0.9833333333333333,7,4,6,7,0,3,1,120,4,113,0.03333333333333333,0.3336842105263158,4.463301403000951,1,0,0,0.15615141955835962,0.5417981072555205,0.0,0,0,0,4,8,3,116,416,305,111,4,46,45,1,34,3,15,30,11,14,11,0,2,0,3,0,0,0,0,0,0,0,0,0,11.0,5.0,4.0,-73.80000000000001,-235.80000000000004,-425.0,16,1.0,,,1,6.2,,,14.0,,,0.0,,,40.0,,,7.22,0.3,7.1,0,16,0,8,0,0,1,6,203,0,121,13,69,0,23,0.5961,0.064,0,0,0,380.4,0.0,5900.0,0.0,2556.048,-1358.396,21.0,0.0,0.0,-700.0,3.462,-754.865,0.0,-1554.0,0.0,-2106.0,0.0,0.0,0.0,0.0,0.0,-168.5,0.0,0.0,1.97136,12.37226,-0.38155,3.0326,-0.96215,1.74893,0.0,0.0,-0.0443,0.14208,0.0,-2237.289,5900.0,0.0,3132.126,-1176.727,-0.58814,3.18465,1.551,12.35695,0.51404,1.18272,0.28759,2.04505,0.01551,100.0,0.98449,1.15056,0.0,-59.6727,83.8068,0.0,147.2599,-87.2512,-62.673,168,7,25,413,156,298,220,1093,148,511,434,0,410,384,299,0,323,9,69,0.1354071363220494,0.37511436413540716,1093,487,75,-15.614,8750.583,2.749,0.0,0.0,0.0,-1251.531,-1454.152,-3660.0,0.0,-168.5,8750.583,2.749,0.0,0.0,0.0,-1251.531,-1454.152,-3660.0,0.0,-168.5,0,251,60,59,1,0,0,0,427,5,3,0,3,0,1.0,0,6,10,4,3,1044,382,382,1002,1002,2240,1003,117,117,28,0,1367,239,0,0,593,5,0,3,5,4,1,0,118,63,2,175,1,305,0,91,4,0,20,7550,86.33112582781457,3.433722000613685,39.89403973509934,2.210719652633476,27.205298013245034,4.728476821192053,2.553554040895813,0.0012460254596332084,0.004009910188329859,0.006417180927134908,-0.02142684178790827,0.6760030183298834,0.6258676303300821,0.07359390527409612,-0.09226102748050771,0.30286886419396725,0.16558441558441558,0.03420514944541318,5544.0,,,,,,,,,,,,,,,,,,,,,,,,,
69,25_5_2_5_2_1,25_5_2_5_2_1_StartGoalLocations_Seed1008.csv,25,3200.523933008313,25,1.0,0,0,0,0,0,0,0,17,0,17,0.0,0.05071315372424723,7.00964619770717,2,2,2,0.022979397781299524,0.6481774960380349,0.0,0,0,0,0,0,0,14,14,14,0,2,0,0,0,0,0,0,0,0,0,0,0,0,0,0,0,0,0,0,0,0,0,0,0,0.0,0.0,0.0,0.0,0.0,0.0,0,,2.0,,2,,9.75,,,17.25,,,0.0,,,3.0,,9.39,0.0,0.5,0,0,0,0,0,0,0,0,65,0,52,9,4,0,2,0.8,0.1385,0,0,0,126.2,0.0,2500.0,0.0,1211.769,-476.769,0.0,0.0,0.0,0.0,0.4,-24.576,0.0,-155.0,0.0,0.0,50.0,0.0,0.0,0.0,0.0,-31.5,0.0,0.0,2.66339,13.91088,-0.01916,0.11564,-0.12282,0.21523,0.03962,0.99445,-0.02496,0.10889,0.0,-39.256,2550.0,0.0,1419.337,-385.199,-0.03111,0.18607,2.0206,13.96445,0.81944,1.2772,0.03011,1.03305,0.02139,94.44444,0.98019,1.4588,0.0,-0.6731,36.2216,0.0,69.2439,-29.0439,-4.087,4,3,0,8,1,11,21,42,7,22,13,0,8,23,11,0,1,0,1,0.16666666666666666,0.19047619047619047,42,18,14,-3.92,3805.369,0.4,0.0,50.0,0.0,-444.169,-24.576,-155.0,0.0,-31.5,3805.369,0.4,0.0,50.0,0.0,-444.169,-24.576,-155.0,0.0,-31.5,0,7,25,25,0,1,1,0,12,5,0,0,0,0,,0,0,0,0,0,632,0,0,14,14,88,28,12,12,0,0,250,26,0,0,287,1,0,0,0,0,0,0,1,0,0,2,0,305,0,4,0,0,0,2765,59.89150090415913,1.6340579710144927,15.334538878842677,1.5220519148850076,11.320072332730561,1.0849909584086799,3.415335463258786,0.0011805944273137242,0.003981626972768314,0.0061097710859030485,-0.021011242754993182,0.675319592409496,0.6429415737526326,0.07241453567543361,-0.10157492792210247,0.31513529957325254,0.13543543543543543,0.032939038831025315,3330.0,,,,,,,,,,,,,,,,,,,,,,,,,
70,25_5_2_5_2_1,25_5_2_5_2_1_StartGoalLocations_Seed1006.csv,25,3126.5177715420723,25,1.0,0,0,0,0,0,0,0,43,0,43,0.0,0.11594202898550725,6.747594003539154,3,3,2,0.03710144927536232,0.6243478260869565,0.0,1,2,0,0,0,0,35,40,40,0,2,7,7,0,6,2,3,6,1,1,1,0,0,0,0,0,0,0,0,0,0,0,0,0,1.0,2.0,0.0,-4.8,-33.6,0.0,1,,3.0,,3,,8.17,,,16.0,,,0.0,,,4.3,,11.16,0.0,0.6,0,0,0,0,0,0,0,0,83,0,56,6,21,0,2,0.6747,0.0723,0,0,0,172.5,0.0,2500.0,0.0,1576.882,-646.282,0.0,0.0,0.0,0.0,1.05,-80.632,0.0,-418.0,0.0,0.0,75.0,0.0,0.0,0.0,0.0,-54.0,0.0,0.0,2.08875,11.95225,-0.04613,0.17835,-0.24232,0.24988,0.04348,1.04167,-0.0313,0.12113,0.0,-129.375,2575.0,0.0,1844.25,-551.685,-0.075,0.29315,1.49275,11.99109,0.74931,1.28255,0.06261,1.19791,0.01623,91.96429,0.98551,1.40937,0.0,-2.9533,36.5767,0.0,90.1076,-40.0161,-8.898,5,1,0,19,24,42,23,108,10,53,45,0,19,47,42,0,10,0,0,0.09259259259259259,0.17592592592592593,108,44,20,-4.207,4202.673,1.05,0.0,75.0,0.0,-599.573,-80.632,-418.0,0.0,-54.0,4202.673,1.05,0.0,75.0,0.0,-599.573,-80.632,-418.0,0.0,-54.0,0,26,25,25,0,3,3,0,28,5,0,0,0,0,,0,0,0,0,0,856,36,36,20,20,192,104,0,0,0,0,420,56,0,0,323,5,0,0,2,2,0,0,5,1,2,7,0,305,0,12,0,0,0,4326,56.77300046232085,1.6384364820846906,11.69671752196024,1.141007921014261,8.622283865002311,1.248266296809986,2.9142091152815013,0.0013915538684074402,0.003971049093171327,0.006071217481055619,-0.021340955927898395,0.6758418074835126,0.6388443524592391,0.07875957131107277,-0.11809706491217992,0.3128447297142773,0.1270509977827051,0.03351980892031292,4510.0,,,,,,,,,,,,,,,,,,,,,,,,,
71,50_20_5_10_5_2,50_20_5_10_5_2_StartGoalLocations_Seed1018.csv,40,8014.18300268054,39,0.975,0,0,0,0,0,0,0,29,0,29,0.0,0.024134312696747113,9.239458836888717,6,5,5,0.005508919202518363,0.8203043022035676,0.0,1,4,0,0,0,0,29,30,30,0,2,0,0,0,0,0,0,0,0,0,0,0,0,0,0,0,0,0,0,0,0,0,0,0,0.0,0.0,0.0,0.0,0.0,0.0,0,1.0,5.0,,6,4.5,5.4,,19.0,43.0,,0.0,0.0,,0.0,1.6,,28.51,0.0,0.0,0,0,0,0,0,0,0,0,126,0,88,19,19,0,0,0.6984,0.1508,0,0,0,381.2,0.0,3900.0,0.0,4707.553,-537.553,0.0,0.0,0.0,0.0,1.6,-13.117,0.0,-442.0,0.0,0.0,125.0,0.0,0.0,0.0,0.0,-108.5,0.0,0.0,2.217,9.99394,-0.00302,0.04412,-0.11595,0.21102,0.03279,0.90482,-0.02846,0.11585,0.0,-39.997,4025.0,0.0,6500.776,-403.227,-0.01049,0.09165,1.05588,10.10017,1.59957,1.07443,0.01469,0.71423,0.01154,91.47727,0.98846,1.83227,0.0,-0.9311,57.1733,0.0,269.0031,-36.9173,-3.936,3,2,0,6,10,12,32,60,5,42,13,0,6,42,12,0,1,0,0,0.08333333333333333,0.1,60,10,6,0.48,8951.753,1.6,0.0,125.0,0.0,-500.553,-13.117,-442.0,0.0,-108.5,8951.753,1.6,0.0,125.0,0.0,-500.553,-13.117,-442.0,0.0,-108.5,0,10,40,39,1,5,4,0,18,5,0,0,0,0,,0,0,0,0,0,1104,0,0,10,10,108,40,66,66,4,0,212,0,0,0,659,0,0,0,0,0,0,0,1,0,0,2,0,3200,0,3,0,0,0,9119,22.44763680228095,1.0,5.351463976313192,0.8634221441509415,3.0047154293233906,0.2631867529334357,3.4927007299270074,0.0013069984565252366,0.003969664455971856,0.006059028032789196,-0.021238992783659393,0.6769910983849263,0.6400456790258919,0.07484426939239104,-0.10409658133605684,0.2966019942097367,0.16883116883116883,0.033880721875596785,5929.0,,,,,,,,,,,,,,,,,,,,,,,,,
72,50_20_5_10_5_2,50_20_5_10_5_2_StartGoalLocations_Seed1014.csv,60,9931.084931820631,59,0.9833333333333333,0,0,0,0,0,0,0,43,0,43,0.0,0.03412137460394833,9.489777860890182,2,1,1,0.005605654399220083,0.8642456738971485,0.0,0,0,0,0,0,0,43,50,50,0,2,0,0,0,0,0,0,0,0,0,0,0,0,0,0,0,0,0,0,0,0,0,0,0,0.0,0.0,0.0,0.0,0.0,0.0,0,1.0,1.0,,2,16.0,50.0,,50.0,80.0,,0.0,0.0,,2.0,11.0,,26.52,0.0,0.2,0,0,0,0,0,0,0,0,138,0,122,8,8,0,0,0.8841,0.058,0,0,0,410.3,0.0,5900.0,0.0,5245.338,-412.338,0.0,0.0,0.0,0.0,0.0,-64.215,0.0,-1081.0,0.0,0.0,25.0,0.0,0.0,0.0,0.0,-92.0,0.0,0.0,2.71589,11.79008,-0.01565,0.0984,-0.26347,0.24964,0.00609,0.39024,-0.02242,0.10348,0.0,-107.577,5925.0,0.0,7258.209,-287.09,-0.02622,0.16998,1.44407,11.91068,1.69903,0.94313,0.0234,1.12059,0.01462,98.75,0.98562,1.8658,0.0,-1.5972,84.1619,0.0,299.7336,-28.8193,-6.784,3,1,0,11,66,2,21,100,3,95,2,0,10,88,2,0,7,0,0,0.03,0.1,100,48,10,-4.638,11527.938,0.0,0.0,25.0,0.0,-384.638,-64.215,-1081.0,0.0,-92.0,11527.938,0.0,0.0,25.0,0.0,-384.638,-64.215,-1081.0,0.0,-92.0,0,43,60,59,1,1,0,0,5,5,0,0,0,0,,0,0,0,0,0,1016,0,0,24,24,508,172,0,0,0,0,48,0,0,0,314,0,0,0,0,0,0,0,2,0,0,6,0,3200,0,4,0,0,0,8403,13.935499226466739,1.0,8.211353088182792,1.490724663393221,4.569796501249554,0.02380102344400809,3.2526041666666665,0.0013121921689219554,0.003854093160186931,0.00620320727718686,-0.021070642613138506,0.6691994254044661,0.6656191077992673,0.08275923982086614,-0.10383449087843416,0.3272468869448045,0.12674348089751364,0.030683909087909272,4947.0,,,,,,,,,,,,,,,,,,,,,,,,,
73,50_20_5_10_5_2,50_20_5_10_5_2_StartGoalLocations_Seed1005.csv,60,10426.286367699504,60,1.0,0,1,0,0,0,1,1,54,1,54,0.018518518518518517,0.03127772848269743,9.223482367837969,4,4,4,0.022626441881100266,0.8573646850044365,0.0,1,4,0,1,2,0,49,50,30,20,3,1,1,0,1,2,6,0,0,0,0,0,0,0,1,0,0,0,0,0,0,0,0,0,0.0,2.0,1.0,0.0,-45.3,-100.0,1,,4.0,,4,,15.5,,,36.0,,,0.0,,,0.2,,26.46,0.0,1.1,0,2,0,2,0,0,0,1,139,0,126,10,3,0,0,0.9065,0.0719,0,0,0,450.8,0.0,6000.0,0.0,5708.019,-491.019,0.0,0.0,0.0,0.0,1.29,-27.804,0.0,-1069.0,0.0,-124.0,100.0,0.0,0.0,0.0,0.0,-122.0,0.0,0.0,2.58824,11.35609,-0.00588,0.06633,-0.26464,0.39819,0.02218,0.74436,-0.02706,0.11313,0.0,-99.825,6100.0,0.0,7927.689,-267.55,-0.02214,0.15571,1.35315,11.4813,1.69923,0.94154,0.02884,0.76788,0.0142,95.3125,0.98602,1.8437,0.0,-6.237,86.6477,0.0,326.1726,-35.0297,-4.629,24,22,19,76,11,27,16,130,15,72,43,0,76,27,27,0,67,0,5,0.11538461538461539,0.5846153846153846,130,30,8,1.311,12125.12,1.29,0.0,100.0,0.0,-457.319,-27.804,-1193.0,0.0,-122.0,12125.12,1.29,0.0,100.0,0.0,-457.319,-27.804,-1193.0,0.0,-122.0,0,8,60,60,0,4,4,0,84,5,1,0,1,0,1.0,0,2,1,0,0,1096,24,24,113,113,195,32,180,180,0,0,259,20,0,0,318,0,0,1,2,2,0,0,0,72,1,6,0,3200,0,8,0,0,0,10719,13.732624311969401,1.3953804347826086,5.812109338557701,1.8770465685852937,4.496688123892154,1.623285754268122,2.358921161825726,0.0011776945391458176,0.00390978144519167,0.005795965747853374,-0.02162940045954646,0.678913849766237,0.6666122810901517,0.0856886440956027,-0.08087107875081881,0.31996017057963155,0.1447890371438875,0.03140816041077329,5546.0,,,,,,,,,,,,,,,,,,,,,,,,,
74,50_20_5_10_5_2,50_20_5_10_5_2_StartGoalLocations_Seed1009.csv,60,10891.619900494814,60,1.0,0,0,0,0,0,0,0,7,0,7,0.0,0.0050200803212851405,9.579164409493826,4,4,3,0.0030120481927710845,0.8521586345381527,0.0,1,3,0,0,0,0,5,5,5,0,2,0,0,0,0,0,0,0,0,0,0,0,0,0,0,0,0,0,0,0,0,0,0,0,0.0,0.0,0.0,0.0,0.0,0.0,0,,4.0,,4,,12.75,,,35.38,,,0.0,,,0.0,,24.13,0.0,0.1,0,0,0,0,0,0,0,0,138,0,121,15,2,0,0,0.8768,0.1087,0,0,0,398.4,0.0,6000.0,0.0,5085.435,-408.435,10.5,0.0,0.0,0.0,0.0,-7.28,0.0,-166.0,0.0,0.0,100.0,0.0,0.0,0.0,0.0,-121.0,0.0,0.0,2.78261,12.0618,-0.00183,0.03568,-0.04167,0.13819,0.0251,0.79176,-0.03037,0.11943,0.0,-12.752,6100.0,0.0,6826.24,-313.571,-0.0032,0.05801,1.53112,12.20187,1.63471,0.97715,0.00351,0.91086,0.01606,95.3125,0.98494,1.81952,0.0,-0.2312,86.6477,0.0,291.1963,-30.2534,-0.93,1,1,0,1,7,4,2,14,1,9,4,0,1,9,4,0,0,0,0,0.07142857142857142,0.07142857142857142,14,8,4,-1.528,11466.935,0.0,0.0,100.0,0.0,-381.035,-7.28,-166.0,0.0,-121.0,11466.935,0.0,0.0,100.0,0.0,-381.035,-7.28,-166.0,0.0,-121.0,0,2,60,60,0,3,3,0,5,5,0,0,0,0,,0,0,0,0,0,1008,0,0,0,0,64,8,12,12,0,0,104,8,0,0,293,0,0,0,0,0,0,0,1,0,0,1,0,3200,0,2,0,0,0,9047,14.04885597435614,1.001573564122738,5.6924947496407645,1.2852427361514962,4.211340775947828,0.4642422902619653,3.0393700787401574,0.0010347983396217935,0.004022761927141498,0.005944045637512491,-0.02201713299349187,0.674624282925848,0.67383297686539,0.08561562306232869,-0.07827531593844354,0.3267016211946885,0.13434626149540185,0.03073760836577359,5002.0,,,,,,,,,,,,,,,,,,,,,,,,,
75,25_5_2_5_2_1,25_5_2_5_2_1_StartGoalLocations_Seed1008.csv,25,3145.6599221527576,25,1.0,0,0,0,0,0,0,0,12,0,12,0.0,0.02384500745156483,7.210372595069305,0,0,0,0.028315946348733235,0.6177347242921013,0.0,0,0,0,0,0,0,11,12,12,0,2,0,0,0,0,0,0,0,0,0,0,0,0,0,0,0,0,0,0,0,0,0,0,0,0.0,0.0,0.0,0.0,0.0,0.0,0,,,,0,,,,,,,,,,,,,9.24,0.0,0.0,0,0,0,0,0,0,0,0,62,0,50,1,11,0,6,0.8065,0.0161,0,0,0,134.2,0.0,2500.0,0.0,1264.65,-609.15,0.0,0.0,0.0,0.0,0.0,-7.04,0.0,-108.0,0.0,0.0,0.0,0.0,0.0,0.0,0.0,-29.0,0.0,0.0,2.45134,13.52212,-0.00525,0.06277,-0.08048,0.18374,0.0,0.0,-0.02161,0.10167,0.0,-17.4,2500.0,0.0,1478.168,-507.899,-0.01297,0.11187,1.86289,13.52105,0.723,1.37102,0.01639,0.79091,0.01863,100.0,0.98137,1.50802,0.0,-0.3935,35.5114,0.0,72.2657,-36.4657,-2.495,0,0,0,0,1,11,14,26,0,15,11,0,0,15,11,0,0,0,0,0.0,0.0,26,2,2,-0.64,3858.15,0.0,0.0,0.0,0.0,-568.45,-7.04,-108.0,0.0,-29.0,3858.15,0.0,0.0,0.0,0.0,-568.45,-7.04,-108.0,0.0,-29.0,0,3,25,25,0,0,0,0,8,5,0,0,0,0,,0,0,0,0,0,488,0,0,6,6,132,12,26,26,0,0,178,4,0,0,348,3,1,0,0,0,0,0,0,0,0,0,0,305,0,3,0,0,0,2629,59.60441232407759,1.560944479897894,8.368200836820083,0.9820454673672264,4.7166222898440475,0.5325218714340053,3.129032258064516,0.0010012702315165011,0.0038784968525507166,0.00595917335146519,-0.021382687323283953,0.667992038316414,0.6833916150155614,0.06350242022852429,-0.019830228982218465,0.32487181030484996,0.12175043327556326,0.029506511299212095,2308.0,,,,,,,,,,,,,,,,,,,,,,,,,
76,50_20_5_10_5_2,50_20_5_10_5_2_StartGoalLocations_Seed1002.csv,40,6674.699879765511,39,0.975,0,0,0,0,0,0,0,0,0,0,0.0,0.0,9.88465250965251,1,0,0,0.0,0.8991312741312741,0.0,0,0,0,0,0,0,0,0,0,0,0,0,0,0,0,0,0,0,0,0,0,0,0,0,0,0,0,0,0,0,0,0,0,0,0.0,0.0,0.0,0.0,0.0,0.0,0,1.0,,,1,6.5,,,57.0,,,0.0,,,0.0,,,21.49,0.0,0.0,0,0,0,0,0,0,0,0,85,0,79,5,1,0,0,0.9294,0.0588,0,0,0,207.2,0.0,3900.0,0.0,2769.0,-162.0,0.0,0.0,0.0,0.0,0.0,0.0,0.0,0.0,0.0,0.0,0.0,0.0,0.0,0.0,0.0,-39.5,0.0,0.0,3.24044,13.43441,0.0,0.0,0.0,0.0,0.0,0.0,-0.01906,0.09575,0.0,0.0,3900.0,0.0,3624.205,-123.315,0.0,0.0,1.88224,13.58974,1.68962,0.85489,0.0,0.0,0.01882,100.0,0.98118,1.84334,0.0,0.0,55.3977,0.0,158.2286,-11.5143,0.0,0,0,0,0,0,0,0,0,0,0,0,0,0,0,0,0,0,0,0,,,0,0,0,0.0,6865.4,0.0,0.0,0.0,0.0,-151.2,0.0,0.0,0.0,-39.5,6865.4,0.0,0.0,0.0,0.0,-151.2,0.0,0.0,0.0,-39.5,0,0,40,39,1,0,0,0,0,5,0,0,0,0,,0,0,0,0,0,476,0,0,0,0,0,0,0,0,0,0,0,0,0,0,120,0,0,0,0,0,0,0,0,0,0,0,0,3200,0,0,0,0,0,4076,4.146221786064769,1.0,0.0,0.0,0.0,0.0,0.0,0.0012826436434829893,0.003823409156341638,0.005955340884657216,-0.02128143984229625,0.656361693594636,0.6992966147030101,0.06908968219361386,-0.0339241575512315,0.32795351894927766,0.14118177717636446,0.028726821664701366,2217.0,,,,,,,,,,,,,,,,,,,,,,,,,
77,25_5_2_5_2_1,25_5_2_5_2_1_StartGoalLocations_Seed1008.csv,25,3098.5503557771444,23,0.92,0,0,0,0,0,0,0,22,0,22,0.0,0.05804749340369393,7.125956994670598,6,4,2,0.02704485488126649,0.6207124010554089,0.0,1,3,0,0,0,0,22,25,25,0,2,0,0,0,0,0,0,0,0,0,0,0,0,0,0,0,0,0,0,0,0,0,0,0,0.0,1.0,0.0,0.0,-16.8,0.0,0,2.0,4.0,,6,6.25,7.12,,14.0,13.75,,0.0,0.0,,0.5,3.5,,9.47,0.0,0.2,0,0,0,0,0,0,0,0,92,0,61,14,17,0,0,0.663,0.1522,0,0,0,151.6,0.0,2300.0,0.0,1405.606,-585.106,0.0,0.0,0.0,0.0,0.0,-31.55,0.0,-185.0,0.0,0.0,100.0,0.0,0.0,0.0,0.0,-57.0,0.0,0.0,2.15838,12.22422,-0.02081,0.11979,-0.12203,0.21477,0.06596,1.28247,-0.0376,0.13186,0.0,-55.69,2400.0,0.0,1650.16,-498.973,-0.03673,0.20359,1.58311,12.28242,0.75936,1.3086,0.03298,1.1138,0.01781,88.88889,0.98483,1.43947,0.0,-1.3428,34.0909,0.0,80.3204,-36.6918,-4.259,3,1,0,14,6,13,17,50,8,27,15,0,14,23,13,0,6,0,0,0.16,0.28,50,32,6,-0.86,3817.406,0.0,0.0,100.0,0.0,-545.306,-31.55,-185.0,0.0,-57.0,3817.406,0.0,0.0,100.0,0.0,-545.306,-31.55,-185.0,0.0,-57.0,0,14,25,23,2,4,3,0,11,5,0,0,0,0,,0,0,0,0,0,912,0,0,44,44,170,56,0,0,0,0,416,0,0,0,439,0,0,0,1,1,0,0,3,0,1,5,0,305,0,4,0,0,0,4503,66.31134799022874,1.5401875418620228,22.40728403286698,1.5485505666629926,17.210748389962248,4.663557628247835,2.485161290322581,0.0011332403297082668,0.004059588989005996,0.00597659153598279,-0.020967226013900678,0.6757854479446745,0.6975725508834186,0.061248719447145335,-0.016523748366652352,0.30798187097477037,0.16075920420763778,0.029682192594825532,4373.0,,,,,,,,,,,,,,,,,,,,,,,,,
78,25_5_2_5_2_1,25_5_2_5_2_1_StartGoalLocations_Seed1009.csv,60,4790.324764221907,59,0.9833333333333333,2,1,2,2,0,1,0,142,1,140,0.007042253521126761,0.2513185654008439,5.053184957628606,5,4,4,0.12631856540084388,0.5833333333333334,0.0,1,4,0,1,2,0,142,318,289,29,5,27,27,0,22,2,5,15,12,12,12,0,0,0,0,0,0,0,0,0,0,0,0,0,12.0,6.0,1.0,-61.19999999999998,-146.1,-100.0,12,1.0,4.0,,5,11.5,8.23,,19.0,14.5,,0.0,0.0,,20.0,4.5,,7.85,0.0,4.4,0,6,0,3,0,0,0,3,153,0,114,17,22,0,14,0.7451,0.1111,0,0,0,379.2,0.0,5900.0,0.0,2990.505,-1534.401,14.0,0.0,0.0,-200.0,2.492,-506.471,0.0,-1713.5,0.0,-552.0,100.0,0.0,0.0,0.0,0.0,-89.5,0.0,0.0,2.04359,12.39132,-0.18565,1.64262,-0.59744,0.93897,0.02637,0.81153,-0.0236,0.10604,0.0,-1163.544,6000.0,0.0,3580.349,-1258.487,-0.30684,1.75526,1.58228,12.39945,0.61231,1.25567,0.20701,1.48222,0.01661,95.2381,0.98365,1.29727,0.0,-27.3547,85.2273,0.0,171.686,-92.7944,-40.966,101,12,33,253,156,210,166,786,41,461,284,0,248,327,211,0,240,0,23,0.05216284987277354,0.3155216284987277,786,300,87,-18.435,9170.339,2.278,0.0,100.0,0.0,-1421.035,-706.257,-2265.5,0.0,-89.5,9170.339,2.278,0.0,100.0,0.0,-1421.035,-706.257,-2265.5,0.0,-89.5,0,171,60,59,1,4,4,0,244,5,1,0,1,0,1.0,0,2,3,0,0,1028,192,192,442,442,1761,685,132,132,30,0,1110,234,0,0,703,2,0,3,6,5,0,0,99,38,3,120,3,305,0,32,0,0,0,9024,74.34618794326241,2.8308242659114624,32.95656028368794,1.6393493848615441,22.440159574468087,3.158244680851064,2.815308641975309,0.000940337080875326,0.0041483652058640925,0.006254375057026802,-0.02092516697319913,0.682274255307268,0.7139281075056425,0.07196563325735382,-0.05476636475075312,0.30823407675075,0.15305108328364142,0.03006899171367844,5031.0,,,,,,,,,,,,,,,,,,,,,,,,,
79,50_20_5_10_5_2,50_20_5_10_5_2_StartGoalLocations_Seed1004.csv,60,10280.855890154839,59,0.9833333333333333,0,0,0,0,0,0,0,10,0,10,0.0,0.0070213340534701595,9.583345124247009,5,4,4,0.006211180124223602,0.8506616257088847,0.0,1,4,0,0,0,0,10,10,10,0,2,2,2,0,2,2,1,2,0,0,0,0,0,0,0,0,0,0,0,0,0,0,0,0,0.0,0.0,0.0,0.0,0.0,0.0,0,1.0,4.0,,5,4.0,12.12,,18.0,33.25,,0.0,0.0,,0.0,0.0,,22.24,0.0,0.0,0,0,0,0,0,0,0,0,149,0,128,14,7,0,0,0.8591,0.094,0,0,0,370.3,0.0,5900.0,0.0,4708.65,-456.15,0.0,0.0,0.0,0.0,0.0,-10.944,0.0,-241.5,0.0,0.0,100.0,0.0,0.0,0.0,0.0,-89.5,0.0,0.0,2.8417,12.40575,-0.00296,0.04701,-0.06522,0.16839,0.02701,0.82122,-0.02417,0.10724,0.0,-19.92,6000.0,0.0,6191.143,-315.263,-0.00538,0.07731,1.62031,12.54512,1.58679,0.97258,0.0054,0.996,0.01701,95.2381,0.98299,1.78747,0.0,-0.3284,85.2273,0.0,269.0657,-31.18,-1.264,0,0,0,2,12,3,3,20,0,17,3,0,2,15,3,0,2,0,0,0.0,0.1,20,4,2,-1.024,10948.45,0.0,0.0,100.0,0.0,-425.65,-10.944,-241.5,0.0,-89.5,10948.45,0.0,0.0,100.0,0.0,-425.65,-10.944,-241.5,0.0,-89.5,0,7,60,59,1,4,3,0,3,5,0,0,0,0,,0,0,0,0,0,736,8,8,0,0,88,28,4,4,4,0,0,0,0,0,263,6,0,0,0,0,0,0,0,0,0,0,0,3200,0,4,0,0,0,8342,13.306161591944377,1.0144144144144145,6.20954207624071,1.4792471253115353,4.399424598417646,0.31167585710860707,3.076294277929155,0.0015171449905487268,0.004191779035507985,0.005982608390141926,-0.021370665377775287,0.699069872174574,0.6857248377864775,0.07169262281335566,-0.05379572750509554,0.32168292006531884,0.14514813808100027,0.03154626079555173,3679.0,,,,,,,,,,,,,,,,,,,,,,,,,
80,25_5_2_5_2_1,25_5_2_5_2_1_StartGoalLocations_Seed1007.csv,40,3963.5288002192974,40,1.0,1,0,1,1,0,0,0,92,0,91,0.0,0.12665862484921592,6.432347918843763,0,0,0,0.10776035383996783,0.5963007639726579,0.0,0,0,0,0,0,0,92,127,127,0,2,4,4,0,4,2,3,2,2,2,2,0,0,0,0,0,0,0,0,0,0,0,0,0,2.0,6.0,0.0,-9.6,-153.0,0.0,2,,,,0,,,,,,,,,,,,,9.25,0.0,2.0,0,2,0,1,0,0,0,1,114,0,79,3,32,0,10,0.693,0.0263,0,0,0,248.7,0.0,4000.0,0.0,2040.401,-984.255,35.0,0.0,0.0,-100.0,2.656,-117.974,0.0,-929.0,0.0,-104.0,0.0,0.0,0.0,0.0,0.0,-128.0,0.0,0.0,2.1471,12.58982,-0.08658,1.42546,-0.41536,0.59058,0.0,0.0,-0.05147,0.15194,0.0,-346.775,4000.0,0.0,2461.217,-857.541,-0.13944,1.48937,1.60836,12.57973,0.64482,1.31291,0.10294,1.35459,0.01608,100.0,0.98392,1.35626,0.0,-11.8851,56.8182,0.0,118.5944,-63.5574,-17.059,9,2,0,80,40,75,59,258,20,153,85,0,80,102,76,0,65,0,6,0.07751937984496124,0.31007751937984496,258,118,52,-12.543,6255.357,2.596,0.0,0.0,0.0,-915.51,-217.914,-1033.0,0.0,-128.0,6255.357,2.596,0.0,0.0,0.0,-915.51,-217.914,-1033.0,0.0,-128.0,0,59,40,40,0,0,0,0,67,5,0,0,0,0,,0,0,1,0,0,748,28,28,102,102,712,236,137,137,20,0,324,8,0,0,493,1,0,2,6,6,0,0,10,206,4,17,0,305,0,155,0,0,0,5265,72.09876543209876,1.8672286617492098,34.92877492877493,1.2112697291645247,21.937321937321936,3.7226970560303894,2.987878787878788,0.0011501092436242654,0.004045420960040095,0.006146422868724016,-0.021257635569548544,0.6938341279080845,0.6942044632001356,0.07171547787393479,-0.054037179396970864,0.30348302469726807,0.14945792462570986,0.0317275105657793,3874.0,,,,,,,,,,,,,,,,,,,,,,,,,
81,50_20_5_10_5_2,50_20_5_10_5_2_StartGoalLocations_Seed1016.csv,25,4976.199952870607,23,0.92,0,0,0,0,0,0,0,0,0,0,0.0,0.0,9.974696889826042,4,3,2,0.005798629414865577,0.8892988929889298,0.0,1,3,0,0,0,0,0,0,0,0,0,0,0,0,0,0,0,0,0,0,0,0,0,0,0,0,0,0,0,0,0,0,0,0,0.0,0.0,0.0,0.0,0.0,0.0,0,1.0,3.0,,4,37.0,30.67,,65.5,54.0,,0.0,0.0,,0.0,0.0,,27.98,0.0,0.0,0,0,0,0,0,0,0,0,65,0,49,6,10,0,0,0.7538,0.0923,0,0,0,189.7,0.0,2300.0,0.0,2574.0,-129.0,0.0,0.0,0.0,0.0,0.0,0.0,0.0,0.0,0.0,0.0,75.0,0.0,0.0,0.0,0.0,-33.5,0.0,0.0,2.60132,10.82242,0.0,0.0,0.0,0.0,0.03954,0.9934,-0.01766,0.09229,0.0,0.0,2375.0,0.0,3732.695,-99.85,0.0,0.0,1.25198,10.98476,1.91505,0.97479,0.0,0.0,0.01371,91.34615,0.98682,2.0473,0.0,0.0,33.7358,0.0,147.0857,-9.2857,0.0,0,0,0,0,0,0,0,0,0,0,0,0,0,0,0,0,0,0,0,,,0,0,0,0.0,5055.1,0.0,0.0,75.0,0.0,-120.4,0.0,0.0,0.0,-33.5,5055.1,0.0,0.0,75.0,0.0,-120.4,0.0,0.0,0.0,-33.5,0,0,25,23,2,3,2,0,0,5,0,0,0,0,,0,0,0,0,0,944,0,0,0,0,0,0,0,0,0,0,0,0,0,0,100,0,0,0,0,0,0,0,0,0,0,0,0,3200,0,0,0,0,0,4812,8.437240232751455,1.0,3.9068994181213634,1.9553191742681442,3.9068994181213634,0.8312551953449709,2.6808510638297873,0.0012981038816240287,0.0040269140341571705,0.006030235151460363,-0.021640759805943502,0.689322875970501,0.6960069607880156,0.07127612976010068,-0.05370378713873294,0.29883884854292597,0.15965886552955177,0.03243849063852781,5042.0,,,,,,,,,,,,,,,,,,,,,,,,,
82,50_20_5_10_5_2,50_20_5_10_5_2_StartGoalLocations_Seed1010.csv,40,6926.28649353981,39,0.975,2,0,2,2,0,0,0,43,0,41,0.0,0.018965965185762535,9.613358279332523,1,1,0,0.17272727272727273,0.8587012987012987,26.328208923339844,0,0,0,0,0,2,39,39,39,0,2,8,8,0,8,2,5,1,5,5,5,0,2,0,0,0,0,0,0,0,0,0,0,0,5.0,0.0,0.0,-23.999999999999996,0.0,0.0,7,,1.0,1.0,2,,3.0,26.33,,25.0,66.0,,0.0,5.0,,0.0,25.0,30.84,0.0,0.2,0,3,0,1,0,0,0,1,128,0,89,15,24,0,0,0.6953,0.1172,0,0,0,385.0,0.0,3900.0,0.0,4090.194,-287.658,0.0,0.0,0.0,-200.0,1.12,-31.369,0.0,-109.5,0.0,-80.0,25.0,0.0,0.0,0.0,0.0,-421.5,0.0,-345.0,2.10066,9.94975,-0.0598,1.6094,-0.04922,0.42194,0.00649,0.40286,-0.19909,0.93332,0.0,-305.863,3925.0,0.0,6089.135,-524.496,-0.07944,1.67186,1.01948,10.02106,1.44536,1.45459,0.02234,3.55654,0.01039,98.125,0.98987,1.73541,0.0,-8.0357,55.7528,0.0,233.7254,-60.2376,-6.625,7,4,1,30,3,27,22,82,26,33,23,0,30,25,27,0,17,1,15,0.3170731707317073,0.36585365853658536,82,34,12,-1.386,8355.394,0.8,0.0,25.0,0.0,-267.858,-231.049,-189.5,0.0,-766.5,8355.394,0.8,0.0,25.0,0.0,-267.858,-231.049,-189.5,0.0,-766.5,0,11,40,39,1,1,1,0,30,5,0,0,0,0,,0,0,2,1,2,3200,92,92,16,16,93,45,5,5,0,0,24,8,0,0,201,1,0,0,0,0,0,0,9,0,0,6,0,3200,0,3,1,0,5,9145,9.491525423728813,1.0,3.3679606342263533,1.5215097572956864,3.1492618917441226,0.9622744669218152,2.0208333333333335,0.0011269863632310262,0.00430940831778571,0.006451026011491195,-0.020864803459262476,0.7092207147926092,0.7161782949790358,0.055270186164416375,0.014641856516245753,0.2969449956234401,0.1806127391620247,0.031661252069540416,16516.0,,,,,,,,,,,,,,,,,,,,,,,,,
83,50_20_5_10_5_2,50_20_5_10_5_2_StartGoalLocations_Seed1003.csv,25,6269.899992287159,25,1.0,0,0,0,0,0,0,0,0,0,0,0.0,0.0007369196757553427,9.84653647752395,9,5,9,0.0029476787030213707,0.8795136330140014,0.0,1,4,0,0,0,0,0,0,0,0,0,0,0,0,0,0,0,0,0,0,0,0,0,0,0,0,0,0,0,0,0,0,0,0,0.0,0.0,0.0,0.0,0.0,0.0,0,4.0,5.0,,9,28.25,18.4,,68.75,35.0,,0.0,0.0,,0.0,0.0,,30.88,0.0,0.1,0,0,0,0,0,0,0,0,75,0,58,12,5,0,0,0.7733,0.16,0,0,0,271.4,0.0,2500.0,0.0,3639.0,-208.5,0.0,0.0,0.0,0.0,0.0,0.0,0.0,0.0,0.0,0.0,125.0,0.0,0.0,0.0,0.0,-57.0,0.0,0.0,2.28515,9.45868,0.0,0.0,0.0,0.0,0.04606,1.07206,-0.021,0.1003,0.0,0.0,2625.0,0.0,5531.65,-127.645,0.0,0.0,0.96721,9.6089,1.99116,0.97784,0.0,0.0,0.01105,87.5,0.99042,2.10539,0.0,0.0,37.2869,0.0,207.9429,-15.1714,0.0,0,0,0,0,0,0,0,0,0,0,0,0,0,0,0,0,0,0,0,,,0,0,0,0.0,6396.5,0.0,0.0,125.0,0.0,-194.6,0.0,0.0,0.0,-57.0,6396.5,0.0,0.0,125.0,0.0,-194.6,0.0,0.0,0.0,-57.0,0,0,25,25,0,5,5,0,0,5,0,0,0,0,,0,0,0,0,0,2516,0,0,0,0,0,0,0,0,0,0,80,0,0,0,205,0,0,0,0,0,0,0,0,0,0,0,0,3200,0,0,0,0,0,13939,7.525647463950068,1.028598665395615,3.1781332950713823,1.4064334275087438,2.704641652916278,0.27261640002869647,3.3793103448275863,0.0011811410989244957,0.004177047217720809,0.006558586380611779,-0.021487068873496995,0.7209167384760179,0.7271212791884836,0.06124792323227148,0.006269697648871376,0.3023827722207711,0.17983376058416842,0.032306112375417084,12873.0,,,,,,,,,,,,,,,,,,,,,,,,,
84,50_20_5_10_5_2,50_20_5_10_5_2_StartGoalLocations_Seed1010.csv,40,8546.599931120872,40,1.0,0,0,0,0,0,0,0,0,0,0,0.0,0.0,9.815995189416716,6,6,6,0.0039085989176187615,0.8779314491882141,0.0,1,4,0,0,0,0,0,0,0,0,0,0,0,0,0,0,0,0,0,0,0,0,0,0,0,0,0,0,0,0,0,0,0,0,0.0,0.0,0.0,0.0,0.0,0.0,0,,6.0,,6,,21.83,,,45.67,,,0.0,,,0.0,,28.59,0.0,0.0,0,0,0,0,0,0,0,0,129,0,103,25,1,0,0,0.7984,0.1938,0,0,0,332.6,0.0,4000.0,0.0,4428.0,-304.5,0.0,0.0,0.0,0.0,0.0,0.0,0.0,0.0,0.0,0.0,150.0,0.0,0.0,0.0,0.0,-59.5,0.0,0.0,2.54242,10.79043,0.0,0.0,0.0,0.0,0.0451,1.06087,-0.01789,0.09287,0.0,0.0,4150.0,0.0,6151.855,-174.725,0.0,0.0,1.24775,10.94693,1.79709,0.9009,0.0,0.0,0.01383,90.21739,0.98647,1.92825,0.0,0.0,58.9489,0.0,253.0286,-20.8,0.0,0,0,0,0,0,0,0,0,0,0,0,0,0,0,0,0,0,0,0,,,0,0,0,0.0,8740.3,0.0,0.0,150.0,0.0,-284.2,0.0,0.0,0.0,-59.5,8740.3,0.0,0.0,150.0,0.0,-284.2,0.0,0.0,0.0,-59.5,0,0,40,40,0,6,6,0,0,5,0,0,0,0,,0,0,0,0,0,888,0,0,0,0,0,0,0,0,0,0,14,0,0,0,174,0,0,0,0,0,0,0,0,0,0,0,0,3200,0,0,0,0,0,8339,8.094495742894832,1.008888888888889,3.165847223887756,1.7876894176711864,3.1418635327976974,0.2398369109005876,3.4198473282442747,0.0012583357792627303,0.004093427039045203,0.006546066088081749,-0.021520351546371844,0.7202352854582641,0.7463336421831234,0.0658060729604315,0.00443840061570308,0.30182468289397996,0.19212808539026016,0.031646461239457475,4497.0,,,,,,,,,,,,,,,,,,,,,,,,,
85,50_20_5_10_5_2,50_20_5_10_5_2_StartGoalLocations_Seed1015.csv,25,6681.000028796494,25,1.0,0,0,0,0,0,0,0,0,0,0,0.0,0.0,9.981081081081081,6,5,5,0.0037162162162162164,0.8888513513513514,0.0,2,4,0,0,0,0,0,0,0,0,0,0,0,0,0,0,0,0,0,0,0,0,0,0,0,0,0,0,0,0,0,0,0,0,0.0,0.0,0.0,0.0,0.0,0.0,0,1.0,5.0,,6,22.5,34.4,,46.0,55.6,,0.0,0.0,,0.0,0.0,,42.87,0.0,0.0,0,0,0,0,0,0,0,0,72,0,57,13,2,0,0,0.7917,0.1806,0,0,0,296.0,0.0,2500.0,0.0,4014.0,-192.0,0.0,0.0,0.0,0.0,0.0,0.0,0.0,0.0,0.0,0.0,125.0,0.0,0.0,0.0,0.0,-62.0,0.0,0.0,2.23581,9.057,0.0,0.0,0.0,0.0,0.04223,1.02663,-0.02095,0.10017,0.0,0.0,2625.0,0.0,6348.49,-119.16,0.0,0.0,0.88682,9.20482,2.1045,0.99367,0.0,0.0,0.01014,87.5,0.99088,2.20513,0.0,0.0,37.2869,0.0,229.3714,-14.5143,0.0,0,0,0,0,0,0,0,0,0,0,0,0,0,0,0,0,0,0,0,,,0,0,0,0.0,6797.2,0.0,0.0,125.0,0.0,-179.2,0.0,0.0,0.0,-62.0,6797.2,0.0,0.0,125.0,0.0,-179.2,0.0,0.0,0.0,-62.0,0,0,25,25,0,4,4,0,0,5,0,0,0,0,,0,0,0,0,0,2676,0,0,0,0,0,0,0,0,0,0,0,0,0,0,40,0,0,0,0,0,0,0,0,0,0,0,0,3200,0,0,0,0,0,12554,3.7119643141628167,1.0,1.9595348096224312,1.7100271237938385,1.8639477457384102,0.35048590090807713,3.1623931623931623,0.0011893580990796665,0.003915185717133574,0.006615823047076907,-0.02148842414693492,0.7202581952149202,0.7566310161075963,0.06145872575507927,0.016778534320732983,0.30843700749445735,0.15905743740795286,0.03224419168631952,13580.0,,,,,,,,,,,,,,,,,,,,,,,,,
86,25_5_2_5_2_1,25_5_2_5_2_1_StartGoalLocations_Seed1010.csv,40,4374.613215342164,40,1.0,1,0,1,1,0,0,0,69,0,68,0.0,0.10920634920634921,6.163149331902701,2,2,2,0.0673015873015873,0.6774603174603174,0.0,0,0,0,0,0,0,64,66,66,0,2,6,6,0,6,2,2,4,2,2,2,0,0,0,0,0,0,0,0,0,0,0,0,0,2.0,1.0,0.0,-9.6,-16.8,0.0,2,,2.0,,2,,2.76,,,9.0,,,0.0,,,11.5,,7.08,0.0,0.9,0,2,0,1,0,0,0,1,89,0,85,2,2,0,0,0.9551,0.0225,0,0,0,157.5,0.0,4000.0,0.0,1439.383,-602.365,0.0,0.0,0.0,-100.0,2.455,-79.36,0.0,-433.0,0.0,-24.0,50.0,0.0,0.0,0.0,0.0,-36.0,0.0,0.0,3.17112,15.69877,-0.11232,1.78867,-0.29016,0.41854,0.03175,0.8903,-0.02286,0.10443,0.0,-266.893,4050.0,0.0,1655.101,-517.86,-0.16946,1.86232,2.57143,15.75277,0.72206,1.27846,0.0927,1.82803,0.02667,96.42857,0.97333,1.41746,0.0,-6.0219,57.5284,0.0,82.2505,-36.478,-7.15,18,8,5,56,16,33,37,142,9,97,36,0,56,53,33,0,54,0,4,0.06338028169014084,0.39436619718309857,142,44,14,0.988,5554.811,2.4,0.0,50.0,0.0,-560.293,-179.305,-457.0,0.0,-36.0,5554.811,2.4,0.0,50.0,0.0,-560.293,-179.305,-457.0,0.0,-36.0,0,24,40,40,0,2,2,0,47,5,0,0,0,0,,0,0,1,0,0,632,32,32,48,48,198,94,91,91,0,0,358,20,0,0,385,2,0,0,1,1,0,0,29,28,1,18,0,305,0,21,0,0,0,3283,73.10386841303685,2.0129166666666665,21.65702101736217,1.3966420744460615,13.798355162960707,4.264392324093817,2.5584988962472406,0.0012909664760339678,0.0037056639130356945,0.006732657964376709,-0.021190360542150993,0.7264735823190664,0.7591513238752945,0.06240698372167122,0.00975316263664561,0.30599549690129535,0.15518945634266887,0.03201402212364536,3035.0,,,,,,,,,,,,,,,,,,,,,,,,,
87,25_5_2_5_2_1,25_5_2_5_2_1_StartGoalLocations_Seed1018.csv,60,5988.028020858765,60,1.0,1,0,1,1,0,0,0,137,0,136,0.0,0.16707549741073863,5.896422830905535,4,3,3,0.10629599345870809,0.5998909784682475,0.0,0,0,0,0,0,0,130,178,178,0,2,25,25,0,22,2,5,10,15,15,15,0,0,0,0,0,0,0,0,0,0,0,0,0,15.0,4.0,0.0,-72.0,-120.00000000000003,0.0,15,1.0,3.0,,4,0.5,4.83,,3.0,19.0,,0.0,0.0,,0.0,20.7,,7.76,0.0,2.0,0,2,0,1,0,0,0,1,243,0,156,12,75,0,24,0.642,0.0494,0,0,0,366.9,0.0,6000.0,0.0,3067.558,-1605.191,3.5,0.0,0.0,-100.0,1.27,-237.508,0.0,-1262.5,0.0,-248.0,75.0,0.0,0.0,0.0,0.0,-73.0,0.0,0.0,2.13485,12.69864,-0.09164,1.18252,-0.41169,0.73709,0.02044,0.71458,-0.0199,0.09774,0.0,-526.489,6075.0,0.0,3679.665,-1322.799,-0.1435,1.24942,1.65576,12.70046,0.64237,1.31463,0.10521,1.36396,0.01717,96.42857,0.98365,1.38611,0.0,-15.184,86.2926,0.0,175.489,-95.8967,-35.81,43,17,14,114,37,146,92,392,19,191,182,0,112,133,147,0,116,0,20,0.04846938775510204,0.2857142857142857,392,185,54,-18.749,9321.328,1.171,0.0,75.0,0.0,-1488.562,-337.409,-1510.5,0.0,-73.0,9321.328,1.171,0.0,75.0,0.0,-1488.562,-337.409,-1510.5,0.0,-73.0,0,64,60,60,0,3,3,0,127,5,0,0,0,0,,0,0,1,0,0,1352,256,256,162,162,800,256,32,32,4,0,947,68,0,0,687,4,0,1,4,4,0,0,60,79,3,57,4,305,0,93,0,0,0,8125,75.26153846153846,2.1471790678659035,30.892307692307693,1.343107585466478,23.15076923076923,4.332307692307692,2.804891015417331,0.0012160581512804269,0.003730141780251009,0.006571251181224306,-0.021262765349544716,0.7313101425678772,0.7514845087859757,0.0597689680689009,0.015503508954297906,0.3094892080190888,0.14421306134013318,0.03314182751965308,7059.0,,,,,,,,,,,,,,,,,,,,,,,,,
88,25_5_2_5_2_1,25_5_2_5_2_1_StartGoalLocations_Seed1002.csv,25,3248.697650797665,25,1.0,0,0,0,0,0,0,0,40,0,40,0.0,0.09196811771919068,7.600203113531058,6,5,6,0.03678724708767627,0.6204782342121398,0.0,2,6,1,0,0,0,40,46,46,0,2,15,15,0,15,2,3,11,4,4,4,0,1,0,0,0,0,0,0,0,0,0,0,0,4.0,0.0,0.0,-19.2,0.0,0.0,4,1.0,5.0,,6,0.5,4.24,,16.0,8.3,,0.0,0.0,,0.0,1.4,,8.0,0.0,0.9,0,0,0,0,0,0,0,0,210,0,142,14,54,0,10,0.6762,0.0667,0,0,0,163.1,0.0,2500.0,0.0,1504.287,-684.387,0.0,0.0,0.0,0.0,2.794,-52.096,0.0,-274.5,0.0,0.0,125.0,0.0,0.0,0.0,0.0,-35.5,0.0,0.0,2.1355,12.293,-0.03023,0.13941,-0.1683,0.23627,0.07664,1.38207,-0.02177,0.10203,0.0,-92.066,2625.0,0.0,1694.191,-616.134,-0.05645,0.23937,1.60944,12.35338,0.66098,1.33212,0.05641,1.00072,0.01839,87.5,0.98222,1.44215,0.0,-2.1492,37.2869,0.0,85.9593,-41.1364,-8.517,7,4,1,15,0,38,39,92,8,39,45,0,15,39,38,0,10,0,7,0.08695652173913043,0.16304347826086957,92,54,24,-3.236,4119.487,2.794,0.0,125.0,0.0,-636.487,-52.096,-274.5,0.0,-35.5,4119.487,2.794,0.0,125.0,0.0,-636.487,-52.096,-274.5,0.0,-35.5,0,15,25,25,0,4,4,0,31,5,0,0,0,0,,0,0,0,0,0,1328,86,86,18,18,192,60,20,20,0,0,118,0,0,0,328,0,0,0,0,0,0,0,8,0,0,10,0,305,0,14,0,0,0,5788,48.06496199032481,1.4403306973400432,14.581893572909468,0.9566350817344906,10.867311679336558,2.4533517622667587,2.9952305246422894,0.0012586761985819823,0.0037162689736157835,0.006776569725339671,-0.021869814951892896,0.7362469689673689,0.7510048614208957,0.0751825766974544,-0.021353570953381796,0.31761757792560863,0.13165385710219185,0.03401375999412974,7026.0,,,,,,,,,,,,,,,,,,,,,,,,,
89,25_5_2_5_2_1,25_5_2_5_2_1_StartGoalLocations_Seed1012.csv,25,1256.5973129868507,23,0.92,2,3,2,2,0,3,2,275,3,273,0.01090909090909091,0.226890756302521,5.952369591404774,3,2,1,0.3524245895379916,0.7369224894998091,2.0,1,2,0,3,6,0,274,326,207,119,3,29,22,7,26,3,36,11,12,12,12,0,1,0,5,0,0,0,0,0,0,0,0,0,12.0,6.0,3.0,-58.79999999999998,-116.7,-312.5,18,,2.0,,4,,4.25,,,13.5,,,0.0,,,0.0,,11.43,0.0,4.2,0,9,0,4,0,0,1,2,85,0,61,1,23,0,1,0.7176,0.0118,0,0,0,261.9,0.0,2300.0,0.0,1688.52,-784.532,10.5,0.0,0.0,-200.0,2.893,-288.683,0.0,-958.5,0.0,-152.0,50.0,0.0,0.0,0.0,0.0,-328.5,0.0,-345.0,1.32737,9.36457,-0.18549,1.96233,-0.42402,0.6375,0.01909,0.69059,-0.25716,1.07358,0.0,-931.985,2350.0,0.0,2103.123,-1127.506,-0.35586,2.06774,0.89729,9.35371,0.37252,1.64299,0.29744,1.19639,0.00955,94.0,0.99084,1.24494,0.0,-32.3367,33.3807,0.0,95.8868,-82.1161,-32.149,129,32,83,342,52,189,190,773,46,569,158,0,342,242,189,0,243,4,199,0.059508408796895215,0.4424320827943079,770,225,39,-2.805,4203.073,2.708,0.0,50.0,0.0,-726.686,-488.498,-1110.5,0.0,-673.5,4203.073,2.708,0.0,50.0,0.0,-726.686,-488.498,-1110.5,0.0,-673.5,0,85,25,23,2,2,2,1,435,5,3,1,2,0,0.6666666666666666,2,6,5,1,2,3200,488,488,643,643,869,342,602,602,28,0,235,5,0,0,218,9,6,2,6,4,2,0,61,41,4,118,0,305,0,15,1,0,5,9208,49.97827975673327,2.0806171229900046,35.29539530842745,1.5741769377342782,28.45351867940921,16.170721112076457,1.6751908396946564,0.001090223827468435,0.0035015793627826497,0.006914194538840093,-0.022031208502594383,0.7389976587891579,0.7650470293685794,0.08003042828291655,-0.016816679535841105,0.3064543724432434,0.13785583780279365,0.03367014537178663,16967.0,,,,,,,,,,,1.0,1.0,2.0,12.5,2.0,22.0,0.0,5.0,69.0,93.0,,,,,
90,25_5_2_5_2_1,25_5_2_5_2_1_StartGoalLocations_Seed1017.csv,40,3698.1199637651443,40,1.0,2,0,2,2,0,0,0,109,0,107,0.0,0.17989250711349986,5.84549738155808,6,6,5,0.11824217515017389,0.5516914321846348,0.0,1,3,0,0,0,0,101,137,103,34,3,25,20,5,24,3,8,16,9,11,9,0,0,4,0,0,0,0,0,0,0,0,0,0,9.0,4.0,0.0,-65.39999999999998,-110.40000000000003,0.0,9,,6.0,,6,,6.67,,,14.42,,,0.0,,,1.5,,9.16,0.0,5.5,0,4,0,4,0,0,0,2,171,0,106,14,51,0,12,0.6199,0.0819,0,0,0,316.3,0.0,4000.0,0.0,2544.024,-1296.199,3.5,0.0,0.0,-200.0,1.38,-284.885,0.0,-1163.0,0.0,-280.0,150.0,0.0,0.0,0.0,0.0,-93.0,0.0,0.0,1.76024,11.20175,-0.15286,1.79244,-0.45621,0.82698,0.04742,1.08781,-0.0294,0.11763,0.0,-703.39,4150.0,0.0,3058.77,-1064.723,-0.22238,1.88161,1.31205,11.22169,0.63043,1.28229,0.12204,1.82225,0.01454,90.21739,0.98735,1.32036,0.0,-17.3755,58.9489,0.0,145.5728,-79.3828,-25.181,82,12,24,169,34,91,94,389,76,125,188,0,169,129,91,0,134,0,19,0.1953727506426735,0.43444730077120824,385,141,40,-7.115,6769.274,1.283,0.0,150.0,0.0,-1201.648,-484.788,-1443.0,0.0,-93.0,6769.274,1.283,0.0,150.0,0.0,-1201.648,-484.788,-1443.0,0.0,-93.0,0,53,40,40,0,6,6,0,170,5,0,0,0,0,,0,0,2,0,0,1108,211,211,292,292,494,212,8,8,4,0,1342,174,0,0,585,8,2,1,4,4,0,0,46,85,3,82,3,305,0,120,0,0,0,8264,66.36011616650532,2.1632020423048868,22.3378509196515,1.2413326259924429,15.36786060019361,3.4970958373668926,2.7606299212598424,0.001460363204137713,0.0036006880518963513,0.007480140331634976,-0.02311545354230094,0.7570430208199291,0.7562881471447996,0.10646274154635973,-0.033157676850892735,0.31170081819318723,0.15080938222662701,0.035725711151172485,6054.0,,,,,,,,,,,,,,,,,,,,,,,,,
91,50_20_5_10_5_2,50_20_5_10_5_2_StartGoalLocations_Seed1018.csv,40,8970.999893791974,40,1.0,0,0,0,0,0,0,0,1,0,1,0.0,0.0005141388174807198,9.893316195372751,7,5,7,0.008740359897172237,0.8388174807197943,0.0,1,4,0,0,0,0,1,1,1,0,2,0,0,0,0,0,0,0,0,0,0,0,0,0,0,0,0,0,0,0,0,0,0,0,0.0,0.0,0.0,0.0,0.0,0.0,0,2.0,5.0,,7,14.5,16.8,,34.5,40.5,,0.0,0.0,,0.0,0.0,,30.74,0.0,0.0,0,0,0,0,0,0,0,0,100,0,83,16,1,0,0,0.83,0.16,0,0,0,389.0,0.0,4000.0,0.0,4974.0,-351.0,0.0,0.0,0.0,0.0,0.0,0.0,0.0,-20.0,0.0,0.0,125.0,0.0,0.0,0.0,0.0,-146.0,0.0,0.0,2.31671,9.99836,0.0,0.0,-0.00514,0.05044,0.03213,0.89572,-0.03753,0.13175,0.0,0.0,4125.0,0.0,7296.355,-232.185,0.0,0.0,1.06041,10.12456,1.81598,1.02845,0.0,0.0,0.01157,91.66667,0.98946,1.95597,0.0,0.0,58.5937,0.0,284.2286,-28.4,0.0,0,0,0,0,0,0,2,2,0,2,0,0,0,2,0,0,0,0,0,0.0,0.0,2,0,0,0.0,9339.6,0.0,0.0,125.0,0.0,-327.6,0.0,-20.0,0.0,-146.0,9339.6,0.0,0.0,125.0,0.0,-327.6,0.0,-20.0,0.0,-146.0,0,0,40,40,0,4,4,0,0,5,0,0,0,0,,0,0,0,0,0,2036,0,0,2,2,8,0,0,0,0,0,4,0,0,0,242,0,0,0,0,0,0,0,0,0,0,0,0,3200,0,0,0,0,0,12722,12.836032070429178,1.0,6.0446470680710584,1.7276333129210264,4.889168369753183,1.3834302782581356,2.694533762057878,0.0012333486812258522,0.003549874980233185,0.007301166875028071,-0.023363553556615454,0.7505509281907896,0.7759646182561436,0.10083717999207716,-0.007958949684423407,0.31159901401146295,0.1477169365108241,0.03442397255052468,10994.0,,,,,,,,,,,,,,,,,,,,,,,,,
92,50_20_5_10_5_2,50_20_5_10_5_2_StartGoalLocations_Seed1011.csv,25,6238.300012201071,25,1.0,0,0,0,0,0,0,0,0,0,0,0.0,0.0,9.83607757043542,4,4,4,0.0021953896816684962,0.889498719356019,0.0,1,4,0,0,0,0,0,0,0,0,0,0,0,0,0,0,0,0,0,0,0,0,0,0,0,0,0,0,0,0,0,0,0,0,0.0,0.0,0.0,0.0,0.0,0.0,0,,4.0,,4,,57.12,,,82.5,,,0.0,,,0.0,,42.17,0.0,0.0,0,0,0,0,0,0,0,0,73,0,62,8,3,0,0,0.8493,0.1096,0,0,0,273.3,0.0,2500.0,0.0,3673.5,-271.5,0.0,0.0,0.0,0.0,0.0,0.0,0.0,0.0,0.0,0.0,100.0,0.0,0.0,0.0,0.0,-37.0,0.0,0.0,2.25953,9.43272,0.0,0.0,0.0,0.0,0.03659,0.95572,-0.01354,0.08115,0.0,0.0,2600.0,0.0,6087.03,-130.99,0.0,0.0,0.95134,9.56474,2.1793,1.1864,0.0,0.0,0.01061,89.65517,0.99085,2.29617,0.0,0.0,36.9318,0.0,209.9143,-17.6286,0.0,0,0,0,0,0,0,0,0,0,0,0,0,0,0,0,0,0,0,0,,,0,0,0,0.0,6428.7,0.0,0.0,100.0,0.0,-253.4,0.0,0.0,0.0,-37.0,6428.7,0.0,0.0,100.0,0.0,-253.4,0.0,0.0,0.0,-37.0,0,0,25,25,0,4,4,0,0,5,0,0,0,0,,0,0,0,0,0,1708,0,0,0,0,28,0,0,0,0,0,8,0,0,0,289,0,0,0,0,0,0,0,0,0,0,0,0,3200,0,0,0,0,0,8368,11.412523900573614,1.031413612565445,3.226577437858509,1.457037055188859,2.55736137667304,0.5258126195028681,3.02803738317757,0.0012543404067383802,0.0034593178812126505,0.007138408710678442,-0.023740548943660157,0.7543801785352917,0.7761566150383871,0.1039163877607369,-0.019919218373892773,0.3163794176307437,0.1513902103816471,0.03523737136971892,9459.0,,,,,,,,,,,,,,,,,,,,,,,,,
93,50_20_5_10_5_2,50_20_5_10_5_2_StartGoalLocations_Seed1005.csv,60,8918.567423760891,59,0.9833333333333333,1,0,1,1,0,0,0,78,0,77,0.0,0.03902229845626072,9.32046873807447,5,5,3,0.13636363636363635,0.8436963979416809,2.2450000047683716,1,3,0,0,0,0,49,51,51,0,2,5,5,0,5,2,1,5,0,0,0,0,0,0,0,0,0,0,0,0,0,0,0,0,0.0,2.0,0.0,0.0,-33.6,0.0,0,,5.0,1.0,6,,11.1,2.25,,28.8,24.0,,0.0,0.0,,0.0,37.0,22.55,0.0,0.9,0,2,0,1,0,0,0,1,231,0,127,91,13,0,4,0.5498,0.3939,0,0,0,466.4,0.0,5900.0,0.0,5053.363,-663.598,21.0,0.0,0.0,-100.0,2.28,-96.377,0.0,-905.5,0.0,-192.0,125.0,0.0,0.0,0.0,0.0,-347.0,0.0,-345.0,2.31071,11.11176,-0.04162,1.03693,-0.23531,0.60912,0.0268,0.81811,-0.14837,0.84671,0.0,-291.333,6025.0,0.0,6658.382,-1063.872,-0.06246,1.08805,1.29181,11.20277,1.19951,1.50159,0.03538,1.76565,0.01372,94.14062,0.98606,1.67912,0.0,-6.4959,85.5824,0.0,289.716,-77.2152,-6.709,32,17,23,84,10,31,37,163,68,61,34,0,84,48,31,0,15,0,17,0.4171779141104294,0.5153374233128835,163,56,16,-1.265,11395.364,1.72,0.0,125.0,0.0,-618.198,-195.817,-1097.5,0.0,-692.0,11395.364,1.72,0.0,125.0,0.0,-618.198,-195.817,-1097.5,0.0,-692.0,0,18,60,59,1,5,5,0,65,5,0,0,0,0,,0,0,1,0,0,3200,20,20,20,20,256,72,91,91,16,0,208,132,0,0,346,0,0,2,2,2,0,0,2,19,0,3,0,3200,0,13,0,0,0,16637,10.254252569573842,1.145369284876905,5.427661237001863,1.511627928082597,3.9129650778385527,0.7393159824487588,2.729646697388633,0.001081773069799965,0.0033882385421020443,0.007409441311610862,-0.023335656333947553,0.739396950751543,0.8229500597715378,0.0835958792315796,-0.00454945962963393,0.31630150261701695,0.14932506620164052,0.031106212937168597,15483.0,,,,,,,,,,,,,,,,,,,,,,,,,
94,25_5_2_5_2_1,25_5_2_5_2_1_StartGoalLocations_Seed1003.csv,40,4147.437499374151,40,1.0,0,0,0,0,0,0,0,70,0,70,0.0,0.21083788706739526,5.702928080116628,3,3,3,0.09927140255009108,0.586976320582878,0.0,1,2,0,0,0,0,70,149,130,19,3,18,18,0,15,2,5,8,9,9,9,0,1,0,0,0,0,0,0,0,0,0,0,0,9.0,3.0,0.0,-43.79999999999999,-150.00000000000003,0.0,10,,3.0,,3,,7.33,,,14.0,,,0.0,,,0.0,,7.68,0.0,3.6,0,0,0,0,0,0,0,0,107,0,75,8,24,0,4,0.7009,0.0748,0,0,0,219.6,0.0,4000.0,0.0,1820.565,-838.287,14.0,0.0,0.0,0.0,3.902,-178.342,0.0,-906.5,0.0,0.0,75.0,0.0,0.0,0.0,0.0,-62.5,0.0,0.0,2.37517,13.3699,-0.07944,0.21456,-0.4128,0.18973,0.03415,0.9234,-0.02846,0.11585,0.0,-317.184,4075.0,0.0,2097.733,-742.272,-0.14444,0.36457,1.85565,13.39999,0.61724,1.26559,0.14663,0.98504,0.01958,94.76744,0.98179,1.31726,0.0,-11.0213,57.8835,0.0,104.8323,-51.4736,-23.23,37,12,9,109,28,135,55,328,53,134,141,0,109,84,135,0,73,0,4,0.16158536585365854,0.3323170731707317,328,180,60,-18.256,5990.313,3.902,0.0,75.0,0.0,-774.436,-178.342,-906.5,0.0,-62.5,5990.313,3.902,0.0,75.0,0.0,-774.436,-178.342,-906.5,0.0,-62.5,0,71,40,40,0,3,3,0,114,5,0,0,0,0,,0,0,0,0,0,544,140,140,162,162,720,284,138,138,8,0,728,22,0,0,429,0,0,1,3,3,0,0,24,60,2,28,0,305,0,38,0,0,0,4866,74.845869297164,2.5914332784184513,29.099876695437732,1.5406250212680928,19.399917796958487,5.630908343608714,2.4936440677966103,0.0012405985168885201,0.00340529895551941,0.00758197225685067,-0.02308320830685689,0.7392804995179176,0.8433349671609262,0.08142462441259447,-0.010368375528795534,0.3125379594483215,0.1607810552555048,0.027965929258508656,2407.0,,,,,,,,,,,,,,,,,,,,,,,,,
95,25_5_2_5_2_1,25_5_2_5_2_1_StartGoalLocations_Seed1014.csv,60,5877.268995821476,60,1.0,1,0,1,1,0,0,0,102,0,101,0.0,0.2322110378340854,5.780958570506332,4,4,1,0.08191600138840681,0.6188823325234294,0.0,1,4,0,0,0,0,102,217,195,22,3,17,17,0,16,2,4,11,5,5,5,0,1,0,0,0,0,0,0,0,0,0,0,0,5.0,4.0,0.0,-26.4,-154.8,0.0,6,,4.0,,4,,9.52,,,14.25,,,0.0,,,0.5,,7.04,0.0,1.9,0,2,0,1,0,0,0,1,213,0,153,17,43,0,14,0.7183,0.0798,0,0,0,288.1,0.0,6000.0,0.0,2386.255,-1076.949,14.0,0.0,0.0,-100.0,3.494,-330.63,0.0,-1195.5,0.0,-152.0,100.0,0.0,0.0,0.0,0.0,-59.5,0.0,0.0,2.64193,14.2665,-0.14826,1.3362,-0.46772,0.64093,0.03471,0.93089,-0.02065,0.0995,0.0,-672.371,6100.0,0.0,2837.085,-893.222,-0.23338,1.42449,2.11732,14.30544,0.67472,1.2385,0.16626,1.4037,0.02221,95.3125,0.97917,1.32234,0.0,-16.0551,86.6477,0.0,137.1574,-64.94,-29.99,24,5,2,90,151,138,106,488,38,272,178,0,87,263,138,0,65,0,28,0.0778688524590164,0.17827868852459017,488,208,50,-10.266,8606.475,3.11,0.0,100.0,0.0,-995.069,-430.246,-1347.5,0.0,-59.5,8606.475,3.11,0.0,100.0,0.0,-995.069,-430.246,-1347.5,0.0,-59.5,0,157,60,60,0,4,4,0,95,5,0,0,0,0,,0,0,1,0,0,1120,104,104,151,151,1254,624,76,76,12,0,914,70,0,0,564,7,1,2,4,3,0,0,15,70,2,35,0,305,0,69,0,0,0,7689,70.60736116530109,2.1037023392890033,29.574717128365197,1.809377775777364,20.639875146312914,2.8352191442320196,2.864524259609326,0.0012211857796046387,0.003562599917807217,0.007905213084138397,-0.02378329271450639,0.7512648578201021,0.8390061293329512,0.09016201167500444,-0.022601363590053682,0.30348272848763186,0.17272173736553684,0.028083692917828914,4927.0,,,,,,,,,,,,,,,,,,,,,,,,,
96,25_5_2_5_2_1,25_5_2_5_2_1_StartGoalLocations_Seed1012.csv,40,3744.9679335951805,39,0.975,1,1,1,1,0,1,0,110,1,109,0.00909090909090909,0.20912832023943134,5.729902179434399,5,4,3,0.11597456041900486,0.5899738121960344,0.0,1,4,0,1,2,0,101,161,150,11,3,37,37,0,36,2,10,17,19,28,19,0,0,0,1,0,0,0,0,0,0,0,0,0,19.0,2.0,1.0,-155.40000000000003,-37.8,-100.0,20,1.0,4.0,,5,9.5,6.75,,16.0,14.0,,0.0,0.0,,1.0,0.2,,9.54,0.0,5.5,0,4,0,2,0,0,0,2,111,0,82,4,25,0,7,0.7387,0.036,0,0,0,267.3,0.0,3900.0,0.0,2232.455,-1047.813,0.0,0.0,0.0,-100.0,1.792,-256.766,0.0,-1109.0,0.0,-172.0,100.0,0.0,0.0,0.0,0.0,-71.0,0.0,0.0,2.00222,12.00295,-0.1328,1.3876,-0.47924,0.65323,0.03741,0.96637,-0.02656,0.11214,0.0,-564.137,4000.0,0.0,2658.273,-881.851,-0.21105,1.47297,1.49645,12.02495,0.66458,1.27592,0.14815,1.42459,0.01609,93.02326,0.98466,1.34503,0.0,-17.908,56.8182,0.0,127.5689,-63.9322,-23.045,70,16,35,134,53,112,95,396,34,215,147,0,134,150,112,0,144,0,20,0.08585858585858586,0.3383838383838384,396,144,43,-12.837,6324.655,1.684,0.0,100.0,0.0,-972.713,-356.658,-1281.0,0.0,-71.0,6324.655,1.684,0.0,100.0,0.0,-972.713,-356.658,-1281.0,0.0,-71.0,0,55,40,39,1,4,3,0,151,5,1,0,1,0,1.0,0,2,2,0,0,664,304,304,123,123,756,220,48,48,12,0,1092,133,0,0,560,0,0,0,2,2,0,0,71,16,2,78,0,305,0,48,0,0,0,6129,74.97144721814325,2.434385201305767,24.16381138848099,1.937390304157343,19.774840920215368,4.046337085984663,2.594884488448845,0.0009504220090246849,0.0035734134319474003,0.007746684746480131,-0.023327650889440114,0.7570787693362638,0.8291252732995045,0.08472697739769895,-0.00043201508948646756,0.29425852933405994,0.15026269702276707,0.027807805755492986,2855.0,,,,,,,,,,,,,,,,,,,,,,,,,
97,25_5_2_5_2_1,25_5_2_5_2_1_StartGoalLocations_Seed1001.csv,60,4951.275727391243,59,0.9833333333333333,1,1,1,1,0,1,0,155,1,154,0.0064516129032258064,0.1625519432901491,6.0470298010754835,3,3,1,0.21583964800782204,0.6563187484722561,6.0,1,3,0,1,2,5,149,208,203,5,3,16,16,0,16,2,3,10,3,3,3,0,1,0,2,0,0,0,0,0,0,0,0,0,3.0,5.0,1.0,-14.4,-186.3,-100.0,6,,3.0,1.0,4,,2.17,6.0,,6.0,3.0,,0.0,0.0,,0.0,77.0,8.03,0.1,2.7,0,3,0,1,0,0,1,1,235,0,159,12,64,0,11,0.6766,0.0511,0,0,0,409.1,0.0,5900.0,0.0,3048.829,-1691.769,3.5,0.0,0.0,-100.0,2.56,-316.944,0.0,-1504.0,0.0,-236.0,75.0,0.0,0.0,0.0,0.0,-294.0,0.0,-345.0,1.87476,11.94864,-0.10129,1.12876,-0.42532,0.67282,0.01833,0.67675,-0.1562,0.85915,0.0,-658.287,5975.0,0.0,3526.943,-1899.649,-0.16091,1.21145,1.46052,11.93919,0.39777,1.57031,0.11318,1.42179,0.01516,96.37097,0.98509,1.34655,0.0,-19.1449,84.8722,0.0,172.876,-131.644,-23.47,87,60,65,184,54,138,89,467,28,290,149,0,182,147,138,0,150,5,37,0.059957173447537475,0.3897216274089936,467,151,55,-12.596,9240.088,2.4,0.0,75.0,0.0,-1570.428,-416.784,-1740.0,0.0,-639.0,9240.088,2.4,0.0,75.0,0.0,-1570.428,-416.784,-1740.0,0.0,-639.0,0,48,60,59,1,3,3,0,185,5,1,0,1,0,1.0,0,2,2,1,2,3200,92,92,223,223,816,192,340,340,4,0,1450,92,0,0,764,15,5,1,5,5,0,0,81,31,4,81,0,305,0,57,1,0,5,11090,53.48061316501352,2.81200472095768,20.504959422903518,1.2325912672074524,14.030658250676286,3.8232642019837693,2.717223650385604,0.0008800947537270077,0.003522848639113363,0.00784527776762843,-0.02378914900124073,0.7666939628124237,0.8212462667375803,0.07445230309851468,0.019773328758892605,0.31098134443633785,0.14216813830971284,0.027045798476888958,13477.0,,,,,,,,,,,,,,,,,,,,,,,,,
98,25_5_2_5_2_1,25_5_2_5_2_1_StartGoalLocations_Seed1006.csv,25,3120.4766646027565,25,1.0,0,0,0,0,0,0,0,36,0,36,0.0,0.08383233532934131,6.411983537002506,2,2,2,0.03592814371257485,0.6422155688622755,0.0,1,2,0,0,0,0,24,27,27,0,2,3,3,0,1,2,3,1,2,2,2,0,0,0,0,0,0,0,0,0,0,0,0,0,2.0,0.0,0.0,-9.6,0.0,0.0,2,,2.0,,2,,4.5,,,15.0,,,0.0,,,0.0,,9.46,0.0,0.8,0,0,0,0,0,0,0,0,78,0,50,4,24,0,2,0.641,0.0513,0,0,0,133.6,0.0,2500.0,0.0,1279.495,-539.995,3.5,0.0,0.0,0.0,0.0,-46.623,0.0,-240.5,0.0,0.0,50.0,0.0,0.0,0.0,0.0,-19.0,0.0,0.0,2.5274,13.53757,-0.0349,0.16369,-0.18001,0.24,0.03743,0.96655,-0.01422,0.08312,0.0,-82.616,2550.0,0.0,1485.192,-444.309,-0.06184,0.26631,1.90868,13.58007,0.7791,1.2997,0.05838,1.05918,0.02021,94.44444,0.98054,1.4729,0.0,-1.6309,36.2216,0.0,73.314,-31.9426,-7.34,4,1,0,10,7,27,33,78,5,34,39,0,8,42,28,0,7,0,8,0.0641025641025641,0.10256410256410256,78,30,12,-3.007,3879.395,0.0,0.0,50.0,0.0,-502.795,-46.623,-240.5,0.0,-19.0,3879.395,0.0,0.0,50.0,0.0,-502.795,-46.623,-240.5,0.0,-19.0,0,9,25,25,0,2,2,0,30,5,0,0,0,0,,0,0,0,0,0,504,24,24,20,20,204,36,28,28,0,0,334,48,0,0,326,0,0,0,0,0,0,0,5,0,0,4,0,305,0,9,0,0,0,2946,69.48404616429056,1.7791890571568147,24.304141208418194,1.0413058805513564,14.93550577053632,2.6476578411405294,3.0931818181818183,0.0010054993748896764,0.0032746559517118075,0.00744375067260412,-0.02431202307343483,0.7885659327582707,0.7944194322067594,0.06667593112658887,0.044206727366332736,0.3153792032059592,0.133086876155268,0.028100363966298964,2164.0,,,,,,,,,,,,,,,,,,,,,,,,,
99,50_20_5_10_5_2,50_20_5_10_5_2_StartGoalLocations_Seed1017.csv,40,8826.199931681156,39,0.975,0,0,0,0,0,0,0,0,0,0,0.0,0.0016034206306787815,9.782613576892096,4,3,2,0.00694815606627472,0.8594334580438269,0.0,1,3,0,0,0,0,0,0,0,0,0,0,0,0,0,0,0,0,0,0,0,0,0,0,0,0,0,0,0,0,0,0,0,0,0.0,0.0,0.0,0.0,0.0,0.0,0,1.0,3.0,,4,23.0,31.17,,36.0,59.67,,0.0,0.0,,0.0,0.0,,36.15,0.0,0.0,0,0,0,0,0,0,0,0,125,0,98,10,17,0,0,0.784,0.08,0,0,0,374.2,0.0,3900.0,0.0,4897.5,-309.0,0.0,0.0,0.0,0.0,0.0,0.0,0.0,0.0,0.0,0.0,75.0,0.0,0.0,0.0,0.0,-111.5,0.0,0.0,2.36844,10.05798,0.0,0.0,0.0,0.0,0.02004,0.70758,-0.0298,0.11837,0.0,0.0,3975.0,0.0,7322.213,-235.355,0.0,0.0,1.06227,10.17816,1.89387,1.05321,0.0,0.0,0.01122,94.64286,0.98904,2.04203,0.0,-0.01,56.4631,0.0,279.8572,-24.0286,-0.344,0,0,0,0,0,0,0,0,0,0,0,0,0,0,0,0,0,0,0,,,0,0,0,0.0,9151.1,0.0,0.0,75.0,0.0,-288.4,0.0,0.0,0.0,-111.5,9151.1,0.0,0.0,75.0,0.0,-288.4,0.0,0.0,0.0,-111.5,0,0,40,39,1,3,3,0,0,5,0,0,0,0,,0,0,0,0,0,1120,0,0,0,0,0,0,0,0,0,0,28,0,0,0,190,0,0,0,0,0,0,0,0,0,0,0,0,3200,0,0,0,0,0,8637,7.942572652541392,1.0,3.2187102003010306,1.2503597289323807,2.616649299525298,0.27787426189649184,2.106194690265487,0.000787872451493448,0.003309717438865586,0.007761474936601839,-0.023436892112450942,0.7712581819721631,0.8315329111048153,0.07399323283295546,0.02968810060660222,0.30864768785379043,0.12084384315523962,0.025417003692852044,4361.0,,,,,,,,,,,,,,,,,,,,,,,,,
100,25_5_2_5_2_1,25_5_2_5_2_1_StartGoalLocations_Seed1015.csv,60,6378.088856339455,60,1.0,0,0,0,0,0,0,0,56,0,56,0.0,0.16026536312849163,6.152558548464413,3,3,2,0.051675977653631286,0.6239525139664804,0.0,1,3,0,0,0,0,56,156,154,2,3,13,13,0,13,2,3,10,2,2,2,0,1,0,0,0,0,0,0,0,0,0,0,0,2.0,4.0,0.0,-9.6,-160.5,0.0,3,,3.0,,3,,6.33,,,11.33,,,0.0,,,3.7,,6.55,0.0,1.2,0,0,0,0,0,0,0,0,191,0,118,8,65,0,9,0.6178,0.0419,0,0,0,286.4,0.0,6000.0,0.0,2493.724,-1241.224,0.0,0.0,0.0,0.0,1.398,-235.709,0.0,-977.0,0.0,0.0,75.0,0.0,0.0,0.0,0.0,-24.5,0.0,0.0,2.6323,14.31717,-0.08181,0.2359,-0.34113,0.2328,0.02619,0.8087,-0.00855,0.06484,0.0,-373.865,6075.0,0.0,2854.739,-1057.643,-0.13054,0.37645,2.12116,14.34059,0.62748,1.30567,0.11348,1.15035,0.022,96.42857,0.97905,1.39529,0.0,-10.2305,86.2926,0.0,142.4985,-72.3271,-18.304,19,3,0,68,105,110,60,345,17,199,129,0,67,167,111,0,58,0,1,0.04927536231884058,0.19420289855072465,345,148,54,-22.946,8690.21,1.398,0.0,75.0,0.0,-1151.31,-235.709,-977.0,0.0,-24.5,8690.21,1.398,0.0,75.0,0.0,-1151.31,-235.709,-977.0,0.0,-24.5,0,87,60,60,0,3,3,0,76,5,0,0,0,0,,0,0,0,0,0,988,68,68,138,138,948,348,58,58,12,0,962,62,0,0,893,2,1,2,4,4,0,0,21,16,2,27,1,305,0,17,0,0,0,7308,68.7055281882868,2.4608643696474806,25.0,1.230268216446719,17.1455938697318,3.6672140120415984,2.8467677573822825,0.0008510443755955274,0.003271961900469685,0.007567638207061088,-0.023732774412101098,0.7835468432681281,0.8111636216341243,0.07180827387009073,0.040466083424837,0.32195559972973037,0.13033061811212265,0.02745688317045301,4174.0,,,,,,,,,,,,,,,,,,,,,,,,,
101,50_20_5_10_5_2,50_20_5_10_5_2_StartGoalLocations_Seed1013.csv,60,10846.699849486351,60,1.0,0,0,0,0,0,0,0,2,0,2,0.0,0.001665741254858412,9.688645197112715,0,0,0,0.004441976679622432,0.8975569128262076,0.0,0,0,0,0,0,0,2,2,2,0,2,0,0,0,0,0,0,0,0,0,0,0,0,0,0,0,0,0,0,0,0,0,0,0,0.0,0.0,0.0,0.0,0.0,0.0,0,,,,0,,,,,,,,,,,,,26.05,0.0,0.0,0,0,0,0,0,0,0,0,123,0,120,2,1,0,0,0.9756,0.0163,0,0,0,360.2,0.0,6000.0,0.0,4876.5,-277.5,0.0,0.0,0.0,0.0,0.0,0.0,0.0,-59.5,0.0,0.0,0.0,0.0,0.0,0.0,0.0,-53.0,0.0,0.0,3.04253,12.65156,0.0,0.0,-0.01652,0.08937,0.0,0.0,-0.01471,0.0845,0.0,-1.0,6000.0,0.0,6476.585,-203.44,-0.00028,0.01178,1.66574,12.79842,1.74157,0.84386,0.00056,0.5,0.01666,100.0,0.98334,1.88595,0.0,-0.0292,85.2273,0.0,278.6572,-18.8857,0.0,0,0,0,0,0,0,4,4,0,4,0,0,0,4,0,0,0,0,0,0.0,0.0,4,0,0,0.0,11218.2,0.0,0.0,0.0,0.0,-259.0,0.0,-59.5,0.0,-53.0,11218.2,0.0,0.0,0.0,0.0,-259.0,0.0,-59.5,0.0,-53.0,0,0,60,60,0,0,0,0,1,5,0,0,0,0,,0,0,0,0,0,508,0,0,6,6,72,0,0,0,0,0,68,0,0,0,507,0,0,0,0,0,0,0,0,0,0,0,0,3200,0,0,0,0,0,7105,10.710767065446868,1.0,1.0978184377199156,0.7679487261443566,0.5489092188599578,0.0,4.051282051282051,0.0009104043666719538,0.003254625431122625,0.007985486080650035,-0.02411926672683926,0.7888388525782608,0.8223735619717696,0.07159666338656831,0.0301669646369836,0.32315290440262884,0.15684454756380511,0.027093105373679215,2155.0,,,,,,,,,,,,,,,,,,,,,,,,,
102,50_20_5_10_5_2,50_20_5_10_5_2_StartGoalLocations_Seed1015.csv,40,7232.14252614975,40,1.0,0,0,0,0,0,0,0,38,0,38,0.0,0.027472527472527472,9.242804679896805,0,0,0,0.006868131868131868,0.8317307692307693,0.0,0,0,0,0,0,0,38,38,38,0,2,13,13,0,0,2,2,12,1,1,1,0,0,0,0,0,0,0,0,0,0,0,0,0,1.0,0.0,0.0,-4.8,0.0,0.0,1,,,,0,,,,,,,,,,,,,28.0,0.0,0.1,0,0,0,0,0,0,0,0,92,0,80,10,2,0,2,0.8696,0.1087,0,0,0,291.2,0.0,4000.0,0.0,3638.246,-338.246,7.0,0.0,0.0,0.0,0.28,-41.837,0.0,-230.5,0.0,0.0,0.0,0.0,0.0,0.0,0.0,-94.0,0.0,0.0,2.60927,11.53766,-0.01427,0.09366,-0.07916,0.18252,0.0,0.0,-0.03228,0.12287,0.0,-75.981,4000.0,0.0,5151.536,-166.307,-0.02609,0.16359,1.37363,11.63941,1.71196,0.9594,0.0261,0.99976,0.01374,100.0,0.98626,1.85162,0.0,-1.3098,56.8182,0.0,208.2998,-24.6998,-2.125,0,0,0,4,25,37,9,76,4,36,36,0,4,35,37,0,1,0,0,0.05263157894736842,0.05263157894736842,76,22,8,-3.576,7912.274,0.28,0.0,0.0,0.0,-314.074,-41.837,-230.5,0.0,-94.0,7912.274,0.28,0.0,0.0,0.0,-314.074,-41.837,-230.5,0.0,-94.0,0,18,40,40,0,0,0,0,20,5,0,0,0,0,,0,0,0,0,0,948,56,56,4,4,300,72,20,20,0,0,162,0,0,0,401,0,0,0,0,0,0,0,0,0,0,0,0,3200,0,0,0,0,0,5739,18.940581982923856,1.0220791168353265,8.747168496253703,0.9816733189075592,5.070569785676947,0.9060811988151246,3.288659793814433,0.0008784261786893825,0.0032521837247527726,0.0077845757976488725,-0.024105433429658162,0.798080955376605,0.8169405511914426,0.07475302327534318,0.02650274597069068,0.31024003682684664,0.12947658402203857,0.026325208976212124,3993.0,,,,,,,,,,,,,,,,,,,,,,,,,
103,25_5_2_5_2_1,25_5_2_5_2_1_StartGoalLocations_Seed1010.csv,25,2055.0665637925267,21,0.84,4,0,4,4,0,0,0,98,0,94,0.0,0.21494949494949495,5.547594513555969,10,9,5,0.11626968106580542,0.6011303996770286,0.0,2,8,2,0,0,0,92,146,128,18,3,13,12,1,13,3,5,9,4,5,4,0,0,0,0,0,0,0,0,0,0,0,0,0,4.0,3.0,0.0,-23.999999999999996,-54.6,0.0,4,1.0,9.0,,10,8.0,10.83,,14.0,19.43,,0.0,0.6,,1.0,17.7,,10.17,0.3,1.9,0,6,0,2,0,0,0,2,126,0,80,8,38,0,9,0.6349,0.0635,0,0,0,247.7,0.0,2100.0,0.0,2111.167,-1002.643,17.5,0.0,0.0,-400.0,5.216,-163.373,0.0,-690.5,0.0,-328.0,225.0,0.0,0.0,0.0,0.0,-67.0,0.0,0.0,1.40239,9.21706,-0.22534,2.82668,-0.41118,1.01472,0.09084,1.50421,-0.02705,0.11311,0.0,-798.935,2325.0,0.0,2760.074,-718.967,-0.32254,2.95133,0.93864,9.28277,0.82402,1.29464,0.14857,2.17102,0.01211,77.5,0.99112,1.41712,0.0,-20.1919,33.0256,0.0,121.6381,-61.1225,-25.981,66,29,40,134,31,108,89,362,6,182,174,0,134,122,106,0,131,6,21,0.016574585635359115,0.3701657458563536,362,153,55,-11.222,4403.54,3.2,0.0,225.0,0.0,-929.816,-561.357,-1018.5,0.0,-67.0,4403.54,3.2,0.0,225.0,0.0,-929.816,-561.357,-1018.5,0.0,-67.0,0,49,25,21,4,9,5,0,152,5,0,0,0,0,,0,0,4,2,2,1036,105,105,59,59,910,196,341,341,36,0,1540,108,0,0,608,0,0,0,3,1,2,0,16,128,3,30,0,305,0,40,2,0,10,7225,68.94117647058823,3.048183095763903,31.335640138408305,1.930841461337392,22.131487889273355,6.615916955017301,2.4021263289555974,0.0009611548618476997,0.003157360668017252,0.00780500056452215,-0.024214563121781846,0.8002016484507263,0.8086407799057979,0.07110245438098448,0.020596500850214288,0.2974900735009994,0.13988095238095238,0.027108640758162522,4368.0,,,,,,,,,,,,,,,,,,,,,,,,,
104,50_20_5_10_5_2,50_20_5_10_5_2_StartGoalLocations_Seed1016.csv,25,5333.938708871603,24,0.96,0,0,0,0,0,0,0,43,0,43,0.0,0.05141579731743666,9.478480749798248,6,3,5,0.010059612518628911,0.8360655737704918,0.0,1,2,1,0,0,0,43,43,43,0,2,0,0,0,0,0,0,0,0,0,0,0,0,0,0,0,0,0,0,0,0,0,0,0,0.0,0.0,0.0,0.0,0.0,0.0,0,3.0,3.0,,6,7.5,18.33,,37.0,55.67,,0.0,0.0,,0.0,0.0,,27.03,0.0,0.7,0,0,0,0,0,0,0,0,162,0,118,9,35,0,0,0.7284,0.0556,0,0,0,268.4,0.0,2400.0,0.0,3372.725,-275.225,0.0,0.0,0.0,0.0,0.0,-47.461,0.0,-386.5,0.0,0.0,75.0,0.0,0.0,0.0,0.0,-73.0,0.0,0.0,2.14825,9.34006,-0.01768,0.10969,-0.144,0.22642,0.02794,0.83535,-0.0272,0.1134,0.0,-87.818,2475.0,0.0,4902.876,-218.751,-0.03272,0.18773,0.92213,9.44812,1.7452,1.04825,0.03204,1.02114,0.01006,91.66667,0.98994,1.9276,0.0,-1.3018,35.1562,0.0,192.7272,-19.8986,-1.651,4,1,0,10,43,17,16,86,9,60,17,0,10,59,17,0,1,0,0,0.10465116279069768,0.11627906976744186,86,22,4,-2.643,6020.525,0.0,0.0,75.0,0.0,-254.625,-47.461,-386.5,0.0,-73.0,6020.525,0.0,0.0,75.0,0.0,-254.625,-47.461,-386.5,0.0,-73.0,0,29,25,24,1,3,2,0,14,5,0,0,0,0,,0,0,0,0,0,1708,0,0,12,12,176,116,44,44,12,0,196,0,0,0,166,0,0,0,0,0,0,0,0,0,0,2,0,3200,0,2,0,0,0,8328,15.009606147934678,1.0,6.988472622478386,1.1323453759249698,4.562920268972142,1.8731988472622478,2.3710526315789475,0.0009145336424439709,0.003116744043975109,0.00771517012665262,-0.024338323561871638,0.7989972134663852,0.8119214112222614,0.07265065401024785,0.008381226326314955,0.305531815260957,0.15096449538719597,0.026947824998691878,7154.0,,,,,,,,,,,,,,,,,,,,,,,,,
105,50_20_5_10_5_2,50_20_5_10_5_2_StartGoalLocations_Seed1004.csv,60,8658.707041501999,59,0.9833333333333333,0,1,0,0,0,1,0,119,1,119,0.008403361344537815,0.07150595882990249,9.032652813590103,1,0,0,0.038461538461538464,0.8778439869989165,0.0,0,0,0,1,2,0,118,119,119,0,2,3,3,0,3,2,1,3,0,0,0,0,0,0,0,0,0,0,0,0,0,0,0,0,0.0,1.0,1.0,0.0,-16.8,-100.0,0,1.0,,,1,1.71,,,48.0,,,0.0,,,27.0,,,23.83,0.0,2.5,0,2,0,1,0,0,0,1,170,0,133,4,33,0,5,0.7824,0.0235,0,0,0,369.2,0.0,5900.0,0.0,4645.35,-370.995,59.5,0.0,0.0,0.0,1.68,-167.528,0.0,-1611.5,0.0,-88.0,0.0,0.0,0.0,0.0,0.0,-79.0,0.0,0.0,2.8719,12.41927,-0.04492,0.1776,-0.46032,0.31889,0.0,0.0,-0.0214,0.1012,0.0,-294.117,5900.0,0.0,6212.71,-314.706,-0.07966,0.31514,1.59805,12.53998,1.59751,0.99869,0.06446,1.23578,0.01598,100.0,0.98402,1.7967,0.0,-7.0264,83.8068,0.0,268.8486,-25.714,-5.204,72,36,47,155,38,18,29,240,42,171,27,0,154,68,18,0,113,0,4,0.175,0.6416666666666667,240,64,10,1.269,10948.45,1.68,0.0,0.0,0.0,-345.395,-167.528,-1699.5,0.0,-79.0,10948.45,1.68,0.0,0.0,0.0,-345.395,-167.528,-1699.5,0.0,-79.0,0,42,60,59,1,0,0,0,77,5,1,0,1,0,1.0,0,2,1,0,0,640,12,12,288,288,212,168,6,6,0,0,84,4,0,0,348,0,0,0,1,1,0,0,55,2,1,75,0,3200,0,16,0,0,0,7278,15.594943665842264,1.051101321585903,4.286892003297609,0.9637820631002959,2.5419071173399286,0.3022808463863699,3.0594594594594593,0.0009588468157971875,0.003066460255649872,0.008025280162109993,-0.024114552239188923,0.8126204531639815,0.7992453029379248,0.07204126899596304,-5.8418497792445125e-05,0.31854505821351886,0.11705202312138728,0.027994886015089253,2768.0,,,,,,,,,,,,,,,,,,,,,,,,,
106,50_20_5_10_5_2,50_20_5_10_5_2_StartGoalLocations_Seed1015.csv,60,10030.10788795352,60,1.0,0,0,0,0,0,0,0,2,0,2,0.0,0.0030075187969924814,9.600530524002878,0,0,0,0.002706766917293233,0.8532330827067669,0.0,0,0,0,0,0,0,2,2,2,0,2,0,0,0,0,0,0,0,0,0,0,0,0,0,0,0,0,0,0,0,0,0,0,0,0.0,0.0,0.0,0.0,0.0,0.0,0,,,,0,,,,,,,,,,,,,21.58,0.0,0.0,0,0,0,0,0,0,0,0,170,0,137,3,30,0,0,0.8059,0.0176,0,0,0,332.5,0.0,6000.0,0.0,4263.168,-468.168,0.0,0.0,0.0,0.0,0.0,-3.392,0.0,-40.5,0.0,0.0,0.0,0.0,0.0,0.0,0.0,-53.5,0.0,0.0,3.04586,13.18735,-0.00102,0.02783,-0.01218,0.07708,0.0,0.0,-0.01609,0.08824,0.0,-4.56,6000.0,0.0,5496.96,-340.784,-0.00137,0.0399,1.80451,13.31146,1.55073,0.99833,0.0012,1.14,0.01805,100.0,0.98195,1.78798,0.0,-0.0688,85.2273,0.0,243.6096,-29.8096,-0.36,0,0,0,0,1,1,2,4,0,3,1,0,0,3,1,0,0,0,0,0.0,0.0,4,4,2,-0.832,10564.368,0.0,0.0,0.0,0.0,-436.868,-3.392,-40.5,0.0,-53.5,10564.368,0.0,0.0,0.0,0.0,-436.868,-3.392,-40.5,0.0,-53.5,0,2,60,60,0,0,0,0,0,5,0,0,0,0,,0,0,0,0,0,708,0,0,0,0,68,8,0,0,0,0,38,0,0,0,355,0,0,0,0,0,0,0,0,0,0,0,0,3200,0,0,0,0,0,6491,8.827607456478201,1.0,1.2016638422431059,0.46538462231938654,0.6470497612078262,0.0,4.666666666666667,0.0007271079533389936,0.003122707284292427,0.008146883283168246,-0.023656361699525248,0.811952811176494,0.799568680551766,0.07364108055661626,0.0010580716386311135,0.2912229145951836,0.15032456440040998,0.02796671604406056,2927.0,,,,,,,,,,,,,,,,,,,,,,,,,
107,25_5_2_5_2_1,25_5_2_5_2_1_StartGoalLocations_Seed1001.csv,60,2407.7622467577457,59,0.9833333333333333,8,0,8,8,0,0,0,136,0,128,0.0,0.21068840579710144,5.513834894471802,2,2,2,0.23324882289025714,0.6271278522274538,30.5,0,0,0,0,0,8,133,396,373,23,3,43,42,1,43,3,15,21,22,27,22,0,1,0,1,0,0,0,0,0,0,0,0,0,22.0,14.0,0.0,-142.80000000000007,-371.99999999999983,0.0,22,,2.0,1.0,3,,4.5,30.5,,7.0,32.0,,0.0,0.0,,18.5,0.0,9.08,0.2,4.3,0,14,0,8,0,0,0,6,191,0,118,8,65,0,29,0.6178,0.0419,0,0,0,552.2,0.0,5900.0,0.0,3882.295,-2371.554,21.0,0.0,0.0,-800.0,6.661,-557.34,0.0,-1846.0,0.0,-1768.0,50.0,0.0,0.0,0.0,0.0,-316.5,0.0,-345.0,1.44584,10.329,-0.2446,2.69258,-0.65447,1.51664,0.00905,0.47569,-0.11979,0.75017,0.0,-1904.4,5950.0,0.0,4954.748,-2114.651,-0.34488,2.79726,1.07751,10.29129,0.51432,1.46036,0.16117,2.13978,0.01105,97.54098,0.98895,1.29452,0.0,-53.4215,84.517,0.0,221.5121,-171.784,-70.556,77,10,16,221,130,285,237,876,62,482,332,0,221,370,285,0,220,4,51,0.07077625570776255,0.2522831050228311,876,396,105,-21.279,10180.178,5.983,0.0,50.0,0.0,-2196.236,-1356.662,-3614.0,0.0,-661.5,10180.178,5.983,0.0,50.0,0.0,-2196.236,-1356.662,-3614.0,0.0,-661.5,0,183,60,59,1,2,2,0,269,5,0,0,0,0,,0,0,8,2,3,3200,456,456,310,310,2114,732,195,195,16,0,2713,132,0,0,1178,10,1,5,14,12,1,0,97,116,9,107,4,305,0,141,2,0,10,13045,72.67152165580683,3.7612869198312238,35.75316213108471,1.4624315283627058,24.530471444998085,3.311613645074741,3.1346875,0.0009699268657300308,0.0030101104073401077,0.00800629030505661,-0.02450643332558684,0.8233739613741636,0.7738972048833966,0.07795827272348106,-0.005120186244603246,0.3077438493246452,0.14827539746699003,0.030547477945470424,14844.0,,,,,,,,,,,,,,,,,,,,,,,,,
108,25_5_2_5_2_1,25_5_2_5_2_1_StartGoalLocations_Seed1001.csv,25,2991.3539775013924,25,1.0,0,0,0,0,0,0,0,42,0,42,0.0,0.09821428571428571,6.678193096931164,1,1,0,0.030906593406593408,0.6737637362637363,0.0,0,0,0,0,0,0,42,53,53,0,2,7,7,0,7,2,3,3,4,4,4,0,0,0,0,0,0,0,0,0,0,0,0,0,4.0,0.0,0.0,-19.2,0.0,0.0,4,,1.0,,1,,4.0,,,12.0,,,0.0,,,0.0,,11.04,0.0,1.0,0,0,0,0,0,0,0,0,77,0,51,7,19,0,2,0.6623,0.0909,0,0,0,145.6,0.0,2500.0,0.0,1395.035,-589.535,0.0,0.0,0.0,0.0,0.8,-67.546,0.0,-403.5,0.0,0.0,25.0,0.0,0.0,0.0,0.0,-14.5,0.0,0.0,2.37026,12.98303,-0.04584,0.17499,-0.27713,0.24852,0.01717,0.65495,-0.00996,0.06986,0.0,-112.34,2525.0,0.0,1631.323,-491.719,-0.07716,0.28956,1.7342,13.00481,0.78269,1.31087,0.06868,1.1234,0.01786,97.11538,0.98283,1.48361,0.0,-2.1966,35.8665,0.0,79.7163,-34.5163,-6.144,5,1,0,21,20,30,34,106,3,75,28,0,19,57,30,0,21,0,1,0.02830188679245283,0.1792452830188679,106,46,12,-4.406,3999.668,0.8,0.0,25.0,0.0,-548.569,-67.546,-403.5,0.0,-14.5,3999.668,0.8,0.0,25.0,0.0,-548.569,-67.546,-403.5,0.0,-14.5,0,28,25,25,0,1,1,0,22,5,0,0,0,0,,0,0,0,0,0,492,48,48,36,36,334,112,10,10,0,0,266,0,0,0,465,1,0,0,0,0,0,0,13,0,0,10,0,305,0,6,0,0,0,2999,67.55585195065022,1.8356367226061205,19.73991330443481,1.3185177556871488,11.470490163387796,2.0006668889629875,2.86046511627907,0.0008467203960895947,0.0030299902276506997,0.007748687291532997,-0.0241801502955396,0.8244935782944284,0.7734985717428409,0.08610831591777685,-0.0384375580086759,0.29918760196204336,0.11912832929782083,0.02833290077419482,2065.0,,,,,,,,,,,,,,,,,,,,,,,,,
109,25_5_2_5_2_1,25_5_2_5_2_1_StartGoalLocations_Seed1010.csv,40,4466.20956620574,38,0.95,0,0,0,0,0,0,0,37,0,37,0.0,0.06716072255673923,6.936227003820741,4,3,2,0.04075961093098657,0.6016674386289949,0.0,1,3,0,0,0,0,29,35,35,0,2,2,2,0,2,2,1,2,0,0,0,0,0,0,0,0,0,0,0,0,0,0,0,0,0.0,1.0,0.0,0.0,-18.9,0.0,0,1.0,3.0,,4,0.5,10.17,,11.5,17.33,,0.0,0.0,,1.0,0.0,,7.5,0.0,0.6,0,0,0,0,0,0,0,0,154,0,98,9,47,0,7,0.6364,0.0584,0,0,0,215.9,0.0,3800.0,0.0,1968.035,-1024.535,0.0,0.0,0.0,0.0,0.8,-49.99,0.0,-492.5,0.0,0.0,75.0,0.0,0.0,0.0,0.0,-26.5,0.0,0.0,2.29708,13.16199,-0.02278,0.12855,-0.22811,0.24904,0.03474,0.93126,-0.01227,0.07737,0.0,-89.611,3875.0,0.0,2268.132,-874.944,-0.04151,0.21218,1.79481,13.1778,0.64529,1.37745,0.04169,0.99568,0.01899,94.5122,0.98055,1.48468,0.0,-2.0451,55.0426,0.0,112.4591,-60.0591,-6.246,4,1,0,20,7,27,42,96,8,52,36,0,19,50,27,0,11,0,2,0.08333333333333333,0.19791666666666666,96,28,16,-4.579,5913.935,0.8,0.0,75.0,0.0,-954.535,-49.99,-492.5,0.0,-26.5,5913.935,0.8,0.0,75.0,0.0,-954.535,-49.99,-492.5,0.0,-26.5,0,17,40,38,2,3,2,0,28,5,0,0,0,0,,0,0,0,0,0,844,8,8,6,6,328,68,54,54,8,0,530,50,0,0,622,1,0,0,1,1,0,0,3,8,1,2,0,305,0,6,0,0,0,5172,63.12838360402166,1.9914241960183767,16.68600154679041,1.2521437027363207,10.769528228924981,2.822892498066512,2.741472172351885,0.0009047971885437968,0.0030106849327321515,0.008155815883747069,-0.024009578477291134,0.8248000387896859,0.7759840955948942,0.0780893762317879,-0.03130111173324958,0.30616927885630557,0.11826432217810551,0.028287879554429535,3526.0,,,,,,,,,,,,,,,,,,,,,,,,,
110,25_5_2_5_2_1,25_5_2_5_2_1_StartGoalLocations_Seed1014.csv,60,6500.693925380707,60,1.0,0,0,0,0,0,0,0,53,0,53,0.0,0.14138375590889557,6.012987280908859,0,0,0,0.02922217447357112,0.6716802750322304,0.0,0,0,0,0,0,0,47,76,69,7,3,12,12,0,12,2,2,10,2,2,2,0,0,0,0,0,0,0,0,0,0,0,0,0,2.0,1.0,0.0,-9.6,-16.8,0.0,2,,,,0,,,,,,,,,,,,,7.72,0.0,0.7,0,0,0,0,0,0,0,0,127,0,112,2,13,0,5,0.8819,0.0157,0,0,0,232.7,0.0,6000.0,0.0,2169.144,-867.89,0.0,0.0,0.0,0.0,1.16,-125.42,0.0,-873.5,0.0,0.0,0.0,0.0,0.0,0.0,0.0,-35.5,0.0,0.0,3.23763,15.80823,-0.0534,0.19113,-0.37538,0.21629,0.0,0.0,-0.01526,0.08599,0.0,-213.797,6000.0,0.0,2520.156,-719.894,-0.09188,0.3163,2.57843,15.84911,0.77364,1.26788,0.08294,1.10775,0.02578,100.0,0.97422,1.42922,0.0,-3.9953,85.2273,0.0,123.9511,-51.6223,-14.139,10,2,0,31,45,77,46,202,9,105,88,0,28,93,81,0,22,0,1,0.04455445544554455,0.13861386138613863,202,58,24,-6.964,8338.545,1.16,0.0,0.0,0.0,-804.59,-125.42,-873.5,0.0,-35.5,8338.545,1.16,0.0,0.0,0.0,-804.59,-125.42,-873.5,0.0,-35.5,0,49,60,60,0,0,0,0,51,5,0,0,0,0,,0,0,0,0,0,436,56,56,50,50,640,196,24,24,0,0,956,84,0,0,650,5,2,0,1,1,0,0,9,7,1,13,0,305,0,19,0,0,0,4969,77.90299859126584,2.879359338672178,22.03662708794526,1.2891324390559435,13.282350573556048,0.8049909438518816,2.868181818181818,0.0009492691149032641,0.002892380128529162,0.00792219204435108,-0.024283584053499983,0.8272489451487129,0.7708000805946665,0.07023677038490225,-0.0127988973111256,0.2986267793674191,0.1355291576673866,0.028207227020956602,1852.0,,,,,,,,,,,,,,,,,,,,,,,,,
111,50_20_5_10_5_2,50_20_5_10_5_2_StartGoalLocations_Seed1016.csv,60,11004.299820512533,60,1.0,0,0,0,0,0,0,0,1,0,1,0.0,0.005579507988840984,9.490109060671074,3,3,3,0.007862033984275933,0.859751458280497,0.0,1,3,0,0,0,0,1,1,1,0,2,0,0,0,0,0,0,0,0,0,0,0,0,0,0,0,0,0,0,0,0,0,0,0,0.0,0.0,0.0,0.0,0.0,0.0,0,,3.0,,3,,12.17,,,39.0,,,0.0,,,0.0,,24.18,0.0,0.0,0,0,0,0,0,0,0,0,139,0,123,11,5,0,0,0.8849,0.0791,0,0,0,394.3,0.0,6000.0,0.0,5151.15,-570.15,0.0,0.0,0.0,0.0,0.0,0.0,0.0,-15.0,0.0,0.0,75.0,0.0,0.0,0.0,0.0,-31.0,0.0,0.0,2.78349,12.13022,0.0,0.0,-0.0038,0.04345,0.01902,0.68932,-0.00786,0.0622,0.0,-1.0,6075.0,0.0,6946.528,-405.678,-0.00025,0.01126,1.54071,12.25847,1.65885,1.03755,0.00051,0.5,0.01598,96.42857,0.98402,1.8949,0.0,-0.0492,86.2926,0.0,294.3515,-34.3514,-0.688,0,0,0,0,0,0,2,2,0,2,0,0,0,2,0,0,0,0,0,0.0,0.0,2,0,0,0.0,11507.35,0.0,0.0,75.0,0.0,-532.05,0.0,-15.0,0.0,-31.0,11507.35,0.0,0.0,75.0,0.0,-532.05,0.0,-15.0,0.0,-31.0,0,0,60,60,0,3,3,0,1,5,0,0,0,0,,0,0,0,0,0,892,0,0,0,0,56,0,4,4,0,0,254,0,0,0,626,0,0,0,0,0,0,0,0,0,0,0,0,3200,0,0,0,0,0,8748,19.79881115683585,1.2528868360277137,5.1440329218107,0.9578889030052556,4.0009144947416555,0.18289894833104708,3.777142857142857,0.0009171526425287353,0.0029677209948636425,0.007831186170986281,-0.02425132434597999,0.8181537598237864,0.7880928039283496,0.07314538001813696,-0.016087778446143453,0.2974229425393246,0.13378378378378378,0.026810197723208348,3700.0,,,,,,,,,,,,,,,,,,,,,,,,,
112,25_5_2_5_2_1,25_5_2_5_2_1_StartGoalLocations_Seed1016.csv,60,3790.0002025067806,59,0.9833333333333333,6,0,6,6,0,0,0,194,0,188,0.0,0.3347444814030844,4.82445597895997,2,1,0,0.15749697702539298,0.5701330108827086,0.0,0,0,0,0,0,0,172,387,311,76,3,28,27,1,23,3,7,19,9,9,9,0,0,0,0,0,0,0,0,0,0,0,0,0,9.0,4.0,0.0,-48.599999999999994,-103.5,0.0,9,1.0,1.0,,2,9.33,2.03,,20.0,3.0,,0.0,0.0,,55.0,45.0,,6.95,0.1,4.1,0,11,0,9,0,0,0,5,142,0,112,1,29,0,24,0.7887,0.007,0,0,0,330.8,0.0,5900.0,0.0,2282.462,-1119.635,63.0,0.0,0.0,-600.0,5.217,-637.843,0.0,-1507.5,0.0,-792.0,25.0,0.0,0.0,0.0,0.0,-159.5,0.0,0.0,2.25412,13.23844,-0.37262,3.00863,-0.69513,1.28841,0.00756,0.4346,-0.04822,0.14759,0.0,-1778.66,5925.0,0.0,2759.912,-996.478,-0.53768,3.1337,1.79111,13.24146,0.53308,1.20232,0.28053,1.91666,0.01814,98.75,0.98156,1.15688,0.0,-37.1342,84.1619,0.0,134.0264,-73.0935,-54.604,100,20,27,307,147,251,214,922,143,443,336,0,304,365,253,0,223,3,70,0.15509761388286333,0.3297180043383948,918,453,102,-16.966,8487.751,4.126,0.0,25.0,0.0,-1031.124,-1236.752,-2299.5,0.0,-159.5,8487.751,4.126,0.0,25.0,0.0,-1031.124,-1236.752,-2299.5,0.0,-159.5,0,237,60,59,1,1,1,0,288,5,0,0,0,0,,0,0,6,1,2,1392,200,200,665,665,2119,944,126,126,17,0,1420,179,0,0,642,1,0,3,4,3,1,0,104,28,1,102,1,305,0,29,1,0,5,7069,73.92841986136654,3.4177190968235744,43.47149526099873,1.6399731738626195,29.424246710991653,5.757532890083463,2.733653846153846,0.0009141711876122565,0.002869129785398107,0.0076840704189206676,-0.024432064355190457,0.8283961935975086,0.7828783375778418,0.07198598806414454,0.006004424891488135,0.29716749640142015,0.14982403217697335,0.0281976762860903,5967.0,,,,,,,,,,,,,,,,,,,,,,,,,
113,50_20_5_10_5_2,50_20_5_10_5_2_StartGoalLocations_Seed1009.csv,25,5204.4999458789825,25,1.0,0,0,0,0,0,0,0,0,0,0,0.0,0.0,9.98407960199005,1,1,1,0.0014925373134328358,0.8761194029850746,0.0,0,0,0,0,0,0,0,0,0,0,0,0,0,0,0,0,0,0,0,0,0,0,0,0,0,0,0,0,0,0,0,0,0,0,0.0,0.0,0.0,0.0,0.0,0.0,0,,1.0,,1,,10.0,,,43.0,,,0.0,,,0.0,,32.1,0.0,0.0,0,0,0,0,0,0,0,0,56,0,51,4,1,0,0,0.9107,0.0714,0,0,0,201.0,0.0,2500.0,0.0,2683.5,-162.0,0.0,0.0,0.0,0.0,0.0,0.0,0.0,0.0,0.0,0.0,25.0,0.0,0.0,0.0,0.0,-43.0,0.0,0.0,2.59826,10.96633,0.0,0.0,0.0,0.0,0.01244,0.55749,-0.02139,0.10119,0.0,0.0,2525.0,0.0,3812.73,-86.845,0.0,0.0,1.25622,11.09554,1.85367,0.86172,0.0,0.0,0.01294,97.11538,0.98756,1.96452,0.0,0.0,35.8665,0.0,153.3429,-11.7143,0.0,0,0,0,0,0,0,0,0,0,0,0,0,0,0,0,0,0,0,0,,,0,0,0,0.0,5373.7,0.0,0.0,25.0,0.0,-151.2,0.0,0.0,0.0,-43.0,5373.7,0.0,0.0,25.0,0.0,-151.2,0.0,0.0,0.0,-43.0,0,0,25,25,0,1,1,0,0,5,0,0,0,0,,0,0,0,0,0,820,0,0,0,0,0,0,0,0,0,0,0,0,0,0,30,0,0,0,0,0,0,0,0,0,0,0,0,3200,0,0,0,0,0,4243,1.6026396417629036,1.0,0.47136460051850104,2.2200000286102295,0.42422814046665097,0.047136460051850106,3.0,0.0010677908703123316,0.0029475642317088276,0.008078660373008105,-0.025205455120743774,0.8341028254206587,0.7846029365934977,0.0778851758779549,-0.0024353384324235887,0.3180027845151284,0.14018691588785046,0.02904133966307334,3638.0,,,,,,,,,,,,,,,,,,,,,,,,,
114,50_20_5_10_5_2,50_20_5_10_5_2_StartGoalLocations_Seed1019.csv,40,7877.099944204092,40,1.0,0,0,0,0,0,0,0,2,0,2,0.0,0.0,9.886161508360015,3,2,3,0.0035574528637495554,0.895766631092138,0.0,0,0,0,0,0,0,2,3,3,0,2,0,0,0,0,0,0,0,0,0,0,0,0,0,0,0,0,0,0,0,0,0,0,0,0.0,0.0,0.0,0.0,0.0,0.0,0,1.0,2.0,,3,0.0,26.75,,19.0,52.5,,0.0,0.0,,0.0,0.0,,26.92,0.0,0.0,0,0,0,0,0,0,0,0,118,0,102,7,9,0,0,0.8644,0.0593,0,0,0,281.1,0.0,4000.0,0.0,3831.0,-217.5,0.0,0.0,0.0,0.0,0.0,0.0,0.0,-34.5,0.0,0.0,50.0,0.0,0.0,0.0,0.0,-33.0,0.0,0.0,2.80847,11.70994,0.0,0.0,-0.01227,0.07737,0.01779,0.66661,-0.01174,0.07571,0.0,-1.0,4050.0,0.0,5185.585,-164.17,-0.00036,0.01333,1.44077,11.86031,1.78634,0.86021,0.00071,0.5,0.01494,96.42857,0.9847,1.93271,0.0,-0.0292,57.5284,0.0,218.9143,-14.3143,0.0,0,0,0,0,0,0,6,6,0,6,0,0,0,6,0,0,0,0,0,0.0,0.0,6,0,0,0.0,8097.6,0.0,0.0,50.0,0.0,-203.0,0.0,-34.5,0.0,-33.0,8097.6,0.0,0.0,50.0,0.0,-203.0,0.0,-34.5,0.0,-33.0,0,0,40,40,0,2,2,0,1,5,0,0,0,0,,0,0,0,0,0,1536,0,0,8,8,124,0,0,0,0,0,24,0,0,0,178,0,0,0,0,0,0,0,0,0,0,0,0,3200,0,0,0,0,0,6713,10.233874571726501,1.0,4.081632653061225,1.1963503781678904,2.8601221510502013,0.35751526888127516,3.5416666666666665,0.0008619028663000942,0.0028469546587075456,0.007797244379617041,-0.024954860792301286,0.8410857346219321,0.7725515972512463,0.07237174798501655,0.006713674225466093,0.3103831883296878,0.14784751413248298,0.02975822622662713,6899.0,,,,,,,,,,,,,,,,,,,,,,,,,
115,25_5_2_5_2_1,25_5_2_5_2_1_StartGoalLocations_Seed1000.csv,60,6473.852145791054,60,1.0,0,0,0,0,0,0,0,50,0,50,0.0,0.1306939123031077,6.156427588277342,4,4,2,0.031077054065559814,0.6436781609195402,0.0,1,4,0,0,0,0,50,110,109,1,3,5,5,0,5,2,2,3,1,1,1,0,1,0,0,0,0,0,0,0,0,0,0,0,1.0,1.0,0.0,-4.8,-16.8,0.0,2,,4.0,,4,,2.84,,,5.25,,,0.0,,,0.0,,6.96,0.0,0.5,0,0,0,0,0,0,0,0,165,0,126,1,38,0,4,0.7636,0.0061,0,0,0,234.9,0.0,6000.0,0.0,2125.049,-943.031,3.5,0.0,0.0,0.0,2.434,-114.999,0.0,-887.5,0.0,0.0,100.0,0.0,0.0,0.0,0.0,-46.5,0.0,0.0,3.15897,15.74753,-0.04792,0.17174,-0.37782,0.21485,0.04257,1.03076,-0.0198,0.0975,0.0,-209.006,6100.0,0.0,2418.891,-818.498,-0.08898,0.29385,2.59685,15.80343,0.68131,1.28996,0.09153,0.97212,0.02725,95.3125,0.97233,1.41742,0.0,-4.0918,86.6477,0.0,121.6314,-56.5446,-11.249,7,2,0,17,76,65,69,227,8,154,65,0,16,146,65,0,12,0,0,0.03524229074889868,0.07048458149779736,227,93,42,-11.06,8296.289,2.434,0.0,100.0,0.0,-875.871,-114.999,-887.5,0.0,-46.5,8296.289,2.434,0.0,100.0,0.0,-875.871,-114.999,-887.5,0.0,-46.5,0,67,60,60,0,4,4,0,42,5,0,0,0,0,,0,0,0,0,0,532,28,28,44,44,684,268,96,96,4,0,620,12,0,0,616,2,1,1,1,1,0,0,8,3,0,8,0,305,0,15,0,0,0,5533,73.721308512561,2.3937239519490072,25.140068678836073,1.3973760097592234,14.838243267666726,3.650822338695102,2.7040194884287456,0.000647728155081837,0.0028023140389416227,0.007762250627033917,-0.024483434099676016,0.8295376919265977,0.7976448130338711,0.08381250478271254,-0.021517260276705474,0.2964404461065858,0.1742957746478873,0.02884316366145304,2272.0,,,,,,,,,,,,,,,,,,,,,,,,,
116,50_20_5_10_5_2,50_20_5_10_5_2_StartGoalLocations_Seed1018.csv,60,11589.465054392815,60,1.0,0,0,0,0,0,0,0,13,0,13,0.0,0.007671480144404332,9.767131928932796,9,8,9,0.011958483754512635,0.8625902527075813,0.0,1,4,0,0,0,0,13,13,13,0,2,0,0,0,0,0,0,0,0,0,0,0,0,0,0,0,0,0,0,0,0,0,0,0,0.0,0.0,0.0,0.0,0.0,0.0,0,1.0,8.0,,9,3.5,18.94,,21.0,43.5,,0.0,0.0,,0.0,0.0,,24.65,0.0,0.3,0,0,0,0,0,0,0,0,232,0,153,24,55,0,0,0.6595,0.1034,0,0,0,443.2,0.0,6000.0,0.0,5838.089,-409.589,0.0,0.0,0.0,0.0,0.8,-17.535,0.0,-381.5,0.0,0.0,200.0,0.0,0.0,0.0,0.0,-84.0,0.0,0.0,2.67863,11.43864,-0.00378,0.05163,-0.08608,0.18876,0.04513,1.06119,-0.01895,0.09548,0.0,-27.601,6200.0,0.0,7954.457,-291.934,-0.00623,0.08482,1.39892,11.59958,1.72891,0.92163,0.00542,1.15004,0.01534,91.17647,0.98556,1.88791,0.0,-0.3645,88.0682,0.0,333.6051,-28.2051,-0.503,3,1,0,15,0,7,4,26,14,5,7,0,15,4,7,0,1,0,0,0.5384615384615384,0.5769230769230769,26,20,6,-1.134,12253.59,0.8,0.0,200.0,0.0,-381.889,-17.535,-381.5,0.0,-84.0,12253.59,0.8,0.0,200.0,0.0,-381.889,-17.535,-381.5,0.0,-84.0,0,9,60,60,0,7,7,0,3,5,0,0,0,0,,0,0,0,0,0,1392,0,0,12,12,60,36,2,2,0,0,0,0,0,0,194,0,0,0,0,0,0,0,2,0,0,0,0,3200,0,1,0,0,0,13274,10.283260509266235,1.0,4.354376977550098,1.324567491955617,3.827030284767214,0.4520114509567576,3.204724409448819,0.0007537572788957428,0.0027923807886498712,0.008013652858388579,-0.023631487116645807,0.8372438347887718,0.7996864006265827,0.08428644807474024,-0.010025672439282396,0.30772581821045975,0.14195744680851063,0.02823055597947398,5875.0,,,,,,,,,,,,,,,,,,,,,,,,,
117,50_20_5_10_5_2,50_20_5_10_5_2_StartGoalLocations_Seed1015.csv,25,5397.0799492150545,25,1.0,0,0,0,0,0,0,0,1,0,1,0.0,0.005847953216374269,9.824855645032887,3,3,2,0.0004873294346978557,0.902046783625731,0.0,1,2,0,0,0,0,1,1,1,0,2,0,0,0,0,0,0,0,0,0,0,0,0,0,0,0,0,0,0,0,0,0,0,0,0.0,0.0,0.0,0.0,0.0,0.0,0,,3.0,,3,,24.0,,,47.67,,,0.0,,,0.0,,28.27,0.0,0.0,0,0,0,0,0,0,0,0,78,0,52,7,19,0,0,0.6667,0.0897,0,0,0,205.2,0.0,2500.0,0.0,2812.5,-168.0,0.0,0.0,0.0,0.0,0.0,-1.12,0.0,-12.0,0.0,0.0,75.0,0.0,0.0,0.0,0.0,-14.5,0.0,0.0,2.60707,10.85002,-0.00055,0.01344,-0.00585,0.05376,0.03655,0.9552,-0.00707,0.05902,0.0,-1.8,2575.0,0.0,4023.267,-108.273,-0.00088,0.02808,1.25487,11.00779,1.90789,0.90895,0.00097,0.9,0.01365,91.96429,0.98684,2.04027,0.0,-0.0517,36.5767,0.0,160.7143,-10.4286,-0.773,0,0,0,0,0,0,2,2,0,2,0,0,0,2,0,0,0,0,0,0.0,0.0,2,2,2,-0.32,5506.4,0.0,0.0,75.0,0.0,-156.7,-1.12,-12.0,0.0,-14.5,5506.4,0.0,0.0,75.0,0.0,-156.7,-1.12,-12.0,0.0,-14.5,0,1,25,25,0,2,2,0,0,5,0,0,0,0,,0,0,0,0,0,1188,0,0,0,0,32,4,0,0,0,0,0,0,0,0,213,0,0,0,0,0,0,0,0,0,0,0,0,3200,0,0,0,0,0,5159,8.586935452607094,1.0,3.7604186857918203,1.3306701226140727,2.6361698003489047,0.42643923240938164,3.338235294117647,0.0010417254370347082,0.0027991537657732564,0.00826853996155288,-0.023309207643673877,0.836417758103573,0.8120881964261283,0.08469121721306634,0.01438750666942485,0.31940775326499676,0.12878787878787878,0.027682307292531374,4884.0,,,,,,,,,,,,,,,,,,,,,,,,,
118,50_20_5_10_5_2,50_20_5_10_5_2_StartGoalLocations_Seed1012.csv,40,9175.171940088272,40,1.0,0,0,0,0,0,0,0,19,0,19,0.0,0.012471131639722863,9.726137185482175,10,8,8,0.006697459584295612,0.8279445727482679,0.0,2,8,1,0,0,0,11,11,11,0,2,1,1,0,1,2,1,1,0,0,0,0,0,0,0,0,0,0,0,0,0,0,0,0,0.0,0.0,0.0,0.0,0.0,0.0,0,2.0,8.0,,10,5.5,23.38,,15.0,58.25,,0.0,0.0,,0.0,0.4,,31.98,0.0,0.2,0,0,0,0,0,0,0,0,175,0,102,38,35,0,0,0.5829,0.2171,0,0,0,433.0,0.0,4000.0,0.0,5479.582,-483.082,0.0,0.0,0.0,0.0,0.0,-27.328,0.0,-292.0,0.0,0.0,200.0,0.0,0.0,0.0,0.0,-135.0,0.0,0.0,2.17771,9.49329,-0.00631,0.06905,-0.06744,0.17079,0.04619,1.07359,-0.03118,0.1209,0.0,-44.949,4200.0,0.0,8086.659,-411.892,-0.01038,0.11231,0.96998,9.62251,1.77246,1.15976,0.00878,1.18286,0.01109,87.5,0.98915,1.98425,0.0,-0.6051,59.6591,0.0,313.119,-35.319,-1.755,1,1,0,6,12,16,4,38,5,16,17,0,6,16,16,0,1,0,0,0.13157894736842105,0.15789473684210525,38,8,2,-1.379,9879.382,0.0,0.0,200.0,0.0,-449.882,-27.328,-292.0,0.0,-135.0,9879.382,0.0,0.0,200.0,0.0,-449.882,-27.328,-292.0,0.0,-135.0,0,8,40,40,0,8,8,0,11,5,0,0,0,0,,0,0,0,0,0,1492,4,4,4,4,60,32,4,4,0,0,128,32,0,0,258,0,0,0,0,0,0,0,0,0,0,4,0,3200,0,3,0,0,0,14197,10.861449602028598,1.0,3.141508769458336,1.665470874463229,2.5075720222582234,0.4507994646756357,3.0280898876404496,0.000762842160141412,0.002729168517550019,0.008223830872082998,-0.02289259124137761,0.8200373112675972,0.8433958596422589,0.07930626846030954,0.010619173352306973,0.3110279754825552,0.1446397188049209,0.0251474340055959,5690.0,,,,,,,,,,,,,,,,,,,,,,,,,
119,25_5_2_5_2_1,25_5_2_5_2_1_StartGoalLocations_Seed1004.csv,25,3250.5031502246857,25,1.0,0,0,0,0,0,0,0,21,0,21,0.0,0.06676669167291822,7.231906957762275,0,0,0,0.04801200300075019,0.6594148537134283,0.0,0,0,0,0,0,0,21,21,21,0,2,3,3,0,2,2,4,0,3,3,3,0,0,0,0,0,0,0,0,0,0,0,0,0,3.0,2.0,0.0,-14.4,-67.2,0.0,3,,,,0,,,,,,,,,,,,,11.8,0.0,0.1,0,0,0,0,0,0,0,0,64,0,55,0,9,0,2,0.8594,0.0,0,0,0,133.3,0.0,2500.0,0.0,1350.804,-503.304,0.0,0.0,0.0,0.0,0.0,-38.797,0.0,-174.5,0.0,0.0,0.0,0.0,0.0,0.0,0.0,-17.0,0.0,0.0,2.61125,13.53894,-0.0291,0.14135,-0.13091,0.21981,0.0,0.0,-0.01275,0.07883,0.0,-53.36,2500.0,0.0,1593.119,-405.128,-0.04003,0.2205,1.87547,13.56575,0.89122,1.29613,0.03301,1.21273,0.01875,100.0,0.98125,1.52771,0.0,-3.0487,35.5114,0.0,77.1888,-29.7317,-0.971,0,0,0,0,12,24,8,44,0,18,26,0,0,20,24,0,0,0,3,0.0,0.0,44,24,20,-7.437,3948.732,0.0,0.0,0.0,0.0,-467.932,-38.797,-174.5,0.0,-17.0,3948.732,0.0,0.0,0.0,0.0,-467.932,-38.797,-174.5,0.0,-17.0,0,12,25,25,0,0,0,0,10,5,0,0,0,0,,0,0,0,0,0,456,32,32,0,0,100,48,4,4,0,0,406,4,0,0,332,0,0,1,2,1,0,0,0,8,1,0,0,305,0,8,0,0,0,2612,66.9218989280245,2.5068649885583523,15.007656967840735,0.985204092569041,7.6186830015313936,0.45941807044410415,3.71356783919598,0.0006664945510413402,0.0027891046024466817,0.008218393693759776,-0.02275692946032474,0.8315407989317911,0.8259071140435704,0.0709974566441879,0.026114036214717647,0.31255058370850974,0.14773980154355015,0.026808562138717348,1814.0,,,,,,,,,,,,,,,,,,,,,,,,,
120,50_20_5_10_5_2,50_20_5_10_5_2_StartGoalLocations_Seed1010.csv,60,10717.29988309741,60,1.0,0,0,0,0,0,0,0,2,0,2,0.0,0.0,9.749398877905424,4,4,4,0.008282126636387924,0.860539674058242,0.0,1,2,0,0,0,0,2,2,2,0,2,0,0,0,0,0,0,0,0,0,0,0,0,0,0,0,0,0,0,0,0,0,0,0,0.0,0.0,0.0,0.0,0.0,0.0,0,,4.0,,4,,18.5,,,45.75,,,0.0,,,0.0,,22.69,0.0,0.0,0,0,0,0,0,0,0,0,137,0,127,6,4,0,0,0.927,0.0438,0,0,0,374.3,0.0,6000.0,0.0,4852.5,-493.5,0.0,0.0,0.0,0.0,0.0,0.0,0.0,-60.0,0.0,0.0,100.0,0.0,0.0,0.0,0.0,-56.0,0.0,0.0,2.86757,12.44115,0.0,0.0,-0.01603,0.08808,0.02672,0.81682,-0.01496,0.08519,0.0,-2.0,6100.0,0.0,6363.48,-337.04,-0.00053,0.01634,1.62971,12.58218,1.61006,0.97053,0.00107,0.5,0.0171,95.3125,0.98263,1.82178,0.0,-0.0583,86.6477,0.0,277.2857,-31.4,0.0,0,0,0,0,0,1,3,4,0,3,1,0,0,3,1,0,0,0,0,0.0,0.0,4,0,0,0.0,11193.9,0.0,0.0,100.0,0.0,-460.6,0.0,-60.0,0.0,-56.0,11193.9,0.0,0.0,100.0,0.0,-460.6,0.0,-60.0,0.0,-56.0,0,0,60,60,0,4,4,0,2,5,0,0,0,0,,0,0,0,0,0,912,0,0,0,0,0,0,8,8,0,0,74,0,0,0,370,0,0,0,0,0,0,0,0,0,0,0,0,3200,0,0,0,0,0,8545,9.689877121123464,1.0,2.4341720304271504,2.127283684766063,2.363955529549444,0.23405500292568754,2.613861386138614,0.0007754063986443757,0.0026029003293890703,0.008157177291107936,-0.023890326404127114,0.8274376261652562,0.8459663338828505,0.08105407452635598,0.020113398468023853,0.3273222524229564,0.12740701661830653,0.027523773458999694,3791.0,,,,,,,,,,,,,,,,,,,,,,,,,
121,25_5_2_5_2_1,25_5_2_5_2_1_StartGoalLocations_Seed1013.csv,40,3759.1685887649655,40,1.0,2,1,2,2,0,1,1,165,1,163,0.006060606060606061,0.21829025844930416,5.963867169523808,4,4,4,0.15109343936381708,0.6377733598409543,0.0,1,3,0,1,2,5,156,202,202,0,2,5,5,0,5,2,2,3,2,2,2,0,0,0,0,0,0,0,0,0,0,0,0,0,2.0,2.0,1.0,-9.6,-76.80000000000001,-100.0,2,,4.0,,4,,6.19,,,13.25,,,0.0,,,10.0,,8.62,0.1,4.4,0,5,0,3,0,0,1,2,123,0,84,9,30,0,0,0.6829,0.0732,0,0,0,251.5,0.0,4000.0,0.0,2027.065,-905.238,0.0,0.0,0.0,-200.0,6.455,-251.113,0.0,-846.0,0.0,-296.0,100.0,0.0,0.0,0.0,0.0,-127.5,0.0,0.0,2.13651,12.51361,-0.1768,2.00263,-0.45408,0.94384,0.03976,0.99622,-0.0507,0.15092,0.0,-692.275,4100.0,0.0,2356.364,-802.935,-0.27526,2.09246,1.63022,12.5452,0.61767,1.24144,0.17734,1.55219,0.0175,93.18182,0.9837,1.277,0.0,-18.2878,58.2386,0.0,115.8323,-59.0136,-18.871,48,30,28,172,40,154,78,446,44,250,152,0,172,120,154,0,104,2,54,0.09865470852017937,0.38565022421524664,446,164,80,-14.384,6210.465,6.286,0.0,100.0,0.0,-837.138,-450.944,-1142.0,0.0,-127.5,6210.465,6.286,0.0,100.0,0.0,-837.138,-450.944,-1142.0,0.0,-127.5,0,81,40,40,0,4,4,0,137,5,1,0,1,0,1.0,0,2,3,1,2,1384,28,28,243,243,734,324,206,206,20,0,681,82,0,0,550,0,0,2,2,2,0,0,5,204,0,19,0,305,0,83,1,0,5,6816,63.644366197183096,1.5875979714153987,29.328051643192488,1.2773386841465633,18.339201877934272,3.726525821596244,2.6888,0.0007828886371530354,0.0026613053690098397,0.008254679742220768,-0.023952465219089406,0.8229022112195892,0.8552563541025096,0.08012828090890295,0.02572897553842278,0.29998213710320326,0.1642844219287136,0.02633871949106872,5527.0,,,,,,,,,,,,,,,,,,,,,,,,,
122,50_20_5_10_5_2,50_20_5_10_5_2_StartGoalLocations_Seed1002.csv,60,10515.999834924936,60,1.0,0,0,0,0,0,0,0,0,0,0,0.0,0.000625,9.82078125,4,4,2,0.0,0.9121875,0.0,1,3,0,0,0,0,0,0,0,0,0,0,0,0,0,0,0,0,0,0,0,0,0,0,0,0,0,0,0,0,0,0,0,0,0.0,0.0,0.0,0.0,0.0,0.0,0,,4.0,,4,,5.38,,,19.0,,,0.0,,,0.0,,22.07,0.0,0.0,0,0,0,0,0,0,0,0,144,0,130,8,6,0,1,0.9028,0.0556,0,0,0,320.0,0.0,6000.0,0.0,4375.5,-258.0,0.0,0.0,0.0,0.0,0.0,0.0,0.0,0.0,0.0,0.0,100.0,0.0,0.0,0.0,0.0,-21.5,0.0,0.0,3.26172,13.40431,0.0,0.0,0.0,0.0,0.03125,0.88333,-0.00672,0.05757,0.0,0.0,6100.0,0.0,5616.225,-187.745,0.0,0.0,1.90625,13.5885,1.6964,0.81094,0.0,0.0,0.02,95.3125,0.97937,1.85194,0.0,0.0,86.6477,0.0,250.0286,-15.9714,0.0,0,0,0,0,0,0,0,0,0,0,0,0,0,0,0,0,0,0,0,,,0,0,0,0.0,10678.3,0.0,0.0,100.0,0.0,-240.8,0.0,0.0,0.0,-21.5,10678.3,0.0,0.0,100.0,0.0,-240.8,0.0,0.0,0.0,-21.5,0,0,60,60,0,4,4,0,0,5,0,0,0,0,,0,0,0,0,0,796,0,0,0,0,0,0,0,0,0,0,28,0,0,0,232,0,0,0,0,0,0,0,0,0,0,0,0,3200,0,0,0,0,0,7437,10.071265295145892,1.0,3.132983729998655,1.6635193357907652,2.756487831114697,0.37649589888395857,2.9414634146341463,0.0008061376423088701,0.002581265460741917,0.007811729356309577,-0.023722467756825474,0.8307201032662511,0.8423287916423088,0.08547601495031736,0.017827620945084634,0.31007538161992504,0.14598311972491404,0.02757416158558163,3199.0,,,,,,,,,,,,,,,,,,,,,,,,,
123,50_20_5_10_5_2,50_20_5_10_5_2_StartGoalLocations_Seed1001.csv,40,6419.199899554253,40,1.0,0,0,0,0,0,0,0,0,0,0,0.0,0.0,9.921901528013583,0,0,0,0.0028296547821165816,0.8958687040181098,0.0,0,0,0,0,0,0,0,0,0,0,0,0,0,0,0,0,0,0,0,0,0,0,0,0,0,0,0,0,0,0,0,0,0,0,0.0,0.0,0.0,0.0,0.0,0.0,0,,,,0,,,,,,,,,,,,,19.5,0.0,0.0,0,0,0,0,0,0,0,0,122,0,84,32,6,0,0,0.6885,0.2623,0,0,0,176.7,0.0,4000.0,0.0,2379.0,-99.0,0.0,0.0,0.0,0.0,0.0,0.0,0.0,0.0,0.0,0.0,0.0,0.0,0.0,0.0,0.0,-37.5,0.0,0.0,3.65405,14.69165,0.0,0.0,0.0,0.0,0.0,0.0,-0.02122,0.1008,0.0,0.0,4000.0,0.0,2950.71,-104.46,0.0,0.0,2.26372,14.87441,1.61078,0.79272,0.0,0.0,0.02264,100.0,0.97736,1.76906,0.0,0.0,56.8182,0.0,135.9429,-7.8,0.0,0,0,0,0,0,0,0,0,0,0,0,0,0,0,0,0,0,0,0,,,0,0,0,0.0,6549.1,0.0,0.0,0.0,0.0,-92.4,0.0,0.0,0.0,-37.5,6549.1,0.0,0.0,0.0,0.0,-92.4,0.0,0.0,0.0,-37.5,0,0,40,40,0,0,0,0,0,5,0,0,0,0,,0,0,0,0,0,476,0,0,0,0,0,0,0,0,0,0,0,0,0,0,158,0,0,0,0,0,0,0,0,0,0,0,0,3200,0,0,0,0,0,3455,3.5021707670043414,1.0,0.0,0.0,0.0,0.0,0.0,0.0009145093309223954,0.002548006915941271,0.007893802159849335,-0.023804452364184277,0.820015549659729,0.8656177074969316,0.07947740922955905,0.03140239945824156,0.3086449548577822,0.13633894622487777,0.025197653329961118,1841.0,,,,,,,,,,,,,,,,,,,,,,,,,
124,50_20_5_10_5_2,50_20_5_10_5_2_StartGoalLocations_Seed1001.csv,40,7356.325514793396,40,1.0,0,0,0,0,0,0,0,9,0,9,0.0,0.009603841536614645,9.626414834427424,5,5,4,0.008403361344537815,0.8971588635454182,0.0,1,4,0,0,0,0,8,8,8,0,2,2,2,0,2,2,3,0,2,2,2,0,0,0,0,0,0,0,0,0,0,0,0,0,2.0,1.0,0.0,-9.6,-16.8,0.0,2,,5.0,,5,,17.5,,,33.0,,,0.0,,,0.0,,20.36,0.0,0.1,0,0,0,0,0,0,0,0,106,0,87,12,7,0,0,0.8208,0.1132,0,0,0,249.9,0.0,4000.0,0.0,3328.2,-236.7,0.0,0.0,0.0,0.0,0.0,-9.574,0.0,-72.0,0.0,0.0,125.0,0.0,0.0,0.0,0.0,-28.5,0.0,0.0,2.93774,12.41557,-0.00383,0.04928,-0.02881,0.11651,0.05002,1.11714,-0.0114,0.07465,0.0,-16.392,4125.0,0.0,4336.971,-157.088,-0.00656,0.08236,1.65066,12.59325,1.67262,0.85822,0.0072,0.91067,0.01801,91.66667,0.98319,1.82908,0.0,-1.0962,58.5937,0.0,190.1829,-15.1543,-2.201,0,0,0,1,1,12,4,18,0,9,9,0,1,5,12,0,6,0,0,0.0,0.05555555555555555,18,10,4,-2.182,7561.8,0.0,0.0,125.0,0.0,-220.4,-9.574,-72.0,0.0,-28.5,7561.8,0.0,0.0,125.0,0.0,-220.4,-9.574,-72.0,0.0,-28.5,0,2,40,40,0,5,5,0,7,5,0,0,0,0,,0,0,0,0,0,956,20,20,4,4,44,8,0,0,0,0,32,4,0,0,262,1,0,0,1,1,0,0,3,9,1,1,1,3200,0,14,0,0,0,6954,12.266321541558815,1.0422039859320047,6.35605406960023,1.5558258154939404,5.220017256255392,0.5752085130859936,3.184573002754821,0.0008196364944988509,0.0024999728743922136,0.007946441976828929,-0.025538755549608914,0.8224305039170396,0.8698087140107255,0.07131426647367836,0.047987891549135415,0.34201368469812726,0.1276707992614086,0.026437354731632706,3791.0,,,,,,,,,,,,,,,,,,,,,,,,,
125,50_20_5_10_5_2,50_20_5_10_5_2_StartGoalLocations_Seed1000.csv,25,4641.299961909652,25,1.0,0,0,0,0,0,0,0,0,0,0,0.0,0.0,9.940353012781497,7,4,7,0.007303712720632989,0.8393183201460742,0.0,1,4,0,0,0,0,0,0,0,0,0,0,0,0,0,0,0,0,0,0,0,0,0,0,0,0,0,0,0,0,0,0,0,0,0.0,0.0,0.0,0.0,0.0,0.0,0,3.0,4.0,,7,11.33,3.0,,41.67,18.75,,0.0,0.0,,0.0,0.0,,12.44,0.0,0.0,0,0,0,0,0,0,0,0,68,0,58,1,9,0,0,0.8529,0.0147,0,0,0,164.3,0.0,2500.0,0.0,2101.5,-180.0,0.0,0.0,0.0,0.0,0.0,0.0,0.0,0.0,0.0,0.0,100.0,0.0,0.0,0.0,0.0,-44.5,0.0,0.0,2.79111,12.12442,0.0,0.0,0.0,0.0,0.06086,1.23203,-0.02708,0.11318,0.0,0.0,2600.0,0.0,2673.205,-158.81,0.0,0.0,1.58247,12.29545,1.53037,0.95921,0.0,0.0,0.01765,89.65517,0.97991,1.75902,0.0,0.0,36.9318,0.0,120.0857,-12.8286,0.0,0,0,0,0,0,0,0,0,0,0,0,0,0,0,0,0,0,0,0,,,0,0,0,0.0,4753.8,0.0,0.0,100.0,0.0,-168.0,0.0,0.0,0.0,-44.5,4753.8,0.0,0.0,100.0,0.0,-168.0,0.0,0.0,0.0,-44.5,0,0,25,25,0,4,4,0,0,5,0,0,0,0,,0,0,0,0,0,2088,0,0,0,0,0,0,0,0,0,0,0,0,0,0,4,0,0,0,0,0,0,0,0,0,0,0,0,3200,0,0,0,0,0,8637,8.60252402454556,1.0,3.346069237003589,1.4442906778267097,2.1535255296978115,0.3241866388792405,2.5268817204301075,0.0008467668152909055,0.0024339492607619116,0.007776906840517489,-0.02620368332769793,0.8210490703354394,0.8820362885222124,0.06850069005513328,0.042550827120519975,0.31221350551087945,0.14630872483221477,0.02603338269061425,8195.0,,,,,,,,,,,,,,,,,,,,,,,,,
