{
  "episode_rewards": [
    0.618318188934731,
    0.5996400285522827,
    0.5229045947563132,
    0.621902595117795,
    0.573142215914932,
    0.57180714264882,
    0.6130417803857301,
    0.6165153305345715,
    0.7075116216056959,
    0.5736365555145612,
    0.6203972423406949,
    0.6083679693188315,
    0.6136238041232729,
    0.5736419307715098,
    0.6995284670224847,
    0.6213453919108235,
    0.6601463610904161,
    0.6573289298776389,
    0.6597159940082719,
    0.5323803258919243
  ],
  "episode_integrities": [
    0.9440625,
    0.9848958333333333,
    0.995,
    0.9526041666666667,
    0.8894791666666667,
    0.9366666666666666,
    0.9727083333333333,
    0.9904166666666666,
    0.9490625,
    0.9553125,
    0.9740625,
    0.9833333333333333,
    0.9526041666666667,
    0.9689583333333334,
    0.9501041666666666,
    0.9886458333333333,
    0.9977083333333333,
    0.9908333333333333,
    0.9530208333333333,
    0.9552083333333333
  ],
  "episode_coherences": [
    0.9219270833333333,
    0.9597395833333333,
    0.9726041666666667,
    0.9028125,
    0.8591145833333333,
    0.9122916666666666,
    0.9418229166666666,
    0.9601041666666666,
    0.8950520833333333,
    0.9034375,
    0.9402604166666667,
    0.9485416666666666,
    0.9200520833333333,
    0.9405208333333334,
    0.9155729166666666,
    0.9559895833333333,
    0.9865625,
    0.9753125,
    0.9327083333333334,
    0.9265625
  ],
  "episode_convergences": [
    0.0,
    0.0,
    0.0,
    0.0,
    0.0,
    0.0,
    0.0,
    0.0,
    0.0,
    0.0,
    0.0,
    0.0,
    0.0,
    0.0,
    0.0,
    0.0,
    0.0,
    0.0,
    0.0,
    0.0
  ],
  "episode_coverages": [
    0.618318188934731,
    0.5996400285522827,
    0.5229045947563132,
    0.621902595117795,
    0.573142215914932,
    0.57180714264882,
    0.6130417803857301,
    0.6165153305345715,
    0.7075116216056959,
    0.5736365555145612,
    0.6203972423406949,
    0.6083679693188315,
    0.6136238041232729,
    0.5736419307715098,
    0.6995284670224847,
    0.6213453919108235,
    0.6601463610904161,
    0.6573289298776389,
    0.6597159940082719,
    0.5323803258919243
  ],
  "config": {
    "task": "simple_spread-like",
    "n_agents": 16,
    "n_holons": 4,
    "n_episodes": 20,
    "steps_per_episode": 600,
    "total_steps": 12000
  }
}