episode,map,scen,agents,reward,completed,completion_rate,collisions,recovery_invocations,recovery_forced,recovery_resolved,recovery_wasted,recovery_preemptive,recovery_preemptive_success,risk_steps,risk_steps_acted,warning_steps,intervention_rate,brake_duty_cycle,mean_peer_gap,errors_injected,handovers_completed,retired_recalled,action_override_rate,gradient_agreement,mean_hops_remaining,incomplete_yielding,incomplete_moving,incomplete_total,hops_yielding,hops_moving,start_hops_yielding,start_hops_moving,steps_held_yielding,steps_held_moving,steps_waiting_yielding,steps_waiting_moving,sep_pairs,sep_min,sep_mean_nearest,sep_within_collision,sep_within_warning,sep_pct_within_warning,tier1_real_escapes,tier1_noop_escapes,tier1_rejected_occupied,tier1_rejected_obstacle,tier2_rejected_obstacle,recurrence_escalations,recurrence_pairs_tracked,doorstep_steps,doorstep_arrived,doorstep_closer,doorstep_idle,doorstep_away,doorstep_overridden,doorstep_peer_within_warning,doorstep_step_in_rate,doorstep_idle_rate,convoy_fleets_exempted,convoy_invocations_skipped,held_pair_invocations_skipped,rwd_term_pos_goal_baseline,rwd_term_neg_goal_baseline,rwd_term_pos_goal_delivery,rwd_term_neg_goal_delivery,rwd_term_pos_goal_progress,rwd_term_neg_goal_progress,rwd_term_pos_goal_final_approach,rwd_term_neg_goal_final_approach,rwd_term_pos_safety_collision,rwd_term_neg_safety_collision,rwd_term_pos_safety_warning,rwd_term_neg_safety_warning,rwd_term_pos_integrity_coherence,rwd_term_neg_integrity_coherence,rwd_term_pos_integrity_recovery_events,rwd_term_neg_integrity_recovery_events,rwd_term_pos_rescue_pickup,rwd_term_neg_rescue_pickup,rwd_term_pos_rescue_rescue_delivery,rwd_term_neg_rescue_rescue_delivery,rwd_term_pos_time_idle,rwd_term_neg_time_idle,rwd_term_pos_time_overtime,rwd_term_neg_time_overtime,rwd_spread_mean_goal,rwd_spread_std_goal,rwd_spread_mean_safety,rwd_spread_std_safety,rwd_spread_mean_integrity,rwd_spread_std_integrity,rwd_spread_mean_rescue,rwd_spread_std_rescue,rwd_spread_mean_time,rwd_spread_std_time,rwd_shadow_pos_safety,rwd_shadow_neg_safety,rwd_shadow_pos_delivery,rwd_shadow_neg_delivery,rwd_shadow_pos_efficiency,rwd_shadow_neg_efficiency,rwd_shadow_mean_safety,rwd_shadow_std_safety,rwd_shadow_mean_delivery,rwd_shadow_std_delivery,rwd_shadow_mean_efficiency,rwd_shadow_std_efficiency,rwd_shadow_freq_safety,rwd_shadow_typical_safety,rwd_shadow_freq_delivery,rwd_shadow_typical_delivery,rwd_shadow_freq_efficiency,rwd_shadow_typical_efficiency,rwd_live_pos_safety,rwd_live_neg_safety,rwd_live_pos_delivery,rwd_live_neg_delivery,rwd_live_pos_efficiency,rwd_live_neg_efficiency,rwd_approach_total,rwd_standoff_pairsteps,rwd_standoff_longest,rwd_standoff_past_cap,rwd_choice_wait,rwd_choice_follow,rwd_choice_reroute,rwd_choice_proceed,choice_n,choice_policy_wait,choice_policy_toward,choice_policy_away,choice_policy_side,choice_exec_wait,choice_exec_toward,choice_exec_away,choice_exec_side,choice_over_rule,choice_over_hold,choice_over_other,choice_policy_wait_share,choice_exec_wait_share,rwd_warnundo_fleetsteps,rwd_warnundo_mismatched,rwd_warnundo_escaped_kept,rwd_warnundo_error,rwd_all_pos_goal,rwd_all_pos_safety,rwd_all_pos_integrity,rwd_all_pos_rescue,rwd_all_pos_time,rwd_all_neg_goal,rwd_all_neg_safety,rwd_all_neg_integrity,rwd_all_neg_rescue,rwd_all_neg_time,rwd_learned_pos_goal,rwd_learned_pos_safety,rwd_learned_pos_integrity,rwd_learned_pos_rescue,rwd_learned_pos_time,rwd_learned_neg_goal,rwd_learned_neg_safety,rwd_learned_neg_integrity,rwd_learned_neg_rescue,rwd_learned_neg_time,held_pair_fleets_exempted,convoy_splats_skipped,orders_total,orders_delivered,orders_undelivered,orders_inherited,orders_inherited_delivered,orders_stranded_in_open_pickups,sep_warning_splats,preempt_window,preempt_watched,preempt_collided_k,preempt_clear_k,preempt_pending,preempt_prevention_rate,preempt_fleets_hit_k,preempt_fleets_watched,conflict_collapses,conflict_repeat_offences,conflict_max_pair_repeat,conflict_evaluations,conflict_pairs_head_on,conflict_warned_head_on,conflict_pairs_blocked,conflict_warned_blocked,conflict_pairs_following,conflict_warned_following,conflict_pairs_contested,conflict_warned_contested,conflict_pairs_sequential,conflict_warned_sequential,conflict_pairs_none,conflict_warned_none,conflict_pairs_unknown,conflict_warned_unknown,conflict_brake_convoy_exempt,conflict_holds,conflict_holds_at_cap,conflict_hold_steps,path_views,path_seeing_pct,path_routes_seen_mean,path_shared_pct,path_overlap_mean,path_contested_pct,path_contested_next_pct,path_contested_soonest,stream_deliveries,stream_orders_issued,stream_exits,stream_reentries,stream_on_floor_mean,stream_life_steps_mean,stream_exit_leg_steps_mean,stream_reentry_wait_mean,stream_offfloor_at_end,stream_docks,stream_order_window,stream_order_floor_gap_mean,stream_reentry_into_crowd,stream_reentry_other_dock,stream_reentry_deferrals,stream_deliv_q1,stream_deliv_q2,stream_deliv_q3,stream_deliv_q4,stream_ideal_cycle_hops,stream_ideal_deliveries,stream_efficiency,stream_fleets,loss_safety,loss_delivery,loss_efficiency,qval_safety,qval_delivery,qval_efficiency,loss_recovery,qval_recovery,incomplete_waiting,incomplete_livelocked,hops_waiting,hops_livelocked,start_hops_waiting,start_hops_livelocked,steps_held_waiting,steps_held_livelocked,steps_waiting_waiting,steps_waiting_livelocked
1,50_5_5_10_5_2,50_5_5_10_5_2_StartGoalLocations_Seed23.csv,60,-51973.73888325691,115,0.672514619883041,47,122,46,47,0,121,1,800,122,753,0.1525,0.24010587082925203,6.221097425534556,0,0,0,0.28291666666666665,0.49750891163411226,26.287891670068106,19.0,41,60,31.42,23.91,48.11,40.68,127.8,46.5,140.1,54.1,1770,1.0,6.96,0,6,0.34,940,0,456,0,0,109,89,691,0,361,57,273,0,121,0.5224,0.0825,69,0,0,4799.997,0.0,11500.0,0.0,32165.105,-16418.546,248.5,0.0,0.0,-5100.0,31.401,-5587.367,0.0,-18960.0,660.0,-29040.0,0.0,0.0,0.0,0.0,0.0,-5604.5,0.0,-20668.333,0.67281,5.01459,-0.222,2.31077,-0.98625,1.31902,0.0,0.0,-0.54735,1.9015,64.4,-21907.453,11500.0,0.0,52863.697,-27387.91,-0.45506,2.50243,0.23958,4.88886,0.53075,2.31962,0.23938,1.91226,0.0024,100.0,0.99694,1.67704,0.0,-326.49,163.3523,0.0,1763.2459,-2350.5472,-371.108,4117,166,3373,7981,505,1405,1366,11257,2705,4777,3774,1,7972,1877,1407,1,1717,3926,961,0.24029492760060406,0.7081815759083238,11229,2606,404,-1.413,47551.401,24.646,630.0,0.0,0.0,-15256.342,-10680.613,-47970.0,0.0,-26272.833,47551.401,24.646,630.0,0.0,0.0,-15256.342,-10680.613,-47970.0,0.0,-26272.833,0,777,56,0,56,0,0,0,6629,5,121,2,119,0,0.9834710743801653,3,1313,168,118,32,3200,6695,6695,15502,15502,8901,3076,2416,2416,104,0,13279,1914,0,0,5464,1122,416,25890,98459,61.15337348541017,2.146484861570145,39.20413573162433,1.926230344209721,30.09374460435308,5.7282726820300836,2.660276746540668,115,171,111,111,60.0,254.3963963963964,50.891891891891895,0.0,0,120,1,0.6486486486486487,0,15,0,25,41,23,26,48.693693693693696,492.8769657724329,0.23332394894894895,60,0.0025490894019629,0.003769505469841198,0.001576649335628752,-0.0028479786094784076,0.05676126392656783,-0.011440191833049587,0.0002776221187709033,-0.013414539889908893,,,,,,,,,,
2,50_5_5_10_5_2,50_5_5_10_5_2_StartGoalLocations_Seed22.csv,60,-16729.164337158203,159,0.7871287128712872,60,23,57,60,1,20,2,776,24,716,0.030927835051546393,0.2359121896303709,6.3809628994551355,0,0,0,0.20147916666666665,0.598163989150845,21.409075101216633,,43,60,,23.02,,45.37,,45.4,,49.0,1770,0.56,4.84,0,18,1.02,269,0,142,0,0,26,70,1024,0,570,77,377,0,187,0.5566,0.0752,20,1,0,4799.997,0.0,15900.0,0.0,37078.418,-13779.823,756.0,0.0,0.0,-6400.0,33.883,-5493.81,0.0,-20880.0,1440.0,-5280.0,0.0,0.0,0.0,0.0,0.0,-4237.5,0.0,-20666.333,0.93239,5.83714,-0.24708,2.58146,-0.515,0.78408,0.0,0.0,-0.51883,1.88551,46.2,-18467.909,15900.0,0.0,57096.106,-26820.353,-0.38379,2.67588,0.33125,5.74589,0.63074,2.32435,0.23648,1.63106,0.00331,100.0,0.9964,1.75458,0.0,-366.0614,225.8523,0.0,2060.332,-2108.8598,-478.406,2977,79,1997,7342,662,1497,1587,11088,3136,4912,3003,37,7330,2236,1502,20,1751,2464,1247,0.2828282828282828,0.661075036075036,11053,3482,491,4.282,57539.732,19.812,1440.0,0.0,0.0,-12785.137,-11879.739,-26160.0,0.0,-24903.833,57539.732,19.812,1440.0,0.0,0.0,-12785.137,-11879.739,-26160.0,0.0,-24903.833,0,1116,43,0,43,0,0,0,5968,5,20,2,18,0,0.9,4,211,80,47,13,3200,5340,5340,14712,14712,11538,4437,2943,2943,104,0,9366,867,0,0,7245,204,128,4950,96673,57.05108975618839,1.9448806048628362,34.78841041449009,1.9969967685256098,26.48309248704395,6.455783931397598,2.4965237090852277,159,202,142,142,60.0,208.2394366197183,51.971830985915496,0.0,0,120,1,0.6549295774647887,0,29,0,57,34,39,29,53.84507042253521,445.72325398901387,0.3567235915492958,60,0.002609910968749318,0.0034118434037372935,0.002473474271828309,0.0044471137162918235,0.05242099169874564,-0.00010288646207186503,0.00022892061007837584,-0.006123460775997955,16.0,1.0,18.09,5.35,31.92,6.0,109.1,60.0,169.4,157.0
3,50_5_5_10_5_2,50_5_5_10_5_2_StartGoalLocations_Seed17.csv,60,-18989.977260112762,175,0.7847533632286996,61,50,55,61,1,44,4,794,50,733,0.06297229219143577,0.23212089630015634,6.259185761391744,0,0,0,0.224625,0.6343370730283188,24.148729857305685,4.0,44,60,25.0,26.53,43.0,44.92,129.5,79.5,136.5,69.5,1770,0.3,4.51,1,23,1.3,551,0,308,0,0,54,99,1021,0,558,110,353,0,149,0.5465,0.1077,31,0,0,4799.997,0.0,17500.0,0.0,36809.255,-12488.815,658.0,0.0,0.0,-6400.0,35.356,-5570.774,0.0,-20670.0,2880.0,-10800.0,0.0,0.0,0.0,0.0,0.0,-5087.0,0.0,-20656.0,0.98497,6.10414,-0.24865,2.58251,-0.59562,1.07787,0.0,0.0,-0.53631,1.89198,158.973,-19755.159,17500.0,0.0,59117.943,-26483.505,-0.40825,2.70932,0.36458,6.02706,0.67988,2.3406,0.23121,1.79439,0.00365,100.0,0.99579,1.7909,0.0,-359.7918,248.5795,0.0,2054.0752,-2097.7643,-432.858,3896,87,2815,7631,485,1211,1442,10769,2763,5277,2703,26,7629,1927,1208,5,1596,3537,749,0.2565697836382208,0.7084223233355,10715,2800,453,28.768,58873.096,21.972,2790.0,0.0,0.0,-11594.656,-11957.39,-31380.0,0.0,-25743.0,58873.096,21.972,2790.0,0.0,0.0,-11594.656,-11957.39,-31380.0,0.0,-25743.0,0,828,48,0,48,0,0,0,6686,5,44,5,39,0,0.8863636363636364,11,541,105,63,8,3200,6730,6730,16210,16210,10621,3279,2891,2891,87,0,11806,876,0,0,7267,504,162,10835,97363,60.25184104844756,2.429095000255698,39.95460287788996,2.2090903942767515,31.972104392839167,6.255969926974313,2.6107809438144494,175,223,163,163,60.0,181.12269938650306,43.84662576687116,0.0,0,120,1,0.558282208588957,0,30,0,71,38,39,27,50.31288343558282,477.0149981709548,0.3668647750511247,60,0.00238566351492409,0.0031913546736177523,0.0027062051190296188,0.005520693987182313,0.05909774530678988,0.018260150964051716,0.0003656795079882613,-0.0147321422665118,12.0,,15.12,,40.58,,100.2,,102.4,
4,50_5_5_10_5_2,50_5_5_10_5_2_StartGoalLocations_Seed24.csv,60,-19859.832015633583,186,0.775,36,79,35,36,0,78,4,793,81,757,0.1021437578814628,0.18525311047662713,6.464365816674486,0,0,0,0.22739583333333332,0.6716906399833229,28.76581670443217,14.0,44,60,23.43,30.44,41.07,48.68,210.2,22.8,155.1,13.0,1770,1.0,7.9,0,7,0.4,779,0,277,0,0,67,90,929,0,627,82,220,0,66,0.6749,0.0883,51,2,0,4799.997,0.0,18600.0,0.0,38958.768,-11976.665,364.0,0.0,0.0,-3700.0,27.335,-4106.603,0.0,-20370.0,2280.0,-19200.0,0.0,0.0,0.0,0.0,0.0,-4895.0,0.0,-20641.667,1.05721,6.28011,-0.16207,1.97097,-0.77687,1.26289,0.0,0.0,-0.53201,1.88962,71.273,-15867.95,18600.0,0.0,59410.819,-24934.495,-0.3291,2.12035,0.3875,6.21288,0.71826,2.28349,0.19387,1.71279,0.00387,100.0,0.99575,1.76469,0.0,-251.8598,264.2045,0.0,2127.9162,-2024.5197,-344.792,2522,109,1765,6362,472,1000,1218,9052,1931,4568,2553,0,6357,1696,999,0,908,3647,690,0.21332302253645602,0.7022757401679187,9033,2254,358,39.409,61871.369,22.917,2190.0,0.0,0.0,-11125.266,-7802.185,-39480.0,0.0,-25536.667,61871.369,22.917,2190.0,0.0,0.0,-11125.266,-7802.185,-39480.0,0.0,-25536.667,0,741,54,0,54,0,0,0,4753,5,78,3,75,0,0.9615384615384616,4,814,114,75,10,3200,4007,4007,11309,11309,9500,2924,2374,2374,48,0,10981,1329,0,0,6484,615,369,14925,97814,58.416995522113396,1.985666783339167,33.07195289017932,1.8365898197130295,25.048561555605538,3.7162369394974135,2.7837639280029385,186,240,180,180,60.0,186.33333333333334,40.77777777777778,0.0,0,120,1,0.6111111111111112,0,20,0,65,45,42,34,51.355555555555554,467.33016010385114,0.39800555555555556,60,0.0022702645242679864,0.003229054383264156,0.0031077604710299054,0.0021373458625315056,0.06376045249402523,0.027779473489081285,0.00021251347416125554,-0.023215297449496575,1.0,1.0,53.0,5.5,56.0,36.0,30.0,0.0,0.0,0.0
5,50_5_5_10_5_2,50_5_5_10_5_2_StartGoalLocations_Seed8.csv,60,-20533.302562832832,190,0.8016877637130801,35,69,33,35,1,67,4,789,71,754,0.08998732572877059,0.21832013338891204,6.138653975525963,0,0,0,0.25433333333333336,0.6709876414563491,25.268238282203676,12.0,47,60,24.67,25.74,34.58,44.45,110.5,52.0,60.7,44.7,1770,0.6,6.39,0,5,0.28,678,0,306,0,0,73,110,840,0,631,53,156,0,82,0.7512,0.0631,75,2,0,4799.997,0.0,19000.0,0.0,37114.078,-11168.563,539.0,0.0,0.0,-4150.0,35.929,-5619.414,0.0,-20610.0,2400.0,-16800.0,0.0,0.0,0.0,0.0,0.0,-5458.0,0.0,-20616.333,1.04759,6.34239,-0.20278,2.0882,-0.72937,1.21869,0.0,0.0,-0.54322,1.87488,104.611,-19214.622,19000.0,0.0,56570.14,-24931.907,-0.39813,2.24841,0.39583,6.27906,0.65913,2.29336,0.24704,1.62922,0.00396,100.0,0.9956,1.70546,0.0,-302.4512,269.8864,0.0,2033.7542,-2010.3151,-397.077,3383,110,2507,8170,539,1138,1643,11490,2464,6139,2880,7,8164,2182,1139,5,1195,4959,775,0.21444734551784161,0.7105308964316798,11472,2662,387,44.526,60655.252,29.131,2340.0,0.0,0.0,-10370.737,-9762.615,-37350.0,0.0,-26074.333,60655.252,29.131,2340.0,0.0,0.0,-10370.737,-9762.615,-37350.0,0.0,-26074.333,0,885,48,1,47,0,0,0,6535,5,67,4,62,1,0.9393939393939394,7,814,102,77,6,3200,6332,6332,14732,14732,10884,3484,3649,3649,72,0,9700,1389,0,0,6729,724,23,11825,97706,62.261273616768676,2.2387684316078444,39.786707059955376,2.1416145202569923,31.61218348924324,5.915706302581213,2.616570078026354,190,237,177,177,60.0,180.6497175141243,39.610169491525426,0.0,0,120,1,0.536723163841808,0,30,0,66,41,44,39,48.6045197740113,493.7812391026386,0.38478578154425613,60,0.0019558530972062726,0.003214305736037204,0.0034335385091253555,0.0011364525467999443,0.07036352391820401,0.04847202360879237,9.418761788595021e-05,-0.026764021336566655,,1.0,,10.5,,12.0,,0.0,,0.0
6,50_5_5_10_5_2,50_5_5_10_5_2_StartGoalLocations_Seed24.csv,60,-14864.056368350983,198,0.8016194331983806,47,51,42,47,1,46,8,794,53,747,0.06675062972292191,0.2591303260235137,5.981752959824291,0,0,0,0.2528958333333333,0.6620193810565802,20.043753754968446,25.0,28,60,22.44,20.7,40.43,41.0,166.5,44.7,137.7,38.4,1770,0.8,5.28,0,14,0.79,583,0,319,0,0,52,112,888,0,687,55,146,0,86,0.7736,0.0619,58,2,0,4799.997,0.0,19800.0,0.0,36664.412,-10509.385,472.5,0.0,0.0,-4900.0,42.984,-7015.734,0.0,-21030.0,4680.0,-11520.0,0.0,0.0,0.0,0.0,0.0,-5707.5,0.0,-20641.333,1.06724,6.46608,-0.24735,2.2679,-0.58062,1.24476,0.0,0.0,-0.54893,1.8952,189.639,-21237.792,19800.0,0.0,57007.805,-24932.591,-0.4385,2.40993,0.4125,6.40936,0.66823,2.32951,0.27508,1.6228,0.00413,100.0,0.99554,1.71474,0.0,-345.7786,281.25,0.0,2024.9574,-2009.032,-421.207,4887,138,3825,9477,433,1323,1664,12897,3003,6249,3645,0,9473,2106,1318,0,1271,5839,765,0.2328448476389858,0.7345119019927114,12852,3038,421,49.403,60973.229,34.772,4500.0,0.0,0.0,-9745.702,-11907.522,-32370.0,0.0,-26348.833,60973.229,34.772,4500.0,0.0,0.0,-9745.702,-11907.522,-32370.0,0.0,-26348.833,0,833,49,0,49,0,0,0,8592,5,46,4,42,0,0.9130434782608695,7,640,93,67,6,3200,7380,7380,20184,20184,9839,3285,4618,4618,107,0,13257,2158,0,0,4987,592,189,13930,97394,61.727621824753065,2.647133185848068,38.94901123272481,2.521910252029679,31.246278004805223,5.939790952214715,2.527471083070452,198,247,187,187,60.0,167.14438502673798,40.81818181818182,0.0,0,120,1,0.6042780748663101,0,26,0,77,42,38,41,45.64705882352941,525.7731958762887,0.3765882352941176,60,0.001890139118195293,0.002874194339674432,0.003940925536880968,-0.0014838243323593758,0.07217998480424286,0.06693722973948751,9.301131799986706e-05,-0.027415792704414344,7.0,,8.84,,30.14,,43.1,,53.1,
7,50_5_5_10_5_2,50_5_5_10_5_2_StartGoalLocations_Seed18.csv,60,-15242.663896083832,201,0.7944664031620553,28,63,26,28,1,61,0,772,63,744,0.08160621761658031,0.2063310132121869,6.264516163262435,0,0,0,0.23127083333333334,0.687592488380333,25.616666666666667,27.0,31,60,27.11,21.94,42.11,52.29,108.7,32.9,90.3,25.3,1770,1.0,5.7,0,10,0.56,745,0,286,0,0,63,96,1109,0,795,88,226,0,152,0.7169,0.0794,43,0,0,4799.997,0.0,20100.0,0.0,39106.744,-10929.234,815.5,0.0,0.0,-3000.0,31.29,-5171.798,0.0,-20490.0,240.0,-14880.0,0.0,0.0,0.0,0.0,0.0,-5188.5,0.0,-20676.667,1.12277,6.51599,-0.16959,1.77905,-0.73188,0.96322,0.0,0.0,-0.53886,1.90245,6.649,-16793.328,20100.0,0.0,62056.466,-24514.202,-0.34972,1.93473,0.41875,6.45753,0.78213,2.3154,0.22837,1.53256,0.00419,100.0,0.99513,1.81239,0.0,-254.9772,285.5114,0.0,2175.845,-1997.111,-348.217,3274,143,2509,7716,376,1159,1416,10667,1863,5748,3056,0,7713,1799,1155,0,1190,4973,499,0.17465079216274493,0.7230711540264366,10640,2729,410,0.671,64040.754,24.79,240.0,0.0,0.0,-10147.743,-8165.298,-35370.0,0.0,-25865.167,64040.754,24.79,240.0,0.0,0.0,-10147.743,-8165.298,-35370.0,0.0,-25865.167,0,816,52,0,52,0,0,0,6246,5,61,0,61,0,1.0,0,770,89,70,6,3200,4945,4945,16090,16090,10186,3223,2854,2854,39,0,8053,1048,0,0,5787,692,37,13090,97753,59.049850132476756,2.0961142005786253,38.066350904831566,2.0109287959393902,28.953587102186123,4.28938242304584,2.6763593965304033,201,253,193,193,60.0,174.92746113989637,42.41968911917098,0.0,0,120,1,0.5492227979274611,0,37,0,69,46,49,37,49.36787564766839,486.1460957178842,0.41345595854922274,60,0.0019129549857279926,0.002841163551056525,0.004375087734078988,-0.0048783991165953465,0.07891471889801323,0.07667796774264843,8.907981595086767e-05,-0.02617166783544235,2.0,,62.5,,72.0,,0.0,,13.0,
8,50_5_5_10_5_2,50_5_5_10_5_2_StartGoalLocations_Seed23.csv,60,-7497.917577922344,215,0.8174904942965779,24,74,23,24,6,73,7,772,75,748,0.09715025906735751,0.1525974702535998,6.90723985048171,0,0,0,0.17389583333333333,0.6934441943819288,21.252500025431313,19.0,41,60,17.79,22.86,41.84,45.22,101.8,16.0,76.4,15.0,1770,1.0,6.51,0,11,0.62,551,0,217,0,0,58,96,1088,0,812,68,208,0,141,0.7463,0.0625,32,1,0,4799.997,0.0,21500.0,0.0,43276.264,-12060.125,567.0,0.0,0.0,-2500.0,39.648,-3141.872,0.0,-20250.0,2700.0,-18000.0,0.0,0.0,0.0,0.0,0.0,-3806.5,0.0,-20622.333,1.21007,6.73291,-0.11671,1.62073,-0.74062,1.2374,0.0,0.0,-0.50893,1.8818,172.0,-11721.652,21500.0,0.0,65148.612,-24893.355,-0.24062,1.76061,0.44792,6.67765,0.83865,2.32534,0.16492,1.50248,0.00448,100.0,0.99502,1.88526,0.0,-190.381,305.3977,0.0,2374.7892,-1954.543,-301.57,2166,81,1556,5120,319,875,1042,7356,1240,3950,2166,0,5113,1370,873,0,918,3242,378,0.16856987493202827,0.695078847199565,7343,1887,476,-34.072,69298.57,33.249,2700.0,0.0,0.0,-11215.429,-5635.473,-38250.0,0.0,-24428.833,69298.57,33.249,2700.0,0.0,0.0,-11215.429,-5635.473,-38250.0,0.0,-24428.833,0,614,48,0,48,0,0,0,4015,5,73,0,73,0,1.0,0,569,97,62,10,3200,2884,2884,9969,9969,9323,2413,2441,2441,52,0,7875,744,0,0,6802,384,85,7295,97075,53.110481586402265,2.149775976104118,31.77234097347412,1.8860287961983786,24.065928405871748,4.0175122328096835,2.7821248180806437,215,263,203,203,60.0,171.57142857142858,39.21182266009852,0.0,0,120,1,0.5467980295566502,0,41,0,78,49,47,41,50.17733990147783,478.3035538975064,0.44950533661740555,60,0.001827757438095432,0.00334721000835998,0.004548942273540888,-0.0067958425211281795,0.0887886174581945,0.10275051819218789,0.00012127349001616494,-0.024875705017329892,,,,,,,,,,
9,50_5_5_10_5_2,50_5_5_10_5_2_StartGoalLocations_Seed10.csv,60,-10045.32228732109,182,0.7711864406779662,27,65,23,27,3,61,5,755,65,728,0.08609271523178808,0.17018483402446394,6.602374754077229,0,0,0,0.181125,0.6709177294323581,26.537370045979817,12.0,45,60,16.33,28.94,30.83,56.51,46.5,35.0,45.5,32.7,1770,0.56,6.36,0,10,0.56,583,0,241,0,0,49,101,888,0,647,96,145,0,43,0.7286,0.1081,64,0,0,4799.997,0.0,18200.0,0.0,41664.442,-12152.319,602.0,0.0,0.0,-2800.0,33.748,-3300.193,0.0,-20010.0,3180.0,-15360.0,0.0,0.0,0.0,0.0,0.0,-4246.0,0.0,-20657.0,1.10654,6.21523,-0.12638,1.71333,-0.67063,1.24195,0.0,0.0,-0.51881,1.87705,177.115,-12837.049,18200.0,0.0,66559.183,-23917.947,-0.26375,1.85445,0.37917,6.14597,0.88836,2.33805,0.1806,1.50123,0.00379,100.0,0.99585,1.89279,0.0,-212.5111,258.5227,0.0,2284.6956,-1986.917,-314.633,1966,132,1492,5024,367,1329,1515,8235,1249,4165,2819,2,5014,1888,1332,1,774,3258,579,0.1516697024893746,0.6088646023072253,8222,2134,434,13.988,64406.257,25.639,3120.0,0.0,0.0,-11292.134,-6092.085,-35310.0,0.0,-24903.0,64406.257,25.639,3120.0,0.0,0.0,-11292.134,-6092.085,-35310.0,0.0,-24903.0,0,606,54,0,54,0,0,0,4064,5,61,1,60,0,0.9836065573770492,2,581,88,53,5,3200,6217,6217,7044,7044,8260,2392,1782,1782,73,0,8412,1154,0,0,5823,423,0,7755,97457,56.96461003314282,1.9185279919302543,33.299814277065785,1.684220131302057,26.90212093538689,3.96995598058631,2.864901975741857,182,236,176,176,60.0,197.0056818181818,44.42045454545455,0.0,0,120,2,1.1079545454545454,0,16,0,65,39,41,37,56.65909090909091,423.5860409145608,0.4296647727272727,60,0.001616953172506328,0.003725454538653139,0.004973708126926795,-0.007542556765547488,0.09817675029858947,0.12534566303311748,7.119585722023203e-05,-0.02206295132578816,1.0,2.0,9.5,42.25,73.0,62.0,145.0,72.5,117.0,70.0
10,50_5_5_10_5_2,50_5_5_10_5_2_StartGoalLocations_Seed18.csv,60,-20861.418067336082,167,0.755656108597285,29,58,29,29,0,58,1,795,59,766,0.07421383647798742,0.20012919627414616,6.197562818932621,0,0,0,0.24654166666666666,0.6624708236078692,26.30102175573508,19.0,38,60,23.26,25.94,48.53,54.97,123.8,28.4,97.4,28.1,1770,0.56,5.36,0,22,1.24,696,0,293,0,0,61,106,927,0,676,106,145,0,139,0.7292,0.1143,48,1,0,4799.997,0.0,16700.0,0.0,37260.865,-11044.897,472.5,0.0,0.0,-2900.0,44.002,-4727.056,0.0,-21240.0,540.0,-14160.0,0.0,0.0,0.0,0.0,0.0,-5935.5,0.0,-20671.333,1.00393,5.95912,-0.15798,1.75026,-0.72625,0.98428,0.0,0.0,-0.55431,1.90444,15.72,-15958.635,16700.0,0.0,59883.106,-24813.488,-0.33214,1.90648,0.34792,5.88818,0.73062,2.34932,0.21937,1.51703,0.00348,100.0,0.99629,1.77108,0.0,-246.4528,237.2159,0.0,2065.5626,-2060.8976,-346.832,3151,122,2468,7465,321,1086,1410,10282,2033,5303,2937,9,7462,1732,1081,7,1170,4594,549,0.19772417817545224,0.725734292939117,10262,2404,460,19.361,58448.077,39.873,510.0,0.0,0.0,-10259.609,-7622.927,-35370.0,0.0,-26606.833,58448.077,39.873,510.0,0.0,0.0,-10259.609,-7622.927,-35370.0,0.0,-26606.833,0,705,54,0,54,0,0,0,6389,5,58,1,57,0,0.9827586206896551,2,740,87,63,10,3200,4099,4099,15726,15726,9293,2772,4731,4731,108,0,9033,931,0,0,4859,666,127,11990,97734,60.1305584545808,2.2087190307650424,37.47723412527882,2.374037643016181,28.916242044733664,4.693351341396034,2.6409539648278546,167,221,161,161,60.0,192.75776397515529,48.16770186335404,0.0,0,120,2,1.0807453416149069,0,24,0,69,37,38,23,55.11801242236025,435.4293441514537,0.3835295031055901,60,0.0015372347442189494,0.0031546455471834632,0.005543117985653225,-0.00912198164849542,0.09949684539809824,0.14187417548830125,5.379570962389835e-05,-0.025652388222515584,3.0,,50.19,,55.0,,121.0,,72.7,
11,50_5_5_10_5_2,50_5_5_10_5_2_StartGoalLocations_Seed14.csv,60,-6974.499460816383,197,0.8073770491803278,26,55,26,26,2,55,4,771,56,745,0.07263294422827497,0.15351754605317997,6.870502236672431,0,0,0,0.1620625,0.6641588862954318,24.82714167435964,13.0,47,60,26.54,24.35,43.85,45.16,79.5,21.8,91.9,17.9,1770,1.0,7.6,0,5,0.28,467,0,194,0,0,42,98,1297,0,873,132,292,0,176,0.6731,0.1018,24,1,0,4799.997,0.0,19700.0,0.0,42151.471,-11662.809,976.5,0.0,0.0,-2750.0,36.959,-2980.787,0.0,-20700.0,2160.0,-13920.0,0.0,0.0,0.0,0.0,0.0,-4152.5,0.0,-20633.333,1.16594,6.45576,-0.11862,1.69751,-0.67625,1.14763,0.0,0.0,-0.51637,1.88278,72.0,-11266.777,19700.0,0.0,64547.386,-24512.575,-0.23322,1.81553,0.41042,6.39322,0.83406,2.3133,0.15458,1.52814,0.0041,100.0,0.99562,1.86357,0.0,-194.9993,279.8295,0.0,2332.5396,-1950.8635,-335.476,1901,73,1187,4487,236,1017,1361,7101,1238,3486,2377,0,4482,1605,1014,0,971,2525,450,0.1743416420222504,0.6311787072243346,7076,2417,401,-2.052,66801.869,29.769,2130.0,0.0,0.0,-10836.707,-5723.597,-34590.0,0.0,-24785.833,66801.869,29.769,2130.0,0.0,0.0,-10836.707,-5723.597,-34590.0,0.0,-24785.833,0,575,47,0,47,0,0,0,4071,5,55,1,53,1,0.9814814814814815,2,458,81,47,8,3200,5002,5002,8256,8256,8154,2265,1903,1903,56,0,9044,1090,0,0,5645,328,100,6070,97038,52.6340196624003,1.971375428291728,29.519363548300667,1.7746200877581546,23.060038335497435,4.0138914651992,2.7412968673191225,197,244,184,184,60.0,191.30434782608697,43.57065217391305,0.0,0,120,2,1.1358695652173914,0,35,0,66,53,39,39,56.15217391304348,427.4099883855981,0.46091576086956526,60,0.0013419484091082268,0.003631298061518464,0.005670170930679888,-0.010583411550614983,0.10881195727735758,0.16849445987900252,5.2916968332965556e-05,-0.0357194865308702,,,,,,,,,,
12,50_5_5_10_5_2,50_5_5_10_5_2_StartGoalLocations_Seed24.csv,60,-13637.62841284275,193,0.8008298755186722,24,74,22,24,0,72,3,778,74,754,0.09511568123393316,0.19016065512283553,6.488590676248134,0,0,0,0.19827083333333334,0.6728568748827612,27.202331403146186,18.0,42,60,29.29,26.31,55.17,44.93,116.4,16.4,84.1,12.0,1770,1.0,6.39,0,9,0.51,804,0,346,0,0,65,112,926,0,685,97,144,0,82,0.7397,0.1048,48,0,0,4799.997,0.0,19300.0,0.0,40050.088,-10228.482,682.5,0.0,0.0,-2500.0,35.518,-4366.586,0.0,-20460.0,1860.0,-17280.0,0.0,0.0,0.0,0.0,0.0,-4896.0,0.0,-20634.667,1.13759,6.3838,-0.14231,1.62641,-0.7475,1.18664,0.0,0.0,-0.53189,1.88704,67.296,-15273.077,19300.0,0.0,63897.714,-23634.739,-0.31679,1.80227,0.40208,6.32824,0.83881,2.30426,0.20529,1.55677,0.00402,100.0,0.99585,1.83118,0.0,-224.3628,274.1477,0.0,2211.5747,-1927.3781,-342.646,2588,76,1684,6625,477,1026,1473,9601,1609,5119,2872,1,6615,1964,1021,1,1160,4181,484,0.16758670971773773,0.6889907301322779,9588,2571,448,12.714,64101.681,32.039,1860.0,0.0,0.0,-9497.575,-6863.106,-37740.0,0.0,-25530.667,64101.681,32.039,1860.0,0.0,0.0,-9497.575,-6863.106,-37740.0,0.0,-25530.667,0,919,48,0,48,0,0,0,5347,5,72,1,70,1,0.9859154929577465,2,831,96,69,7,3200,3842,3842,13275,13275,11169,3610,3680,3680,78,0,8413,568,0,0,4356,704,56,10555,98008,55.76483552363072,2.2264793061807002,36.22561423557261,2.280453012804801,27.542649579626154,3.916006856583136,2.7578721197303104,193,241,181,181,60.0,190.86740331491714,52.40331491712707,0.0,0,120,2,1.2596685082872927,0,33,0,69,51,36,37,55.83425414364641,429.8436572333267,0.44900046040515657,60,0.001354475754997111,0.003653739618457621,0.005693594923068304,-0.012546273115440272,0.11540734035894275,0.18557350295921424,5.075688663453093e-05,-0.03926223561400548,,,,,,,,,,
13,50_5_5_10_5_2,50_5_5_10_5_2_StartGoalLocations_Seed18.csv,60,-11524.977286934853,191,0.7827868852459017,31,58,27,31,2,54,1,783,58,752,0.07407407407407407,0.1691397132377459,6.7072001722352175,0,0,0,0.17233333333333334,0.6688475402662888,24.838628149032594,,59,60,,25.01,,48.93,,58.1,,43.7,1770,1.0,6.18,0,10,0.56,479,0,211,0,0,57,71,1093,0,715,179,199,0,74,0.6542,0.1638,48,0,0,4799.997,0.0,19100.0,0.0,41056.134,-11168.361,658.0,0.0,0.0,-3500.0,33.52,-3984.937,0.0,-20940.0,1020.0,-13440.0,0.0,0.0,0.0,0.0,0.0,-4493.0,0.0,-20666.333,1.13429,6.35624,-0.15524,1.91634,-0.695,0.9881,0.0,0.0,-0.52415,1.89706,29.519,-13729.584,19100.0,0.0,65281.253,-24192.251,-0.28542,2.03666,0.39792,6.2955,0.85602,2.32912,0.17598,1.62887,0.00398,100.0,0.99552,1.87242,0.0,-232.4906,271.3068,0.0,2275.4192,-1967.6225,-343.427,1945,52,1255,5198,415,1130,1386,8129,1416,4169,2544,0,5195,1808,1126,0,1191,3011,421,0.17419116742526755,0.6390699963095091,8099,2531,505,-28.353,64818.103,27.609,1020.0,0.0,0.0,-10372.33,-7479.027,-34380.0,0.0,-25159.333,64818.103,27.609,1020.0,0.0,0.0,-10372.33,-7479.027,-34380.0,0.0,-25159.333,0,672,53,0,53,0,0,0,4070,5,54,1,52,1,0.9811320754716981,2,485,85,65,7,3200,6250,6250,7689,7689,8791,2648,1400,1400,77,0,6925,925,0,0,5177,435,70,7625,97037,54.688417820006805,1.8731627346046582,31.989859538114327,1.8288474200384268,25.02859733915929,4.029390850912539,2.694816156791699,191,244,184,184,60.0,180.45652173913044,41.03260869565217,0.0,0,120,2,1.1793478260869565,0,38,0,71,47,43,30,55.26086956521739,434.30369787568844,0.43978442028985504,60,0.0013458484899092583,0.003798309102130588,0.006185902313736733,-0.014277504615602083,0.12230185523629189,0.19443596346965933,5.656839803890534e-05,-0.044877740063238886,1.0,,15.0,,11.0,,130.0,,126.0,
14,50_5_5_10_5_2,50_5_5_10_5_2_StartGoalLocations_Seed24.csv,60,-55431.362730026245,129,0.7371428571428571,8,104,8,8,1,104,1,792,106,784,0.13383838383838384,0.43042563386737226,4.511162501531901,0,0,0,0.4867708333333333,0.5916875,23.265588169793286,56.0,2,60,22.69,42.0,39.11,64.0,433.5,0.0,325.8,0.0,1770,0.8,1.99,0,33,1.86,783,0,421,0,0,95,72,683,0,482,100,101,0,58,0.7057,0.1464,29,2,0,4799.997,0.0,12900.0,0.0,22715.503,-5736.53,189.0,0.0,0.0,-800.0,10.803,-9670.969,0.0,-20400.0,540.0,-25680.0,0.0,0.0,0.0,0.0,0.0,-13603.5,0.0,-20695.667,0.72642,5.23305,-0.21792,0.95511,-0.94875,1.24594,0.0,0.0,-0.71457,1.93164,18.0,-38249.877,12900.0,0.0,41118.552,-26575.583,-0.7965,1.55552,0.26875,5.17714,0.30298,2.29512,0.55512,1.43616,0.00269,100.0,0.99721,1.41424,0.0,-413.5397,183.2386,0.0,1301.3374,-2280.2628,-129.913,12629,504,12306,25279,130,450,567,26426,3463,13730,9230,3,25278,699,449,0,712,21218,134,0.13104518277454022,0.9565579353666843,26421,848,145,11.209,40202.397,9.488,510.0,0.0,0.0,-5334.424,-10469.656,-46050.0,0.0,-34299.167,40202.397,9.488,510.0,0.0,0.0,-5334.424,-10469.656,-46050.0,0.0,-34299.167,0,233,46,0,46,0,0,0,22871,5,104,0,104,0,1.0,0,3601,112,96,70,3200,23950,23950,56409,56409,4004,908,8961,8961,56,0,7661,2047,0,0,2430,3458,3166,99060,98339,73.72253124396221,3.255469116389418,63.12449791028992,2.630080457453104,53.754868363518035,22.876986749916107,1.953709659112406,129,175,115,115,60.0,132.40869565217392,35.7304347826087,0.0,0,120,2,1.008695652173913,0,15,0,73,36,15,5,49.61739130434783,483.70136698212406,0.2666934782608696,60,0.0012613623203742463,0.0037565900658955795,0.006199118544464,-0.016333162776427344,0.12913768269121648,0.20735680831072387,4.966254470133436e-05,-0.052745170332491396,2.0,,20.53,,38.5,,57.0,,301.5,
15,50_5_5_10_5_2,50_5_5_10_5_2_StartGoalLocations_Seed24.csv,60,-13704.105901360512,209,0.81640625,22,71,19,22,0,68,1,778,71,756,0.09125964010282776,0.18683837626073185,6.684419030681886,0,0,0,0.20485416666666667,0.6657425742574258,26.9082515001297,32.0,28,60,30.06,23.3,46.94,43.89,126.3,8.6,103.8,8.5,1770,0.94,5.48,0,15,0.85,592,0,262,0,0,73,86,1642,0,1136,267,239,0,91,0.6918,0.1626,15,0,0,4799.997,0.0,20900.0,0.0,39313.169,-10241.558,539.0,0.0,0.0,-2400.0,30.069,-4169.119,0.0,-20640.0,900.0,-16320.0,0.0,0.0,0.0,0.0,0.0,-5776.0,0.0,-20639.667,1.1523,6.63518,-0.13623,1.5928,-0.75125,1.05623,0.0,0.0,-0.55033,1.91954,44.92,-14914.438,20900.0,0.0,62546.899,-24888.708,-0.30978,1.76683,0.43542,6.58423,0.78455,2.3419,0.20271,1.53745,0.00435,100.0,0.99531,1.83015,0.0,-218.6342,296.875,0.0,2200.3581,-2017.7897,-263.154,3307,198,2704,7407,230,854,1044,9535,1510,5087,2934,4,7407,1275,850,3,972,5098,437,0.15836392239119035,0.7768222338751967,9521,2006,332,30.468,64830.074,26.923,870.0,0.0,0.0,-9519.462,-6565.974,-36930.0,0.0,-26415.667,64830.074,26.923,870.0,0.0,0.0,-9519.462,-6565.974,-36930.0,0.0,-26415.667,0,486,47,0,47,0,0,0,5645,5,68,1,65,2,0.9848484848484849,2,797,90,75,11,3200,9062,9062,11216,11216,6460,1917,1552,1552,36,0,7118,683,0,0,4306,776,313,16905,97360,52.853327855382084,1.8645497298767928,30.65838126540674,1.705421293188961,23.585661462612983,5.387222678718159,2.607847406697731,209,256,196,196,60.0,175.67857142857142,44.994897959183675,0.0,0,120,2,1.1224489795918366,0,34,0,76,47,45,41,51.275510204081634,468.05970149253733,0.44652423469387753,60,0.0011779225704503914,0.003892736466077622,0.0061471875131246636,-0.018686288507888095,0.139100688919425,0.20523815352586097,4.991184692215711e-05,-0.059473739550448955,,,,,,,,,,
16,50_5_5_10_5_2,50_5_5_10_5_2_StartGoalLocations_Seed10.csv,60,-18071.30835366249,179,0.8026905829596412,38,64,35,38,3,61,5,768,64,730,0.08333333333333333,0.22285440373473386,6.352770628186597,0,0,0,0.233,0.634236299229006,23.594999980926513,19.0,40,60,17.74,26.08,34.05,47.67,188.2,37.5,143.7,31.1,1770,1.0,6.12,0,10,0.56,805,0,428,0,0,64,104,1151,0,677,258,216,0,103,0.5882,0.2242,29,0,0,4799.997,0.0,17900.0,0.0,36929.523,-10528.15,801.5,0.0,0.0,-4000.0,31.466,-5055.149,0.0,-20070.0,3060.0,-15360.0,0.0,0.0,0.0,0.0,0.0,-5913.5,0.0,-20667.0,1.03964,6.16119,-0.18799,2.04811,-0.67437,1.23816,0.0,0.0,-0.55376,1.89883,109.235,-18405.607,17900.0,0.0,57627.992,-25588.9,-0.38117,2.20361,0.37292,6.09529,0.66748,2.34758,0.2486,1.55157,0.00373,100.0,0.99602,1.74061,0.0,-297.3745,254.2614,0.0,2059.8564,-2024.2921,-362.447,4790,103,3712,8364,277,1262,1617,11520,1914,5451,4153,2,8360,1894,1264,2,1127,5727,609,0.16614583333333333,0.7256944444444444,11477,3068,412,35.19,59675.611,24.709,3000.0,0.0,0.0,-9772.738,-9048.391,-35370.0,0.0,-26580.5,59675.611,24.709,3000.0,0.0,0.0,-9772.738,-9048.391,-35370.0,0.0,-26580.5,0,843,44,0,44,0,0,0,8810,5,61,2,59,0,0.9672131147540983,6,848,99,71,8,3200,10967,10967,18348,18348,10285,3313,5170,5170,145,0,8529,743,0,0,3773,766,187,16170,98213,56.024151588893524,2.8369409156171055,38.431775834156376,2.7975503762612255,31.646523372669606,9.04055471271624,2.427174157845629,179,223,163,163,60.0,193.55828220858896,55.22085889570552,0.0,0,120,2,1.049079754601227,0,26,0,66,44,36,33,55.32515337423313,433.79906852960744,0.4126334355828221,60,0.0012813930171523679,0.0038843324332265184,0.0066495131168630905,-0.022814547881716864,0.14581417290493845,0.21524538507685065,5.831449085292206e-05,-0.06887315705418587,,1.0,,35.5,,45.0,,155.0,,132.0
17,50_5_5_10_5_2,50_5_5_10_5_2_StartGoalLocations_Seed17.csv,60,-14782.634142637253,183,0.782051282051282,21,67,18,21,1,64,4,789,67,768,0.08491761723700887,0.1846596236794399,6.6632040396420225,0,0,0,0.20429166666666668,0.6628946545795561,27.01425000031789,9.0,50,60,25.74,27.64,52.89,49.52,104.8,28.4,89.7,24.7,1770,1.0,6.97,0,7,0.4,567,0,246,0,0,52,88,1239,0,690,330,219,0,85,0.5569,0.2663,67,0,0,4799.997,0.0,18300.0,0.0,39355.887,-11147.759,749.0,0.0,0.0,-2100.0,26.537,-4641.467,0.0,-21120.0,2520.0,-15600.0,0.0,0.0,0.0,0.0,0.0,-5255.5,0.0,-20669.333,1.08452,6.22898,-0.13989,1.49457,-0.7125,1.18737,0.0,0.0,-0.5401,1.88208,74.593,-14438.796,18300.0,0.0,63518.715,-24119.763,-0.29925,1.66413,0.38125,6.16276,0.82081,2.3313,0.19958,1.51497,0.00381,100.0,0.99562,1.83382,0.0,-206.5562,259.9432,0.0,2168.8168,-1995.5427,-281.879,3109,123,2349,6564,505,998,1262,9329,1563,4895,2868,3,6560,1773,995,1,1263,3991,506,0.16754207310537034,0.7031836209668775,9315,2209,382,-9.726,62422.305,22.465,2460.0,0.0,0.0,-10365.177,-6737.395,-36660.0,0.0,-25924.833,62422.305,22.465,2460.0,0.0,0.0,-10365.177,-6737.395,-36660.0,0.0,-25924.833,0,630,51,0,51,0,0,0,5443,5,64,3,61,0,0.953125,4,692,85,54,10,3200,5218,5218,12992,12992,8058,2477,2178,2178,99,0,10506,1395,0,0,4979,518,65,8960,97268,54.68396594974709,2.0576612145140065,32.50092527861167,1.8945118624253618,24.472591191347618,3.5715754410494718,2.726474542093766,183,234,174,174,60.0,188.80459770114942,39.05747126436781,0.0,0,120,2,1.0114942528735633,0,31,0,67,45,34,37,55.32183908045977,433.82505713692086,0.4218290229885057,60,0.001293644378929457,0.0037666793051175772,0.007047245453868527,-0.024624538677744567,0.15114350536838173,0.2399621222811402,7.333610598209362e-05,-0.07543202983681113,1.0,,7.35,,72.0,,0.0,,1.0,
18,50_5_5_10_5_2,50_5_5_10_5_2_StartGoalLocations_Seed1.csv,60,-11547.961386799812,199,0.8155737704918032,34,53,34,34,3,53,2,780,54,746,0.06923076923076923,0.18071561047783774,6.539191484846621,0,0,0,0.16964583333333333,0.6602684339960818,22.9,21.0,39,60,26.38,21.03,49.46,44.51,75.8,22.4,66.9,21.3,1770,1.0,6.55,0,8,0.45,552,0,231,0,0,49,100,1343,0,731,281,331,0,100,0.5443,0.2092,17,1,0,4799.997,0.0,19900.0,0.0,40483.046,-11262.461,619.5,0.0,0.0,-3600.0,48.684,-4008.565,0.0,-20790.0,1080.0,-13680.0,0.0,0.0,0.0,0.0,0.0,-4488.5,0.0,-20649.667,1.13625,6.48432,-0.1575,1.9428,-0.69563,1.03389,0.0,0.0,-0.52371,1.88587,24.4,-14218.876,19900.0,0.0,62783.445,-25014.246,-0.29572,2.06745,0.41458,6.42545,0.78686,2.34458,0.1889,1.57089,0.00415,100.0,0.99558,1.83723,0.0,-243.5408,282.6704,0.0,2237.682,-1969.0008,-348.95,2198,67,1363,5559,316,1251,1533,8659,1618,4344,2696,1,5559,1853,1246,1,1125,3056,610,0.18685760480424993,0.6419909920314124,8640,2743,520,-10.904,64995.257,42.27,1050.0,0.0,0.0,-10455.171,-7602.15,-34440.0,0.0,-25138.167,64995.257,42.27,1050.0,0.0,0.0,-10455.171,-7602.15,-34440.0,0.0,-25138.167,0,684,46,1,45,0,0,0,4669,5,53,1,50,2,0.9803921568627451,2,523,87,53,6,3200,5964,5964,9081,9081,9264,2698,2956,2956,64,0,7958,643,0,0,4594,458,38,7265,97331,55.32769621189549,1.96759577352324,32.45523009113232,1.9573869552894356,24.971489042545542,5.147383670156477,2.594239868339848,199,244,184,184,60.0,183.125,50.71195652173913,0.0,0,120,2,1.1032608695652173,0,32,0,76,52,41,30,54.51086956521739,440.2791625124626,0.45198596014492753,60,0.0013050643124097405,0.0038019090509624222,0.006884417342662346,-0.02727543785702437,0.15701144982129336,0.2776079516963455,7.709669972882693e-05,-0.08345180981792509,,,,,,,,,,
19,50_5_5_10_5_2,50_5_5_10_5_2_StartGoalLocations_Seed10.csv,60,-9165.49014544487,192,0.7710843373493976,21,79,21,21,1,79,8,765,80,744,0.10457516339869281,0.15079083918561276,6.8937931548891225,0,0,0,0.14814583333333334,0.6724544033350703,23.97116664250692,12.0,48,60,24.04,23.95,49.25,49.21,50.7,27.0,34.1,26.2,1770,1.0,7.93,0,5,0.28,602,0,256,0,0,61,99,1412,0,726,342,344,0,58,0.5142,0.2422,53,1,0,4799.997,0.0,19200.0,0.0,42606.639,-11513.39,476.0,0.0,0.0,-2100.0,42.273,-3008.845,0.0,-19950.0,4320.0,-19440.0,0.0,0.0,0.0,0.0,0.0,-3927.5,0.0,-20670.667,1.15769,6.37197,-0.10555,1.48864,-0.73062,1.44057,0.0,0.0,-0.51246,1.88528,221.94,-11303.803,19200.0,0.0,66812.848,-24154.006,-0.23087,1.64688,0.4,6.31189,0.88873,2.33203,0.1486,1.61583,0.004,100.0,0.99575,1.90323,0.0,-171.0966,272.7273,0.0,2328.7308,-1930.3832,-322.612,1565,37,898,4162,329,998,1312,6801,1116,3563,2109,13,4161,1631,998,11,912,2455,314,0.16409351565946184,0.611821790913101,6785,2092,504,-20.71,66269.449,39.162,4230.0,0.0,0.0,-10700.2,-5105.734,-39300.0,0.0,-24598.167,66269.449,39.162,4230.0,0.0,0.0,-10700.2,-5105.734,-39300.0,0.0,-24598.167,0,670,57,0,57,0,0,0,3407,5,79,3,76,0,0.9620253164556962,4,652,100,63,7,3200,4246,4246,7054,7054,8548,2628,1715,1715,78,0,8833,594,0,0,5328,419,29,5640,97406,51.83869576822783,1.8792133718857686,28.532123277826827,1.740634800846944,22.252222655688563,3.5962877030162415,2.7558938869665512,192,249,189,189,60.0,191.8994708994709,48.47089947089947,0.0,0,120,2,1.1216931216931216,0,36,0,68,46,46,32,54.783068783068785,438.0915588178482,0.43826455026455025,60,0.0012379520932154263,0.003848470927623566,0.007315270219114609,-0.030583004243671896,0.16304029082879423,0.282654586249555,8.066767103855455e-05,-0.09192759807221591,,,,,,,,,,
20,50_5_5_10_5_2,50_5_5_10_5_2_StartGoalLocations_Seed10.csv,60,-7610.371976017952,202,0.8112449799196787,27,58,24,27,3,55,3,778,58,751,0.07455012853470437,0.16052675445907652,6.795810732386905,0,0,0,0.16102083333333334,0.6644780723695181,24.02716194788615,7.0,52,60,16.29,24.42,29.43,47.46,61.6,30.1,53.4,29.0,1770,1.5,7.79,0,2,0.11,437,0,212,0,0,51,82,1580,0,767,529,284,0,80,0.4854,0.3348,40,0,0,4799.997,0.0,20200.0,0.0,41850.018,-11470.548,819.0,0.0,0.0,-2700.0,35.015,-3427.357,0.0,-20880.0,1740.0,-13680.0,0.0,0.0,0.0,0.0,0.0,-4290.5,0.0,-20606.0,1.1708,6.53243,-0.12692,1.68447,-0.68375,1.06712,0.0,0.0,-0.51868,1.87086,78.4,-12022.134,20200.0,0.0,64004.047,-24605.45,-0.24883,1.81053,0.42083,6.4735,0.8208,2.31653,0.17006,1.48236,0.00421,100.0,0.99531,1.85473,0.0,-203.4279,286.9318,0.0,2296.2381,-1936.1254,-326.578,2054,78,1429,5045,386,1031,1326,7788,1275,3926,2584,3,5040,1720,1028,0,910,3174,403,0.16371340523882896,0.6471494607087828,7774,2337,476,-15.608,66860.049,29.177,1740.0,0.0,0.0,-10661.579,-6121.519,-34560.0,0.0,-24896.5,66860.049,29.177,1740.0,0.0,0.0,-10661.579,-6121.519,-34560.0,0.0,-24896.5,0,694,47,0,47,0,0,0,4010,5,55,0,54,1,1.0,0,451,82,54,8,3200,5355,5355,7895,7895,9408,2741,2195,2195,90,0,7906,583,0,0,5655,360,75,6010,96943,53.87495744922274,1.9161560848586965,32.786276471741125,1.8727736043050631,25.86055723466367,4.519150428602375,2.705065815715995,202,249,189,189,60.0,188.3968253968254,51.698412698412696,0.0,0,120,2,1.08994708994709,0,37,0,66,54,40,42,54.51322751322751,440.260118412113,0.4588196649029982,60,0.0013041862176396534,0.004234759317478165,0.00792478689167183,-0.03188511329004541,0.17295912941917777,0.29882588927699544,8.709082594123174e-05,-0.09717658405192196,1.0,,58.0,,60.0,,0.0,,36.0,
21,50_5_5_10_5_2,50_5_5_10_5_2_StartGoalLocations_Seed14.csv,60,-6517.588978648186,215,0.8206106870229007,24,56,21,24,1,53,2,792,56,768,0.0707070707070707,0.17005626172119193,6.718216424223767,0,0,0,0.16195833333333334,0.6693131616237392,25.047499998410544,2.0,58,60,29.0,24.91,48.0,45.46,87.0,31.2,83.0,34.9,1770,1.2,7.77,0,6,0.34,403,0,191,0,0,53,90,1804,0,777,611,416,0,39,0.4307,0.3387,37,0,0,4799.997,0.0,21500.0,0.0,41632.246,-10693.658,602.0,0.0,0.0,-2500.0,32.926,-3704.437,0.0,-21450.0,1200.0,-12720.0,0.0,0.0,0.0,0.0,0.0,-4587.0,0.0,-20629.667,1.20501,6.72674,-0.12857,1.62511,-0.68688,0.9736,0.0,0.0,-0.52535,1.87939,79.6,-11829.456,21500.0,0.0,63869.548,-24328.468,-0.24479,1.75013,0.44792,6.67765,0.82377,2.31233,0.16123,1.53884,0.00448,100.0,0.99523,1.84627,0.0,-192.0857,305.3977,0.0,2278.882,-1917.5149,-291.04,2089,79,1451,4827,292,1069,1308,7496,1529,3602,2362,3,4827,1600,1066,3,964,2698,370,0.20397545357524013,0.6439434364994664,7481,2214,401,-11.155,67770.491,30.255,1170.0,0.0,0.0,-9929.902,-6201.766,-34140.0,0.0,-25216.667,67770.491,30.255,1170.0,0.0,0.0,-9929.902,-6201.766,-34140.0,0.0,-25216.667,0,666,47,0,47,0,0,0,3954,5,53,3,50,0,0.9433962264150944,5,431,77,54,6,3200,4871,4871,7168,7168,8332,2620,2346,2346,32,0,9612,1432,0,0,5233,344,9,5585,96859,53.703837537038375,1.888094276871023,28.75107114465357,1.7897440081528515,22.340722080550076,3.9882716113112875,2.738989786958732,215,262,202,202,60.0,173.5891089108911,46.34158415841584,0.0,0,120,2,1.0495049504950495,0,34,0,81,46,49,39,51.836633663366335,462.9930283640531,0.46436984323432345,60,0.001145378336000249,0.004897343226475641,0.007897592572844588,-0.03167493440909311,0.19445578426122664,0.33362936437071766,8.44322910933215e-05,-0.10746285142377018,,,,,,,,,,
22,50_5_5_10_5_2,50_5_5_10_5_2_StartGoalLocations_Seed22.csv,60,-14270.2922129035,185,0.8008658008658008,32,52,31,32,3,51,4,759,52,727,0.06851119894598155,0.23544857768052516,6.246946272980649,0,0,0,0.2439375,0.6664860584337098,19.729778324067592,35.0,22,60,17.96,22.18,41.89,52.45,187.7,28.8,160.2,22.4,1770,0.56,4.78,0,30,1.69,566,0,292,0,0,49,115,1752,0,755,586,411,0,171,0.4309,0.3345,36,0,0,4799.997,0.0,18500.0,0.0,37617.875,-8701.026,633.5,0.0,0.0,-3300.0,29.182,-5453.324,0.0,-20280.0,2280.0,-12960.0,0.0,0.0,0.0,0.0,0.0,-6753.5,0.0,-20683.0,1.10105,6.24803,-0.18175,1.86441,-0.645,1.13368,0.0,0.0,-0.57159,1.92337,86.68,-18534.218,18500.0,0.0,60923.242,-25352.224,-0.38432,2.02981,0.38542,6.19622,0.74106,2.38605,0.26512,1.46322,0.00385,100.0,0.99602,1.80459,0.0,-287.216,262.7841,0.0,2114.7657,-1993.9742,-305.009,6146,260,5304,9933,257,877,1276,12343,2211,6496,3635,1,9931,1539,872,1,1099,6921,413,0.1791298711820465,0.8045855950741311,12312,2213,339,18.897,60931.698,21.358,2280.0,0.0,0.0,-8081.349,-8745.5,-33240.0,0.0,-27436.5,60931.698,21.358,2280.0,0.0,0.0,-8081.349,-8745.5,-33240.0,0.0,-27436.5,0,546,46,0,46,0,0,0,10901,5,51,3,48,0,0.9411764705882353,5,849,83,58,7,3200,8041,8041,25396,25396,7474,2157,8484,8484,114,0,10714,1584,0,0,5175,772,542,20410,97341,58.60531533475103,3.2689010815643242,38.55415498094328,3.0295291652157683,31.963920650085782,9.848881766162254,2.422767885839172,185,231,171,171,60.0,177.5672514619883,44.22222222222222,0.0,0,120,2,1.1111111111111112,0,33,0,67,47,47,24,54.80701754385965,437.9001280409731,0.42247076023391816,60,0.001163627754422123,0.004655034150055144,0.007976903585367836,-0.03451951210387051,0.207227927390486,0.3496655631921021,9.05138978288278e-05,-0.11353875054046511,3.0,,22.39,,46.33,,43.0,,60.7,
23,50_5_5_10_5_2,50_5_5_10_5_2_StartGoalLocations_Seed4.csv,60,5514.836912155151,235,0.8245614035087719,23,44,22,23,7,43,6,741,45,718,0.06072874493927125,0.1345488643467389,7.188128485487066,0,0,0,0.1121875,0.7012816505157862,27.833980787793795,1.0,59,60,18.0,28.0,26.0,49.47,46.0,10.4,48.0,14.4,1770,0.44,7.74,1,5,0.28,309,0,153,0,0,27,67,2493,0,867,1018,608,0,101,0.3478,0.4083,22,1,0,4799.997,0.0,23500.0,0.0,45880.655,-10814.516,518.0,0.0,0.0,-2400.0,22.462,-2843.099,0.0,-20250.0,3360.0,-12240.0,0.0,0.0,0.0,0.0,0.0,-3397.0,0.0,-20621.667,1.33092,7.01774,-0.10876,1.58937,-0.60688,1.20733,0.0,0.0,-0.50039,1.869,102.0,-9301.81,23500.0,0.0,70800.551,-23183.908,-0.19166,1.69342,0.48958,6.97987,0.99201,2.29939,0.12627,1.55153,0.0049,100.0,0.99483,1.96818,0.0,-159.8595,333.8068,0.0,2497.3091,-1836.4247,-278.682,1413,64,899,2927,328,1071,1186,5512,837,2778,1897,0,2926,1518,1068,0,1034,1341,280,0.15185050798258345,0.5308417997097242,5498,1968,369,-22.326,73927.949,19.48,3300.0,0.0,0.0,-10043.808,-5240.116,-32430.0,0.0,-24018.667,73927.949,19.48,3300.0,0.0,0.0,-10043.808,-5240.116,-32430.0,0.0,-24018.667,0,550,51,1,50,0,0,0,2686,5,43,2,40,1,0.9523809523809523,3,292,66,33,7,3200,4817,4817,4277,4277,7145,2175,1011,1011,60,0,10116,648,0,0,6412,191,19,3065,96394,48.78208187231571,1.849073857474002,24.430981181401332,1.6221215403113998,19.23978670871631,3.2916986534431603,2.8822387576835977,235,285,225,225,60.0,174.37777777777777,41.995555555555555,0.0,0,120,2,1.0622222222222222,0,38,0,79,49,59,48,55.07111111111111,435.8001775482205,0.5392379629629629,60,0.0010789487978308898,0.004625097071984783,0.008017584544140845,-0.03680658551631495,0.2229131499491632,0.3592516113771126,9.435280596221673e-05,-0.11922574602998794,,,,,,,,,,
24,50_5_5_10_5_2,50_5_5_10_5_2_StartGoalLocations_Seed14.csv,60,-8499.390394687653,196,0.7967479674796748,32,42,29,32,3,39,2,770,42,738,0.05454545454545454,0.2266124830676253,6.186803989276962,0,0,0,0.20258333333333334,0.6780854743597758,24.413333328564963,25.0,33,60,26.59,24.13,48.65,46.58,143.8,42.8,137.9,41.1,1770,1.0,5.88,0,13,0.73,491,0,272,0,0,49,98,2086,0,760,747,579,0,111,0.3643,0.3581,30,0,0,4799.997,0.0,19600.0,0.0,40078.02,-10293.751,738.5,0.0,0.0,-3200.0,35.214,-5215.041,0.0,-20970.0,1200.0,-9840.0,0.0,0.0,0.0,0.0,0.0,-4788.0,0.0,-20644.333,1.14422,6.43244,-0.17458,1.83689,-0.61687,0.89115,0.0,0.0,-0.52984,1.90519,73.413,-16420.986,19600.0,0.0,62222.689,-25446.76,-0.34057,1.98088,0.40833,6.37704,0.76617,2.35254,0.23412,1.46773,0.00408,100.0,0.99581,1.83413,0.0,-264.2254,278.4091,0.0,2236.7739,-1945.8917,-349.933,3961,62,2930,7880,451,1165,1393,10889,1843,5827,3218,1,7877,1847,1164,1,1512,4751,623,0.1692533749655616,0.7233905776471669,10860,2755,502,-29.254,64477.332,29.795,1170.0,0.0,0.0,-9554.562,-8409.622,-30780.0,0.0,-25432.333,64477.332,29.795,1170.0,0.0,0.0,-9554.562,-8409.622,-30780.0,0.0,-25432.333,0,764,50,0,50,0,0,0,7226,5,39,3,34,2,0.918918918918919,8,561,71,52,9,3200,6481,6481,18348,18348,10592,3018,2812,2812,83,0,11432,1261,0,0,5681,571,126,11555,97086,60.25894567702861,2.4157906432148777,37.195888181612176,2.2170029496271306,29.686051541931896,6.616813958758215,2.6324555011970436,196,246,186,186,60.0,169.81720430107526,47.25806451612903,0.0,0,120,3,1.575268817204301,0,34,0,75,54,38,29,54.18279569892473,442.9450287755507,0.4424928315412186,60,0.0011551143537963072,0.004843991504167207,0.008442808929539752,-0.037940874639898536,0.23996045365929602,0.38019226283882745,9.256944285255031e-05,-0.12482059370726346,2.0,,2.0,,15.5,,0.0,,27.0,
25,50_5_5_10_5_2,50_5_5_10_5_2_StartGoalLocations_Seed11.csv,60,-10665.029452562332,195,0.7894736842105263,37,36,35,37,1,34,0,785,39,748,0.049681528662420385,0.20590625846654023,6.408298226408818,0,0,0,0.19335416666666666,0.6806076519129782,30.946239948272705,,44,60,,27.28,,52.86,,32.8,,28.0,1770,1.0,5.97,0,17,0.96,379,0,170,0,0,33,70,2570,0,889,657,1024,0,111,0.3459,0.2556,51,3,0,4799.997,0.0,19500.0,0.0,40181.471,-11650.062,532.0,0.0,0.0,-3800.0,25.656,-4776.428,0.0,-21420.0,240.0,-9120.0,0.0,0.0,0.0,0.0,0.0,-4521.0,0.0,-20656.667,1.11174,6.42249,-0.17814,1.99816,-0.63125,0.7808,0.0,0.0,-0.52453,1.88758,8.0,-15038.998,19500.0,0.0,62767.625,-24998.67,-0.31315,2.10567,0.40625,6.36081,0.78685,2.30676,0.20481,1.53057,0.00406,100.0,0.99577,1.83623,0.0,-263.9056,276.9886,0.0,2214.986,-1992.9435,-366.963,2772,130,2048,6059,610,1527,1408,9604,1698,4949,2957,0,6043,2027,1534,0,1694,2968,686,0.17680133277800916,0.6292169929196169,9574,2565,398,-16.774,64163.212,20.115,240.0,0.0,0.0,-10799.803,-8570.887,-30540.0,0.0,-25177.667,64163.212,20.115,240.0,0.0,0.0,-10799.803,-8570.887,-30540.0,0.0,-25177.667,0,778,52,0,52,0,0,0,5204,5,34,2,32,0,0.9411764705882353,4,353,71,44,9,3200,6425,6425,11248,11248,9859,3094,1731,1731,81,0,11558,1370,0,0,5623,302,164,6935,96742,56.27235326952099,2.275647972960561,33.893241818444935,2.001986433006431,27.15573380744661,5.193194269293585,2.665676982223745,195,247,187,187,60.0,169.951871657754,53.32620320855615,0.0,0,120,3,1.5561497326203209,0,27,0,77,44,44,30,55.0,436.3636363636364,0.44687499999999997,60,0.0011556548110729637,0.0049315607626340355,0.008798051645571832,-0.04177998599596321,0.24740812465548515,0.381874099135166,8.61309240559649e-05,-0.13412009103223682,15.0,1.0,43.21,8.46,49.94,20.0,129.9,170.0,175.1,194.0
26,50_5_5_10_5_2,50_5_5_10_5_2_StartGoalLocations_Seed18.csv,60,4757.958984971046,222,0.8043478260869565,25,34,25,25,0,34,5,795,37,770,0.04654088050314465,0.1573803967327888,7.024638338721164,0,0,0,0.12308333333333334,0.7178899082568807,30.141753349701563,,56,60,,29.32,,54.27,,21.6,,19.4,1770,0.56,7.23,0,9,0.51,267,0,128,0,0,29,72,2599,0,974,684,941,0,205,0.3748,0.2632,53,3,0,4799.997,0.0,22200.0,0.0,46020.895,-11434.753,791.0,0.0,0.0,-2700.0,36.017,-3365.7,0.0,-22080.0,2700.0,-8880.0,0.0,0.0,0.0,0.0,0.0,-2650.5,0.0,-20679.0,1.29952,6.83089,-0.12562,1.68553,-0.58875,1.04863,0.0,0.0,-0.48603,1.88408,122.64,-10582.331,22200.0,0.0,72288.649,-23885.058,-0.21791,1.78446,0.4625,6.78499,1.00841,2.35205,0.14335,1.55573,0.00462,100.0,0.99529,2.0131,0.0,-189.1296,315.3409,0.0,2541.6227,-1853.1859,-371.647,1119,35,545,3120,621,1344,1607,6692,831,3664,2191,6,3113,2231,1342,6,1020,1470,460,0.12417812313209803,0.4651823072325164,6678,2831,598,-43.492,72984.559,32.862,2580.0,0.0,0.0,-10607.417,-6062.545,-30840.0,0.0,-23329.5,72984.559,32.862,2580.0,0.0,0.0,-10607.417,-6062.545,-30840.0,0.0,-23329.5,0,906,54,0,54,0,0,0,2981,5,34,2,32,0,0.9411764705882353,4,243,59,30,6,3200,4134,4134,5480,5480,10763,3597,1784,1784,141,0,7598,477,0,0,6749,167,18,2725,96386,50.9783578528002,1.8608555845001629,27.900317473492002,1.6909995098900916,21.32363621272799,3.380158944245015,2.8224590084172627,222,276,216,216,60.0,171.98611111111111,48.0787037037037,0.0,0,120,3,1.5601851851851851,0,42,0,81,47,58,36,56.06944444444444,428.04062422591034,0.5186423611111111,60,0.001198304340878167,0.004875007600348908,0.009433522363251541,-0.04241632065270096,0.2600515862926841,0.39576723352176485,8.461681588869396e-05,-0.14141100265085696,4.0,,41.67,,50.0,,59.8,,55.8,
27,50_5_5_10_5_2,50_5_5_10_5_2_StartGoalLocations_Seed12.csv,60,-9093.34224140644,189,0.8008474576271186,52,38,47,52,0,33,1,785,38,733,0.048407643312101914,0.23583607787551591,6.2248463374113925,0,0,0,0.2035625,0.6785617509119333,23.929680260022483,15.0,39,60,21.07,25.59,45.6,46.26,102.8,19.8,153.6,25.9,1770,0.65,6.22,0,10,0.56,384,0,205,0,0,42,101,2787,0,1068,614,1105,0,307,0.3832,0.2203,31,0,0,4799.997,0.0,18900.0,0.0,40624.977,-11308.224,1221.5,0.0,0.0,-5700.0,36.447,-5293.042,0.0,-21000.0,1140.0,-7920.0,0.0,0.0,0.0,0.0,0.0,-3925.0,0.0,-20670.0,1.12996,6.32806,-0.22826,2.43833,-0.57875,0.81166,0.0,0.0,-0.5124,1.89161,31.14,-18342.352,18900.0,0.0,63643.793,-25984.641,-0.38148,2.54564,0.39375,6.26258,0.78457,2.37523,0.2361,1.62124,0.00394,100.0,0.99577,1.87519,0.0,-345.496,268.4659,0.0,2279.5107,-1939.8961,-468.513,3539,92,2407,6931,499,1844,1876,11150,1809,5530,3809,2,6925,2380,1844,1,2098,3305,1072,0.16224215246636772,0.6210762331838565,11104,3737,504,-5.383,64714.097,25.682,1110.0,0.0,0.0,-10475.844,-10982.277,-28890.0,0.0,-24595.0,64714.097,25.682,1110.0,0.0,0.0,-10475.844,-10982.277,-28890.0,0.0,-24595.0,0,858,47,0,47,0,0,0,6887,5,33,1,32,0,0.9696969696969697,1,398,85,55,6,3200,8207,8207,15036,15036,11868,3404,3463,3463,121,0,11805,844,0,0,6303,377,23,6150,96885,59.00810238943077,2.5033059296834006,37.86860711152397,2.2224036843832145,29.734220983640398,6.656345151468235,2.572098028325465,189,236,176,176,60.0,187.07386363636363,59.25568181818182,0.0,0,120,3,1.5511363636363635,0,30,0,77,41,39,32,57.65909090909091,416.2396531336224,0.45406534090909084,60,0.001150883023365168,0.004947507124161348,0.009203111011593136,-0.045152255916036665,0.2762796421162784,0.41077738986670737,9.274482333466949e-05,-0.14967904660850764,6.0,,20.28,,55.17,,23.7,,49.8,
28,50_5_5_10_5_2,50_5_5_10_5_2_StartGoalLocations_Seed0.csv,60,-4240.59211909771,209,0.8132295719844358,40,34,38,40,0,32,0,792,35,752,0.04419191919191919,0.22858869875148508,6.4082648321939635,0,0,0,0.16552083333333334,0.7100962941348118,28.94267724355062,14.0,45,60,21.14,30.52,43.64,52.04,61.4,13.7,92.9,22.8,1770,1.21,6.47,0,11,0.62,301,0,165,0,0,38,79,2515,0,950,602,963,0,100,0.3777,0.2394,72,1,0,4799.997,0.0,20900.0,0.0,42990.039,-11307.382,938.0,0.0,0.0,-4250.0,38.12,-5358.37,0.0,-21600.0,240.0,-7920.0,0.0,0.0,0.0,0.0,0.0,-3044.0,0.0,-20667.0,1.21501,6.63744,-0.19938,2.11073,-0.61,0.72657,0.0,0.0,-0.49398,1.87682,3.6,-16332.0,20900.0,0.0,66424.403,-24997.165,-0.34018,2.21558,0.43542,6.58423,0.86307,2.36352,0.22102,1.53979,0.00435,100.0,0.9954,1.91343,0.0,-293.1199,296.875,0.0,2387.2268,-1878.1034,-498.014,2398,58,1474,5939,729,1882,1885,10435,1322,5988,3125,0,5928,2619,1888,0,1946,2793,902,0.126689027311931,0.5680881648298993,10402,4069,658,-75.849,68778.833,31.109,240.0,0.0,0.0,-10458.176,-9601.359,-29520.0,0.0,-23711.0,68778.833,31.109,240.0,0.0,0.0,-10458.176,-9601.359,-29520.0,0.0,-23711.0,0,1314,48,0,48,0,0,0,5438,5,32,1,30,1,0.967741935483871,2,297,72,48,5,3200,4334,4334,12726,12726,15549,5219,3754,3754,151,0,8694,923,0,0,6713,267,0,4565,96632,57.11669012335458,2.345804721613248,35.89183707260535,2.271053296089493,27.92139249937909,5.241534895272787,2.6219561913939438,209,257,197,197,60.0,180.69543147208122,53.52791878172589,0.0,0,120,3,1.619289340101523,0,38,0,78,53,37,41,58.2994923857868,411.6673922507619,0.50769141285956,60,0.0012084296000284666,0.005165706103725825,0.009783606030396186,-0.049225451857782904,0.29108045183122155,0.42269003579451236,9.562006862893214e-05,-0.15792707469314338,1.0,,67.0,,82.0,,0.0,,26.0,
29,50_5_5_10_5_2,50_5_5_10_5_2_StartGoalLocations_Seed2.csv,60,-3885.7223851680756,204,0.8063241106719368,22,43,21,22,0,42,1,800,44,778,0.055,0.16908393765107943,6.715102175191108,0,0,0,0.1615,0.7181261201183678,24.048419048388798,,55,60,,24.79,,46.73,,22.2,,17.6,1770,1.14,7.5,0,7,0.4,399,0,173,0,0,39,89,3070,0,1133,599,1338,0,141,0.3691,0.1951,44,1,0,4799.997,0.0,20400.0,0.0,43874.515,-12088.397,682.5,0.0,0.0,-2200.0,30.867,-3843.208,0.0,-22080.0,660.0,-10320.0,0.0,0.0,0.0,0.0,0.0,-3172.0,0.0,-20630.0,1.20143,6.56362,-0.12526,1.52638,-0.66125,0.86761,0.0,0.0,-0.49588,1.86851,18.0,-11722.684,20400.0,0.0,67472.349,-24947.265,-0.24385,1.64004,0.425,6.50533,0.88594,2.33878,0.16719,1.46301,0.00425,100.0,0.9956,1.93391,0.0,-189.6529,289.7727,0.0,2393.2046,-1897.9691,-355.593,1788,74,1113,4222,547,1357,1669,7795,852,4448,2486,9,4220,2218,1355,2,1563,2054,469,0.10930083386786402,0.5413726747915331,7778,2632,513,-31.157,68891.456,27.956,630.0,0.0,0.0,-11222.837,-6040.296,-32370.0,0.0,-23802.0,68891.456,27.956,630.0,0.0,0.0,-11222.837,-6040.296,-32370.0,0.0,-23802.0,0,959,49,0,49,0,0,0,3903,5,42,1,41,0,0.9761904761904762,2,405,64,44,5,3200,4425,4425,7938,7938,11725,3795,2493,2493,100,0,8082,693,0,0,6773,306,0,4835,96913,55.075170513759765,2.00535831381733,34.35658786746876,1.7878622422727226,26.806517185516906,3.808570573607256,2.8224719966126486,204,253,193,193,60.0,186.9378238341969,56.24352331606217,0.0,0,120,3,1.6476683937823835,0,30,0,69,54,47,34,57.01036269430052,420.9760974279742,0.4845880829015544,60,0.0013566958157571207,0.005317186165193562,0.009839131757616996,-0.05278063809499144,0.3006076230481267,0.4323358660296071,9.64645245369411e-05,-0.16502097711898386,4.0,1.0,19.34,2.19,53.5,56.0,94.5,62.0,107.2,38.0
30,50_5_5_10_5_2,50_5_5_10_5_2_StartGoalLocations_Seed1.csv,60,-958.636064350605,207,0.7931034482758621,34,31,33,34,1,30,0,787,32,753,0.04066073697585769,0.178695733727934,6.77712898142795,0,0,0,0.16175,0.7182394131377126,28.821329720815022,20.0,37,60,29.0,27.68,54.75,53.41,91.7,6.8,105.8,6.9,1770,1.0,6.12,0,14,0.79,305,0,143,0,0,38,82,2523,0,969,582,972,0,124,0.3841,0.2307,29,1,0,4799.997,0.0,20700.0,0.0,44863.695,-11642.282,668.5,0.0,0.0,-3400.0,29.472,-4039.689,0.0,-21690.0,120.0,-7680.0,0.0,0.0,0.0,0.0,0.0,-3022.0,0.0,-20666.333,1.23729,6.60632,-0.15438,1.88967,-0.60938,0.71035,0.0,0.0,-0.49351,1.894,1.4,-12893.867,20700.0,0.0,69841.753,-25141.74,-0.26859,1.98834,0.43125,6.55279,0.93125,2.37705,0.1741,1.54305,0.00431,100.0,0.99521,1.98835,0.0,-229.7888,294.0341,0.0,2491.3825,-1908.4349,-337.755,2008,52,1353,4750,506,1423,1457,8136,888,4386,2861,1,4744,1966,1426,0,1774,2328,544,0.10914454277286136,0.5830875122910522,8112,2686,431,-9.75,70191.761,24.317,120.0,0.0,0.0,-10801.847,-7434.533,-29370.0,0.0,-23688.333,70191.761,24.317,120.0,0.0,0.0,-10801.847,-7434.533,-29370.0,0.0,-23688.333,0,803,54,0,54,0,0,0,4371,5,30,1,29,0,0.9666666666666667,2,308,64,44,7,3200,4294,4294,10234,10234,10625,3188,1696,1696,72,0,9078,1235,0,0,7349,258,21,4420,96600,53.489648033126294,2.3336300826382304,31.800207039337476,1.8541350930518472,25.282608695652176,3.572463768115942,2.854808991524383,207,261,201,201,60.0,176.82587064676616,51.49751243781095,0.0,0,120,3,1.5970149253731343,0,32,0,79,43,47,38,59.60696517412935,402.6375093898673,0.5141100746268656,60,0.0013515378177271487,0.004889536945556756,0.010075049879960716,-0.0537865552585572,0.30124694284051656,0.41317564781405963,9.394167962568644e-05,-0.17446050940081478,2.0,1.0,34.5,56.0,75.0,76.0,34.5,0.0,64.0,0.0
31,50_5_5_10_5_2,50_5_5_10_5_2_StartGoalLocations_Seed7.csv,60,-5222.405455708504,195,0.8091286307053942,38,33,38,38,1,33,2,758,33,720,0.04353562005277045,0.21618692290055652,6.459809083984198,0,0,0,0.17572916666666666,0.6966697232410803,25.223425863186517,6.0,51,60,24.5,25.44,30.83,46.76,93.8,29.2,99.5,34.7,1770,0.6,6.85,0,9,0.51,329,0,157,0,0,38,81,2731,0,852,699,1180,0,107,0.312,0.256,30,0,0,4799.997,0.0,19500.0,0.0,42346.562,-12204.48,619.5,0.0,0.0,-3800.0,37.893,-4826.716,0.0,-20610.0,1080.0,-8160.0,0.0,0.0,0.0,0.0,0.0,-3370.5,0.0,-20634.667,1.14712,6.42382,-0.17893,1.99717,-0.57688,0.86784,0.0,0.0,-0.50011,1.87118,76.64,-14704.496,19500.0,0.0,63820.729,-25654.337,-0.30475,2.10189,0.40625,6.36081,0.79513,2.32759,0.19996,1.54002,0.00406,100.0,0.99583,1.87186,0.0,-262.0401,276.9886,0.0,2310.789,-1924.7079,-425.977,2486,86,1687,5332,700,1620,1708,9360,1251,5116,2993,0,5327,2414,1619,0,1696,2521,850,0.13365384615384615,0.5691239316239316,9334,3428,576,-49.966,66372.967,32.151,1050.0,0.0,0.0,-11311.384,-8620.973,-28740.0,0.0,-24005.167,66372.967,32.151,1050.0,0.0,0.0,-11311.384,-8620.973,-28740.0,0.0,-24005.167,0,1125,46,0,46,0,0,0,4834,5,33,1,32,0,0.9696969696969697,1,321,71,46,9,3200,5296,5296,10335,10335,13857,4464,3101,3101,100,0,10815,599,0,0,7449,263,85,5410,96693,57.5005429555397,2.3715894170758465,35.74095332650761,1.9937527972515285,27.746579380099902,5.608472174821342,2.6951060419695105,195,241,181,181,60.0,190.77348066298342,61.32596685082873,0.0,0,120,3,1.569060773480663,0,30,0,74,40,38,43,57.71270718232044,415.85295807007464,0.46891574585635365,60,0.0012461459440328325,0.004658955218910705,0.010464664503233507,-0.055010945424437525,0.30826943401247264,0.41203793694432533,8.312074084756205e-05,-0.18387139575555922,2.0,1.0,2.5,64.0,12.0,70.0,15.0,0.0,47.5,0.0
32,50_5_5_10_5_2,50_5_5_10_5_2_StartGoalLocations_Seed8.csv,60,-2266.5209403038025,209,0.8132295719844358,38,39,35,38,0,36,0,784,39,746,0.04974489795918367,0.2040803567707248,6.612580028712697,0,0,0,0.17289583333333333,0.7216838595394394,24.56993251244227,7.0,52,60,17.0,25.83,38.76,48.58,36.7,6.0,90.9,15.7,1770,0.78,6.72,0,9,0.51,424,0,198,0,0,43,91,3241,0,1031,864,1346,0,229,0.3181,0.2666,54,0,0,4799.997,0.0,20900.0,0.0,43963.702,-10854.709,1046.5,0.0,0.0,-3800.0,45.096,-4783.443,0.0,-21300.0,360.0,-8640.0,0.0,0.0,0.0,0.0,0.0,-3377.0,0.0,-20626.667,1.24699,6.63538,-0.17788,1.99519,-0.61625,0.75968,0.0,0.0,-0.50008,1.87414,10.2,-14995.43,20900.0,0.0,64965.239,-25702.848,-0.31219,2.10939,0.43542,6.58423,0.81797,2.34201,0.19498,1.60334,0.00435,100.0,0.99533,1.89777,0.0,-257.9747,296.875,0.0,2433.366,-1853.2615,-376.034,2602,85,1833,5511,627,1427,1593,9158,998,5144,2998,18,5506,2220,1427,5,2157,2615,500,0.108975758899323,0.6012229744485695,9139,3069,567,-53.616,69925.178,35.068,360.0,0.0,0.0,-10069.685,-8573.415,-29940.0,0.0,-24003.667,69925.178,35.068,360.0,0.0,0.0,-10069.685,-8573.415,-29940.0,0.0,-24003.667,0,938,48,0,48,0,0,0,5100,5,36,1,35,0,0.9722222222222222,2,406,74,47,5,3200,6618,6618,10157,10157,12355,3718,2769,2769,51,0,8575,814,0,0,6935,354,0,5315,96912,55.8568598315998,2.1084386314933865,33.41691431401684,1.909471593175261,25.60776787188377,5.984810962522701,2.5733166780835717,209,257,197,197,60.0,189.12690355329948,66.84263959390863,0.0,0,120,3,1.5685279187817258,0,39,0,71,47,48,43,57.04060913705584,420.75286998309156,0.4967286379018613,60,0.0011931374836876784,0.004511709338112268,0.010799378141527996,-0.055517206639051436,0.3122463182732463,0.41146464363089763,9.883177263418474e-05,-0.18963181963190437,1.0,,11.8,,22.0,,0.0,,3.0,
33,50_5_5_10_5_2,50_5_5_10_5_2_StartGoalLocations_Seed4.csv,60,-4321.661667346954,205,0.7915057915057915,30,39,30,30,0,39,1,800,40,770,0.05,0.20042932766454086,6.651038438030344,0,0,0,0.19275,0.7403038576162391,29.063591996828716,12.0,47,60,25.44,30.33,47.31,53.14,83.8,32.6,86.5,30.5,1770,0.88,6.65,0,10,0.56,441,0,204,0,0,45,86,2785,0,971,391,1423,0,175,0.3487,0.1404,37,1,0,4799.997,0.0,20500.0,0.0,43420.748,-11125.006,570.5,0.0,0.0,-3000.0,30.084,-4320.989,0.0,-21930.0,540.0,-9600.0,0.0,0.0,0.0,0.0,0.0,-3536.0,0.0,-20671.0,1.2118,6.5735,-0.15189,1.77743,-0.64563,0.8406,0.0,0.0,-0.50431,1.87652,36.0,-14249.551,20500.0,0.0,66461.706,-25258.728,-0.29612,1.89667,0.42708,6.52119,0.8584,2.33969,0.20777,1.43242,0.00427,100.0,0.99562,1.91924,0.0,-241.6818,291.1932,0.0,2388.9507,-1894.1367,-333.186,2877,107,2038,6388,621,1252,1496,9757,1284,5928,2540,5,6382,2121,1249,5,1709,3561,605,0.1315978272009839,0.654094496259096,9741,2635,370,38.146,68495.366,25.206,510.0,0.0,0.0,-10329.122,-7316.111,-31500.0,0.0,-24207.0,68495.366,25.206,510.0,0.0,0.0,-10329.122,-7316.111,-31500.0,0.0,-24207.0,0,879,54,0,54,0,0,0,5533,5,39,1,37,1,0.9736842105263158,2,441,69,51,6,3200,6941,6941,11203,11203,9849,3486,3410,3410,190,0,6884,523,0,0,6918,387,43,7495,96948,54.62103395634773,1.9664992257430978,33.51384247225317,1.8829391222241894,26.275941741964765,5.662829558113628,2.5851456386904292,205,259,199,199,60.0,184.21608040201005,63.09045226130653,0.0,0,120,3,1.5979899497487438,0,53,0,77,53,38,37,57.73869346733668,415.66579634464756,0.49318467336683414,60,0.001268054608926832,0.004452354650420602,0.010775902884779498,-0.056570193716324865,0.31873930733650924,0.4127009402809199,9.996283250643501e-05,-0.19647486882284285,1.0,,13.0,,26.0,,59.0,,62.0,
34,50_5_5_10_5_2,50_5_5_10_5_2_StartGoalLocations_Seed15.csv,60,-3087.717862844467,209,0.8132295719844358,34,27,34,34,0,27,1,782,31,748,0.03964194373401535,0.21815794410054398,6.413235460801746,0,0,0,0.20179166666666667,0.7191556750224001,25.1637559607625,1.0,47,60,66.0,26.18,70.0,45.0,289.0,35.2,237.0,32.5,1770,0.86,7.89,0,12,0.68,394,0,221,0,0,33,90,2757,0,965,619,1173,0,179,0.35,0.2245,54,4,0,4799.997,0.0,20900.0,0.0,42569.321,-10296.202,686.0,0.0,0.0,-3500.0,24.538,-5157.375,0.0,-21630.0,540.0,-7440.0,0.0,0.0,0.0,0.0,0.0,-3908.0,0.0,-20676.0,1.22206,6.63121,-0.17985,1.91962,-0.59437,0.77591,0.0,0.0,-0.51217,1.8788,25.5,-15641.888,20900.0,0.0,65234.524,-25052.215,-0.32534,2.0309,0.43542,6.58423,0.83713,2.33443,0.2211,1.47624,0.00435,100.0,0.99571,1.88908,0.0,-268.1767,296.875,0.0,2350.0546,-1871.4762,-403.962,2758,81,1977,6514,749,1462,1698,10423,1157,5739,3527,0,6506,2455,1462,0,1871,3962,552,0.11100450925837091,0.6241964885349708,10394,3082,481,16.05,68195.049,21.052,510.0,0.0,0.0,-9535.93,-8653.89,-29040.0,0.0,-24584.0,68195.049,21.052,510.0,0.0,0.0,-9535.93,-8653.89,-29040.0,0.0,-24584.0,0,1130,48,0,48,0,0,0,6243,5,27,2,25,0,0.9259259259259259,4,371,61,42,6,3200,6414,6414,13645,13645,13002,4477,3887,3887,217,0,11114,988,0,0,6223,324,71,6650,96848,56.272716008590784,2.708233178590433,36.4127292251776,2.9315259123949273,29.114695192466545,5.3568478440442755,2.5300209242117955,209,257,197,197,60.0,173.9035532994924,58.93908629441624,0.0,0,120,3,1.649746192893401,0,46,0,81,51,34,43,56.35532994923858,425.86921275445866,0.4907609983079526,60,0.0012566854162378148,0.004216617157508154,0.011346904633101076,-0.059352092542685565,0.32539939377456906,0.3877154020243324,0.00011052802179221999,-0.2039617281034589,12.0,,17.79,,32.17,,131.2,,127.8,
35,50_5_5_10_5_2,50_5_5_10_5_2_StartGoalLocations_Seed20.csv,60,-9780.768472671509,194,0.8117154811715481,63,28,61,63,1,26,0,790,28,727,0.035443037974683546,0.27400829633335416,6.002250918383724,0,0,0,0.227625,0.7031149078028961,21.081360483169554,,58,60,,21.24,,41.53,,46.6,,66.6,1770,1.05,6.88,0,5,0.28,474,0,249,0,0,37,103,2441,0,957,451,1033,0,228,0.3921,0.1848,37,0,0,4799.997,0.0,19400.0,0.0,40304.07,-10288.752,1029.0,0.0,0.0,-6650.0,50.227,-6468.147,0.0,-21030.0,240.0,-6480.0,0.0,0.0,0.0,0.0,0.0,-4088.5,0.0,-20598.667,1.15092,6.40096,-0.27225,2.63148,-0.56812,0.66805,0.0,0.0,-0.51432,1.87036,5.4,-21137.6,19400.0,0.0,60908.205,-26115.484,-0.44025,2.7407,0.40417,6.34455,0.72485,2.35935,0.26506,1.66179,0.00404,100.0,0.99592,1.82043,0.0,-392.5581,275.5682,0.0,2233.0691,-1869.8032,-461.245,3992,60,2873,8234,622,1758,1847,12461,2016,6695,3750,0,8226,2482,1753,0,2617,3914,915,0.16178476847765028,0.6601396356632694,12401,3836,609,-9.219,64761.377,35.31,240.0,0.0,0.0,-9517.06,-13103.229,-27510.0,0.0,-24687.167,64761.377,35.31,240.0,0.0,0.0,-9517.06,-13103.229,-27510.0,0.0,-24687.167,0,1062,45,0,45,0,0,0,7307,5,26,3,23,0,0.8846153846153846,4,394,89,53,5,3200,6522,6522,16975,16975,13805,4219,4390,4390,259,0,13965,1331,0,0,5823,391,0,7505,97207,60.14278807081794,2.6111557737372357,38.00240723404693,2.428223763074794,28.8178834857572,6.4913020667235894,2.54906650483704,194,239,179,179,60.0,183.65921787709496,62.614525139664806,0.0,0,120,3,1.452513966480447,0,44,0,68,44,47,35,55.770949720670394,430.33156365821895,0.45081517690875234,60,0.001239466289871416,0.0038949139762553386,0.011269787878845819,-0.06239773094188422,0.33079242952167986,0.421427527102569,0.00012461352919331147,-0.21200802966952323,2.0,,16.5,,49.0,,88.5,,149.0,
36,50_5_5_10_5_2,50_5_5_10_5_2_StartGoalLocations_Seed1.csv,60,222.86982488632202,207,0.8054474708171206,41,30,39,41,0,28,0,774,31,733,0.040051679586563305,0.1994038934511651,6.673635904261055,0,0,0,0.1515625,0.7200166718766281,26.98360978513956,1.0,55,60,69.0,25.85,76.0,47.38,38.0,22.5,88.0,31.4,1770,0.72,6.54,0,10,0.56,328,0,169,0,0,34,78,3107,0,1051,508,1548,0,290,0.3383,0.1635,34,1,0,4799.997,0.0,20700.0,0.0,45284.205,-11738.566,1015.0,0.0,0.0,-4250.0,33.866,-4446.969,0.0,-21150.0,240.0,-6960.0,0.0,0.0,0.0,0.0,0.0,-2656.0,0.0,-20648.667,1.25126,6.60781,-0.18048,2.10877,-0.58062,0.69151,0.0,0.0,-0.48551,1.87453,4.8,-14461.721,20700.0,0.0,68957.737,-25473.57,-0.30119,2.20617,0.43125,6.55279,0.90592,2.35974,0.18915,1.5934,0.00431,100.0,0.99569,1.97584,0.0,-268.5551,294.0341,0.0,2504.5016,-1861.303,-410.942,2211,58,1460,4898,643,1595,1767,8903,948,5097,2843,15,4889,2415,1594,5,1989,2248,547,0.10648096147366057,0.5491407390767157,8861,3157,604,-44.682,70945.994,26.055,240.0,0.0,0.0,-10885.354,-8689.159,-28110.0,0.0,-23304.667,70945.994,26.055,240.0,0.0,0.0,-10885.354,-8689.159,-28110.0,0.0,-23304.667,0,948,50,0,50,0,0,0,4695,5,28,4,24,0,0.8571428571428571,5,290,69,44,6,3200,7080,7080,9150,9150,12698,3768,1788,1788,112,0,8833,725,0,0,7635,251,33,4195,96630,54.74076373796957,2.04471037507562,34.516195798406294,1.8971687908114536,26.60664389941012,5.395839801303943,2.6682224815246984,207,257,197,197,60.0,190.0507614213198,62.71573604060914,0.0,0,120,3,1.649746192893401,0,48,0,73,49,46,39,60.766497461928935,394.95447331050036,0.524111040609137,60,0.0013178944624360157,0.0038296208399697207,0.012067850040039048,-0.06381019484251738,0.3377806268632412,0.4298310373664208,0.0001275098706088329,-0.21742376687005163,4.0,,32.04,,50.75,,0.0,,25.8,
37,50_5_5_10_5_2,50_5_5_10_5_2_StartGoalLocations_Seed16.csv,60,-16007.898514270782,169,0.7788018433179723,44,31,43,44,0,30,0,800,31,756,0.03875,0.2831360453484495,5.886857909327645,0,0,0,0.2682083333333333,0.7195556574477397,27.138658325374127,1.0,44,60,4.0,29.35,13.0,49.25,136.0,63.5,110.0,76.8,1770,1.0,5.57,0,27,1.53,482,0,226,0,0,40,84,2386,0,738,475,1173,0,127,0.3093,0.1991,43,0,0,4799.997,0.0,16900.0,0.0,38595.973,-10775.038,518.0,0.0,0.0,-4800.0,33.33,-6972.165,0.0,-21780.0,120.0,-7200.0,0.0,0.0,0.0,0.0,0.0,-4772.0,0.0,-20676.0,1.04248,5.98991,-0.24456,2.24375,-0.60125,0.68584,0.0,0.0,-0.53017,1.89999,4.72,-20574.032,16900.0,0.0,60662.578,-26426.473,-0.42853,2.36532,0.35208,5.92321,0.71325,2.36614,0.28429,1.50804,0.00352,100.0,0.99646,1.8208,0.0,-350.8851,240.0568,0.0,2143.1847,-1977.9883,-400.359,4475,84,3645,9229,961,1621,1664,13475,1498,8252,3724,1,9225,2629,1620,1,2640,5328,1008,0.11116883116883117,0.6846011131725418,13438,3335,485,-8.522,60013.387,26.402,120.0,0.0,0.0,-9974.451,-11765.237,-28980.0,0.0,-25448.0,60013.387,26.402,120.0,0.0,0.0,-9974.451,-11765.237,-28980.0,0.0,-25448.0,0,1254,48,0,48,0,0,0,7870,5,30,2,28,0,0.9333333333333333,5,460,74,46,8,3200,9565,9565,16574,16574,14179,4971,4317,4317,165,0,9809,1007,0,0,5666,449,59,9105,97174,62.019676045032625,2.3762092023827304,40.83499701566262,2.600523522910018,32.57661514396855,7.995965999135572,2.4459502148091987,169,217,157,157,60.0,192.95541401273886,68.6624203821656,0.0,0,120,3,1.624203821656051,0,32,0,64,40,40,25,60.910828025477706,394.01861340583497,0.4289137473460722,60,0.0014176308983132912,0.0037683075352106243,0.012250761849572881,-0.06552136759739369,0.3395822562649846,0.4285119452473009,0.00016179075285663202,-0.22640075374394655,13.0,2.0,23.49,13.75,46.77,48.0,95.8,259.0,133.9,284.5
38,50_5_5_10_5_2,50_5_5_10_5_2_StartGoalLocations_Seed7.csv,60,-3696.559629917145,208,0.803088803088803,56,25,54,56,0,23,0,800,25,744,0.03125,0.22164550893210763,6.443000530528748,0,0,0,0.17929166666666665,0.7036627822135129,26.861123861869178,19.0,40,60,23.24,28.73,43.32,45.65,57.9,23.7,87.6,30.4,1770,0.95,6.33,0,8,0.45,320,0,193,0,0,32,95,3160,0,1149,406,1605,0,252,0.3636,0.1285,33,0,0,4799.997,0.0,20800.0,0.0,43140.422,-11316.183,864.5,0.0,0.0,-5800.0,34.553,-5464.685,0.0,-21630.0,240.0,-5520.0,0.0,0.0,0.0,0.0,0.0,-3187.5,0.0,-20657.667,1.21435,6.62233,-0.23396,2.46101,-0.56063,0.61726,0.0,0.0,-0.49677,1.88045,8.0,-17983.035,20800.0,0.0,67248.078,-25322.297,-0.37448,2.56196,0.43333,6.56853,0.87345,2.36261,0.22704,1.65086,0.00433,100.0,0.99544,1.93739,0.0,-340.1225,295.4545,0.0,2395.8718,-1890.5246,-388.201,3210,68,2229,6651,641,1568,1847,10707,1872,5511,3323,1,6639,2503,1564,1,2200,2915,833,0.17483889044550294,0.6200616419165033,10657,3279,489,6.903,68779.62,25.822,240.0,0.0,0.0,-10490.881,-11255.954,-27150.0,0.0,-23845.167,68779.62,25.822,240.0,0.0,0.0,-10490.881,-11255.954,-27150.0,0.0,-23845.167,0,1088,51,0,51,0,0,0,6278,5,23,1,21,1,0.9545454545454546,2,266,79,47,7,3200,7897,7897,12307,12307,12927,4324,3169,3169,108,0,10771,1725,0,0,7377,277,43,5095,96686,57.94013611070889,2.132416993930739,37.31977742382558,2.124881620737711,28.582214591564444,5.668866226754649,2.5894698751583136,208,259,199,199,60.0,182.643216080402,63.231155778894475,0.0,0,120,3,1.4572864321608041,0,55,0,75,45,48,40,56.62311557788945,423.85516506922255,0.49073366834170856,60,0.0014473130683745694,0.0038418678115704095,0.012669587900745682,-0.06944963903166354,0.34051301568746567,0.42662695422346586,0.00014826570091258873,-0.23604459872469305,,1.0,,21.0,,25.0,,0.0,,7.0
39,50_5_5_10_5_2,50_5_5_10_5_2_StartGoalLocations_Seed13.csv,60,-7341.191577911377,184,0.7896995708154506,36,34,36,36,0,34,2,789,35,753,0.044359949302915085,0.21348923487359053,6.403332109629458,0,0,0,0.2065625,0.7228184982181189,25.28699630747239,5.0,51,60,26.4,25.08,44.8,46.18,119.0,25.6,148.0,33.4,1770,0.72,6.7,0,6,0.34,414,0,202,0,0,39,86,2666,0,873,556,1237,0,215,0.3275,0.2086,44,1,0,4799.997,0.0,18400.0,0.0,41960.532,-11107.891,574.0,0.0,0.0,-3700.0,31.229,-4861.062,0.0,-21570.0,1080.0,-8400.0,0.0,0.0,0.0,0.0,0.0,-3886.0,0.0,-20662.0,1.13806,6.24072,-0.1777,1.9716,-0.60188,0.87102,0.0,0.0,-0.51142,1.87192,54.0,-15437.623,18400.0,0.0,66030.623,-25048.037,-0.32049,2.08221,0.38333,6.17951,0.8538,2.35859,0.2161,1.49346,0.00383,100.0,0.99587,1.90533,0.0,-268.5059,261.3636,0.0,2299.4656,-1906.4003,-353.752,3142,85,2178,6218,669,1555,1715,10157,1479,5724,2952,2,6212,2390,1555,0,2326,2605,758,0.14561386236093335,0.6115979127695186,10118,2950,394,19.79,64928.079,26.067,1050.0,0.0,0.0,-10301.438,-8555.9,-29940.0,0.0,-24548.0,64928.079,26.067,1050.0,0.0,0.0,-10301.438,-8555.9,-29940.0,0.0,-24548.0,0,819,50,1,49,0,0,0,5947,5,34,0,34,0,1.0,0,389,70,48,6,3200,7990,7990,12014,12014,10890,3250,2496,2496,128,0,14009,1244,0,0,7293,332,13,6105,96934,59.21039057503043,2.1911839010366756,37.245961169455505,1.9200858252357145,28.907297748983844,6.2258856541564365,2.628100353306449,184,233,173,173,60.0,200.36994219653178,66.52023121387283,0.0,0,120,3,1.6647398843930636,0,39,0,73,37,35,39,60.72832369942196,395.20274129069105,0.4655838150289017,60,0.0014725493777405063,0.003947032561991364,0.01278738678083755,-0.07481516951695084,0.34039243057370183,0.44979879465186967,0.00014434660319579963,-0.24487932965159417,4.0,,26.58,,33.5,,46.2,,106.0,
40,50_5_5_10_5_2,50_5_5_10_5_2_StartGoalLocations_Seed4.csv,60,-2242.0354244709015,202,0.8211382113821138,36,28,35,36,1,27,0,795,28,759,0.03522012578616352,0.1979785349588413,6.6085766820293905,0,0,0,0.16947916666666665,0.7331791377549958,23.549988171458246,18.0,39,60,17.49,26.46,37.66,48.05,74.9,12.1,73.3,10.6,1770,0.91,5.68,0,9,0.51,259,0,147,0,0,29,91,3375,0,1142,546,1687,0,207,0.3384,0.1618,37,0,0,4799.997,0.0,20200.0,0.0,44295.531,-11559.292,896.0,0.0,0.0,-3600.0,31.585,-4858.694,0.0,-21960.0,120.0,-6720.0,0.0,0.0,0.0,0.0,0.0,-3239.5,0.0,-20647.667,1.22151,6.52995,-0.17556,1.94489,-0.595,0.66312,0.0,0.0,-0.49765,1.89038,1.401,-14386.198,20200.0,0.0,67159.597,-26256.038,-0.29968,2.04821,0.42083,6.4735,0.85216,2.40565,0.1985,1.51003,0.00421,100.0,0.99567,1.95463,0.0,-252.7153,286.9318,0.0,2465.4613,-1908.5999,-336.135,2713,97,2064,5617,751,1392,1534,9294,1040,5602,2651,1,5609,2294,1390,1,1684,2966,720,0.11190015063481816,0.6035076393372067,9271,2637,513,-34.312,69354.368,25.39,120.0,0.0,0.0,-10722.128,-8452.499,-28680.0,0.0,-23887.167,69354.368,25.39,120.0,0.0,0.0,-10722.128,-8452.499,-28680.0,0.0,-23887.167,0,925,44,0,44,0,0,0,4977,5,27,1,26,0,0.9629629629629629,2,278,63,37,12,3200,5459,5459,11049,11049,10008,3676,2398,2398,74,0,9903,977,0,0,6019,227,144,5595,96520,54.159759635308745,2.000306073648972,30.097389142146707,1.9492853841132352,22.967260671363448,4.631164525486946,2.611376759292674,202,246,186,186,60.0,192.8494623655914,67.34408602150538,0.0,0,120,3,1.6935483870967742,0,43,0,75,49,37,41,60.913978494623656,393.9982347749338,0.5126926523297491,60,0.0014107114269791055,0.004330753709364216,0.01314384798577521,-0.0790529558993876,0.3446117129921913,0.45832249509752726,0.000283852576424124,-0.24835975287482143,2.0,1.0,20.28,25.79,54.5,73.0,50.5,0.0,88.5,3.0
41,50_5_5_10_5_2,50_5_5_10_5_2_StartGoalLocations_Seed22.csv,60,-4496.361936807632,199,0.8089430894308943,39,38,38,39,0,37,1,800,40,761,0.05,0.2025551248384811,6.620276611168548,0,0,0,0.1834375,0.7355797282653996,25.60689896394809,2.0,55,60,37.5,26.07,44.5,45.91,164.5,35.8,253.5,36.3,1770,0.52,6.14,0,7,0.4,411,0,182,0,0,50,84,3089,0,1039,687,1363,0,107,0.3364,0.2224,58,2,0,4799.997,0.0,19900.0,0.0,43806.686,-10451.117,717.5,0.0,0.0,-4000.0,30.239,-4635.671,0.0,-21720.0,660.0,-9360.0,0.0,0.0,0.0,0.0,0.0,-3601.0,0.0,-20643.0,1.22444,6.47595,-0.17928,2.04832,-0.63375,0.84238,0.0,0.0,-0.50508,1.87351,27.075,-15325.51,19900.0,0.0,69114.214,-24682.624,-0.31872,2.15809,0.41458,6.42545,0.92566,2.35143,0.20575,1.55453,0.00415,100.0,0.9955,1.96293,0.0,-270.8704,282.6704,0.0,2415.4643,-1853.8031,-366.355,2612,77,1973,5989,839,1297,1545,9670,1234,5605,2831,0,5986,2385,1299,0,1599,3323,645,0.12761116856256463,0.6190279214064116,9645,2631,434,23.503,68462.268,24.125,630.0,0.0,0.0,-9689.198,-8629.557,-31050.0,0.0,-24244.0,68462.268,24.125,630.0,0.0,0.0,-9689.198,-8629.557,-31050.0,0.0,-24244.0,0,902,47,0,47,0,0,0,4944,5,37,1,36,0,0.972972972972973,2,386,76,55,7,3200,6047,6047,9360,9360,10111,3577,2759,2759,97,0,11973,1582,0,0,7253,366,43,7350,96976,55.532296650717704,2.045624199208958,32.05329153605015,1.8937948209042068,23.687304075235108,4.163916845405049,2.7091985546994035,199,246,186,186,60.0,191.9731182795699,61.833333333333336,0.0,0,120,3,1.5483870967741935,0,37,0,72,44,46,37,61.26881720430107,391.71639171639174,0.5080206093189964,60,0.0015916266712156357,0.00427301369869383,0.013661241745576263,-0.08010765963234007,0.35340382244437935,0.4538522941982956,9.997041537076257e-05,-0.2617508322186768,2.0,1.0,5.15,17.0,35.5,86.0,62.5,164.0,59.5,154.0
42,50_5_5_10_5_2,50_5_5_10_5_2_StartGoalLocations_Seed2.csv,60,-12218.069010138512,192,0.8067226890756303,31,40,29,31,0,38,1,788,41,757,0.05203045685279188,0.2488435090643884,6.062995891103505,0,0,0,0.25366666666666665,0.7052633772295382,25.22367909749349,10.0,46,60,19.1,25.95,43.7,42.33,72.6,68.1,53.2,58.6,1770,1.0,7.48,0,7,0.4,534,0,243,0,0,38,95,3419,0,1032,703,1684,0,345,0.3018,0.2056,60,1,0,4799.997,0.0,19200.0,0.0,38811.602,-10779.373,752.5,0.0,0.0,-3250.0,26.325,-6103.457,0.0,-21570.0,780.0,-9360.0,0.0,0.0,0.0,0.0,0.0,-4920.0,0.0,-20605.667,1.09968,6.37194,-0.19432,1.85291,-0.62813,0.84566,0.0,0.0,-0.53178,1.8741,32.4,-18275.687,19200.0,0.0,59391.6,-25787.808,-0.38007,1.98865,0.4,6.31189,0.70008,2.31874,0.2699,1.41321,0.004,100.0,0.99581,1.78203,0.0,-293.6307,272.7273,0.0,2130.4498,-1944.2176,-379.532,3848,138,3003,8620,695,1655,1776,12746,1379,7259,4107,1,8613,2473,1659,1,1746,5831,743,0.10819080495841833,0.675741409069512,12722,2989,424,21.156,62768.383,20.501,750.0,0.0,0.0,-9983.654,-9347.633,-30900.0,0.0,-25525.667,62768.383,20.501,750.0,0.0,0.0,-9983.654,-9347.633,-30900.0,0.0,-25525.667,0,990,47,1,46,0,0,0,7131,5,38,0,37,1,1.0,0,555,69,42,8,3200,9811,9811,14900,14900,10945,3920,2779,2779,70,0,10020,1004,0,0,6521,498,237,11460,97308,61.374193283183295,2.1904658249891162,39.88572368150614,1.9357378457647074,30.356188597032105,6.445513215768488,2.506110565692813,192,238,178,178,60.0,185.7078651685393,64.25842696629213,0.0,0,120,3,1.4606741573033708,0,46,0,82,37,35,38,55.837078651685395,429.8219136734078,0.44669662921348313,60,0.0016751594826382643,0.004120395039499272,0.013833247959264555,-0.08345499932765961,0.3593602890148759,0.4626126582313009,0.00010601796468336033,-0.2800100486539304,,4.0,,32.17,,45.5,,65.2,,62.8
43,50_5_5_10_5_2,50_5_5_10_5_2_StartGoalLocations_Seed21.csv,60,-4961.199994921684,198,0.7951807228915663,27,46,25,27,0,44,1,799,48,772,0.060075093867334166,0.1827672431756616,6.5869452468712435,0,0,0,0.182,0.7394530598632649,28.760890009005866,7.0,41,60,21.57,29.46,49.43,51.27,87.7,23.3,86.1,20.1,1770,0.6,6.21,0,14,0.79,435,0,197,0,0,40,86,3200,0,1030,609,1561,0,377,0.3219,0.1903,44,2,0,4799.997,0.0,19800.0,0.0,43873.065,-11378.85,962.5,0.0,0.0,-2700.0,41.17,-4309.585,0.0,-21840.0,780.0,-11040.0,0.0,0.0,0.0,0.0,0.0,-3316.5,0.0,-20633.0,1.20951,6.46712,-0.14518,1.68667,-0.66875,0.90015,0.0,0.0,-0.49895,1.87216,24.2,-13189.488,19800.0,0.0,66662.193,-25275.534,-0.27428,1.80731,0.4125,6.40936,0.86222,2.33563,0.18335,1.50138,0.00413,100.0,0.99569,1.92367,0.0,-216.0565,281.25,0.0,2414.6684,-1871.3989,-347.238,2052,46,1357,4964,748,1424,1438,8574,935,5162,2470,7,4949,2198,1420,7,1384,2807,576,0.10905061814788897,0.5772101702822486,8559,2441,397,-12.627,68614.133,34.088,750.0,0.0,0.0,-10557.418,-7002.503,-32850.0,0.0,-23949.5,68614.133,34.088,750.0,0.0,0.0,-10557.418,-7002.503,-32850.0,0.0,-23949.5,0,906,52,1,51,0,0,0,4376,5,44,0,44,0,1.0,0,424,71,42,7,3200,5433,5433,8556,8556,11530,3576,2528,2528,103,0,8951,923,0,0,7093,334,22,5265,96985,57.085116255090995,2.066631746261108,32.948394081559,1.8453530615406932,25.527658916327265,4.718255400319637,2.659988690524275,198,249,189,189,60.0,191.54497354497354,64.4920634920635,0.0,0,120,3,1.597883597883598,0,46,0,74,41,41,42,59.7989417989418,401.3448947089011,0.4933412698412698,60,0.0017648060119609,0.003916873737471178,0.014247574867331423,-0.08764168912544847,0.3615978768840432,0.44892967400868655,0.00010423456945090947,-0.2933765529282391,11.0,1.0,31.44,21.0,55.55,37.0,35.7,0.0,43.5,6.0
44,50_5_5_10_5_2,50_5_5_10_5_2_StartGoalLocations_Seed24.csv,60,-7745.5077838897705,194,0.7983539094650206,33,40,31,33,0,38,0,800,40,767,0.05,0.2205597349282097,6.517659293462632,0,0,0,0.19391666666666665,0.7172717042470721,30.71801577905814,2.0,52,60,12.5,30.96,25.0,49.39,264.5,29.7,351.0,23.5,1770,1.0,7.93,0,8,0.45,497,0,269,0,0,40,95,3134,0,963,513,1658,0,334,0.3073,0.1637,66,0,0,4799.997,0.0,19400.0,0.0,42227.496,-11333.527,535.5,0.0,0.0,-3350.0,26.194,-5171.838,0.0,-21870.0,240.0,-9120.0,0.0,0.0,0.0,0.0,0.0,-3490.0,0.0,-20639.333,1.15895,6.4024,-0.17699,1.8797,-0.64062,0.76643,0.0,0.0,-0.50269,1.86788,2.8,-16312.54,19400.0,0.0,63010.858,-25547.619,-0.33979,2.00555,0.40417,6.34455,0.78048,2.31126,0.23198,1.46523,0.00404,100.0,0.99581,1.85273,0.0,-271.1377,275.5682,0.0,2306.4342,-1889.2834,-387.525,3521,85,2417,6639,932,1608,1805,10984,1463,6219,3299,3,6623,2749,1610,2,1758,3674,862,0.13319373634377277,0.6029679533867444,10945,3124,396,15.596,66138.671,22.621,240.0,0.0,0.0,-10509.202,-8518.265,-30990.0,0.0,-24129.333,66138.671,22.621,240.0,0.0,0.0,-10509.202,-8518.265,-30990.0,0.0,-24129.333,0,1119,49,0,49,0,0,0,6867,5,38,1,37,0,0.9736842105263158,2,495,71,45,5,3200,8843,8843,14480,14480,12072,4434,2551,2551,136,0,12146,1569,0,0,6849,426,0,7170,97113,55.939987437315295,2.4232305568338703,36.26085076148404,2.5779686967846036,29.23501487957328,6.704560666440126,2.436159346271706,194,243,183,183,60.0,191.27868852459017,69.95628415300547,0.0,0,120,3,1.4918032786885247,0,43,0,70,45,43,36,59.09836065573771,406.1026352288488,0.47771174863387983,60,0.0017601560215553037,0.003644762829935644,0.01399566660344135,-0.09060355134308339,0.36191951397806404,0.45190021223417715,0.00011075326340346691,-0.3049288294091821,5.0,1.0,26.6,75.4,49.8,63.0,123.4,199.0,192.8,288.0
45,50_5_5_10_5_2,50_5_5_10_5_2_StartGoalLocations_Seed9.csv,60,-17481.176647543907,175,0.7847533632286996,48,35,43,48,0,30,1,795,35,747,0.0440251572327044,0.3205985952187415,5.654046397221841,0,0,0,0.266375,0.6903014635366718,22.57757269938787,32.0,28,60,22.6,22.55,41.29,43.39,161.1,21.0,200.2,23.5,1770,0.51,5.56,0,30,1.69,326,0,220,0,0,44,122,2853,0,821,417,1615,0,347,0.2878,0.1462,36,0,0,4799.997,0.0,17500.0,0.0,36724.519,-10594.174,773.5,0.0,0.0,-4950.0,31.124,-8114.313,0.0,-21510.0,1140.0,-7200.0,0.0,0.0,0.0,0.0,0.0,-5420.5,0.0,-20661.333,1.02508,6.09341,-0.27152,2.27911,-0.57437,0.78048,0.0,0.0,-0.54337,1.91052,36.843,-23120.241,17500.0,0.0,56442.522,-27227.193,-0.4809,2.41431,0.36458,6.02706,0.60865,2.36671,0.31377,1.53755,0.00365,100.0,0.99629,1.74961,0.0,-378.0162,248.5795,0.0,2059.8778,-2012.9056,-470.955,7052,260,5832,10703,605,1748,1822,14878,2196,8415,4236,31,10685,2424,1748,21,2613,6125,801,0.1476004839360129,0.7181744858179863,14820,3736,554,-47.79,59006.127,22.277,1110.0,0.0,0.0,-9802.282,-13055.466,-28680.0,0.0,-26081.833,59006.127,22.277,1110.0,0.0,0.0,-9802.282,-13055.466,-28680.0,0.0,-26081.833,0,1171,48,0,48,0,0,0,12241,5,30,1,29,0,0.9666666666666667,3,614,78,52,5,3200,10621,10621,30469,30469,12830,4653,6081,6081,203,0,12515,1723,0,0,5245,605,0,11500,96778,63.347041683027136,2.849916810752618,42.995308851185186,2.6970396028396717,35.15158403769452,11.00250056831098,2.3355477821217554,175,223,163,163,60.0,190.29447852760737,72.58895705521472,0.0,0,120,3,1.4478527607361964,0,46,0,75,41,31,28,54.69938650306749,438.76177658142666,0.39884969325153374,60,0.0018002269630960654,0.0034499954158673063,0.014896171120926737,-0.09251217695884406,0.3610533876717091,0.4453075298294425,0.0001350033356663971,-0.3176893356628716,,,,,,,,,,
46,50_5_5_10_5_2,50_5_5_10_5_2_StartGoalLocations_Seed6.csv,60,4549.941626429558,220,0.8239700374531835,30,28,28,30,2,26,1,759,29,729,0.03820816864295125,0.16951483827942648,6.956474069849819,0,0,0,0.142125,0.7304197407361094,22.528746061523755,,52,60,,24.18,,49.0,,10.1,,13.2,1770,0.86,7.05,0,14,0.79,252,0,128,0,0,23,71,3598,0,914,909,1775,0,100,0.254,0.2526,23,1,0,4799.997,0.0,22000.0,0.0,46034.264,-11180.019,826.0,0.0,0.0,-3000.0,28.927,-4025.898,0.0,-21090.0,780.0,-6960.0,0.0,0.0,0.0,0.0,0.0,-3003.0,0.0,-20660.333,1.30167,6.80023,-0.14577,1.77629,-0.56812,0.76284,0.0,0.0,-0.49299,1.87882,38.267,-11849.116,22000.0,0.0,67610.236,-25879.337,-0.24606,1.86941,0.45833,6.7545,0.86939,2.36257,0.16392,1.51085,0.00458,100.0,0.99535,1.95679,0.0,-209.8809,312.5,0.0,2540.6364,-1853.9556,-327.914,2296,91,1557,4591,423,1220,1355,7589,796,4628,2163,2,4585,1782,1220,2,1922,1999,579,0.10488865463170378,0.6041639214652786,7564,2559,455,-41.121,72855.009,23.605,750.0,0.0,0.0,-10374.762,-7020.576,-28020.0,0.0,-23663.333,72855.009,23.605,750.0,0.0,0.0,-10374.762,-7020.576,-28020.0,0.0,-23663.333,0,877,47,0,47,0,0,0,4296,5,26,1,25,0,0.9615384615384616,2,232,56,33,7,3200,4571,4571,9239,9239,11211,3483,2511,2511,117,0,9992,828,0,0,6660,157,59,3525,96410,49.330982263250704,2.236206896551724,26.58230474017218,2.3503292733596255,20.330878539570584,4.189399439892127,2.6472628947502677,220,267,207,207,60.0,172.16908212560386,64.84057971014492,0.0,0,120,3,1.541062801932367,0,41,0,81,59,43,37,57.06280193236715,420.5892312902133,0.5230756843800323,60,0.0019132021186487691,0.003353641759167658,0.014540385614382104,-0.09614608263596892,0.3653959771990776,0.457977768163255,0.00011159025494976049,-0.333660624474287,8.0,,11.81,,43.88,,119.9,,206.2,
47,50_5_5_10_5_2,50_5_5_10_5_2_StartGoalLocations_Seed2.csv,60,1989.0738005638123,213,0.8352941176470589,46,22,46,46,1,22,2,736,23,690,0.03125,0.19750307426165614,6.63494784930494,0,0,0,0.17529166666666668,0.7140147172249901,22.195872021714845,15.0,42,60,14.6,25.35,36.63,47.4,82.9,14.4,109.9,20.5,1770,0.63,6.7,0,8,0.45,355,0,204,0,0,33,94,3217,0,1014,751,1452,0,385,0.3152,0.2334,29,1,0,4799.997,0.0,21300.0,0.0,43995.045,-11694.925,1302.0,0.0,0.0,-4900.0,34.206,-4376.085,0.0,-20040.0,1080.0,-5760.0,0.0,0.0,0.0,0.0,0.0,-3110.5,0.0,-20640.667,1.24379,6.70283,-0.19254,2.2615,-0.515,0.78726,0.0,0.0,-0.49482,1.87983,109.44,-15499.927,21300.0,0.0,64163.123,-27206.347,-0.32064,2.36262,0.44375,6.64666,0.76993,2.37981,0.20681,1.57242,0.00444,100.0,0.99544,1.91226,0.0,-299.6438,302.5568,0.0,2451.7827,-1888.8709,-433.781,2711,49,1863,5745,498,1687,1756,9686,1091,5493,3092,10,5743,2254,1681,8,1947,2988,871,0.1126367953747677,0.5929176130497625,9626,3411,484,-2.392,70545.764,24.42,1050.0,0.0,0.0,-10843.643,-9266.299,-25770.0,0.0,-23751.167,70545.764,24.42,1050.0,0.0,0.0,-10843.643,-9266.299,-25770.0,0.0,-23751.167,0,1045,42,0,42,0,0,0,6352,5,22,0,22,0,1.0,0,301,68,41,7,3200,4602,4602,15417,15417,15237,4139,4626,4626,207,0,8330,741,0,0,6792,290,22,4800,96803,53.59234734460709,2.680236704639642,35.713769201367725,2.6015357706383386,28.0414863175728,6.260136566015516,2.5006078467489408,213,255,195,195,60.0,171.44615384615383,69.39487179487179,0.0,0,120,3,1.5025641025641026,0,59,0,85,45,43,40,57.302564102564105,418.829425451942,0.5085602564102565,60,0.0018030142442512441,0.00317343200367759,0.014659351612790488,-0.0976609086431563,0.3630788754671812,0.4595716876017923,0.00013911607403770175,-0.34386075116693976,2.0,1.0,4.32,39.37,41.0,67.0,41.5,15.0,63.0,28.0
48,50_5_5_10_5_2,50_5_5_10_5_2_StartGoalLocations_Seed4.csv,60,-5170.941091537476,191,0.799163179916318,37,29,36,37,0,28,2,800,30,763,0.0375,0.2141814998540998,6.453829703771395,0,0,0,0.17764583333333334,0.7007314481005272,25.35867917040984,,51,60,,26.18,,53.36,,35.2,,40.3,1770,0.71,7.3,0,14,0.79,357,0,146,0,0,35,79,3585,0,889,1119,1577,0,184,0.248,0.3121,64,1,0,4799.997,0.0,19100.0,0.0,42133.839,-11324.857,1046.5,0.0,0.0,-3900.0,38.538,-4970.461,0.0,-22050.0,1200.0,-6960.0,0.0,0.0,0.0,0.0,0.0,-3610.5,0.0,-20674.0,1.16157,6.35759,-0.184,2.02205,-0.57937,0.81487,0.0,0.0,-0.50593,1.877,36.343,-15546.434,19100.0,0.0,64946.148,-26139.6,-0.32313,2.13278,0.39792,6.2955,0.80847,2.38294,0.21763,1.49175,0.00398,100.0,0.99596,1.90532,0.0,-277.5846,271.3068,0.0,2342.7574,-1910.1297,-409.151,2314,62,1607,5708,672,1940,1917,10237,1039,5519,3679,0,5703,2599,1935,0,2010,2816,726,0.10149457848979193,0.5570968057047964,10223,3677,644,-49.833,66239.526,30.317,1140.0,0.0,0.0,-10484.044,-8862.241,-28950.0,0.0,-24284.5,66239.526,30.317,1140.0,0.0,0.0,-10484.044,-8862.241,-28950.0,0.0,-24284.5,0,1099,48,0,48,0,0,0,5048,5,28,1,27,0,0.9642857142857143,2,325,65,46,7,3200,7035,7035,9333,9333,12192,4362,3060,3060,67,0,9483,726,0,0,6539,299,45,5830,96765,56.10809693587557,1.8601477170169267,34.047434506278094,1.645514809534602,26.075543843331783,6.057975507673229,2.5955532656943565,191,239,179,179,60.0,193.84357541899442,71.15083798882682,0.0,0,120,3,1.687150837988827,0,34,0,76,38,51,26,58.96648044692738,407.01089531027947,0.4692749068901304,60,0.0017669312626094325,0.0031746994593413545,0.01449961133825127,-0.10047963020391762,0.36499230727553367,0.4523751752877615,0.00014427055333726457,-0.3511145842075348,8.0,1.0,21.98,10.29,46.74,9.0,47.6,0.0,75.4,0.0
49,50_5_5_10_5_2,50_5_5_10_5_2_StartGoalLocations_Seed15.csv,60,-10274.827041387558,178,0.8018018018018018,56,28,51,56,0,23,1,798,29,742,0.03634085213032581,0.24555442056328045,6.2035351756558414,0,0,0,0.22091666666666668,0.7224248233896681,22.95381940205892,17.0,42,60,26.47,22.05,49.71,45.98,96.9,30.6,135.2,43.1,1770,1.0,6.99,0,11,0.62,359,0,149,0,0,33,79,2745,0,797,532,1416,0,246,0.2903,0.1938,46,1,0,4799.997,0.0,17800.0,0.0,40174.663,-11105.397,1232.0,0.0,0.0,-5950.0,35.723,-6365.482,0.0,-21570.0,1140.0,-5760.0,0.0,0.0,0.0,0.0,0.0,-4049.0,0.0,-20657.333,1.10211,6.14643,-0.25583,2.493,-0.54563,0.73364,0.0,0.0,-0.51472,1.87862,46.821,-19669.918,17800.0,0.0,61900.697,-26453.445,-0.40881,2.5951,0.37083,6.07831,0.73848,2.36434,0.25229,1.62814,0.00371,100.0,0.99623,1.84768,0.0,-363.3314,252.8409,0.0,2243.0546,-1923.3441,-442.767,2985,80,2067,6886,1026,1979,1980,11871,1669,7057,3144,1,6878,3015,1977,1,1988,3197,1416,0.14059472664476455,0.5793951646870524,11834,3833,571,-34.162,63169.165,26.275,1140.0,0.0,0.0,-10267.899,-12306.035,-27330.0,0.0,-24706.333,63169.165,26.275,1140.0,0.0,0.0,-10267.899,-12306.035,-27330.0,0.0,-24706.333,0,1420,44,0,44,0,0,0,6226,5,23,1,21,1,0.9545454545454546,1,279,79,56,8,3200,4613,4613,15946,15946,13784,5652,3673,3673,235,0,7816,648,0,0,6001,311,43,6520,96862,58.39338440255209,2.094959424338325,37.62156470029527,2.2188911377463687,27.972786025479547,4.932790980983254,2.6020298948145415,178,222,162,162,60.0,191.7530864197531,68.51234567901234,0.0,0,120,3,1.6296296296296295,0,44,0,70,42,34,32,61.43827160493827,390.6359891490003,0.45566718106995885,60,0.0018939935067646728,0.0033389004174387083,0.014385205022990703,-0.10316060859709979,0.37129624497145414,0.45821937751792574,0.000177463372604052,-0.3594268682599068,1.0,,1.0,,69.0,,96.0,,32.0,
50,50_5_5_10_5_2,50_5_5_10_5_2_StartGoalLocations_Seed7.csv,60,-2139.4127955436707,207,0.8214285714285714,41,33,40,41,0,32,1,798,33,757,0.041353383458646614,0.19350132349569604,6.590833338117792,0,0,0,0.16329166666666667,0.7236233273583725,25.101666621367137,1.0,56,60,4.0,26.35,8.0,48.63,112.0,34.0,76.0,32.5,1770,0.55,6.91,0,12,0.68,326,0,158,0,0,32,85,3275,0,998,656,1621,0,204,0.3047,0.2003,37,0,0,4799.997,0.0,20700.0,0.0,43939.002,-11209.872,994.0,0.0,0.0,-4200.0,37.698,-4507.908,0.0,-21750.0,660.0,-7680.0,0.0,0.0,0.0,0.0,0.0,-3267.0,0.0,-20655.333,1.23382,6.6063,-0.18063,2.09735,-0.59937,0.77609,0.0,0.0,-0.49838,1.89048,19.72,-14784.739,20700.0,0.0,66568.841,-26288.329,-0.3076,2.20012,0.43125,6.55279,0.83918,2.39382,0.19275,1.60014,0.00431,100.0,0.99548,1.94331,0.0,-267.7451,294.0341,0.0,2452.8174,-1892.7718,-366.156,2187,57,1528,5171,686,1522,1657,9036,1375,5131,2513,17,5161,2354,1517,4,1727,2423,569,0.15216910137228862,0.5711598052235503,9015,2950,478,-4.691,69615.818,29.725,630.0,0.0,0.0,-10392.688,-8699.935,-29400.0,0.0,-23922.333,69615.818,29.725,630.0,0.0,0.0,-10392.688,-8699.935,-29400.0,0.0,-23922.333,0,979,45,0,45,0,0,0,4550,5,32,3,29,0,0.90625,6,339,73,45,7,3200,6207,6207,8442,8442,12626,3887,2857,2857,109,0,6485,642,0,0,7559,289,23,5430,96679,56.329709657733325,1.8248957931655005,34.58972475925486,1.8515389618632974,25.96841092688174,5.280360781555457,2.6051541464191827,207,252,192,192,60.0,186.875,64.42708333333333,0.0,0,120,3,1.5572916666666667,0,44,0,80,52,39,36,57.895833333333336,414.53760345448,0.4993515625,60,0.0019713991468961467,0.0034133767560706476,0.014485863354057073,-0.10132723201997579,0.3817867426201701,0.43437914101312347,0.00020182185269391085,-0.368699233867228,3.0,,8.82,,17.33,,50.7,,78.7,
51,50_5_5_10_5_2,50_5_5_10_5_2_StartGoalLocations_Seed7.csv,60,-2878.415555715561,203,0.7992125984251969,38,34,38,38,0,34,3,768,34,730,0.044270833333333336,0.17431173540628972,6.70422696954919,0,0,0,0.17916666666666667,0.7378798616032348,26.67797710498174,12.0,43,60,23.44,28.29,41.5,50.77,107.3,28.2,137.5,23.3,1770,0.67,7.39,0,8,0.45,322,0,149,0,0,37,71,3214,0,948,547,1719,0,223,0.295,0.1702,63,0,0,4799.997,0.0,20300.0,0.0,43289.507,-11980.297,644.0,0.0,0.0,-3900.0,31.545,-4379.17,0.0,-20880.0,1620.0,-8160.0,0.0,0.0,0.0,0.0,0.0,-3602.0,0.0,-20662.0,1.18861,6.54789,-0.17183,2.02273,-0.57125,0.91716,0.0,0.0,-0.5055,1.88383,63.0,-13989.838,20300.0,0.0,65721.251,-25983.241,-0.29014,2.12508,0.42292,6.48944,0.82788,2.33985,0.1805,1.62198,0.00423,100.0,0.9956,1.91895,0.0,-248.4392,288.3523,0.0,2379.6615,-1940.278,-307.467,2191,54,1605,4909,1091,1030,1415,8445,872,5615,1943,15,4894,2522,1028,1,1874,2220,606,0.10325636471284784,0.5795145056246299,8420,2187,350,24.212,68192.511,25.001,1530.0,0.0,0.0,-11139.302,-8272.627,-28950.0,0.0,-24264.0,68192.511,25.001,1530.0,0.0,0.0,-11139.302,-8272.627,-28950.0,0.0,-24264.0,0,1054,51,0,51,0,0,0,4516,5,34,1,33,0,0.9705882352941176,2,288,72,44,8,3200,5703,5703,9130,9130,10684,4193,2727,2727,40,0,7787,435,0,0,7071,252,84,5125,96612,53.3577609406699,2.1343937924345298,32.53219061814267,2.0608849431230145,25.01552602161222,4.696104003643439,2.647260840781198,203,254,194,194,60.0,177.95876288659792,66.80927835051547,0.0,0,120,3,1.5103092783505154,0,48,0,77,43,43,40,56.61340206185567,423.9278885550396,0.4788550257731959,60,0.0023370878494461066,0.0035747738111240324,0.014999627716606482,-0.10961572992615402,0.38383787173777817,0.45530858587727835,0.0003052043754405531,-0.3737510609254241,5.0,,20.54,,26.8,,13.2,,25.0,
52,50_5_5_10_5_2,50_5_5_10_5_2_StartGoalLocations_Seed21.csv,60,-1440.3439555168152,212,0.8185328185328186,31,35,31,31,0,35,1,799,36,768,0.04505632040050062,0.20629858896600597,6.553972575073039,0,0,0,0.171125,0.730618539513171,23.91733585993449,1.0,45,60,5.0,22.45,4.0,49.69,256.0,27.3,260.0,30.4,1770,0.66,6.59,0,19,1.07,427,0,210,0,0,41,93,3405,0,1010,685,1710,0,294,0.2966,0.2012,39,1,0,4799.997,0.0,21200.0,0.0,44371.67,-10411.018,1204.0,0.0,0.0,-3800.0,43.735,-4839.565,0.0,-21990.0,540.0,-8640.0,0.0,0.0,0.0,0.0,0.0,-3292.5,0.0,-20626.667,1.27426,6.67903,-0.17908,1.99699,-0.62687,0.8069,0.0,0.0,-0.49832,1.88173,18.0,-15645.896,21200.0,0.0,65524.445,-26195.614,-0.32558,2.10815,0.44167,6.63111,0.81935,2.36866,0.22031,1.48122,0.00442,100.0,0.99571,1.91907,0.0,-275.9187,301.1364,0.0,2474.1851,-1831.5858,-389.013,3221,52,2172,6374,751,1550,1697,10372,1274,6113,2982,3,6358,2461,1551,2,2051,3302,640,0.12283069803316622,0.6129965291168531,10339,3121,499,3.066,70818.282,37.336,510.0,0.0,0.0,-9653.629,-8633.166,-30600.0,0.0,-23919.167,70818.282,37.336,510.0,0.0,0.0,-9653.629,-8633.166,-30600.0,0.0,-23919.167,0,1052,47,0,47,0,0,0,6192,5,35,1,34,0,0.9714285714285714,2,404,66,49,8,3200,5277,5277,13597,13597,13918,4179,5229,5229,185,0,9907,590,0,0,6762,357,107,6885,96951,55.25368485111036,2.3156303085739887,33.87174964672876,2.5261407119275785,25.64491340986684,5.831811946240885,2.479346820576761,212,259,199,199,60.0,182.74874371859298,75.78391959798995,0.0,0,120,3,1.6984924623115578,0,52,0,72,51,54,35,56.969849246231156,421.2754697009791,0.5032336683417086,60,0.0021096502013824648,0.003527534267050214,0.015231488473364151,-0.10966967234387993,0.38489794749766587,0.46345889012387487,0.0002556958700824907,-0.3723930151388049,14.0,,29.97,,49.14,,51.2,,73.1,
53,50_5_5_10_5_2,50_5_5_10_5_2_StartGoalLocations_Seed21.csv,60,-17117.777846455574,171,0.7772727272727272,69,35,65,69,0,31,1,800,35,731,0.04375,0.2777383980319393,5.808887777613619,0,0,0,0.26397916666666665,0.7053221638743019,27.512902323901653,,57,60,,28.01,,47.51,,59.9,,63.4,1770,0.87,6.87,0,8,0.45,509,0,242,0,0,43,96,2612,0,708,711,1193,0,174,0.2711,0.2722,42,0,0,4799.997,0.0,17100.0,0.0,37975.973,-10099.819,815.5,0.0,0.0,-7300.0,40.197,-7451.296,0.0,-21000.0,1020.0,-7440.0,0.0,0.0,0.0,0.0,0.0,-4895.0,0.0,-20683.333,1.05399,6.02256,-0.30648,2.75874,-0.57125,0.78894,0.0,0.0,-0.53288,1.88547,30.252,-24012.02,17100.0,0.0,59068.404,-25602.287,-0.49962,2.87219,0.35625,5.95803,0.69721,2.29919,0.30048,1.66694,0.00356,100.0,0.99617,1.77076,0.0,-439.0236,242.8977,0.0,2091.349,-1913.4448,-519.51,4352,76,3112,9464,726,1893,2109,14192,2642,7997,3549,4,9460,2833,1899,0,2360,4766,1623,0.18616121758737317,0.6665727170236753,14131,4239,487,53.669,59933.411,29.405,990.0,0.0,0.0,-9341.757,-14740.504,-28410.0,0.0,-25578.333,59933.411,29.405,990.0,0.0,0.0,-9341.757,-14740.504,-28410.0,0.0,-25578.333,0,1223,49,0,49,0,0,0,8594,5,31,3,28,0,0.9032258064516129,6,462,100,62,13,3200,10261,10261,18095,18095,12978,4855,4035,4035,279,0,11127,1963,0,0,4928,458,146,9370,97295,61.93329564725834,2.3772777058647816,43.44827586206897,2.2998057663201292,34.806516264967364,8.035356390359217,2.5147202126088883,171,220,160,160,60.0,200.15,76.475,0.0,0,120,3,1.65625,0,44,0,70,35,33,33,58.8,408.16326530612247,0.41895,60,0.002054051377417636,0.0035479355507413855,0.01584131101204548,-0.10898178762756289,0.38849392052739856,0.4516481803906936,0.00026454641727241323,-0.3792998107150197,3.0,,18.09,,31.67,,150.3,,178.0,
54,50_5_5_10_5_2,50_5_5_10_5_2_StartGoalLocations_Seed22.csv,60,-16479.48276615143,176,0.7857142857142857,43,33,40,43,0,30,3,781,34,738,0.04353393085787452,0.3212930926674726,5.870547935392409,0,0,0,0.2510833333333333,0.6750724214826084,23.330814922352634,1.0,53,60,10.0,23.36,85.0,43.18,89.0,73.9,132.0,89.6,1770,0.64,6.02,0,20,1.13,348,0,272,0,0,38,88,2914,0,798,644,1472,0,115,0.2739,0.221,31,1,0,4799.997,0.0,17600.0,0.0,37322.272,-9810.011,910.0,0.0,0.0,-4950.0,33.683,-9415.426,0.0,-21240.0,1980.0,-7440.0,0.0,0.0,0.0,0.0,0.0,-5613.0,0.0,-20657.0,1.0588,6.10612,-0.29858,2.28086,-0.55625,0.91274,0.0,0.0,-0.54729,1.86746,75.313,-24483.607,17600.0,0.0,58445.516,-26207.46,-0.50851,2.41709,0.36667,6.04419,0.67163,2.35787,0.32456,1.57641,0.00367,100.0,0.99629,1.77017,0.0,-383.7791,250.0,0.0,2073.5384,-1950.552,-393.122,7785,282,6694,11100,1066,1611,1659,15436,2672,8021,4743,0,11086,2739,1611,0,2463,6634,641,0.1731018398548847,0.718191241254211,15382,3569,372,12.051,59894.511,24.909,1920.0,0.0,0.0,-9072.251,-14356.653,-28620.0,0.0,-26270.0,59894.511,24.909,1920.0,0.0,0.0,-9072.251,-14356.653,-28620.0,0.0,-26270.0,0,1366,49,1,48,0,0,0,12778,5,30,0,30,0,1.0,0,551,73,49,14,3200,12324,12324,32867,32867,13723,5426,4799,4799,252,0,11539,1090,0,0,5320,543,344,13485,96786,58.27908995102597,3.30870829344396,39.2432789866303,3.2310597016570863,31.43843117806294,10.753621391523568,2.1751676087813854,176,224,164,164,60.0,185.02439024390245,69.17682926829268,0.0,0,120,3,1.5914634146341464,0,37,0,74,45,25,32,58.292682926829265,411.71548117154816,0.4274796747967479,60,0.0022182707745741935,0.0036000403200159782,0.01580920387583319,-0.10791720179840922,0.39508770234882834,0.4785578422713661,0.0002609872907805766,-0.3897699933499098,6.0,,25.32,,40.17,,273.8,,362.8,
55,50_5_5_10_5_2,50_5_5_10_5_2_StartGoalLocations_Seed1.csv,60,-14707.408427476883,172,0.7818181818181819,40,33,39,40,0,32,0,786,34,746,0.043256997455470736,0.2684421105276319,5.953638712093252,0,0,0,0.2533125,0.7205618773706807,24.517937601109345,3.0,45,60,11.38,25.93,26.0,50.49,216.7,46.0,208.0,58.5,1770,0.68,5.38,0,17,0.96,554,0,273,0,0,34,94,2595,0,669,623,1303,0,156,0.2578,0.2401,29,1,0,4799.997,0.0,17200.0,0.0,38667.223,-10979.65,1032.5,0.0,0.0,-4350.0,35.943,-6370.759,0.0,-21420.0,120.0,-7920.0,0.0,0.0,0.0,0.0,0.0,-4868.0,0.0,-20654.667,1.05667,6.0454,-0.2226,2.13587,-0.60875,0.72288,0.0,0.0,-0.53172,1.88035,1.814,-19409.049,17200.0,0.0,60704.205,-26116.465,-0.40432,2.25911,0.35833,5.97536,0.72058,2.34739,0.27263,1.48333,0.00358,100.0,0.99613,1.8158,0.0,-330.8382,244.3182,0.0,2150.7275,-1968.0184,-453.249,4378,180,3451,8735,767,1689,1719,12910,1239,8102,3565,4,8721,2489,1696,4,2586,5123,802,0.0959721146398141,0.6755228505034857,12874,3494,606,-38.081,60887.74,27.705,120.0,0.0,0.0,-10167.667,-10712.522,-29340.0,0.0,-25522.667,60887.74,27.705,120.0,0.0,0.0,-10167.667,-10712.522,-29340.0,0.0,-25522.667,0,1125,48,0,48,0,0,0,7870,5,32,0,32,0,1.0,0,526,72,45,7,3200,9793,9793,15361,15361,13217,4470,4392,4392,219,0,13539,1900,0,0,5781,512,48,11440,97380,60.85233107414253,2.327601336528401,39.172314643663995,2.085306713601153,31.00225919079893,8.502772643253234,2.4387214309373966,172,220,160,160,60.0,192.91875,68.9,0.0,0,120,3,1.51875,0,39,0,70,49,25,28,60.36875,397.55668288642715,0.43264270833333335,60,0.0023030394534180234,0.003774866128806025,0.015977199878543614,-0.10713535291142762,0.40393972586840393,0.49820766064920463,0.0002307378882460398,-0.3995740558579564,11.0,1.0,23.38,13.0,44.0,75.0,91.7,47.0,135.5,72.0
56,50_5_5_10_5_2,50_5_5_10_5_2_StartGoalLocations_Seed8.csv,60,-16769.886754870415,167,0.7990430622009569,53,24,50,53,0,21,2,794,24,741,0.030226700251889168,0.308813107099679,5.6580521927796035,0,0,0,0.26347916666666665,0.674077932902688,22.760592945416768,25.0,33,60,18.66,26.58,30.69,45.4,150.6,63.7,194.7,74.4,1770,0.66,5.11,0,32,1.81,383,0,246,0,0,37,118,2357,0,635,352,1370,0,168,0.2694,0.1493,13,0,0,4799.997,0.0,16700.0,0.0,36382.953,-10928.006,896.0,0.0,0.0,-6100.0,40.027,-7565.695,0.0,-21600.0,1440.0,-5040.0,0.0,0.0,0.0,0.0,0.0,-5128.5,0.0,-20666.667,0.99689,5.9605,-0.28387,2.52426,-0.525,0.75125,0.0,0.0,-0.5374,1.91561,49.627,-23263.258,16700.0,0.0,56066.838,-27720.363,-0.48362,2.63665,0.34792,5.88818,0.59055,2.38046,0.32467,1.49595,0.00348,100.0,0.99654,1.75162,0.0,-419.7584,237.2159,0.0,2057.4097,-2025.6507,-473.212,6754,136,5192,10895,679,1866,1995,15435,2956,8263,4096,120,10887,2684,1863,1,2980,5388,1214,0.19151279559442824,0.7053449951409135,15361,4179,509,26.464,57969.141,30.25,1380.0,0.0,0.0,-10118.194,-13655.917,-26580.0,0.0,-25795.167,57969.141,30.25,1380.0,0.0,0.0,-10118.194,-13655.917,-26580.0,0.0,-25795.167,0,1327,42,0,42,0,0,0,12981,5,21,1,19,1,0.95,2,412,74,47,10,3200,9564,9564,32380,32380,17776,5275,8903,8903,266,0,12544,1043,0,0,5132,445,262,10865,96941,62.880514952393725,3.555867250684909,45.65147873448799,3.5480672399176925,36.834775791460785,9.96379240981628,2.3389716590119862,167,209,149,149,60.0,188.0,72.65771812080537,0.0,0,120,3,1.5771812080536913,0,29,0,70,41,27,29,56.70469798657718,423.2453544798201,0.39457019015659955,60,0.0020124149706680326,0.0035058688689605334,0.016479427999584004,-0.10516352953389287,0.40562430180609227,0.4894087683091675,0.00025529410234184977,-0.4099560997262597,2.0,,11.0,,40.0,,94.5,,84.0,
57,50_5_5_10_5_2,50_5_5_10_5_2_StartGoalLocations_Seed6.csv,60,-10136.263096570969,185,0.7773109243697479,42,39,41,42,0,38,2,772,39,730,0.050518134715025906,0.23619881212879024,6.2145468999776785,0,0,0,0.206125,0.7188789331110648,29.868465087811153,,52,60,,30.95,,58.31,,54.1,,50.5,1770,0.8,6.9,0,11,0.62,457,0,229,0,0,38,94,2906,0,917,391,1598,0,200,0.3156,0.1345,67,0,0,4799.997,0.0,18500.0,0.0,41399.891,-11269.948,854.0,0.0,0.0,-4650.0,39.445,-6401.985,0.0,-20760.0,1200.0,-9120.0,0.0,0.0,0.0,0.0,0.0,-4060.0,0.0,-20667.667,1.13092,6.26019,-0.22943,2.20956,-0.5975,0.90305,0.0,0.0,-0.51516,1.89244,38.2,-18750.456,18500.0,0.0,64150.404,-25906.651,-0.38984,2.33256,0.38542,6.19622,0.79674,2.35912,0.23481,1.66699,0.00385,100.0,0.99615,1.88345,0.0,-311.2603,262.7841,0.0,2306.5391,-1949.0375,-402.227,3792,79,2993,7402,577,1381,1683,11043,2232,6069,2742,0,7389,2267,1387,0,1874,3573,725,0.20211898940505296,0.6691116544417278,11013,2911,471,15.717,64734.324,31.36,1170.0,0.0,0.0,-10450.382,-11043.899,-29850.0,0.0,-24727.667,64734.324,31.36,1170.0,0.0,0.0,-10450.382,-11043.899,-29850.0,0.0,-24727.667,0,1018,53,0,53,0,0,0,6293,5,38,3,35,0,0.9210526315789473,5,458,80,47,7,3200,5836,5836,15073,15073,11452,4031,3020,3020,116,0,8915,1217,0,0,6073,416,133,8695,97073,58.604349304131944,1.8982228550334863,36.341722209059164,2.0173667456631956,26.643865956548165,5.862598250800944,2.497061552737396,185,238,178,178,60.0,186.76966292134833,77.1685393258427,0.0,0,120,3,1.6067415730337078,0,43,0,74,42,46,23,59.651685393258425,402.3356564324732,0.459815074906367,60,0.002126735713027301,0.003267333762923954,0.017100061936071144,-0.11086859249509871,0.4046022867783904,0.48279139963977286,0.0002866654480567377,-0.4203452838584781,6.0,2.0,18.3,36.5,47.83,50.5,74.7,103.5,91.0,94.5
58,50_5_5_10_5_2,50_5_5_10_5_2_StartGoalLocations_Seed14.csv,60,-17796.038201332092,170,0.7727272727272727,49,39,48,49,0,38,1,778,40,729,0.05141388174807198,0.26987369210888323,6.009588890478122,0,0,0,0.2456875,0.685893691588785,30.283191837618748,11.0,46,60,18.25,34.08,36.82,52.91,142.5,44.3,162.5,42.2,1770,1.0,6.2,0,11,0.62,542,0,296,0,0,49,121,3048,0,923,464,1661,0,352,0.3028,0.1522,48,1,0,4799.997,0.0,17000.0,0.0,38138.091,-11168.621,819.0,0.0,0.0,-5100.0,36.031,-7365.874,0.0,-20730.0,660.0,-9360.0,0.0,0.0,0.0,0.0,0.0,-4843.0,0.0,-20681.667,1.03309,6.01209,-0.25896,2.31306,-0.61313,0.84854,0.0,0.0,-0.53176,1.8805,19.163,-21428.229,17000.0,0.0,58673.155,-27003.929,-0.44602,2.43985,0.35417,5.94064,0.65978,2.35176,0.27752,1.61004,0.00354,100.0,0.99631,1.79155,0.0,-354.7315,241.4773,0.0,2113.7278,-1984.3675,-405.789,4468,111,3451,9216,664,1579,1639,13098,2186,7152,3709,51,9212,2298,1575,13,2141,5394,617,0.16689570926859063,0.7033134829744999,13061,3255,517,-12.276,59932.537,28.212,630.0,0.0,0.0,-10344.067,-12458.054,-30060.0,0.0,-25524.667,59932.537,28.212,630.0,0.0,0.0,-10344.067,-12458.054,-30060.0,0.0,-25524.667,0,1096,50,0,50,0,0,0,8092,5,38,3,35,0,0.9210526315789473,5,540,87,58,7,3200,5869,5869,22061,22061,13706,4346,3564,3564,67,0,8597,831,0,0,5603,524,228,11655,97332,59.66999547939013,2.210423912669169,39.59129577117495,2.282337621850568,29.774380470965355,6.188098467102289,2.508454106280193,170,220,160,160,60.0,210.35625,90.4,0.0,0,120,3,1.6375,0,46,0,67,44,33,26,59.99375,400.0416710073966,0.4249557291666667,60,0.0023573919569935243,0.0031639566938974893,0.017660404484486206,-0.11498661019839346,0.4034758896008134,0.46153375765745297,0.0002791516514116665,-0.4263651771098375,2.0,1.0,21.0,6.79,53.5,28.0,53.5,51.0,94.5,48.0
59,50_5_5_10_5_2,50_5_5_10_5_2_StartGoalLocations_Seed14.csv,60,-17074.715111494064,177,0.8045454545454546,34,40,32,34,0,38,4,797,44,763,0.05520702634880803,0.31234760862769617,5.722132747561575,0,0,0,0.30072916666666666,0.6893468928437461,22.733632126947246,20.0,37,60,14.31,28.33,29.89,46.54,159.9,82.5,146.8,71.2,1770,0.55,5.28,0,17,0.96,543,0,289,0,0,45,107,2968,0,827,608,1533,0,204,0.2786,0.2049,63,4,0,4799.997,0.0,17700.0,0.0,36321.249,-9455.294,931.0,0.0,0.0,-3650.0,29.94,-7429.944,0.0,-21750.0,1920.0,-9600.0,0.0,0.0,0.0,0.0,0.0,-6204.0,0.0,-20687.667,1.04785,6.12208,-0.23021,1.9629,-0.61313,0.95493,0.0,0.0,-0.56024,1.87673,76.832,-22255.829,17700.0,0.0,53812.388,-27458.467,-0.46206,2.11548,0.36875,6.06127,0.54904,2.32712,0.33831,1.37525,0.00369,100.0,0.99638,1.6993,0.0,-353.708,251.4204,0.0,2029.927,-1978.1961,-373.186,6506,143,5514,12336,705,1310,1710,16061,1676,9134,5242,9,12331,2421,1308,1,2025,8847,730,0.10435215739991283,0.7677604134238217,16029,3123,438,-0.006,59057.586,23.514,1830.0,0.0,0.0,-8760.631,-11073.518,-31260.0,0.0,-26891.667,59057.586,23.514,1830.0,0.0,0.0,-8760.631,-11073.518,-31260.0,0.0,-26891.667,0,1004,43,0,43,0,0,0,11220,5,38,2,36,0,0.9473684210526315,6,712,72,48,12,3200,8804,8804,27722,27722,11559,3980,6720,6720,131,0,13387,1603,0,0,5067,675,473,17990,97328,62.550345224395855,2.638594589267235,42.87358211408844,2.5238748008298346,32.98228670064113,8.201134308729246,2.3370611507429677,177,220,160,160,60.0,194.83125,84.80625,0.0,0,120,3,1.63125,0,35,0,73,43,39,22,55.69375,430.9280664347436,0.41074140625,60,0.002500989749241853,0.0031420988681202288,0.017310447292402387,-0.11852865702472627,0.4031293447688222,0.4904409748362377,0.000257660444819976,-0.43482023337855935,3.0,,9.87,,32.33,,167.7,,163.3,
60,50_5_5_10_5_2,50_5_5_10_5_2_StartGoalLocations_Seed16.csv,60,-6196.76605629921,197,0.8008130081300813,53,31,50,53,0,28,1,790,31,737,0.039240506329113925,0.23505502751375687,6.257949031261375,0,0,0,0.17933333333333334,0.7007023906292337,30.88110535343488,20.0,38,60,33.16,29.69,52.55,47.66,106.8,12.8,119.3,18.2,1770,0.96,6.84,0,15,0.85,409,0,229,0,0,37,115,3126,0,884,724,1518,0,218,0.2828,0.2316,33,0,0,4799.997,0.0,19700.0,0.0,42069.825,-11155.642,812.0,0.0,0.0,-5550.0,30.502,-5698.784,0.0,-21270.0,900.0,-6720.0,0.0,0.0,0.0,0.0,0.0,-3471.0,0.0,-20643.667,1.17138,6.45066,-0.23371,2.40868,-0.56437,0.76111,0.0,0.0,-0.50239,1.90156,61.6,-18439.082,19700.0,0.0,64782.567,-25743.432,-0.38286,2.51119,0.41042,6.39322,0.81332,2.34174,0.23658,1.62915,0.0041,100.0,0.9955,1.89448,0.0,-340.6339,279.8295,0.0,2341.4512,-1906.5073,-460.744,3150,71,2071,6703,715,1717,1978,11113,1978,5923,3199,13,6685,2701,1721,6,2037,3119,806,0.17798974174390353,0.6015477368847296,11051,3451,493,34.2,66556.532,22.517,900.0,0.0,0.0,-10330.348,-11240.8,-27990.0,0.0,-24114.667,66556.532,22.517,900.0,0.0,0.0,-10330.348,-11240.8,-27990.0,0.0,-24114.667,0,1079,49,0,49,0,0,0,6785,5,28,1,27,0,0.9642857142857143,2,347,81,47,6,3200,8035,8035,13932,13932,13686,4286,4348,4348,201,0,10835,758,0,0,5960,301,19,5350,97013,58.42206714564028,2.6651551775852638,37.12492140228629,2.3723305494654143,29.304320039582326,6.609423479327512,2.5764536213021914,197,246,186,186,60.0,189.8494623655914,67.93010752688173,0.0,0,120,3,1.60752688172043,0,48,0,65,51,42,39,57.61290322580645,416.57334826427774,0.4729059139784946,60,0.0029419074691759304,0.0032803187280660497,0.01852660837757867,-0.1257725097425282,0.40508844643831254,0.4488920139701804,0.0003228497525697094,-0.4399356795474887,2.0,,30.73,,49.0,,69.5,,79.0,
