episode,map,scen,agents,reward,completed,completion_rate,collisions,recovery_invocations,recovery_forced,recovery_resolved,recovery_wasted,recovery_preemptive,recovery_preemptive_success,risk_steps,risk_steps_acted,warning_steps,intervention_rate,brake_duty_cycle,mean_peer_gap,errors_injected,handovers_completed,retired_recalled,action_override_rate,gradient_agreement,mean_hops_remaining,wave_fired,wave_failures,wave_rescuers_hit,incomplete_dead_rescued,incomplete_rescuer_busy,incomplete_dead_no_pickup,incomplete_dead_rescue_late,incomplete_total,hops_dead_rescued,hops_rescuer_busy,hops_dead_no_pickup,hops_dead_rescue_late,start_hops_dead_rescued,start_hops_rescuer_busy,start_hops_dead_no_pickup,start_hops_dead_rescue_late,steps_held_dead_rescued,steps_held_rescuer_busy,steps_held_dead_no_pickup,steps_held_dead_rescue_late,steps_waiting_dead_rescued,steps_waiting_rescuer_busy,steps_waiting_dead_no_pickup,steps_waiting_dead_rescue_late,start_hops_delivered,steps_held_delivered,steps_waiting_delivered,sep_pairs,tier1_real_escapes,tier1_noop_escapes,tier1_rejected_occupied,tier1_rejected_obstacle,tier2_rejected_obstacle,recurrence_escalations,recurrence_pairs_tracked,doorstep_steps,doorstep_arrived,doorstep_closer,doorstep_idle,doorstep_away,doorstep_overridden,doorstep_peer_within_warning,doorstep_step_in_rate,doorstep_idle_rate,convoy_fleets_exempted,convoy_invocations_skipped,held_pair_invocations_skipped,rwd_term_pos_goal_baseline,rwd_term_neg_goal_baseline,rwd_term_pos_goal_delivery,rwd_term_neg_goal_delivery,rwd_term_pos_goal_progress,rwd_term_neg_goal_progress,rwd_term_pos_goal_final_approach,rwd_term_neg_goal_final_approach,rwd_term_pos_safety_collision,rwd_term_neg_safety_collision,rwd_term_pos_safety_warning,rwd_term_neg_safety_warning,rwd_term_pos_integrity_coherence,rwd_term_neg_integrity_coherence,rwd_term_pos_integrity_recovery_events,rwd_term_neg_integrity_recovery_events,rwd_term_pos_rescue_pickup,rwd_term_neg_rescue_pickup,rwd_term_pos_rescue_rescue_delivery,rwd_term_neg_rescue_rescue_delivery,rwd_term_pos_time_idle,rwd_term_neg_time_idle,rwd_term_pos_time_overtime,rwd_term_neg_time_overtime,rwd_spread_mean_goal,rwd_spread_std_goal,rwd_spread_mean_safety,rwd_spread_std_safety,rwd_spread_mean_integrity,rwd_spread_std_integrity,rwd_spread_mean_rescue,rwd_spread_std_rescue,rwd_spread_mean_time,rwd_spread_std_time,rwd_shadow_pos_safety,rwd_shadow_neg_safety,rwd_shadow_pos_delivery,rwd_shadow_neg_delivery,rwd_shadow_pos_efficiency,rwd_shadow_neg_efficiency,rwd_shadow_mean_safety,rwd_shadow_std_safety,rwd_shadow_mean_delivery,rwd_shadow_std_delivery,rwd_shadow_mean_efficiency,rwd_shadow_std_efficiency,rwd_shadow_freq_safety,rwd_shadow_typical_safety,rwd_shadow_freq_delivery,rwd_shadow_typical_delivery,rwd_shadow_freq_efficiency,rwd_shadow_typical_efficiency,rwd_live_pos_safety,rwd_live_neg_safety,rwd_live_pos_delivery,rwd_live_neg_delivery,rwd_live_pos_efficiency,rwd_live_neg_efficiency,rwd_approach_total,rwd_standoff_pairsteps,rwd_standoff_longest,rwd_standoff_past_cap,rwd_choice_wait,rwd_choice_follow,rwd_choice_reroute,rwd_choice_proceed,choice_n,choice_policy_wait,choice_policy_toward,choice_policy_away,choice_policy_side,choice_exec_wait,choice_exec_toward,choice_exec_away,choice_exec_side,choice_over_rule,choice_over_hold,choice_over_other,choice_policy_wait_share,choice_exec_wait_share,rwd_warnundo_fleetsteps,rwd_warnundo_mismatched,rwd_warnundo_escaped_kept,rwd_warnundo_error,rwd_all_pos_goal,rwd_all_pos_safety,rwd_all_pos_integrity,rwd_all_pos_rescue,rwd_all_pos_time,rwd_all_neg_goal,rwd_all_neg_safety,rwd_all_neg_integrity,rwd_all_neg_rescue,rwd_all_neg_time,rwd_learned_pos_goal,rwd_learned_pos_safety,rwd_learned_pos_integrity,rwd_learned_pos_rescue,rwd_learned_pos_time,rwd_learned_neg_goal,rwd_learned_neg_safety,rwd_learned_neg_integrity,rwd_learned_neg_rescue,rwd_learned_neg_time,held_pair_fleets_exempted,convoy_splats_skipped,orders_total,orders_delivered,orders_undelivered,orders_inherited,orders_inherited_delivered,orders_stranded_in_open_pickups,sep_warning_splats,preempt_window,preempt_watched,preempt_collided_k,preempt_clear_k,preempt_pending,preempt_prevention_rate,preempt_fleets_hit_k,preempt_fleets_watched,conflict_collapses,conflict_repeat_offences,conflict_max_pair_repeat,conflict_evaluations,conflict_pairs_head_on,conflict_warned_head_on,conflict_pairs_blocked,conflict_warned_blocked,conflict_pairs_following,conflict_warned_following,conflict_pairs_contested,conflict_warned_contested,conflict_pairs_sequential,conflict_warned_sequential,conflict_pairs_none,conflict_warned_none,conflict_pairs_unknown,conflict_warned_unknown,conflict_brake_convoy_exempt,corridor_entry_waits,corridor_entry_contests,corridor_meetings,corridor_retreaters,corridor_released,corridor_timeouts,corridor_no_pullover,corridor_claim_waits,corridor_hold_steps,corridor_entry_pullovers,corridor_stopped_waits,corridor_stopped_cycles_left,corridor_count,corridor_orders_open,conflict_holds,conflict_holds_at_cap,conflict_hold_steps,path_views,path_seeing_pct,path_routes_seen_mean,path_shared_pct,path_overlap_mean,path_contested_pct,path_contested_next_pct,path_contested_soonest,loss_safety,loss_delivery,loss_efficiency,qval_safety,qval_delivery,qval_efficiency,loss_recovery,qval_recovery,loss_teacher,teacher_agree,teacher_share,teacher_n,incomplete_moving,hops_moving,start_hops_moving,steps_held_moving,steps_waiting_moving,sep_min,sep_mean_nearest,sep_within_collision,sep_within_warning,sep_pct_within_warning
1,25_5_2_5_2_1,25_5_2_5_2_1_StartGoalLocations_Seed1016.csv,40,-9589.251821309328,36,0.9,9,60,8,9,31,59,7,389,69,380,0.17737789203084833,0.19352331606217615,6.649134478493174,7,5,3,0.27397437556619647,0.31072861395108065,2.0,1,2,0,5.0,1.0,1.0,1.0,8,5.45,2.0,0.0,3.5,13.2,4.5,15.0,4.5,15.0,67.0,0.0,46.0,44.2,177.0,0.0,102.0,7.42,7.9,13.3,0,215,0,125,0,0,36,29,183,0,79,41,63,0,58,0.4317,0.224,24,9,0,772.7,0.0,3600.0,0.0,4572.401,-3403.886,3.5,0.0,0.0,-900.0,8.168,-788.635,0.0,-1991.5,0.0,-10506.0,125.0,0.0,0.0,0.0,0.0,-736.0,0.0,-345.0,0.71758,6.90859,-0.21748,2.41392,-1.61738,1.88688,0.01618,0.63574,-0.1399,0.65555,0.0,-3880.76,3725.0,0.0,5840.026,-3193.055,-0.50223,2.72352,0.48208,6.83827,0.34256,1.41264,0.25922,1.93747,0.00531,90.85366,0.99495,1.17496,0.0,-49.4601,52.9119,0.0,260.0705,-254.8697,-86.481,435,15,176,918,52,188,230,1392,597,370,425,0,921,284,187,0,137,291,248,0.42887931034482757,0.6616379310344828,1386,538,62,10.293,8710.944,5.998,0.0,125.0,0.0,-3166.229,-1686.465,-12497.5,0.0,-1081.0,8710.944,5.998,0.0,125.0,0.0,-3166.229,-1686.465,-12497.5,0.0,-1081.0,0,109,40,36,4,5,3,2,761,5,59,1,58,0,0.9830508474576272,2,284,68,40,12,3200,1105,1105,1369,1369,1148,418,353,353,17,0,2446,238,0,0,849,12,0,11,14,14,0,0,37,349,3,122,5,305,0,139,0,695,23026,63.984191783201595,2.2677662390551823,33.46217319551811,1.7736226681845915,25.062972292191436,6.588204638235038,2.4007970888927397,0.0038621615499366715,0.0059768175755234455,0.001322771471769017,-0.004625139951789719,0.02522303992749686,-0.01294365937248494,0.00016614727412366152,-0.009949047931950486,0.11944875034359867,0.7959230592382558,0.10663228208399206,91343.0,,,,,,,,,,
2,50_20_5_10_5_2,50_20_5_10_5_2_StartGoalLocations_Seed1015.csv,40,1042.2318975925446,34,0.85,1,1,1,1,55,1,0,35,1,34,0.02857142857142857,0.0065690824705462334,9.819671002918803,10,8,6,0.16901106747590147,0.3614423420207069,16.8,3,8,0,8.0,1.0,1.0,1.0,15,16.94,27.0,10.5,16.5,30.12,44.0,45.0,28.0,0.0,0.0,0.0,0.0,3.4,5.0,0.0,1.0,27.88,0.0,0.0,10,4,0,2,0,0,0,1,234,0,115,52,67,0,0,0.4915,0.2222,0,0,0,1400.5,0.0,3400.0,0.0,10699.097,-6948.79,0.0,0.0,0.0,-100.0,0.111,-50.185,0.0,-602.0,0.0,-4096.0,200.0,0.0,0.0,0.0,0.0,-1065.5,0.0,-1795.0,0.61055,5.08975,-0.01072,0.5994,-0.33545,1.07648,0.01428,0.59734,-0.20425,1.04288,0.0,-433.635,3600.0,0.0,15810.818,-5487.689,-0.03096,0.62981,0.25705,4.95661,0.7371,1.78081,0.07105,0.43581,0.003,85.71429,0.99514,1.5282,0.0,-4.2022,51.1364,0.0,600.2723,-549.4262,-5.136,17,5,3,47,8,2,17,74,32,28,14,0,47,25,2,0,17,0,6,0.43243243243243246,0.6351351351351351,74,28,4,0.56,15035.998,0.0,0.0,200.0,0.0,-6485.19,-150.075,-4698.0,0.0,-2860.5,15035.998,0.0,0.0,200.0,0.0,-6485.19,-150.075,-4698.0,0.0,-2860.5,0,10,40,34,6,8,6,1,27,5,1,0,1,0,1.0,0,2,2,0,0,3200,0,0,105,105,124,40,4,4,0,0,68,0,0,0,84,0,0,0,0,0,0,0,4,0,0,14,0,3200,0,0,0,0,40020,10.589705147426287,1.0,6.484257871064468,1.794527965784073,5.074962518740629,1.9315342328835583,2.2555391432791727,0.0019450010627770097,0.00397907515798579,0.001620497437979793,0.008077652783774737,0.03108936803826964,0.0009281494822334934,4.328996364279192e-05,-0.005237570004392182,0.058886468595534106,0.8993754137524106,0.04944082235696341,34743.0,4.0,14.25,37.75,0.0,5.2,13.0,37.0,0.0,0.0,0.0
3,25_5_2_5_2_1,25_5_2_5_2_1_StartGoalLocations_Seed1004.csv,60,2647.664070904255,59,0.9833333333333333,3,10,3,3,44,10,1,167,11,164,0.0658682634730539,0.1463244281473721,6.27807184282488,2,2,2,0.1719022687609075,0.3588132635253054,3.5,1,2,0,2.0,,,,3,1.0,,,,16.5,,,,0.0,,,,8.5,,,,6.95,0.4,7.2,0,28,0,13,0,0,6,7,202,0,113,22,67,0,15,0.5594,0.1089,4,1,0,573.0,0.0,5900.0,0.0,3277.533,-1936.672,7.0,0.0,0.0,-300.0,7.684,-320.381,0.0,-1758.0,0.0,-1676.0,50.0,0.0,0.0,0.0,0.0,-831.5,0.0,-345.0,1.3649,10.13498,-0.10693,1.62703,-0.5993,1.00444,0.00873,0.46698,-0.20532,0.77816,0.0,-1262.29,5950.0,0.0,3926.486,-2388.197,-0.22029,1.83477,1.03839,10.10479,0.26846,1.41814,0.12653,1.74109,0.01065,97.54098,0.98953,1.1137,0.0,-18.5248,84.517,0.0,187.6876,-177.8955,-32.402,196,25,77,382,35,69,115,604,374,117,113,0,382,152,70,0,83,16,74,0.6192052980132451,0.6324503311258278,604,201,60,2.593,9623.97,7.48,0.0,50.0,0.0,-1803.108,-620.177,-3434.0,0.0,-1176.5,9623.97,7.48,0.0,50.0,0.0,-1803.108,-620.177,-3434.0,0.0,-1176.5,0,50,60,59,1,2,2,0,264,5,10,0,10,0,1.0,0,30,13,8,7,3200,93,93,639,639,615,199,190,190,0,0,2049,147,0,0,686,3,0,5,6,5,1,0,19,111,1,58,0,305,0,8,0,40,15735,51.20432157610423,2.4672955194241033,15.74833174451859,1.102961072816624,9.831585637114712,2.008261836669844,3.0168067226890756,0.001433264459737984,0.004324239706984372,0.00244968775936286,0.0023193351690702,0.035977914318209514,0.016124603555695102,3.6745816981920146e-05,-0.002636007390647137,0.052220062292103485,0.9096989966555183,0.03826691853708082,26312.0,1.0,3.5,11.0,15.0,73.0,,,,,
4,25_5_2_5_2_1,25_5_2_5_2_1_StartGoalLocations_Seed1019.csv,25,2642.3405850604177,25,1.0,1,1,1,1,11,1,1,33,1,32,0.030303030303030304,0.04861773117254528,7.638491796015329,4,4,4,0.05958055290753098,0.4885605338417541,0.0,2,4,0,4.0,,,,4,8.0,,,,12.88,,,,0.0,,,,0.2,,,,10.33,0.0,2.6,0,4,0,2,0,0,0,2,84,0,49,9,26,0,5,0.5833,0.1071,0,0,0,209.8,0.0,2500.0,0.0,1659.757,-853.951,0.0,0.0,0.0,-100.0,0.802,-31.067,0.0,-299.0,0.0,-384.0,100.0,0.0,0.0,0.0,0.0,-160.0,0.0,0.0,1.67569,10.88411,-0.06209,1.54552,-0.32555,0.87958,0.04766,1.09057,-0.07626,0.17977,0.0,-236.293,2600.0,0.0,1926.909,-774.667,-0.11263,1.61585,1.23928,10.90032,0.54921,1.30358,0.06768,1.66404,0.01382,89.65517,0.98761,1.30385,0.0,-4.1522,36.9318,0.0,94.8432,-57.9401,-5.419,19,6,7,33,8,15,16,72,33,20,19,0,33,24,15,0,4,0,5,0.4583333333333333,0.4583333333333333,72,26,6,1.028,4311.657,0.8,0.0,100.0,0.0,-796.051,-131.065,-683.0,0.0,-160.0,4311.657,0.8,0.0,100.0,0.0,-796.051,-131.065,-683.0,0.0,-160.0,0,12,25,25,0,3,3,0,23,5,1,0,1,0,1.0,0,2,2,0,0,908,4,4,64,64,130,48,26,26,4,0,341,0,0,0,345,3,0,0,0,0,0,0,2,0,0,6,0,305,0,0,0,0,5446,50.88138082996695,1.3475279682425116,14.028644876973926,1.2375491001284853,8.501652589056189,0.6610356224752112,3.0280777537796975,0.0013966896650196763,0.004318813448730807,0.0025190067521628765,-0.003147170373411964,0.03956302858084965,0.03997589184672855,2.2404748848795847e-05,-0.0033337973314132296,0.04981198358849519,0.9180435138230002,0.03582724284701326,6113.0,,,,,,,,,,
5,25_5_2_5_2_1,25_5_2_5_2_1_StartGoalLocations_Seed1003.csv,40,3102.199302241206,40,1.0,0,4,0,0,17,4,2,97,4,97,0.041237113402061855,0.12452728254997299,6.140313904553346,6,4,4,0.0904916261480281,0.3725013506212858,0.0,1,4,0,4.0,,2.0,,6,4.5,,2.0,,7.0,,10.0,,0.0,,2.5,,1.0,,26.0,,7.58,0.0,6.0,0,9,0,4,0,0,1,3,149,0,69,23,57,0,12,0.4631,0.1544,0,0,0,370.2,0.0,4000.0,0.0,2313.515,-1318.844,3.5,0.0,0.0,0.0,2.637,-105.309,0.0,-1229.0,0.0,-564.0,100.0,0.0,0.0,0.0,0.0,-470.5,0.0,0.0,1.45013,10.37699,-0.02773,0.13094,-0.48433,0.7354,0.02701,0.82133,-0.12709,0.2177,0.0,-378.144,4100.0,0.0,2712.619,-1355.984,-0.10215,0.40478,1.10751,10.36815,0.36646,1.21958,0.10859,0.94066,0.01189,93.18182,0.98892,1.11134,0.0,-5.4245,58.2386,0.0,132.4009,-102.2482,-17.06,82,8,17,218,2,64,61,346,212,52,82,0,218,64,64,0,25,0,19,0.6127167630057804,0.630057803468208,346,101,34,-1.528,6596.346,2.637,0.0,100.0,0.0,-1227.975,-105.309,-1793.0,0.0,-470.5,6596.346,2.637,0.0,100.0,0.0,-1227.975,-105.309,-1793.0,0.0,-470.5,0,14,40,40,0,4,4,0,157,5,4,0,4,0,1.0,0,10,4,1,2,1476,28,28,454,454,275,55,105,105,12,0,1344,48,0,0,376,8,2,2,4,4,0,0,6,69,2,12,0,305,0,1,0,5,10244,63.52010933229207,2.4485938220378056,26.00546661460367,1.2477759158835877,17.190550566185085,3.7290121046466225,2.593412833617263,0.0013217322105922935,0.005017740037550943,0.0024407225885607685,-0.006216843875905412,0.03918956211821093,0.03752188651562545,2.39261788905187e-05,-0.003181562357207351,0.050725629140164125,0.9119620187841883,0.03533096917438883,9689.0,,,,,,,,,,
6,50_20_5_10_5_2,50_20_5_10_5_2_StartGoalLocations_Seed1017.csv,40,6436.99987924099,39,0.975,0,0,0,0,7,0,0,0,0,0,0.0,0.0,9.97713458755427,2,1,1,0.010998552821997106,0.7163531114327062,0.0,0,0,0,1.0,,1.0,,2,4.5,,4.5,,14.0,,53.0,,0.0,,0.0,,0.0,,0.0,,23.72,0.0,0.0,0,0,0,0,0,0,0,0,107,0,86,7,14,0,0,0.8037,0.0654,0,0,0,345.5,0.0,3900.0,0.0,3730.5,-835.5,0.0,0.0,0.0,0.0,0.0,0.0,0.0,0.0,0.0,-544.0,25.0,0.0,0.0,0.0,0.0,-184.5,0.0,0.0,2.06671,10.53538,0.0,0.0,-0.15745,0.77783,0.00724,0.42526,-0.0534,0.15443,0.0,-28.0,3925.0,0.0,4989.07,-601.45,-0.0081,0.06383,1.13603,10.57214,1.26993,1.21962,0.03936,0.20588,0.01158,98.125,0.98813,1.63753,0.0,0.0,55.7528,0.0,213.1714,-58.2857,0.0,0,0,0,0,0,0,0,0,0,0,0,0,0,0,0,0,0,0,0,,,0,0,0,0.0,7920.3,0.0,0.0,25.0,0.0,-779.8,0.0,-544.0,0.0,-184.5,7920.3,0.0,0.0,25.0,0.0,-779.8,0.0,-544.0,0.0,-184.5,0,0,40,39,1,1,1,0,0,5,0,0,0,0,,0,0,0,0,0,728,0,0,0,0,0,0,0,0,0,0,0,0,0,0,65,0,0,0,0,0,0,0,0,0,0,0,0,3200,0,0,0,0,7053,3.3460938607684674,1.0084745762711864,1.9849709343541755,1.4114285909703799,1.786473840918758,0.5104210974053595,2.8095238095238093,0.0018215442812236557,0.006734702965451896,0.003273812353554704,-0.017234168149226098,0.04655946098308969,0.056135221247581746,2.4109530211437512e-05,3.5102240572386716e-05,0.06250223230068927,0.9016781411359724,0.034485433947499346,4648.0,,,,,,,,,,
7,50_20_5_10_5_2,50_20_5_10_5_2_StartGoalLocations_Seed1010.csv,40,5203.145972281694,39,0.975,2,15,2,2,26,15,6,285,15,283,0.05263157894736842,0.09301659988551803,8.720806202891218,10,9,9,0.06165951359084406,0.5975679542203147,34.5,2,6,1,9.0,,1.0,,11,12.67,,16.0,,43.67,,34.0,,0.0,,0.0,,1.3,,0.0,,24.97,0.9,6.6,0,23,0,10,0,0,11,1,232,0,144,45,43,0,0,0.6207,0.194,0,0,0,699.0,0.0,3900.0,0.0,6324.805,-2002.287,0.0,0.0,0.0,-200.0,6.548,-290.919,0.0,-1096.0,0.0,-1536.0,225.0,0.0,0.0,0.0,0.0,-482.0,0.0,-345.0,1.27633,7.49532,-0.06929,1.20626,-0.37654,0.91318,0.03219,0.89648,-0.11831,0.66653,0.0,-1023.169,4125.0,0.0,9161.504,-1682.443,-0.14638,1.30685,0.59013,7.50003,1.06997,1.45213,0.12074,1.21229,0.00687,85.9375,0.9927,1.56275,0.0,-15.0594,58.5937,0.0,359.4556,-159.7117,-28.536,92,8,16,343,30,80,117,570,364,117,89,0,343,146,81,0,49,15,95,0.6385964912280702,0.6017543859649123,570,266,80,-5.202,10786.405,6.4,0.0,225.0,0.0,-1864.887,-490.772,-2632.0,0.0,-827.0,10786.405,6.4,0.0,225.0,0.0,-1864.887,-490.772,-2632.0,0.0,-827.0,0,87,40,39,1,9,8,0,197,5,15,0,15,0,1.0,0,30,17,11,11,3200,35,35,514,514,754,345,206,206,4,0,268,36,0,0,416,1,0,1,3,2,1,0,9,83,2,27,0,3200,0,11,0,55,26770,19.99252895031752,1.1655455904334828,12.730668658946582,1.7767312428066857,9.64512514008218,1.9163242435562196,2.5917893106119285,0.0018046332752055605,0.006847734228795161,0.003199669416062534,-0.01972803015516547,0.05440775093040429,0.08288780524395406,2.8623650405279476e-05,0.0011075685293326387,0.054953291950305544,0.9100426521907716,0.03008995327231031,18053.0,1.0,34.5,46.0,30.0,148.0,,,,,
8,50_20_5_10_5_2,50_20_5_10_5_2_StartGoalLocations_Seed1016.csv,40,6494.25996273756,40,1.0,0,1,0,0,26,1,0,19,1,19,0.05263157894736842,0.023036649214659685,9.528335958450876,7,7,4,0.031413612565445025,0.643979057591623,0.0,2,6,0,7.0,,,,7,12.64,,,,22.93,,,,0.0,,,,0.0,,,,25.47,0.0,1.4,0,2,0,1,0,0,0,1,156,0,109,15,32,0,2,0.6987,0.0962,0,0,0,477.5,0.0,4000.0,0.0,4741.742,-1367.342,24.5,0.0,0.0,0.0,0.0,-18.64,0.0,-138.0,0.0,-1112.0,175.0,0.0,0.0,0.0,0.0,-288.5,0.0,0.0,1.64951,9.12749,-0.0039,0.05153,-0.26178,0.93672,0.03665,0.9565,-0.06042,0.16297,0.0,-149.0,4175.0,0.0,6565.927,-957.696,-0.0312,0.23228,0.87435,9.16086,1.1745,1.3034,0.06387,0.48852,0.00984,88.82979,0.99037,1.59095,0.0,-0.8096,59.304,0.0,272.3567,-94.6195,-8.768,13,7,4,19,1,6,12,38,20,11,7,0,19,13,6,0,6,0,5,0.5263157894736842,0.5,38,16,8,-0.64,9151.342,0.0,0.0,175.0,0.0,-1274.942,-18.64,-1250.0,0.0,-288.5,9151.342,0.0,0.0,175.0,0.0,-1274.942,-18.64,-1250.0,0.0,-288.5,0,1,40,40,0,7,7,0,18,5,1,0,1,0,1.0,0,2,1,0,0,2360,35,35,9,9,20,4,0,0,0,0,436,28,0,0,314,0,0,1,1,1,0,0,3,5,0,5,0,3200,0,0,0,0,16885,14.734971868522358,1.1117363344051447,6.058631921824104,1.431427195726485,5.004441812259402,0.8113710393840687,3.035502958579882,0.002320304693618663,0.006006065011221789,0.004088323920081228,-0.025647915959354763,0.054146557096076214,0.12185081450931602,3.287883309817748e-05,0.001998353593783469,0.0581276317853888,0.9089558398679323,0.028838027721606617,12115.0,,,,,,,,,,
9,25_5_2_5_2_1,25_5_2_5_2_1_StartGoalLocations_Seed1000.csv,60,44.99715879559517,57,0.95,6,7,5,6,37,6,0,145,7,139,0.04827586206896552,0.16895443925233644,6.100742723914647,2,1,2,0.24423357664233578,0.3862773722627737,8.235206604003906,1,2,0,1.0,1.0,,1.0,5,5.0,10.0,,2.0,8.0,9.0,,4.0,0.0,5.0,,0.0,0.0,26.0,,0.0,7.18,1.5,12.0,3,35,0,20,0,0,7,15,241,0,91,88,62,0,8,0.3776,0.3651,2,0,0,685.0,0.0,5700.0,0.0,3394.529,-2229.193,3.5,0.0,0.0,-600.0,5.737,-398.576,0.0,-2075.0,0.0,-2276.0,25.0,0.0,0.0,0.0,0.0,-1155.0,0.0,-1035.0,1.10275,9.13343,-0.14494,2.09655,-0.63518,1.28744,0.00365,0.30204,-0.31971,1.13277,0.0,-1851.128,5725.0,0.0,3959.226,-3486.609,-0.27024,2.20441,0.83577,9.0887,0.069,1.60781,0.15781,1.71242,0.00847,98.7069,0.99168,1.0961,0.0,-32.6309,81.321,0.0,189.0588,-247.4111,-45.742,308,11,83,634,18,90,189,933,639,161,133,0,634,209,90,0,70,22,106,0.684887459807074,0.6795284030010718,933,289,67,4.79,9630.124,5.342,0.0,25.0,0.0,-2076.288,-998.18,-4351.0,0.0,-2190.0,9630.124,5.342,0.0,25.0,0.0,-2076.288,-998.18,-4351.0,0.0,-2190.0,0,69,60,57,3,1,1,1,443,5,6,0,6,0,1.0,0,33,12,7,4,3200,87,87,1096,1096,906,273,386,386,12,0,2590,221,0,0,390,2,0,2,3,2,1,0,10,36,1,53,0,305,0,18,0,90,16710,69.23997606223818,2.5903197925669836,24.88330341113106,1.1604031551833802,15.140634350688211,1.9868342309994016,3.3051383399209486,0.002277794991132396,0.00628253421120462,0.003965509310655761,-0.03441809886251576,0.05888134204898961,0.11529415470678941,3.687753142173733e-05,0.0011386337299700245,0.059388422628138815,0.8950895733986338,0.027981622215149157,15518.0,2.0,7.35,8.0,0.0,38.5,20.71,24.97,0.0,0.0,0.0
10,50_20_5_10_5_2,50_20_5_10_5_2_StartGoalLocations_Seed1000.csv,60,8192.34688270092,60,1.0,0,0,0,0,8,0,0,32,0,32,0.0,0.01973051010587103,9.487926839290616,2,2,2,0.0178055822906641,0.6381135707410972,0.0,1,2,0,2.0,,,,2,6.5,,,,17.5,,,,0.0,,,,0.0,,,,14.91,0.0,0.9,0,0,0,0,0,0,0,0,191,0,128,34,29,0,0,0.6702,0.178,0,0,0,415.6,0.0,6000.0,0.0,4006.303,-1274.803,0.0,0.0,0.0,0.0,0.0,-32.253,0.0,-572.5,0.0,-136.0,50.0,0.0,0.0,0.0,0.0,-264.0,0.0,0.0,2.20094,11.91043,-0.00776,0.06964,-0.17048,0.41317,0.01203,0.54829,-0.06352,0.16651,0.0,-94.072,6050.0,0.0,4744.865,-1151.832,-0.02264,0.17187,1.45573,11.93948,0.86454,1.26654,0.0231,0.97992,0.01492,97.58065,0.98556,1.43962,0.0,-0.9744,85.9375,0.0,228.9316,-87.9316,-2.422,22,14,11,47,0,12,5,64,46,6,12,0,47,5,12,0,1,0,0,0.71875,0.734375,64,14,4,-1.181,10336.503,0.0,0.0,50.0,0.0,-1189.403,-32.253,-708.5,0.0,-264.0,10336.503,0.0,0.0,50.0,0.0,-1189.403,-32.253,-708.5,0.0,-264.0,0,3,60,60,0,2,2,0,28,5,0,0,0,0,,0,0,0,0,0,972,0,0,102,102,100,12,8,8,0,0,64,4,0,0,271,0,0,0,0,0,0,0,1,0,0,3,0,3200,0,0,0,0,8811,13.51719441607082,1.0,5.538531381228011,1.2477459186672797,3.790716150266712,0.13619339462036092,3.2994011976047903,0.0023390001176862205,0.006286708777482955,0.00412455639023901,-0.036836715378710395,0.0722599293377419,0.1246416645101559,2.354519511818543e-05,1.3193999965188435e-06,0.05688697595820002,0.9011667810569663,0.026164486080828473,4371.0,,,,,,,,,,
11,50_20_5_10_5_2,50_20_5_10_5_2_StartGoalLocations_Seed1010.csv,25,5200.700025826693,25,1.0,0,0,0,0,39,0,0,0,0,0,0.0,0.0,9.81934846989141,7,5,6,0.01949654491609082,0.6900296150049359,0.0,1,3,0,5.0,,2.0,,7,29.1,,25.25,,54.6,,47.0,,0.0,,0.0,,0.0,,0.0,,32.14,0.0,0.0,0,0,0,0,0,0,0,0,107,0,58,20,29,0,0,0.5421,0.1869,0,0,0,405.2,0.0,2500.0,0.0,4311.0,-1011.0,0.0,0.0,0.0,0.0,0.0,0.0,0.0,0.0,0.0,-896.0,125.0,0.0,0.0,0.0,0.0,-233.5,0.0,0.0,1.53139,7.84979,0.0,0.0,-0.22113,0.91411,0.03085,0.87765,-0.05763,0.15966,0.0,-156.0,2625.0,0.0,6493.28,-633.27,-0.0385,0.24368,0.64783,7.87715,1.4462,1.29928,0.05528,0.69643,0.0074,87.5,0.99284,1.77145,0.0,0.0,37.2869,0.0,246.3429,-71.1143,0.0,0,0,0,0,0,0,0,0,0,0,0,0,0,0,0,0,0,0,0,,,0,0,0,0.0,7148.8,0.0,0.0,125.0,0.0,-943.6,0.0,-896.0,0.0,-233.5,7148.8,0.0,0.0,125.0,0.0,-943.6,0.0,-896.0,0.0,-233.5,0,0,25,25,0,4,4,0,0,5,0,0,0,0,,0,0,0,0,0,2832,0,0,0,0,0,0,0,0,0,0,12,0,0,0,113,0,0,0,0,0,0,0,0,0,0,0,0,3200,0,0,0,0,15565,8.557661419852232,1.0,4.445872149052361,1.467955224950814,3.19948602634115,0.7966591712174751,2.995983935742972,0.002712955210429595,0.006718631838066872,0.004441829737654682,-0.039614160733605276,0.07831771270566656,0.14328930023623535,3.0018276702655597e-05,-0.002113617052980843,0.0621250603031735,0.8969853574504737,0.024493896119804164,11610.0,,,,,,,,,,
12,25_5_2_5_2_1,25_5_2_5_2_1_StartGoalLocations_Seed1007.csv,60,-2231.655643582344,59,0.9833333333333333,16,12,14,16,29,10,1,333,12,317,0.036036036036036036,0.2928125415172047,4.868003778550608,7,7,6,0.1992835345628234,0.2543452301976914,13.5,2,6,0,7.0,,,,8,5.51,,,,11.14,,,,3.3,,,,25.6,,,,7.01,2.7,23.8,0,78,0,42,0,0,8,17,344,0,120,135,89,0,39,0.3488,0.3924,0,0,0,753.7,0.0,5900.0,0.0,3099.944,-1646.702,24.5,0.0,0.0,-1700.0,10.592,-964.189,0.0,-3131.5,0.0,-2918.0,175.0,0.0,0.0,0.0,0.0,-1490.0,0.0,-345.0,1.07887,8.846,-0.35208,3.35246,-0.80264,1.51881,0.02322,0.76153,-0.24347,0.66381,0.0,-4292.57,6075.0,0.0,3846.453,-2400.395,-0.56953,3.53543,0.80602,8.84371,0.19186,1.18427,0.28274,2.01435,0.00876,92.04545,0.99164,0.83581,0.0,-82.874,86.2926,0.0,177.0063,-197.4211,-95.079,684,30,281,1419,25,249,366,2061,1499,259,303,0,1419,393,249,0,163,45,323,0.7273168364871422,0.6885007278020379,2043,795,91,15.473,9656.818,9.588,0.0,175.0,0.0,-1525.376,-2663.185,-6049.5,0.0,-1835.0,9656.818,9.588,0.0,175.0,0.0,-1525.376,-2663.185,-6049.5,0.0,-1835.0,0,237,60,59,1,7,7,0,1145,5,10,1,9,0,0.9,2,62,26,18,8,3200,145,145,2814,2814,2116,940,1538,1538,60,0,2540,120,0,0,319,0,0,4,14,12,1,0,11,338,10,78,0,305,0,43,0,215,24584,55.61747478034494,2.798654282161925,30.74357305564595,2.1838879612020383,22.03465668727628,7.199804751057599,2.384530182757984,0.002700900781455857,0.006857763610460097,0.004281860940391197,-0.05690187695028726,0.08607407002244144,0.14282923080900217,3.320819060377289e-05,-0.00786863834480755,0.06333049013723584,0.8953326713008938,0.028213806259412864,15105.0,1.0,13.5,24.0,25.0,111.0,,,,,
13,25_5_2_5_2_1,25_5_2_5_2_1_StartGoalLocations_Seed1014.csv,60,-2394.215201407671,57,0.95,13,14,12,13,27,13,3,211,14,198,0.06635071090047394,0.18894805007914808,5.938610675060795,1,1,1,0.2241552839683681,0.35384615384615387,13.666666666666666,0,0,0,1.0,,,,4,2.5,,,,4.0,,,,5.0,,,,25.0,,,,6.08,2.3,11.3,3,76,0,32,0,0,13,16,231,0,88,72,71,0,16,0.381,0.3117,0,0,0,695.5,0.0,5700.0,0.0,3337.326,-2253.415,0.0,0.0,0.0,-1300.0,10.499,-456.625,0.0,-2146.5,0.0,-3812.0,25.0,0.0,0.0,0.0,0.0,-1159.0,0.0,-1035.0,1.0754,9.06546,-0.25106,3.05166,-0.85672,1.71836,0.00359,0.29975,-0.31546,1.15134,0.0,-2915.544,5725.0,0.0,4003.708,-3319.993,-0.4192,3.22153,0.82315,9.02041,0.09831,1.59936,0.18778,2.23242,0.00834,98.7069,0.9918,1.06171,0.0,-57.386,81.321,0.0,188.1139,-251.5476,-62.341,281,16,72,749,13,179,231,1172,705,229,238,0,749,243,180,0,82,64,171,0.6015358361774744,0.6390784982935154,1164,419,90,7.418,9573.929,9.234,0.0,25.0,0.0,-2094.518,-1755.36,-5958.5,0.0,-2194.0,9573.929,9.234,0.0,25.0,0.0,-2094.518,-1755.36,-5958.5,0.0,-2194.0,0,95,60,57,3,1,1,0,624,5,13,1,12,0,0.9230769230769231,2,65,26,15,6,3200,238,238,1450,1450,1551,377,767,767,44,0,1950,50,0,0,394,1,0,3,4,4,0,0,27,70,1,44,0,305,0,37,0,185,14975,61.876460767946575,2.901575652924671,32.42070116861436,1.865744104480177,22.07679465776294,6.998330550918197,2.4951603145795525,0.0036463351994825643,0.007109949832665734,0.004844661708921194,-0.08117757649859414,0.09379097877885215,0.13724006735094008,4.659486429602566e-05,-0.014936292476195377,0.07178763325527567,0.8858275391513418,0.02947668420472219,15389.0,3.0,13.67,14.0,16.7,32.7,18.5,21.5,0.0,0.0,0.0
14,25_5_2_5_2_1,25_5_2_5_2_1_StartGoalLocations_Seed1016.csv,40,3640.536971896887,39,0.975,1,5,1,1,10,5,3,61,5,60,0.08196721311475409,0.07526609224531171,6.792857363993784,5,4,2,0.08134820070957932,0.46857577293461733,0.0,1,4,0,4.0,,1.0,,5,9.0,,7.0,,13.25,,36.0,,0.0,,0.0,,0.2,,4.0,,12.03,0.0,4.1,0,19,0,7,0,0,0,7,169,0,83,41,45,0,18,0.4911,0.2426,0,0,0,394.6,0.0,3900.0,0.0,2930.623,-1432.314,3.5,0.0,0.0,-100.0,0.899,-71.771,0.0,-673.5,0.0,-1008.0,100.0,0.0,0.0,0.0,0.0,-403.5,0.0,0.0,1.46893,9.93018,-0.0433,1.13012,-0.42613,1.03514,0.02534,0.79556,-0.10226,0.20167,0.0,-385.754,4000.0,0.0,3647.473,-1274.544,-0.09776,1.21485,1.01368,9.92171,0.60135,1.27745,0.06817,1.43403,0.0109,93.02326,0.99012,1.25979,0.0,-5.9836,56.8182,0.0,167.6642,-104.9037,-15.238,49,9,16,98,9,21,48,176,114,34,28,0,98,57,21,0,16,0,23,0.6477272727272727,0.5568181818181818,176,56,17,0.882,7131.483,0.8,0.0,100.0,0.0,-1335.074,-171.672,-1681.5,0.0,-403.5,7131.483,0.8,0.0,100.0,0.0,-1335.074,-171.672,-1681.5,0.0,-403.5,0,15,40,39,1,4,3,0,76,5,5,0,5,0,1.0,0,17,6,0,0,1188,8,8,171,171,356,58,59,59,8,0,771,68,0,0,714,0,0,4,5,5,0,0,8,140,1,30,0,305,0,0,0,0,10055,63.01342615614122,1.8494318181818181,20.437593237195426,1.288625323920173,12.451516658378916,2.486325211337643,3.216453674121406,0.003564360906857596,0.006911031480075836,0.005098007109818936,-0.08749478193696099,0.10545176492144764,0.13181717033217338,5.5640749376387626e-05,-0.01609406527758949,0.07021985118175762,0.8837726805888394,0.030426950336824254,5842.0,,,,,,,,,,
15,25_5_2_5_2_1,25_5_2_5_2_1_StartGoalLocations_Seed1017.csv,40,952.3896143436432,40,1.0,4,5,4,4,28,5,1,110,5,106,0.045454545454545456,0.18653846153846154,5.8769467034448795,5,5,5,0.16458433445458914,0.3565593464680442,0.0,1,3,0,5.0,,,,5,6.6,,,,18.6,,,,0.0,,,,18.0,,,,7.64,2.8,12.6,0,33,0,11,0,0,4,6,187,0,77,82,28,0,30,0.4118,0.4385,0,0,0,416.2,0.0,4000.0,0.0,2216.777,-1115.268,0.0,0.0,0.0,-500.0,2.023,-248.842,0.0,-1433.0,0.0,-1808.0,125.0,0.0,0.0,0.0,0.0,-702.5,0.0,0.0,1.32573,9.78681,-0.17944,2.45071,-0.77871,1.70145,0.03003,0.86599,-0.16879,0.23644,0.0,-1342.323,4125.0,0.0,2736.564,-1263.237,-0.32252,2.58824,0.99111,9.79164,0.354,1.11876,0.15233,2.11723,0.01081,91.66667,0.98991,0.97083,0.0,-23.8307,58.5937,0.0,126.673,-103.8725,-24.392,200,16,79,398,36,48,94,576,432,74,70,0,397,131,48,0,34,28,87,0.75,0.6892361111111112,576,180,34,-1.496,6555.677,1.6,0.0,125.0,0.0,-1037.968,-748.419,-3241.0,0.0,-702.5,6555.677,1.6,0.0,125.0,0.0,-1037.968,-748.419,-3241.0,0.0,-702.5,0,44,40,40,0,5,5,0,239,5,5,0,5,0,1.0,0,28,9,5,3,2596,32,32,687,687,404,176,230,230,0,0,1055,18,0,0,218,2,0,2,2,2,0,0,6,12,0,33,1,305,0,21,0,105,13699,46.76983721439521,2.2555017949118152,18.06701219067085,1.1819772899261856,11.657785239798525,1.1752682677567705,3.2279273638071384,0.003747867555341372,0.007184079432076501,0.005137435913958425,-0.09589563947865519,0.113524487164612,0.12498649817752223,6.286522786120144e-05,-0.01660150866419183,0.07773416526172458,0.8710726753411615,0.030571078094271596,12604.0,,,,,,,,,,
16,25_5_2_5_2_1,25_5_2_5_2_1_StartGoalLocations_Seed1010.csv,60,-294.8772148489952,58,0.9666666666666667,9,19,9,9,26,19,1,245,19,236,0.07755102040816327,0.22957327158451868,4.479293056761552,5,5,4,0.2008921196101107,0.27507021311746244,26.25,1,3,0,5.0,,,,7,2.11,,,,12.0,,,,15.6,,,,36.4,,,,6.57,1.8,10.1,1,63,0,56,0,0,20,22,207,0,99,74,34,0,8,0.4783,0.3575,0,0,0,605.3,0.0,5800.0,0.0,2609.029,-1420.453,0.0,0.0,0.0,-900.0,4.319,-659.072,0.0,-1989.0,0.0,-2528.0,125.0,0.0,0.0,0.0,0.0,-1252.0,0.0,-690.0,1.25456,9.77047,-0.25686,2.72823,-0.74624,1.3042,0.02065,0.71822,-0.32083,1.01885,0.0,-2800.451,5925.0,0.0,3646.105,-2024.597,-0.46266,2.94381,0.97885,9.76619,0.26788,1.41634,0.21047,2.19816,0.01041,94.04762,0.98992,0.94638,0.0,-45.0885,84.1619,0.0,147.4493,-190.5021,-48.534,601,43,311,896,16,99,172,1183,866,178,139,0,896,188,99,0,93,92,130,0.7320371935756551,0.757396449704142,1170,332,43,7.698,8914.229,3.41,0.0,125.0,0.0,-1320.353,-1558.162,-4517.0,0.0,-1942.0,8914.229,3.41,0.0,125.0,0.0,-1320.353,-1558.162,-4517.0,0.0,-1942.0,0,83,60,58,2,5,5,0,1057,5,19,2,17,0,0.8947368421052632,4,102,28,21,9,3200,101,101,3489,3489,2645,325,482,482,8,0,2110,172,0,0,385,8,0,5,7,6,0,0,18,121,1,91,3,305,1,64,0,320,18605,60.462241332975005,2.8654102586896615,34.372480515990326,3.1361591535329856,23.3378124160172,3.9935501209352324,2.416628281897743,0.004523573510232382,0.008413519992609508,0.005147232639719732,-0.11405817268416285,0.1262888085260056,0.1250737289677636,5.6449515018925924e-05,-0.023333810231997633,0.08050840545447492,0.8631978389503473,0.03080975539456724,15548.0,2.0,26.25,19.5,66.5,148.0,3.5,3.5,0.0,0.0,0.0
17,50_20_5_10_5_2,50_20_5_10_5_2_StartGoalLocations_Seed1002.csv,40,6923.666508764029,40,1.0,0,2,0,0,17,2,2,44,2,44,0.045454545454545456,0.020348837209302327,9.493392558753953,8,7,8,0.013565891472868217,0.71875,0.0,1,3,0,7.0,,1.0,,8,17.71,,4.5,,30.14,,6.0,,0.0,,0.0,,0.0,,4.0,,22.53,0.0,1.3,0,4,0,0,0,0,0,0,142,0,101,26,15,0,3,0.7113,0.1831,0,0,0,412.8,0.0,4000.0,0.0,4455.37,-889.383,49.0,0.0,0.0,0.0,1.63,-39.25,0.0,-231.0,0.0,-780.0,175.0,0.0,0.0,0.0,0.0,-230.5,0.0,0.0,1.94472,9.77257,-0.00911,0.07859,-0.24491,0.85077,0.04239,1.02861,-0.05584,0.15748,0.0,-161.17,4175.0,0.0,6061.049,-684.888,-0.03904,0.21434,1.01139,9.84562,1.30236,1.23422,0.06274,0.62228,0.01139,88.82979,0.98958,1.65139,0.0,-1.3736,59.304,0.0,257.3926,-63.9933,-3.114,13,5,2,53,0,14,21,88,40,27,21,0,53,21,14,0,16,0,0,0.45454545454545453,0.6022727272727273,88,36,18,-4.45,8857.47,1.63,0.0,175.0,0.0,-829.683,-39.25,-1011.0,0.0,-230.5,8857.47,1.63,0.0,175.0,0.0,-829.683,-39.25,-1011.0,0.0,-230.5,0,13,40,40,0,5,5,0,31,5,2,0,2,0,1.0,0,4,2,0,0,1688,0,0,55,55,92,52,67,67,0,0,30,0,0,0,100,0,0,0,1,1,0,0,1,26,1,2,0,3200,0,0,0,0,13099,13.810214520192382,1.0082918739635158,8.00061073364379,1.4387404773782455,6.733338422780365,0.9313688067791435,3.0238095238095237,0.004506011419158244,0.008324550656200125,0.005146223823297151,-0.1165248470301453,0.1323512720200123,0.13615447278377288,5.518890129161518e-05,-0.025110547967096216,0.08374569983913019,0.8636132315521629,0.030018805978108822,7860.0,,,,,,,,,,
18,50_20_5_10_5_2,50_20_5_10_5_2_StartGoalLocations_Seed1007.csv,60,8928.8733561337,60,1.0,0,1,0,0,28,1,0,60,2,60,0.03333333333333333,0.01771479185119575,9.541770415845296,7,6,7,0.014762326542663124,0.686152937702982,0.0,1,3,0,6.0,,1.0,,7,17.0,,5.0,,46.83,,32.0,,0.0,,0.0,,0.0,,0.0,,25.29,0.0,1.6,0,2,0,1,0,0,0,1,187,0,139,28,20,0,0,0.7433,0.1497,2,1,0,677.4,0.0,6000.0,0.0,7050.649,-1715.329,0.0,0.0,0.0,0.0,0.8,-50.647,0.0,-1386.0,0.0,-1412.0,150.0,0.0,0.0,0.0,0.0,-386.0,0.0,0.0,1.77336,9.36552,-0.00736,0.07036,-0.41305,0.88531,0.02214,0.7437,-0.05698,0.15888,0.0,-254.626,6150.0,0.0,9908.831,-1179.793,-0.03759,0.25513,0.90788,9.39698,1.28861,1.27085,0.06304,0.59631,0.00974,93.18182,0.99055,1.65255,0.0,-2.3184,87.358,0.0,402.8943,-120.076,-2.523,31,4,3,124,0,13,19,156,123,19,14,0,124,19,13,0,2,0,2,0.7884615384615384,0.7948717948717948,156,34,14,-0.22,13613.349,0.8,0.0,150.0,0.0,-1600.629,-50.647,-2798.0,0.0,-386.0,13613.349,0.8,0.0,150.0,0.0,-1600.629,-50.647,-2798.0,0.0,-386.0,0,8,60,60,0,5,5,0,69,5,1,0,1,0,1.0,0,2,1,0,0,2060,0,0,151,151,195,31,128,128,0,0,28,0,0,0,419,4,0,0,0,0,0,0,1,0,0,2,0,3200,0,0,0,0,18295,8.843946433451762,1.0,5.531566001639792,1.6785696888307529,3.89723968297349,0.6340530199508062,2.8934081346423564,0.004687299677148208,0.008168336235041034,0.005121467692452004,-0.1240850185812677,0.14635050658462118,0.17100575445129454,5.5033800650491984e-05,-0.034138354297401835,0.0864208535832952,0.8647139395216521,0.02918627355479093,9491.0,,,,,,,,,,
19,25_5_2_5_2_1,25_5_2_5_2_1_StartGoalLocations_Seed1005.csv,25,868.9628859758377,24,0.96,6,3,6,6,6,3,2,111,3,105,0.02702702702702703,0.20625566636446055,6.317108681579125,5,4,3,0.15074694431869623,0.4114984155726573,0.0,1,4,0,4.0,,1.0,,5,6.0,,6.0,,12.75,,8.0,,0.0,,0.0,,9.0,,49.0,,8.3,1.0,9.2,0,14,0,6,0,0,1,3,96,0,64,12,20,0,2,0.6667,0.125,0,0,0,220.9,0.0,2400.0,0.0,1502.949,-778.333,0.0,0.0,0.0,-600.0,0.393,-197.947,0.0,-745.0,0.0,-840.0,100.0,0.0,0.0,0.0,0.0,-194.0,0.0,0.0,1.51449,10.40011,-0.36105,3.67435,-0.71752,1.46966,0.04527,1.06287,-0.08782,0.19026,0.0,-1129.404,2500.0,0.0,1789.224,-736.829,-0.51127,3.81371,1.13173,10.41621,0.47641,1.21685,0.17972,2.84485,0.01268,89.28571,0.98868,1.15662,0.0,-23.5673,35.5114,0.0,85.8828,-55.5619,-23.858,94,17,47,200,16,57,79,353,251,53,49,0,200,96,57,0,26,5,87,0.7110481586402266,0.56657223796034,349,170,16,3.35,4068.07,0.0,0.0,100.0,0.0,-722.554,-797.554,-1585.0,0.0,-194.0,4068.07,0.0,0.0,100.0,0.0,-722.554,-797.554,-1585.0,0.0,-194.0,0,40,25,24,1,4,4,0,161,5,3,1,2,0,0.6666666666666666,2,6,9,4,4,916,143,143,413,413,362,158,11,11,0,0,474,86,0,0,308,0,0,0,1,1,0,0,3,0,1,22,0,305,0,4,0,20,5694,62.4868282402529,1.40893760539629,22.866174920969442,1.4460589686267724,17.685282753775905,5.0228310502283104,2.720953326713009,0.004765704027366902,0.0077994055486808826,0.005090947914665247,-0.12438546335853344,0.1453530231092174,0.16687633695821055,6.30850017166851e-05,-0.03396384625423163,0.08097594912363498,0.8703749689595233,0.028308375405660634,4027.0,,,,,,,,,,
20,50_20_5_10_5_2,50_20_5_10_5_2_StartGoalLocations_Seed1002.csv,40,6767.099848724902,39,0.975,0,0,0,0,14,0,0,0,0,0,0.0,0.001126443255421008,9.786820613911575,5,3,3,0.012109264995775838,0.7375387214869051,0.0,1,3,0,3.0,,2.0,,5,10.17,,2.75,,25.0,,10.0,,0.0,,0.0,,0.0,,0.0,,24.97,0.0,0.0,0,0,0,0,0,0,0,0,148,0,121,12,15,0,0,0.8176,0.0811,0,0,0,355.1,0.0,3900.0,0.0,3997.5,-786.0,0.0,0.0,0.0,0.0,0.0,0.0,0.0,0.0,0.0,-616.0,75.0,0.0,0.0,0.0,0.0,-158.5,0.0,0.0,2.10268,10.38451,0.0,0.0,-0.17347,0.81474,0.02112,0.72634,-0.04464,0.14257,0.0,-56.0,3975.0,0.0,5215.265,-615.87,-0.01577,0.17306,1.1194,10.44525,1.29524,1.19661,0.04337,0.36364,0.01183,94.64286,0.98761,1.66271,0.0,0.0,56.4631,0.0,228.4286,-53.9714,0.0,0,0,0,0,0,0,0,0,0,0,0,0,0,0,0,0,0,0,0,,,0,0,0,0.0,8200.2,0.0,0.0,75.0,0.0,-733.6,0.0,-616.0,0.0,-158.5,8200.2,0.0,0.0,75.0,0.0,-733.6,0.0,-616.0,0.0,-158.5,0,0,40,39,1,3,2,0,0,5,0,0,0,0,,0,0,0,0,0,1168,0,0,0,0,0,0,0,0,0,0,84,0,0,0,136,0,0,0,0,0,0,0,0,0,0,0,0,3200,0,0,0,0,8423,11.195536032292532,1.0,3.929716253116467,1.9472809933981325,3.502315089635522,1.0210138905378132,2.6338983050847458,0.005103819544486102,0.008228989607456764,0.00529811723071648,-0.1229451704413107,0.14875351275279097,0.17843870810960252,6.587754183808463e-05,-0.03497401540716217,0.08396827069386825,0.8661529101602109,0.02684396607132591,4931.0,,,,,,,,,,
21,25_5_2_5_2_1,25_5_2_5_2_1_StartGoalLocations_Seed1001.csv,25,2943.9500095546246,25,1.0,0,1,0,0,5,1,0,9,1,9,0.1111111111111111,0.03470213996529786,8.154279934180963,1,1,0,0.06593406593406594,0.4783111625216888,0.0,0,0,0,1.0,,,,1,10.5,,,,17.0,,,,0.0,,,,0.0,,,,10.21,0.0,1.5,0,2,0,0,0,0,0,0,74,0,50,11,13,0,2,0.6757,0.1486,0,0,0,172.9,0.0,2500.0,0.0,1375.965,-617.415,0.0,0.0,0.0,0.0,0.0,0.0,0.0,-76.0,0.0,-268.0,25.0,0.0,0.0,0.0,0.0,-168.5,0.0,0.0,1.98464,11.94842,0.0,0.0,-0.19896,0.77615,0.01446,0.60106,-0.09746,0.19807,0.0,-39.3,2525.0,0.0,1662.904,-530.504,-0.02273,0.21659,1.46038,11.95077,0.65495,1.26936,0.03759,0.60462,0.01504,97.11538,0.98554,1.28721,0.0,-0.4111,35.8665,0.0,78.6266,-44.9094,-3.599,14,6,3,12,0,4,3,19,12,3,4,0,12,3,4,0,0,0,0,0.631578947368421,0.631578947368421,19,2,0,0.8,4007.465,0.0,0.0,25.0,0.0,-576.015,0.0,-344.0,0.0,-168.5,4007.465,0.0,0.0,25.0,0.0,-576.015,0.0,-344.0,0.0,-168.5,0,0,25,25,0,1,1,0,11,5,1,0,1,0,1.0,0,2,1,0,0,920,0,0,18,18,24,0,24,24,0,0,200,0,0,0,301,0,0,0,0,0,0,0,0,0,0,3,0,305,0,0,0,0,3716,42.142088266953714,1.7969348659003832,18.810548977395047,1.277324769070348,12.863293864370291,0.7534983853606028,3.5606694560669454,0.005874147616407793,0.009179708740228543,0.005656268787772759,-0.13256363460551138,0.15656418272334596,0.18710821362455254,5.819672034071435e-05,-0.043677726031645485,0.08810709084747162,0.8614762386248737,0.02733868911278108,3956.0,,,,,,,,,,
22,50_20_5_10_5_2,50_20_5_10_5_2_StartGoalLocations_Seed1016.csv,60,8605.502729654312,60,1.0,0,5,0,0,20,5,2,47,5,47,0.10638297872340426,0.041666666666666664,8.857168878743678,5,4,5,0.033179012345679014,0.6239197530864198,0.0,0,0,0,4.0,,1.0,,5,13.62,,9.5,,36.25,,25.0,,1.2,,0.0,,26.2,,85.0,,23.75,0.0,0.6,0,9,0,4,0,0,1,2,196,0,136,39,21,0,3,0.6939,0.199,0,0,0,648.0,0.0,6000.0,0.0,6202.304,-1472.354,0.0,0.0,0.0,0.0,0.8,-15.747,0.0,-924.0,0.0,-1352.0,100.0,0.0,0.0,0.0,0.0,-581.5,0.0,0.0,1.75586,9.57212,-0.00231,0.03845,-0.35123,0.88459,0.01543,0.62094,-0.08974,0.19187,0.0,-181.187,6100.0,0.0,8610.631,-1063.646,-0.02796,0.23869,0.94136,9.59647,1.16466,1.23863,0.04213,0.66369,0.00988,95.3125,0.99028,1.5076,0.0,-1.4184,86.6477,0.0,354.4174,-117.3631,-2.651,94,18,40,70,0,13,11,94,74,15,5,0,70,11,13,0,12,0,0,0.7872340425531915,0.7446808510638298,94,18,2,0.24,12751.504,0.8,0.0,100.0,0.0,-1373.554,-15.747,-2276.0,0.0,-581.5,12751.504,0.8,0.0,100.0,0.0,-1373.554,-15.747,-2276.0,0.0,-581.5,0,0,60,60,0,3,3,0,46,5,5,0,5,0,1.0,0,10,5,1,2,2200,72,72,102,102,96,0,0,0,0,0,732,10,0,0,475,1,1,2,2,1,1,0,2,226,0,3,0,3200,0,1,0,5,15924,21.188143682491837,1.062833432128038,6.72569706103994,1.5064659401249179,5.237377543330822,0.4835468475257473,3.178657074340528,0.005279844290767373,0.008985587833449245,0.005712610186839645,-0.12841187767007134,0.15472764710133727,0.200236934020438,6.992221093903275e-05,-0.04318114144219594,0.08483416438798415,0.8674500103071532,0.027364970886849364,9702.0,,,,,,,,,,
23,25_5_2_5_2_1,25_5_2_5_2_1_StartGoalLocations_Seed1018.csv,25,2521.283450767398,25,1.0,0,0,0,0,11,0,0,48,0,48,0.0,0.11375507835171213,7.361958952055238,2,2,2,0.06384213580963435,0.4550203134068485,0.0,0,0,0,2.0,,,,2,5.75,,,,20.5,,,,0.0,,,,0.0,,,,8.89,0.0,5.9,0,0,0,0,0,0,0,0,102,0,65,16,21,0,2,0.6373,0.1569,0,0,0,172.3,0.0,2500.0,0.0,1289.807,-555.513,0.0,0.0,0.0,0.0,1.022,-49.833,0.0,-396.0,0.0,-332.0,50.0,0.0,0.0,0.0,0.0,-158.5,0.0,0.0,1.97713,11.96511,-0.02833,0.13006,-0.42252,0.84092,0.02902,0.85126,-0.09199,0.19373,0.0,-139.665,2550.0,0.0,1577.165,-531.169,-0.08106,0.30441,1.47998,11.98461,0.60708,1.23649,0.10273,0.78907,0.01567,94.44444,0.98375,1.24385,0.0,-1.5604,36.2216,0.0,73.7032,-40.8007,-5.522,62,9,13,69,0,13,16,99,66,18,15,0,69,17,13,0,3,0,0,0.6666666666666666,0.696969696969697,99,42,16,-1.146,3924.207,1.022,0.0,50.0,0.0,-517.612,-49.833,-728.0,0.0,-158.5,3924.207,1.022,0.0,50.0,0.0,-517.612,-49.833,-728.0,0.0,-158.5,0,11,25,25,0,2,2,0,38,5,0,0,0,0,,0,0,0,0,0,908,0,0,116,116,76,44,30,30,12,0,586,10,0,0,149,0,0,0,0,0,0,0,0,0,0,3,0,305,0,0,0,0,3947,50.92475297694452,1.737810945273632,15.480111477071194,1.3503273522661186,10.9450215353433,3.268305041803902,2.560185185185185,0.004985327286992452,0.008332092760106147,0.005523283966911325,-0.12735635874226756,0.16110810696553554,0.2009952782288128,7.70310184814878e-05,-0.045062882366225056,0.08005315061528423,0.8772246582409079,0.02750628775812917,3877.0,,,,,,,,,,
24,50_20_5_10_5_2,50_20_5_10_5_2_StartGoalLocations_Seed1015.csv,40,7347.339882463217,40,1.0,0,0,0,0,11,0,0,4,0,4,0.0,0.0026041666666666665,9.683466144402821,0,0,0,0.01171875,0.7286458333333333,0.0,0,0,0,,,,,0,,,,,,,,,,,,,,,,,28.65,0.0,0.0,0,0,0,0,0,0,0,0,110,0,87,14,9,0,0,0.7909,0.1273,0,0,0,384.0,0.0,4000.0,0.0,4265.415,-887.415,7.0,0.0,0.0,0.0,0.0,-2.16,0.0,-10.5,0.0,-228.0,0.0,0.0,0.0,0.0,0.0,-181.0,0.0,0.0,2.02318,10.12384,-0.00056,0.01934,-0.06211,0.48478,0.0,0.0,-0.04714,0.1461,0.0,-49.6,4000.0,0.0,6218.376,-528.509,-0.01292,0.14684,1.04167,10.15291,1.48174,1.25714,0.01693,0.76308,0.01042,100.0,0.98932,1.77596,0.0,-0.1437,56.8182,0.0,244.138,-61.0523,-0.93,0,0,0,4,0,1,3,8,4,3,1,0,4,3,1,0,0,0,0,0.5,0.5,8,2,2,-0.56,8597.115,0.0,0.0,0.0,0.0,-828.115,-2.16,-238.5,0.0,-181.0,8597.115,0.0,0.0,0.0,0.0,-828.115,-2.16,-238.5,0.0,-181.0,0,0,40,40,0,0,0,0,4,5,0,0,0,0,,0,0,0,0,0,1324,0,0,12,12,24,0,0,0,0,0,52,4,0,0,376,1,0,0,0,0,0,0,0,0,0,0,0,3200,0,0,0,0,7591,9.695692267158478,1.1005434782608696,1.422737452246081,0.9722222332601194,0.7113687261230405,0.0,3.8518518518518516,0.005949664776202212,0.008432023196264515,0.005745884106322853,-0.13609545090407404,0.1604666065908631,0.19891506041262266,0.00011292320813182136,-0.05015588252385938,0.08646852564477203,0.8662667607621736,0.026801667026068787,5668.0,,,,,,,,,,
25,25_5_2_5_2_1,25_5_2_5_2_1_StartGoalLocations_Seed1019.csv,40,2494.517398059368,39,0.975,1,4,1,1,38,4,2,64,4,63,0.0625,0.1449551264617895,6.846919488673435,6,6,4,0.13679630133260812,0.2923579004623334,21.5,1,4,0,6.0,,,,7,5.97,,,,9.5,,,,0.8,,,,11.7,,,,6.62,0.6,8.9,0,15,0,6,0,0,1,4,232,0,94,72,66,0,43,0.4052,0.3103,0,0,0,367.7,0.0,3900.0,0.0,2220.978,-1423.288,0.0,0.0,0.0,-100.0,2.64,-162.513,0.0,-816.5,0.0,-876.0,150.0,0.0,0.0,0.0,0.0,-423.5,0.0,-345.0,1.37759,10.29089,-0.07068,1.17596,-0.46029,1.03845,0.04079,1.00905,-0.209,0.90522,0.0,-694.633,4050.0,0.0,2797.015,-1508.013,-0.18891,1.31343,1.10144,10.28938,0.35056,1.48486,0.13544,1.39484,0.01224,90.0,0.98831,1.18465,0.0,-9.3802,57.5284,0.0,124.8369,-123.1688,-12.741,158,11,48,331,6,37,50,426,334,47,45,0,333,56,37,0,15,4,22,0.784037558685446,0.7816901408450704,425,105,27,1.76,6391.848,2.541,0.0,150.0,0.0,-1326.458,-262.414,-1692.5,0.0,-768.5,6391.848,2.541,0.0,150.0,0.0,-1326.458,-262.414,-1692.5,0.0,-768.5,0,18,40,39,1,6,6,0,199,5,4,0,4,0,1.0,0,14,5,1,2,3200,8,8,650,650,324,72,75,75,4,0,1077,76,0,0,422,0,0,1,1,1,0,0,2,0,0,25,0,305,0,5,0,25,15786,32.56683136956797,1.826687414899825,10.338274420372482,1.5028799226719831,6.239706068668441,1.6153553781832004,2.5269035532994923,0.006446674616163364,0.008439596809039359,0.005870664168032818,-0.14068628204986453,0.1697010438889265,0.19949474892041508,9.90267474776374e-05,-0.054668432648759334,0.0896749430870867,0.8728477830260551,0.026225547838343605,13126.0,1.0,21.5,28.0,0.0,25.0,,,,,
26,50_20_5_10_5_2,50_20_5_10_5_2_StartGoalLocations_Seed1010.csv,60,7300.1428954303265,59,0.9833333333333333,2,1,2,2,38,1,0,54,1,52,0.018518518518518517,0.03110173958882446,9.428364477097265,9,7,8,0.09501845018450185,0.6780442804428044,48.0,2,6,0,7.0,,2.0,,10,13.79,,3.75,,34.57,,37.5,,0.7,,0.0,,11.1,,0.0,,24.94,0.0,1.6,0,5,0,3,0,0,1,2,216,0,159,17,40,0,1,0.7361,0.0787,2,0,0,758.8,0.0,5900.0,0.0,7023.897,-1638.275,0.0,0.0,0.0,-200.0,0.446,-142.225,0.0,-1413.5,0.0,-2012.0,175.0,0.0,0.0,0.0,0.0,-807.0,0.0,-345.0,1.5873,8.78929,-0.04504,1.1545,-0.45144,1.17479,0.02306,0.75897,-0.15182,0.66128,0.0,-643.681,6075.0,0.0,10400.762,-1435.937,-0.08483,1.22721,0.80061,8.81419,1.18145,1.34216,0.0597,1.42093,0.0087,92.04545,0.99157,1.57319,0.0,-9.0383,86.2926,0.0,400.3846,-158.4634,-8.015,79,22,46,170,4,11,15,200,168,19,13,0,170,19,11,0,7,2,7,0.84,0.85,200,46,8,-0.097,13572.697,0.42,0.0,175.0,0.0,-1528.275,-342.199,-3425.5,0.0,-1152.0,13572.697,0.42,0.0,175.0,0.0,-1528.275,-342.199,-3425.5,0.0,-1152.0,0,6,60,59,1,6,6,0,92,5,1,0,1,0,1.0,0,2,3,1,2,3200,16,16,358,358,86,24,0,0,0,0,230,0,0,0,441,0,0,5,1,0,0,4,2,154,0,7,0,3200,0,1,0,5,26559,10.16228020633307,1.017784364579474,5.685455024662073,1.8663245319259285,4.299860687525886,0.719153582589706,2.7819614711033274,0.007485970208363142,0.008522363259107806,0.0058261266673798676,-0.14930305572226643,0.18219286372885107,0.21531606982811355,0.00010983294786910847,-0.06415336201433092,0.09800413739630877,0.8795322555328834,0.02571930077645335,12742.0,1.0,48.0,47.0,0.0,27.0,,,,,
27,25_5_2_5_2_1,25_5_2_5_2_1_StartGoalLocations_Seed1008.csv,25,1769.2186772227287,25,1.0,3,10,2,3,15,9,3,137,10,134,0.072992700729927,0.12273086029992107,7.174818216672354,8,5,7,0.13214990138067062,0.4437869822485207,0.0,1,3,0,5.0,,3.0,,8,9.0,,5.0,,14.5,,11.33,,3.0,,3.3,,6.0,,13.7,,7.5,1.2,4.4,0,23,0,9,0,0,5,4,106,0,60,25,21,0,12,0.566,0.2358,0,0,0,253.5,0.0,2500.0,0.0,1845.245,-1012.978,0.0,0.0,0.0,-300.0,5.707,-140.255,0.0,-493.5,0.0,-806.0,125.0,0.0,0.0,0.0,0.0,-207.5,0.0,0.0,1.4145,9.92762,-0.17142,2.43242,-0.51262,1.16501,0.04931,1.10919,-0.08185,0.18501,0.0,-819.654,2625.0,0.0,2197.553,-919.123,-0.32333,2.5566,1.0355,9.9388,0.50431,1.28136,0.18146,1.78186,0.01183,87.5,0.98974,1.2422,0.0,-14.6386,37.2869,0.0,105.4426,-69.7416,-20.605,43,8,8,192,7,62,87,349,217,61,71,0,192,95,62,0,24,7,70,0.6217765042979942,0.5501432664756447,349,125,22,11.606,4528.345,5.4,0.0,125.0,0.0,-942.578,-439.949,-1299.5,0.0,-207.5,4528.345,5.4,0.0,125.0,0.0,-942.578,-439.949,-1299.5,0.0,-207.5,0,31,25,25,0,5,5,0,146,5,9,0,9,0,1.0,0,22,12,5,3,1936,164,164,303,303,363,124,106,106,4,0,165,8,0,0,383,0,0,1,4,3,0,0,5,16,3,9,0,305,0,9,0,45,11076,52.211989888046226,1.4679232232405326,25.11737089201878,1.5287068887254842,19.140483929216323,3.439869989165764,2.7849056603773583,0.009880874273973356,0.010259515093062227,0.006920522316993976,-0.17015187289904465,0.21797699476630727,0.22350783415969985,0.00014328060675054512,-0.07694055675721366,0.10940467154341807,0.8665184991502157,0.02611700718339809,7649.0,,,,,,,,,,
28,25_5_2_5_2_1,25_5_2_5_2_1_StartGoalLocations_Seed1005.csv,40,1997.7502570599318,40,1.0,3,5,3,3,21,5,0,156,5,153,0.03205128205128205,0.16109279321714554,5.490465941936746,7,5,6,0.10948905109489052,0.3025665175417942,0.0,1,4,0,5.0,,2.0,,7,9.6,,3.5,,15.8,,7.0,,2.0,,2.5,,16.2,,24.5,,8.06,0.8,10.5,0,23,0,11,0,0,4,9,271,0,150,72,49,0,15,0.5535,0.2657,0,0,0,424.7,0.0,4000.0,0.0,2348.662,-1177.768,3.5,0.0,0.0,-300.0,4.086,-284.429,0.0,-1413.5,0.0,-1036.0,125.0,0.0,0.0,0.0,0.0,-696.5,0.0,0.0,1.31836,9.69181,-0.13665,1.8859,-0.57676,1.16599,0.02943,0.85729,-0.164,0.23474,0.0,-1148.617,4125.0,0.0,2832.934,-1338.222,-0.27045,2.00308,0.97127,9.69415,0.35195,1.13899,0.1773,1.52539,0.0106,91.66667,0.9894,0.99266,0.0,-19.5431,58.5937,0.0,134.4093,-107.101,-19.328,187,15,60,478,11,87,118,695,517,79,99,0,478,130,87,0,40,5,78,0.7438848920863309,0.6877697841726619,694,234,41,1.274,6695.791,3.924,0.0,125.0,0.0,-1096.698,-584.267,-2449.5,0.0,-696.5,6695.791,3.924,0.0,125.0,0.0,-1096.698,-584.267,-2449.5,0.0,-696.5,0,51,40,40,0,5,5,0,376,5,5,0,5,0,1.0,0,21,8,4,3,2728,71,71,1191,1191,814,203,248,248,4,0,817,0,0,0,452,1,0,2,3,3,0,0,6,15,1,28,0,305,0,8,0,40,14620,67.66757865937072,2.1587991509147884,36.538987688098494,1.5369700246338165,24.3296853625171,4.227086183310534,2.845375316277762,0.010512718758607266,0.010116361811500359,0.00686837411506096,-0.17113519902409347,0.2251451567929686,0.23164854060685744,0.00012703103593300893,-0.07848814086130987,0.12259842679632213,0.8633759786137102,0.02563046993566149,10474.0,,,,,,,,,,
29,50_20_5_10_5_2,50_20_5_10_5_2_StartGoalLocations_Seed1003.csv,25,4371.19995623827,25,1.0,0,0,0,0,8,0,0,0,0,0,0.0,0.0,9.957602339181287,1,1,1,0.0,0.7816764132553606,0.0,0,0,0,1.0,,,,1,8.5,,,,40.0,,,,0.0,,,,0.0,,,,25.94,0.0,0.0,0,0,0,0,0,0,0,0,75,0,55,7,13,0,0,0.7333,0.0933,0,0,0,205.2,0.0,2500.0,0.0,2383.5,-372.0,0.0,0.0,0.0,0.0,0.0,0.0,0.0,0.0,0.0,-276.0,25.0,0.0,0.0,0.0,0.0,-94.5,0.0,0.0,2.29859,10.9093,0.0,0.0,-0.1345,0.72106,0.01218,0.55175,-0.04605,0.14459,0.0,-32.0,2525.0,0.0,3186.075,-280.98,-0.01559,0.14015,1.23051,10.98284,1.41574,1.14716,0.03363,0.46377,0.01267,97.11538,0.98782,1.71044,0.0,0.0,35.8665,0.0,136.2,-26.6571,0.0,0,0,0,0,0,0,0,0,0,0,0,0,0,0,0,0,0,0,0,,,0,0,0,0.0,5063.9,0.0,0.0,25.0,0.0,-347.2,0.0,-276.0,0.0,-94.5,5063.9,0.0,0.0,25.0,0.0,-347.2,0.0,-276.0,0.0,-94.5,0,0,25,25,0,1,1,0,0,5,0,0,0,0,,0,0,0,0,0,760,0,0,0,0,0,0,0,0,0,0,0,0,0,0,14,0,0,0,0,0,0,0,0,0,0,0,0,3200,0,0,0,0,4259,2.6766846677623857,1.0,0.9861469828598263,2.114285742243131,0.9391876027236441,0.1408781404085466,3.0,0.015325721458066256,0.010430131036494124,0.007454207573870295,-0.18182633640734772,0.228537657033456,0.25133372840814683,0.00012516880160546863,-0.08311884605178707,0.15616575548073677,0.859358095924991,0.024417567908329416,2773.0,,,,,,,,,,
30,25_5_2_5_2_1,25_5_2_5_2_1_StartGoalLocations_Seed1018.csv,25,1269.9903250932693,23,0.92,2,6,2,2,4,6,2,125,6,123,0.048,0.1364359586316627,6.037080428877944,4,3,1,0.13518886679920478,0.3650099403578529,0.0,1,2,0,3.0,,1.0,,4,6.67,,8.5,,15.67,,13.5,,1.7,,10.0,,8.3,,32.0,,8.67,1.0,5.0,0,15,0,7,0,0,4,4,96,0,44,24,28,0,0,0.4583,0.25,0,0,0,251.5,0.0,2300.0,0.0,1653.132,-895.536,0.0,0.0,0.0,-200.0,4.378,-163.483,0.0,-810.0,0.0,-660.0,75.0,0.0,0.0,0.0,0.0,-285.0,0.0,0.0,1.31574,9.56395,-0.14279,2.00156,-0.58449,1.05999,0.02982,0.86292,-0.11332,0.20933,0.0,-628.737,2375.0,0.0,1975.349,-875.593,-0.24999,2.11231,0.94433,9.55537,0.43728,1.23281,0.14076,1.77609,0.01034,91.34615,0.98966,1.14542,0.0,-11.0374,33.7358,0.0,94.4647,-67.4592,-19.082,37,6,4,164,10,60,79,313,174,63,76,0,164,88,61,0,15,13,43,0.5559105431309904,0.5239616613418531,313,141,37,-1.868,4141.832,4.312,0.0,75.0,0.0,-832.736,-363.417,-1470.0,0.0,-285.0,4141.832,4.312,0.0,75.0,0.0,-832.736,-363.417,-1470.0,0.0,-285.0,0,49,25,23,2,3,2,0,107,5,6,0,6,0,1.0,0,16,8,5,4,1072,42,42,308,308,575,193,51,51,0,0,340,32,0,0,286,1,0,1,4,4,0,0,2,38,3,5,0,305,0,7,0,35,6161,62.5385489368609,2.1780430833117053,29.589352377860738,1.4208344969343143,20.35383866255478,3.0514526862522318,3.087719298245614,0.012707724467045002,0.010336430715536004,0.007101548818259764,-0.17580945864875816,0.23319775950330407,0.25690567253440716,0.000126309608663517,-0.0816735028108554,0.166204282633288,0.85620743844945,0.0240280721447563,3818.0,,,,,,,,,,
31,25_5_2_5_2_1,25_5_2_5_2_1_StartGoalLocations_Seed1006.csv,25,2827.9318900182843,25,1.0,1,1,0,1,10,0,0,37,1,36,0.02702702702702703,0.03319108582266477,8.083886118735562,7,5,6,0.0815552394499763,0.48032242769084876,0.0,2,6,1,5.0,,2.0,,7,7.2,,3.75,,13.4,,10.0,,0.0,,0.0,,4.0,,0.0,,9.78,0.0,1.5,0,2,0,2,0,0,0,1,145,0,106,19,20,0,0,0.731,0.131,0,0,0,210.9,0.0,2500.0,0.0,1709.607,-860.607,0.0,0.0,0.0,-100.0,0.71,-24.678,0.0,-192.0,0.0,-378.0,125.0,0.0,0.0,0.0,0.0,-163.0,0.0,0.0,1.68796,10.8555,-0.05878,1.54014,-0.27027,0.86717,0.05927,1.21583,-0.07729,0.18075,0.0,-213.039,2625.0,0.0,1972.382,-797.135,-0.10101,1.59455,1.24467,10.88449,0.55725,1.32051,0.07112,1.42026,0.01422,87.5,0.9853,1.33278,0.0,-4.1025,37.2869,0.0,97.6918,-58.4918,-3.717,16,6,6,48,2,6,16,72,53,11,8,0,48,18,6,0,2,0,13,0.7361111111111112,0.6666666666666666,72,28,8,0.07,4362.907,0.662,0.0,125.0,0.0,-803.007,-124.631,-570.0,0.0,-163.0,4362.907,0.662,0.0,125.0,0.0,-803.007,-124.631,-570.0,0.0,-163.0,0,2,25,25,0,5,5,0,33,5,0,0,0,0,,0,0,1,0,0,1256,2,2,121,121,136,8,12,12,0,0,120,0,0,0,425,0,0,1,1,1,0,0,0,0,0,1,0,305,0,0,0,0,6636,48.96021699819168,1.3958140966451216,26.100060277275468,1.2652136453365,15.807715491259795,3.134418324291742,2.6682554814108674,0.01205336527007626,0.010420007075058522,0.006896720680105648,-0.17714685308420733,0.23791385235585225,0.25870851147326696,0.00012860744501284996,-0.08084786351129508,0.13940753180745083,0.8581621621621621,0.02523645605695667,4625.0,,,,,,,,,,
32,50_20_5_10_5_2,50_20_5_10_5_2_StartGoalLocations_Seed1011.csv,25,5122.300032548606,24,0.96,0,0,0,0,38,0,0,1,0,1,0.0,0.0,9.927379145892044,11,6,10,0.031216128332972035,0.6590071536960763,3.0,2,7,1,6.0,1.0,4.0,1.0,12,16.75,3.0,3.75,10.5,45.83,24.0,31.75,18.5,0.0,0.0,0.0,0.0,0.0,0.0,0.0,0.0,29.81,0.0,0.0,0,0,0,0,0,0,0,0,356,0,151,81,124,0,0,0.4242,0.2275,0,0,0,461.3,0.0,2400.0,0.0,4789.5,-1140.0,0.0,0.0,0.0,0.0,0.0,0.0,0.0,-12.5,0.0,-872.0,150.0,0.0,0.0,0.0,0.0,-309.0,0.0,-345.0,1.4114,7.22739,0.0,0.0,-0.19174,0.84895,0.03252,0.90103,-0.14177,0.80912,0.0,-152.0,2550.0,0.0,7017.89,-1160.27,-0.03295,0.24302,0.55279,7.24805,1.26981,1.63292,0.04726,0.69725,0.0065,85.0,0.9922,1.78679,0.0,0.0,36.2216,0.0,272.0286,-100.8571,0.0,0,0,0,0,0,1,1,2,0,1,1,0,0,1,1,0,0,0,0,0.0,0.0,2,0,0,0.0,7574.8,0.0,0.0,150.0,0.0,-1064.0,0.0,-884.5,0.0,-654.0,7574.8,0.0,0.0,150.0,0.0,-1064.0,0.0,-884.5,0.0,-654.0,0,0,25,24,1,6,6,1,0,5,0,0,0,0,,0,0,0,0,0,3200,0,0,0,0,12,0,2,2,0,0,28,0,0,0,154,0,0,0,0,0,0,0,0,0,0,0,0,3200,0,0,0,0,21897,13.30319221811207,1.0,7.064894734438507,1.4376212190391173,6.516874457688268,2.3245193405489335,2.526278906797477,0.013719617774040672,0.010871101189404726,0.0072703462091158145,-0.18264333584345877,0.2454881972633302,0.2839867628779029,0.00018570950105640805,-0.08735958705190569,0.12793326506591546,0.8536648987044605,0.024560019761669397,11501.0,,,,,,,,,,
33,25_5_2_5_2_1,25_5_2_5_2_1_StartGoalLocations_Seed1000.csv,60,2822.6825183331966,60,1.0,3,7,3,3,10,7,2,204,7,201,0.03431372549019608,0.18398186626369475,5.290872421226818,5,4,3,0.13802870090634442,0.3060800604229607,0.0,0,0,0,4.0,,1.0,,5,5.25,,2.0,,9.25,,4.0,,2.5,,0.0,,21.0,,0.0,,6.65,1.3,12.0,0,30,0,11,0,0,6,5,281,0,103,127,51,0,13,0.3665,0.452,0,0,0,529.6,0.0,6000.0,0.0,2546.991,-1293.302,7.0,0.0,0.0,-300.0,7.699,-331.805,0.0,-2248.5,0.0,-1140.0,100.0,0.0,0.0,0.0,0.0,-1055.0,0.0,0.0,1.47098,10.60621,-0.11784,1.69005,-0.63982,1.04254,0.01888,0.6868,-0.19921,0.24479,0.0,-1358.268,6100.0,0.0,2975.74,-1743.966,-0.25647,1.80521,1.15181,10.6037,0.23259,1.08012,0.20431,1.25533,0.01208,95.3125,0.98867,0.9014,0.0,-24.8136,86.6477,0.0,145.9424,-134.1887,-21.607,326,21,136,814,8,119,118,1060,792,156,112,0,815,126,119,0,87,12,108,0.7471698113207547,0.7688679245283019,1058,210,55,-3.338,8994.031,7.458,0.0,100.0,0.0,-1203.742,-631.564,-3388.5,0.0,-1055.0,8994.031,7.458,0.0,100.0,0.0,-1203.742,-631.564,-3388.5,0.0,-1055.0,0,50,60,60,0,4,4,0,525,5,7,0,7,0,1.0,0,30,10,6,4,1884,4,4,1104,1104,663,198,930,930,8,0,2222,74,0,0,454,3,1,2,4,2,2,0,8,245,2,61,0,305,0,16,0,80,12917,77.38639002864443,2.5799319727891157,32.40690562824185,1.462320853697961,20.46140744754974,4.590849268405977,2.428679530836171,0.01587249408340113,0.011722317932375298,0.00782295313096287,-0.19207563460063024,0.2611114857144923,0.27664810624724995,0.0001663207964357577,-0.0907204267974239,0.14532275119463556,0.8616976052146804,0.02552620713176985,7057.0,,,,,,,,,,
34,25_5_2_5_2_1,25_5_2_5_2_1_StartGoalLocations_Seed1003.csv,60,3230.2137260735035,60,1.0,2,5,2,2,9,5,0,195,6,193,0.03076923076923077,0.2426684959698165,4.848799451186427,8,8,3,0.12928669410150892,0.27143347050754457,0.0,1,4,0,8.0,,,,8,6.27,,,,9.88,,,,3.1,,,,28.2,,,,8.54,0.5,15.3,0,22,0,10,0,0,4,8,306,0,137,125,44,0,97,0.4477,0.4085,2,1,0,583.2,0.0,6000.0,0.0,2713.099,-1134.286,21.0,0.0,0.0,-200.0,3.267,-457.066,0.0,-2338.0,0.0,-980.0,200.0,0.0,0.0,0.0,0.0,-1181.0,0.0,0.0,1.40312,10.10755,-0.11211,1.3248,-0.56893,0.88515,0.03429,0.92529,-0.2025,0.24545,0.0,-1319.297,6200.0,0.0,3472.218,-1539.919,-0.22622,1.4826,1.0631,10.12955,0.33133,1.04437,0.17661,1.28087,0.01166,91.17647,0.98903,0.86896,0.0,-21.4953,88.0682,0.0,156.2343,-132.3021,-36.288,437,19,184,724,27,109,141,1003,760,116,127,0,725,169,109,0,63,9,95,0.7577268195413759,0.7228315054835494,1003,321,51,0.498,9235.428,2.964,0.0,200.0,0.0,-1052.415,-656.763,-3318.0,0.0,-1181.0,9235.428,2.964,0.0,200.0,0.0,-1052.415,-656.763,-3318.0,0.0,-1181.0,0,60,60,60,0,8,8,0,517,5,5,0,5,0,1.0,0,22,7,4,3,1996,252,252,1500,1500,1065,239,215,215,0,0,2753,115,0,0,364,7,0,4,6,4,1,0,11,259,2,40,0,305,0,10,0,50,17220,65.61556329849013,2.975042039118506,29.5993031358885,1.5251201885385661,22.015098722415797,4.430894308943089,2.685571089422316,0.01869459963195541,0.012946629396570708,0.008126855633764682,-0.2082680151135267,0.2785872195610303,0.2808893471254028,0.00019790562561787582,-0.10055948774477762,0.16523409906821987,0.8392036753445635,0.02645329339468244,7836.0,,,,,,,,,,
35,25_5_2_5_2_1,25_5_2_5_2_1_StartGoalLocations_Seed1001.csv,60,3468.0300610661507,60,1.0,1,7,1,1,7,7,1,138,7,137,0.050724637681159424,0.16209386281588448,5.716956082276919,7,7,2,0.0927797833935018,0.3092057761732852,0.0,2,7,0,7.0,,,,7,6.93,,,,12.14,,,,2.7,,,,13.0,,,,8.02,1.6,10.2,0,44,0,16,0,0,3,10,337,0,129,144,64,0,15,0.3828,0.4273,2,0,0,554.0,0.0,6000.0,0.0,2952.527,-1384.086,0.0,0.0,0.0,-100.0,5.72,-279.631,0.0,-2149.0,0.0,-1292.0,175.0,0.0,0.0,0.0,0.0,-1014.5,0.0,0.0,1.46614,10.37254,-0.06749,0.9681,-0.62112,0.90658,0.03159,0.8881,-0.18312,0.24089,0.0,-974.375,6175.0,0.0,3585.274,-1618.962,-0.17588,1.11286,1.11462,10.38511,0.35493,1.10867,0.14314,1.22872,0.01209,92.16418,0.98881,0.95002,0.0,-14.3896,87.7131,0.0,168.7158,-137.0621,-25.064,293,17,121,559,28,57,99,745,546,119,80,0,559,129,57,0,47,13,40,0.7328859060402685,0.7503355704697987,745,165,53,-0.036,9411.167,5.688,0.0,175.0,0.0,-1288.726,-379.599,-3441.0,0.0,-1014.5,9411.167,5.688,0.0,175.0,0.0,-1288.726,-379.599,-3441.0,0.0,-1014.5,0,29,60,60,0,7,7,0,341,5,7,0,7,0,1.0,0,45,8,3,2,1036,44,44,818,818,508,116,326,326,8,0,1853,185,0,0,626,3,0,4,4,4,0,0,5,112,0,39,0,305,0,22,0,110,13894,73.62170721174608,2.402483136181445,30.077731394846698,1.4502587573954688,22.13905282855909,2.245573628904563,3.217815344603381,0.016231309996493536,0.01188920607114333,0.007762886427386042,-0.20420845756199368,0.28659919145944956,0.27143422085576074,0.00013723091286565285,-0.10378962538014508,0.14199068367190307,0.868433971526755,0.027117134623883418,4074.0,,,,,,,,,,
36,50_20_5_10_5_2,50_20_5_10_5_2_StartGoalLocations_Seed1003.csv,60,9350.597822993994,60,1.0,0,1,0,0,15,1,0,58,1,58,0.017241379310344827,0.01755593803786575,9.418355900408274,9,9,6,0.023580034423407916,0.6308089500860585,0.0,2,8,0,9.0,,,,9,12.28,,,,37.11,,,,0.0,,,,0.1,,,,17.81,0.0,1.4,0,2,0,1,0,0,0,1,252,0,150,58,44,0,21,0.5952,0.2302,0,0,0,581.0,0.0,6000.0,0.0,5613.008,-1218.934,0.0,0.0,0.0,0.0,0.0,-63.976,0.0,-654.0,0.0,-576.0,225.0,0.0,0.0,0.0,0.0,-555.5,0.0,0.0,1.889,10.09115,-0.01101,0.09177,-0.2117,0.63877,0.03873,0.98319,-0.09561,0.19663,0.0,-194.797,6225.0,0.0,7361.023,-1079.55,-0.03353,0.20894,1.07143,10.15335,1.08115,1.21452,0.042,0.79835,0.01188,90.21739,0.98898,1.46895,0.0,-1.826,88.4233,0.0,320.7433,-101.3962,-3.633,21,7,4,79,0,12,25,116,85,13,18,0,79,25,12,0,10,0,22,0.7327586206896551,0.6810344827586207,116,54,2,3.821,12112.108,0.0,0.0,225.0,0.0,-1137.034,-63.976,-1230.0,0.0,-555.5,12112.108,0.0,0.0,225.0,0.0,-1137.034,-63.976,-1230.0,0.0,-555.5,0,8,60,60,0,9,9,0,51,5,1,0,1,0,1.0,0,2,1,0,0,1364,99,99,79,79,48,32,14,14,0,0,30,10,0,0,298,1,0,0,0,0,0,0,1,0,0,9,0,3200,0,0,0,0,15835,14.158509630565204,1.1280107047279215,8.39911588253868,1.7242481455388934,6.870855699400063,1.7556046731922956,2.744485294117647,0.0211424303952539,0.013066830192733546,0.009117829758138601,-0.2306160401345348,0.2794437141886904,0.276396792647745,0.00022939027157677693,-0.1022580186194601,0.1887845767724311,0.8538405533309065,0.026069411755127885,5494.0,,,,,,,,,,
37,25_5_2_5_2_1,25_5_2_5_2_1_StartGoalLocations_Seed1002.csv,25,2017.663382947445,25,1.0,1,6,1,1,13,6,2,138,6,137,0.043478260869565216,0.09233511586452763,6.663197199673576,8,3,8,0.1029935851746258,0.41161796151104774,0.0,1,3,0,3.0,,5.0,,8,9.5,,5.8,,19.0,,16.2,,0.0,,0.0,,5.7,,5.4,,7.65,0.3,5.5,0,19,0,5,0,0,1,5,95,0,50,10,35,0,4,0.5263,0.1053,0,0,0,280.6,0.0,2500.0,0.0,1954.954,-964.474,10.5,0.0,0.0,-100.0,3.04,-79.457,0.0,-756.0,0.0,-572.0,75.0,0.0,0.0,0.0,0.0,-334.5,0.0,0.0,1.34768,9.43967,-0.06287,1.33709,-0.47327,0.98844,0.02673,0.817,-0.11921,0.21306,0.0,-502.793,2575.0,0.0,2372.464,-900.871,-0.17919,1.45636,0.91768,9.42979,0.52444,1.24431,0.14505,1.23536,0.00998,91.96429,0.99109,1.17704,0.0,-8.6722,36.5767,0.0,112.3117,-74.2271,-8.457,48,7,8,251,10,57,57,376,238,78,60,0,251,68,57,0,33,0,18,0.6329787234042553,0.6675531914893617,376,73,17,-2.623,4680.116,2.8,0.0,75.0,0.0,-898.536,-179.217,-1328.0,0.0,-334.5,4680.116,2.8,0.0,75.0,0.0,-898.536,-179.217,-1328.0,0.0,-334.5,0,19,25,25,0,3,3,0,172,5,6,0,6,0,1.0,0,18,7,1,2,2128,33,33,571,571,380,75,73,73,12,0,213,12,0,0,366,1,0,2,4,3,0,0,2,111,2,6,0,305,0,1,0,5,11309,48.87257936157043,1.9169531391351546,22.86674330179503,1.2343387628504998,17.216376337430365,3.3336280838270405,3.036979969183359,0.021397765672019915,0.013429995010873037,0.009197556865366554,-0.23113387400158367,0.28790246572037387,0.2774919553806907,0.00025533973202161855,-0.10230303707679636,0.16209091858531366,0.8480618366405168,0.026789521716265783,8668.0,,,,,,,,,,
38,50_20_5_10_5_2,50_20_5_10_5_2_StartGoalLocations_Seed1005.csv,40,6825.286160677671,40,1.0,0,3,0,0,29,3,2,40,3,40,0.075,0.009182412149037613,9.374480496904527,10,10,8,0.03849549708634999,0.6295249867561363,0.0,2,7,1,10.0,,,,10,13.8,,,,28.45,,,,0.5,,,,3.6,,,,24.62,0.0,0.0,0,5,0,1,0,0,1,1,454,0,260,115,79,0,0,0.5727,0.2533,0,0,0,566.3,0.0,4000.0,0.0,5610.852,-1467.545,0.0,0.0,0.0,0.0,0.8,-42.12,0.0,-501.0,0.0,-1168.0,250.0,0.0,0.0,0.0,0.0,-424.0,0.0,0.0,1.53798,8.39285,-0.0073,0.07952,-0.29472,0.88452,0.04415,1.04962,-0.07487,0.17841,0.0,-222.257,4250.0,0.0,7385.927,-1301.455,-0.03925,0.24217,0.75049,8.43649,1.07443,1.29835,0.05351,0.73352,0.00883,85.0,0.99099,1.548,0.0,-1.2381,60.3693,0.0,320.6201,-108.0883,-2.466,14,10,7,55,2,5,18,80,63,10,7,0,55,20,5,0,1,0,11,0.7875,0.6875,80,22,2,0.937,10079.152,0.8,0.0,250.0,0.0,-1369.545,-42.12,-1669.0,0.0,-424.0,10079.152,0.8,0.0,250.0,0.0,-1369.545,-42.12,-1669.0,0.0,-424.0,0,8,40,40,0,9,9,0,32,5,3,0,3,0,1.0,0,6,3,1,2,2204,0,0,59,59,48,31,68,68,4,0,40,0,0,0,268,1,0,0,0,0,0,0,0,0,0,2,0,3200,0,1,0,5,19581,20.708850416219803,1.0956843403205918,9.366222358408661,1.1779989258446115,6.731014759205352,1.1848220213472243,3.080424886191199,0.022110954832163944,0.013239396194303695,0.009402067250083666,-0.24075702415566264,0.30961400546309303,0.291781864333526,0.00026065789793862896,-0.10905508005386472,0.16671342620908683,0.8491788626969053,0.02672428267187898,8951.0,,,,,,,,,,
39,50_20_5_10_5_2,50_20_5_10_5_2_StartGoalLocations_Seed1019.csv,25,4881.800022184849,25,1.0,0,2,0,0,30,2,1,20,2,20,0.1,0.0,9.791839726362081,4,4,1,0.018079648179819205,0.6772538480332274,0.0,0,0,0,4.0,,,,4,17.75,,,,47.0,,,,0.0,,,,0.0,,,,32.55,0.0,0.0,0,4,0,0,0,0,0,0,152,0,124,12,16,0,0,0.8158,0.0789,0,0,0,409.3,0.0,2500.0,0.0,4296.0,-1120.5,0.0,0.0,0.0,0.0,0.0,0.0,0.0,-225.0,0.0,-852.0,100.0,0.0,0.0,0.0,0.0,-226.0,0.0,0.0,1.48664,7.81935,0.0,0.0,-0.26313,0.88932,0.02443,0.78115,-0.05522,0.15671,0.0,-155.0,2600.0,0.0,6132.05,-785.625,-0.03787,0.25823,0.63523,7.82861,1.30624,1.33546,0.0496,0.76355,0.00709,89.65517,0.99291,1.70218,0.0,-0.5539,36.9318,0.0,245.4857,-76.9429,0.0,0,0,0,33,0,4,3,40,33,3,4,0,33,3,4,0,0,0,0,0.825,0.825,40,0,0,0.0,7130.6,0.0,0.0,100.0,0.0,-1045.8,0.0,-1077.0,0.0,-226.0,7130.6,0.0,0.0,100.0,0.0,-1045.8,0.0,-1077.0,0.0,-226.0,0,0,25,25,0,4,4,0,19,5,2,0,2,0,1.0,0,4,2,0,0,2320,0,0,38,38,8,0,39,39,0,0,0,0,0,0,98,0,0,0,0,0,0,0,0,0,0,0,0,3200,0,0,0,0,11836,9.293680297397769,1.0,4.731328151402501,1.3242857316242798,3.345724907063197,1.334910442717134,2.45959595959596,0.020390524874955157,0.012568616633431921,0.009317420484851404,-0.23690292827528098,0.3242770283643542,0.3019508033830287,0.0002484304764634701,-0.11168823081614643,0.1756310888776112,0.8493491794001132,0.025379244138498507,8835.0,,,,,,,,,,
40,50_20_5_10_5_2,50_20_5_10_5_2_StartGoalLocations_Seed1008.csv,25,4209.399969190359,25,1.0,0,0,0,0,13,0,0,0,0,0,0.0,0.0,9.929529047782744,1,1,1,0.010312822275696116,0.7005843932622895,0.0,0,0,0,1.0,,,,1,4.0,,,,38.0,,,,0.0,,,,0.0,,,,31.5,0.0,0.0,0,0,0,0,0,0,0,0,111,0,55,42,14,0,0,0.4955,0.3784,0,0,0,290.9,0.0,2500.0,0.0,3106.5,-670.5,0.0,0.0,0.0,0.0,0.0,0.0,0.0,0.0,0.0,-860.0,25.0,0.0,0.0,0.0,0.0,-182.5,0.0,0.0,1.7968,9.22001,0.0,0.0,-0.29563,1.04649,0.00859,0.46344,-0.06274,0.16563,0.0,-52.0,2525.0,0.0,4457.54,-501.885,-0.01788,0.08324,0.868,9.2413,1.3598,1.29795,0.07391,0.24186,0.00894,97.11538,0.99141,1.71963,0.0,0.0,35.8665,0.0,177.5143,-48.7429,0.0,0,0,0,0,0,0,0,0,0,0,0,0,0,0,0,0,0,0,0,,,0,0,0,0.0,5852.7,0.0,0.0,25.0,0.0,-625.8,0.0,-860.0,0.0,-182.5,5852.7,0.0,0.0,25.0,0.0,-625.8,0.0,-860.0,0.0,-182.5,0,0,25,25,0,1,1,0,0,5,0,0,0,0,,0,0,0,0,0,828,0,0,0,0,0,0,0,0,0,0,0,0,0,0,108,0,0,0,0,0,0,0,0,0,0,0,0,3200,0,0,0,0,5935,3.9090143218197135,1.0,0.4717775905644482,1.7857143038085528,0.43807919123841615,0.13479359730412804,2.5384615384615383,0.020098418774024768,0.011618233249851184,0.009667224756887426,-0.21738997044194724,0.32309951075321236,0.3283018096201662,0.00019358683616943107,-0.10338555503150691,0.14670326800838274,0.8448753462603878,0.023622617514684738,2888.0,,,,,,,,,,
41,50_20_5_10_5_2,50_20_5_10_5_2_StartGoalLocations_Seed1005.csv,60,8490.099910907447,60,1.0,0,1,0,0,37,1,0,5,1,5,0.2,0.0007365126127784938,9.532885288581996,3,3,2,0.0235684036089118,0.6698582213220401,0.0,1,2,0,3.0,,,,3,10.0,,,,32.33,,,,0.0,,,,0.0,,,,22.12,0.0,0.0,0,2,0,0,0,0,0,0,395,0,245,69,81,0,0,0.6203,0.1747,0,0,0,543.1,0.0,6000.0,0.0,5634.0,-1398.0,0.0,0.0,0.0,0.0,0.0,0.0,0.0,-120.0,0.0,-1908.0,75.0,0.0,0.0,0.0,0.0,-336.0,0.0,0.0,1.98474,10.43391,0.0,0.0,-0.37341,1.12999,0.01381,0.58741,-0.06187,0.16464,0.0,-160.0,6075.0,0.0,7463.176,-1156.46,-0.02946,0.24972,1.11858,10.46761,1.16124,1.29626,0.07825,0.37647,0.0116,96.42857,0.98766,1.60694,0.0,-0.1283,86.2926,0.0,321.9429,-99.0857,-0.4,0,0,0,6,0,2,2,10,6,2,2,0,6,2,2,0,0,0,0,0.6,0.6,10,0,0,0.0,12083.8,0.0,0.0,75.0,0.0,-1304.7,0.0,-2028.0,0.0,-336.0,12083.8,0.0,0.0,75.0,0.0,-1304.7,0.0,-2028.0,0.0,-336.0,0,0,60,60,0,3,3,0,4,5,1,0,1,0,1.0,0,2,1,0,0,2036,0,0,7,7,44,0,11,11,0,0,8,0,0,0,767,0,0,1,1,1,0,0,1,0,0,0,0,3200,0,0,0,0,12978,16.0348281707505,1.03171552138395,3.6985668053629217,1.219375012939175,3.128371089536138,0.4469101556480197,3.394088669950739,0.01868951575595461,0.011378583890771996,0.009322524307687237,-0.2128017535231905,0.32703414126088903,0.3558770896087461,0.0003448805848258563,-0.10015482312042727,0.14315863835354675,0.8408357658626517,0.021306250433427314,6509.0,,,,,,,,,,
42,25_5_2_5_2_1,25_5_2_5_2_1_StartGoalLocations_Seed1005.csv,60,1903.5986348688602,59,0.9833333333333333,3,3,3,3,24,3,1,209,3,206,0.014354066985645933,0.19557312252964426,6.1822267301468985,5,5,3,0.138476130256086,0.33575719253872904,18.5,1,2,0,5.0,,,,6,7.9,,,,13.8,,,,3.0,,,,42.6,,,,7.15,0.5,12.0,0,25,0,12,0,0,1,6,226,0,102,65,59,0,20,0.4513,0.2876,0,0,0,632.6,0.0,5900.0,0.0,3163.155,-1845.625,0.0,0.0,0.0,-300.0,4.141,-528.172,0.0,-2509.0,0.0,-1312.0,125.0,0.0,0.0,0.0,0.0,-1081.5,0.0,-345.0,1.24093,9.65054,-0.13026,1.55305,-0.60402,1.07647,0.01976,0.70257,-0.2255,0.70803,0.0,-1624.584,6025.0,0.0,3954.557,-2270.083,-0.25681,1.66868,0.95242,9.63601,0.26628,1.29992,0.18637,1.37793,0.01012,94.14062,0.99036,0.99356,0.0,-26.2468,85.5824,0.0,178.7517,-184.9786,-30.264,410,16,173,871,62,76,123,1135,867,155,113,0,873,186,76,0,57,15,64,0.7638766519823789,0.7691629955947137,1134,244,51,2.553,9569.393,3.843,0.0,125.0,0.0,-1719.263,-827.874,-3821.0,0.0,-1426.5,9569.393,3.843,0.0,125.0,0.0,-1719.263,-827.874,-3821.0,0.0,-1426.5,0,61,60,59,1,4,4,0,524,5,3,0,3,0,1.0,0,21,6,2,2,3200,93,93,1649,1649,600,244,175,175,8,0,1575,184,0,0,478,6,0,3,4,4,0,0,9,19,1,98,1,305,0,9,0,45,19016,47.74400504838031,2.302566361934134,23.35401766933109,1.5642423110820505,14.309002944888515,1.398822044594026,2.9628812936420434,0.019476903185714035,0.011259207091643474,0.008791047467966565,-0.22371096001937985,0.34330526415258644,0.3241299041468301,0.0003995758430164642,-0.11481689169071614,0.1880011492633693,0.8454554052775939,0.022704869365467704,10573.0,1.0,18.5,21.0,5.0,81.0,,,,,
43,50_20_5_10_5_2,50_20_5_10_5_2_StartGoalLocations_Seed1008.csv,60,9890.029904067516,60,1.0,0,0,0,0,8,0,0,12,0,12,0.0,0.018211250505868068,9.470940576589623,6,6,6,0.0169971671388102,0.7256171590449211,0.0,2,6,0,6.0,,,,6,7.83,,,,33.33,,,,0.0,,,,0.0,,,,22.94,0.0,1.2,0,0,0,0,0,0,0,0,178,0,136,24,18,0,2,0.764,0.1348,0,0,0,494.2,0.0,6000.0,0.0,5440.422,-921.372,10.5,0.0,0.0,0.0,0.8,-17.52,0.0,-209.0,0.0,-776.0,150.0,0.0,0.0,0.0,0.0,-282.0,0.0,0.0,2.23063,10.89994,-0.00338,0.05138,-0.19931,0.78071,0.03035,0.87056,-0.05706,0.15898,0.0,-61.2,6150.0,0.0,7343.312,-723.435,-0.01238,0.1041,1.24444,10.98265,1.33951,1.18014,0.04492,0.27568,0.01335,93.18182,0.98685,1.65404,0.0,-0.4655,87.358,0.0,311.4813,-68.7641,-1.965,22,5,3,17,0,1,9,28,21,6,1,0,17,10,1,0,0,0,4,0.75,0.6071428571428571,28,14,10,-1.52,11883.122,0.8,0.0,150.0,0.0,-859.372,-17.52,-985.0,0.0,-282.0,11883.122,0.8,0.0,150.0,0.0,-859.372,-17.52,-985.0,0.0,-282.0,0,3,60,60,0,6,6,0,11,5,0,0,0,0,,0,0,0,0,0,1068,0,0,0,0,32,12,16,16,0,0,220,28,0,0,350,0,0,0,0,0,0,0,2,0,0,5,0,3200,0,0,0,0,11875,17.490526315789474,1.0,7.393684210526316,0.9727790572411107,4.496842105263158,0.5726315789473684,3.0299625468164795,0.03140346307528976,0.011794007948359077,0.008425325205835622,-0.23894313195448244,0.3577003835627202,0.33174418701270547,0.0003330038486777592,-0.1296676074465116,0.20914400960502288,0.8575182481751825,0.022538438497173536,3425.0,,,,,,,,,,
44,50_20_5_10_5_2,50_20_5_10_5_2_StartGoalLocations_Seed1005.csv,60,9659.804524987936,60,1.0,0,2,0,0,11,2,1,62,2,62,0.03225806451612903,0.022628372497824196,9.43127068917164,6,6,2,0.010617928633594429,0.704786771105309,0.0,2,6,0,6.0,,,,6,18.56,,,,34.0,,,,0.0,,,,3.2,,,,24.73,0.1,1.5,0,3,0,1,0,0,1,1,261,0,149,78,34,0,0,0.5709,0.2989,0,0,0,574.5,0.0,6000.0,0.0,6136.659,-1148.816,0.0,0.0,0.0,0.0,0.0,-35.038,0.0,-588.0,0.0,-1064.0,150.0,0.0,0.0,0.0,0.0,-365.5,0.0,0.0,2.01259,10.13315,-0.0061,0.04854,-0.28755,0.8422,0.02611,0.8075,-0.06362,0.16662,0.0,-185.166,6150.0,0.0,8540.472,-790.412,-0.03223,0.18442,1.0705,10.19536,1.34901,1.20605,0.07433,0.43364,0.01149,93.18182,0.98834,1.64334,0.0,-2.7199,87.358,0.0,350.6662,-86.5323,-2.292,40,13,14,146,1,16,17,180,149,17,14,0,146,18,16,0,7,1,2,0.8277777777777777,0.8111111111111111,180,40,8,-0.872,12634.059,0.0,0.0,150.0,0.0,-1071.716,-35.038,-1652.0,0.0,-365.5,12634.059,0.0,0.0,150.0,0.0,-1071.716,-35.038,-1652.0,0.0,-365.5,0,2,60,60,0,6,6,0,89,5,2,0,2,0,1.0,0,4,2,1,2,1532,68,68,285,285,80,7,0,0,0,0,0,0,0,0,564,0,0,1,1,1,0,0,0,36,0,0,0,3200,0,1,0,5,14959,15.956948993916706,1.0255550900712191,6.912226753125209,1.450894604811744,5.441540209907079,1.7915636071929941,2.601965601965602,0.018044888480978606,0.010264003604368426,0.00850856702230073,-0.21322126044616999,0.3604565269019523,0.3502021322498589,0.0002976943055407464,-0.12576928174526822,0.16956667887602406,0.8598804862971358,0.02186368399655659,4853.0,,,,,,,,,,
45,50_20_5_10_5_2,50_20_5_10_5_2_StartGoalLocations_Seed1013.csv,60,9805.679096579552,60,1.0,0,1,0,0,10,1,1,39,1,39,0.02564102564102564,0.0037722908093278463,9.542509602257581,6,6,5,0.010631001371742112,0.7155349794238683,0.0,1,4,0,6.0,,,,6,5.08,,,,41.5,,,,0.0,,,,0.2,,,,24.91,0.0,0.2,0,2,0,0,0,0,0,0,203,0,136,53,14,0,0,0.67,0.2611,0,0,0,583.2,0.0,6000.0,0.0,6306.0,-972.0,0.0,0.0,0.0,0.0,0.0,-5.021,0.0,-937.0,0.0,-872.0,150.0,0.0,0.0,0.0,0.0,-447.5,0.0,0.0,2.04342,10.04865,-0.00086,0.02457,-0.31019,0.76302,0.02572,0.80146,-0.07673,0.18022,0.0,-103.744,6150.0,0.0,8668.111,-783.83,-0.01779,0.11959,1.05453,10.11986,1.3519,1.18574,0.04818,0.3692,0.01132,93.18182,0.98851,1.63954,0.0,-1.5431,87.358,0.0,360.3429,-81.1143,-0.93,1,1,0,85,1,10,8,104,89,5,10,0,85,9,10,0,0,0,4,0.8557692307692307,0.8173076923076923,104,6,2,-1.277,12824.4,0.0,0.0,150.0,0.0,-907.2,-5.021,-1809.0,0.0,-447.5,12824.4,0.0,0.0,150.0,0.0,-907.2,-5.021,-1809.0,0.0,-447.5,0,3,60,60,0,6,6,0,49,5,1,0,1,0,1.0,0,2,1,0,0,1296,0,0,81,81,100,12,115,115,0,0,40,0,0,0,309,0,0,0,0,0,0,0,0,0,0,0,0,3200,0,0,0,0,13915,14.753862738052462,1.0,5.044915558749551,1.327207996188915,3.3129716133668703,0.3449514911965505,2.5357917570498913,0.024229656253153757,0.010789827608940318,0.00874639301629806,-0.21982530853998514,0.36314886077134695,0.3610543176347827,0.00025096789499069993,-0.1238649162567324,0.2282066741354806,0.8487155090390105,0.021845879456006297,4204.0,,,,,,,,,,
46,50_20_5_10_5_2,50_20_5_10_5_2_StartGoalLocations_Seed1008.csv,40,7485.299889460206,40,1.0,0,0,0,0,19,0,0,0,0,0,0.0,0.0005621135469364812,9.846261944912872,6,2,6,0.0002810567734682406,0.7799325463743676,0.0,1,2,0,2.0,,4.0,,6,14.25,,26.38,,58.5,,42.25,,0.0,,0.0,,0.0,,0.0,,23.78,0.0,0.0,0,0,0,0,0,0,0,0,158,0,99,29,30,0,0,0.6266,0.1835,0,0,0,355.8,0.0,4000.0,0.0,4170.0,-642.0,0.0,0.0,0.0,0.0,0.0,0.0,0.0,0.0,0.0,-296.0,50.0,0.0,0.0,0.0,0.0,-152.5,0.0,0.0,2.2158,10.48689,0.0,0.0,-0.08319,0.57083,0.01405,0.59256,-0.04286,0.13998,0.0,-76.0,4050.0,0.0,5825.195,-446.265,-0.02136,0.25265,1.13828,10.55833,1.51178,1.16044,0.0208,1.02703,0.0118,96.42857,0.9882,1.78369,0.0,0.0,57.5284,0.0,238.2857,-45.4,0.0,0,0,0,0,0,0,0,0,0,0,0,0,0,0,0,0,0,0,0,,,0,0,0,0.0,8483.0,0.0,0.0,50.0,0.0,-599.2,0.0,-296.0,0.0,-152.5,8483.0,0.0,0.0,50.0,0.0,-599.2,0.0,-296.0,0.0,-152.5,0,0,40,40,0,2,2,0,0,5,0,0,0,0,,0,0,0,0,0,2328,0,0,0,0,12,0,0,0,0,0,16,0,0,0,170,0,0,0,0,0,0,0,0,0,0,0,0,3200,0,0,0,0,11437,8.253912739354726,1.0,3.8646498207571915,1.040723995672227,2.7629623152924716,0.6645099239311009,3.1265822784810124,0.029064151671370237,0.01101728271744198,0.008774216312441425,-0.2331302014029108,0.3608811128743735,0.3790611849515299,0.00024043117908687295,-0.1154970756037436,0.2693652624559171,0.8487007544006706,0.020622126791802906,7158.0,,,,,,,,,,
47,25_5_2_5_2_1,25_5_2_5_2_1_StartGoalLocations_Seed1002.csv,40,954.5161212384701,39,0.975,6,3,6,6,25,3,1,109,3,103,0.027522935779816515,0.1733293556085919,6.9459412623739185,4,4,3,0.14804885314268693,0.3288650580875782,12.5,1,4,0,4.0,,,,5,4.5,,,,10.25,,,,0.0,,,,0.0,,,,6.7,0.9,11.2,0,18,0,7,0,0,3,5,116,0,68,22,26,0,2,0.5862,0.1897,0,0,0,335.7,0.0,3900.0,0.0,1571.112,-690.911,0.0,0.0,0.0,-600.0,2.161,-365.547,0.0,-1002.5,0.0,-1224.0,100.0,0.0,0.0,0.0,0.0,-726.5,0.0,-345.0,1.52395,10.73036,-0.28698,2.98775,-0.66324,1.49516,0.02979,0.86245,-0.31918,0.99089,0.0,-1499.328,4000.0,0.0,1910.321,-1192.258,-0.44663,3.129,1.19154,10.7471,0.2139,1.41407,0.18409,2.4261,0.01281,93.02326,0.98749,0.93592,0.0,-26.4707,56.8182,0.0,89.654,-100.5854,-16.445,178,24,87,451,9,45,60,565,472,47,46,0,451,69,45,0,43,7,47,0.8353982300884956,0.7982300884955752,565,150,22,0.443,5757.312,1.6,0.0,100.0,0.0,-641.411,-964.985,-2226.5,0.0,-1071.5,5757.312,1.6,0.0,100.0,0.0,-641.411,-964.985,-2226.5,0.0,-1071.5,0,29,40,39,1,4,4,0,256,5,3,0,3,0,1.0,0,12,9,6,4,3200,50,50,649,649,315,115,99,99,0,0,543,237,0,0,237,0,0,2,2,2,0,0,2,32,0,47,7,305,0,8,0,40,12560,33.32802547770701,1.9120879120879122,14.546178343949045,1.114600452463452,8.742038216560509,1.7754777070063694,2.6256830601092895,0.046682532182021536,0.013175357863656246,0.009434822697076016,-0.27979157329536974,0.37673032373189924,0.36468759810552,0.0002854691915945295,-0.13687565145548433,0.39958448866786994,0.8359148595982812,0.021228521967406842,10007.0,1.0,12.5,13.0,10.0,53.0,,,,,
48,25_5_2_5_2_1,25_5_2_5_2_1_StartGoalLocations_Seed1008.csv,60,2311.0120807662606,60,1.0,5,4,5,5,9,4,3,181,4,176,0.022099447513812154,0.20597815673500672,4.826471572340357,2,1,2,0.11228204636903621,0.22398926997509103,0.0,0,0,0,1.0,,1.0,,2,8.5,,0.0,,19.0,,8.0,,0.0,,0.0,,28.0,,22.0,,7.1,0.0,11.9,0,33,0,11,0,0,0,14,228,0,102,82,44,0,25,0.4474,0.3596,0,0,0,521.9,0.0,6000.0,0.0,2264.348,-996.123,7.0,0.0,0.0,-500.0,5.381,-345.493,0.0,-2344.5,0.0,-1160.0,25.0,0.0,0.0,0.0,0.0,-1166.5,0.0,0.0,1.49399,10.67437,-0.16097,2.19283,-0.67149,1.12957,0.00479,0.34602,-0.22351,0.24859,0.0,-1521.43,6025.0,0.0,2706.997,-1522.299,-0.29152,2.29762,1.15444,10.66544,0.227,1.01472,0.18605,1.56687,0.01169,98.77049,0.98831,0.81995,0.0,-29.2577,85.5824,0.0,129.7913,-123.5785,-34.54,281,15,129,678,19,95,143,935,722,99,114,0,678,162,95,0,42,0,85,0.772192513368984,0.7251336898395722,935,280,61,4.318,8723.148,5.23,0.0,25.0,0.0,-926.023,-845.342,-3504.5,0.0,-1166.5,8723.148,5.23,0.0,25.0,0.0,-926.023,-845.342,-3504.5,0.0,-1166.5,0,58,60,60,0,1,1,0,450,5,4,0,4,0,1.0,0,23,9,0,0,1592,92,92,1380,1380,794,232,321,321,20,0,2353,23,0,0,298,4,0,3,4,3,0,0,3,37,1,36,1,305,0,0,0,0,10877,83.20308908706444,3.0060773480662983,30.96442033648984,1.5921466953979446,20.235359014434128,5.056541325733199,2.461154020899591,0.05421447277480933,0.013142234825964398,0.008790155190590713,-0.2900491566139849,0.3932476358946843,0.3534163955861443,0.0003488487714848039,-0.15623901842452173,0.39595694562714073,0.8331993569131833,0.021159590636675624,4976.0,,,,,,,,,,
49,25_5_2_5_2_1,25_5_2_5_2_1_StartGoalLocations_Seed1011.csv,40,1894.4857704937458,40,1.0,2,6,2,2,13,6,4,166,6,164,0.03614457831325301,0.1799901912702305,5.8992226526046165,9,8,7,0.11083864639529181,0.25796959293771454,0.0,2,5,1,8.0,,1.0,,9,9.03,,8.5,,13.5,,11.0,,1.9,,0.0,,25.4,,9.0,,7.58,0.0,11.6,0,23,0,3,0,0,1,4,198,0,79,74,45,0,23,0.399,0.3737,0,0,0,407.8,0.0,4000.0,0.0,2002.881,-943.469,10.5,0.0,0.0,-200.0,1.142,-336.369,0.0,-1580.0,0.0,-848.0,200.0,0.0,0.0,0.0,0.0,-820.0,0.0,0.0,1.34323,9.8805,-0.13125,1.5781,-0.59539,1.00811,0.04904,1.1062,-0.20108,0.24517,0.0,-1081.46,4200.0,0.0,2436.502,-1187.917,-0.26519,1.69414,1.02992,9.91225,0.30618,1.08125,0.19936,1.33021,0.01177,87.5,0.98774,0.89981,0.0,-17.5447,59.6591,0.0,115.0503,-100.7696,-14.783,237,17,115,601,9,67,93,773,625,71,77,0,602,104,67,0,45,0,56,0.8085381630012937,0.7787839586028461,773,174,34,-4.766,6355.951,1.04,0.0,200.0,0.0,-878.239,-536.266,-2428.0,0.0,-820.0,6355.951,1.04,0.0,200.0,0.0,-878.239,-536.266,-2428.0,0.0,-820.0,0,23,40,40,0,8,8,0,363,5,6,0,6,0,1.0,0,20,8,1,2,1916,185,185,1055,1055,356,92,142,142,0,0,597,70,0,0,303,1,0,2,2,1,1,0,4,68,0,14,0,305,0,3,0,15,14539,59.56393149460073,1.8706697459584296,25.524451475342183,1.2047830935155035,17.93795996973657,4.18873375060183,2.6311349693251533,0.06310999155893245,0.013620972993058427,0.008791973931998761,-0.3145074118900896,0.399316317570981,0.33506709760704345,0.0003672425931604921,-0.17301724278727754,0.5051905314478622,0.836892247043364,0.02167822938380508,6088.0,,,,,,,,,,
50,50_20_5_10_5_2,50_20_5_10_5_2_StartGoalLocations_Seed1019.csv,60,9418.859844006598,60,1.0,0,0,0,0,12,0,0,11,0,11,0.0,0.038397017707362535,9.322717412964607,2,2,2,0.022739981360671017,0.6639328984156571,0.0,0,0,0,2.0,,,,2,6.0,,,,52.0,,,,0.0,,,,0.0,,,,22.54,0.0,2.9,0,0,0,0,0,0,0,0,219,0,142,38,39,0,0,0.6484,0.1735,0,0,0,536.5,0.0,6000.0,0.0,5423.777,-1144.277,0.0,0.0,0.0,0.0,0.0,-16.64,0.0,-301.0,0.0,-728.0,50.0,0.0,0.0,0.0,0.0,-401.5,0.0,0.0,2.01603,10.48801,-0.0031,0.04894,-0.1918,0.73078,0.00932,0.4826,-0.07484,0.17838,0.0,-74.0,6050.0,0.0,7397.177,-925.326,-0.01379,0.14614,1.12768,10.52603,1.20631,1.25887,0.03765,0.36634,0.01156,97.58065,0.98788,1.57028,0.0,-0.3319,85.9375,0.0,309.9302,-88.3301,-1.386,75,19,45,20,0,1,1,22,19,1,2,0,20,1,1,0,1,0,0,0.8636363636363636,0.9090909090909091,22,4,4,-0.64,11883.478,0.0,0.0,50.0,0.0,-1067.477,-16.64,-1029.0,0.0,-401.5,11883.478,0.0,0.0,50.0,0.0,-1067.477,-16.64,-1029.0,0.0,-401.5,0,0,60,60,0,2,2,0,10,5,0,0,0,0,,0,0,0,0,0,1488,0,0,0,0,28,0,0,0,0,0,582,42,0,0,533,1,0,1,1,1,0,0,0,0,0,3,0,3200,0,0,0,0,11439,16.303872716146515,1.0230563002680966,2.168021680216802,1.3604838920216407,1.3287874814232012,0.6469096949034007,2.6184210526315788,0.047213395838425445,0.012337727830194498,0.008488662729931054,-0.2808838561577823,0.41566966081498774,0.3500013828042254,0.0004148489339078429,-0.17284097624642233,0.3500893500854221,0.8330434782608696,0.02131518052849014,4600.0,,,,,,,,,,
51,50_20_5_10_5_2,50_20_5_10_5_2_StartGoalLocations_Seed1013.csv,40,8567.399962723255,40,1.0,0,0,0,0,25,0,0,0,0,0,0.0,0.004554944012146517,9.82900170706146,11,9,9,0.01708104004554944,0.7172138925792371,0.0,2,6,1,9.0,,2.0,,11,15.39,,12.5,,40.39,,49.0,,0.0,,0.0,,0.0,,2.0,,24.29,0.0,0.3,0,0,0,0,0,0,0,0,223,0,147,31,45,0,0,0.6592,0.139,0,0,0,526.9,0.0,4000.0,0.0,5868.0,-1066.5,0.0,0.0,0.0,0.0,0.0,0.0,0.0,0.0,0.0,-696.0,225.0,0.0,0.0,0.0,0.0,-290.0,0.0,0.0,1.77043,8.66597,0.0,0.0,-0.13209,0.71479,0.0427,1.03235,-0.05504,0.15649,0.0,-100.0,4225.0,0.0,8385.031,-815.431,-0.01898,0.16943,0.80186,8.73729,1.43663,1.26904,0.03302,0.57471,0.0093,86.22449,0.99184,1.76052,0.0,-0.0136,60.0142,0.0,335.3143,-77.5143,-0.465,3,3,0,0,0,0,0,0,0,0,0,0,0,0,0,0,0,0,0,,,0,0,0,0.0,10323.7,0.0,0.0,225.0,0.0,-995.3,0.0,-696.0,0.0,-290.0,10323.7,0.0,0.0,225.0,0.0,-995.3,0.0,-696.0,0.0,-290.0,0,0,40,40,0,9,9,0,0,5,0,0,0,0,,0,0,0,0,0,2456,0,0,0,0,4,0,0,0,0,0,160,0,0,0,130,0,0,0,0,0,0,0,0,0,0,0,0,3200,0,0,0,0,20249,11.541310682008987,1.0406504065040652,5.901526001284014,1.615062782667172,5.387920391130426,1.4420465208158428,2.9468377635197065,0.04188179023296903,0.01269251904723383,0.008210143678084453,-0.28568930204363135,0.4353541063951747,0.33879964760465225,0.0005001272915286871,-0.17506015980282513,0.24005060952879606,0.8269529229177445,0.021323886854137154,7732.0,,,,,,,,,,
52,25_5_2_5_2_1,25_5_2_5_2_1_StartGoalLocations_Seed1006.csv,60,-1429.801223039627,59,0.9833333333333333,11,5,11,11,19,5,1,249,5,238,0.020080321285140562,0.20822622107969152,5.559512401147038,5,5,5,0.16457322295175564,0.25492435055666574,15.0,1,4,0,5.0,,,,6,5.7,,,,11.6,,,,1.0,,,,32.4,,,,7.06,0.7,14.1,0,32,0,12,0,0,3,11,326,0,91,173,62,0,104,0.2791,0.5307,2,0,0,700.6,0.0,5900.0,0.0,3033.439,-1728.2,17.5,0.0,0.0,-1100.0,10.796,-671.436,0.0,-2515.5,0.0,-3364.0,125.0,0.0,0.0,0.0,0.0,-1493.0,0.0,-345.0,1.13094,9.17376,-0.2513,2.79767,-0.83921,1.72518,0.01784,0.66763,-0.26235,0.69969,0.0,-2867.784,6025.0,0.0,3745.037,-2421.226,-0.40933,2.92112,0.85998,9.16079,0.18895,1.24099,0.2288,1.78901,0.00914,94.14062,0.99129,0.88787,0.0,-55.871,85.5824,0.0,173.8251,-203.2686,-39.376,400,38,220,1092,5,244,182,1525,1253,137,135,0,1083,189,253,0,183,8,125,0.8216393442622951,0.7101639344262295,1525,423,72,6.144,9524.996,8.484,0.0,125.0,0.0,-1601.658,-1769.123,-5879.5,0.0,-1838.0,9524.996,8.484,0.0,125.0,0.0,-1601.658,-1769.123,-5879.5,0.0,-1838.0,0,112,60,59,1,5,5,0,653,5,5,0,5,0,1.0,0,16,16,6,3,3200,451,451,1747,1747,1099,447,297,297,0,0,1911,145,0,0,430,1,0,6,8,8,0,0,6,108,1,67,0,305,0,10,0,50,20106,68.81030538147816,2.107481026382364,36.26280712225206,1.2615570721681841,22.346563214960707,3.5213369143539244,2.9590474070776764,0.04921603214825154,0.01248391942062881,0.00805530525627546,-0.2967823409847915,0.4448279446549714,0.3259524799720384,0.0005179705758382625,-0.19576176059432326,0.40050841337231835,0.8200337964701464,0.02256392235491437,10652.0,1.0,15.0,18.0,5.0,69.0,,,,,
53,25_5_2_5_2_1,25_5_2_5_2_1_StartGoalLocations_Seed1007.csv,25,2806.642218798399,25,1.0,0,1,0,0,19,1,1,55,1,55,0.01818181818181818,0.0443268276546477,7.811679591209416,6,6,4,0.10320873304664241,0.40191862388355937,0.0,1,3,0,6.0,,,,6,4.92,,,,13.92,,,,0.0,,,,6.2,,,,11.61,0.0,1.5,0,2,0,1,0,0,0,1,259,0,130,74,55,0,0,0.5019,0.2857,0,0,0,302.3,0.0,2500.0,0.0,2211.406,-1206.406,0.0,0.0,0.0,0.0,2.8,-31.958,0.0,-404.0,0.0,-408.0,150.0,0.0,0.0,0.0,0.0,-309.5,0.0,0.0,1.25944,9.11279,-0.00965,0.08081,-0.26861,0.73112,0.04962,1.11267,-0.10238,0.20176,0.0,-178.769,2650.0,0.0,2611.741,-1127.402,-0.05914,0.27716,0.87661,9.11983,0.49102,1.29782,0.07112,0.83148,0.01025,85.48387,0.9871,1.25306,0.0,-2.0409,37.642,0.0,126.3661,-86.6232,-5.503,20,6,5,69,1,31,28,129,73,17,39,0,69,29,31,0,8,0,13,0.5658914728682171,0.5348837209302325,129,43,17,1.111,4932.406,2.8,0.0,150.0,0.0,-1125.106,-31.958,-812.0,0.0,-309.5,4932.406,2.8,0.0,150.0,0.0,-1125.106,-31.958,-812.0,0.0,-309.5,0,9,25,25,0,6,6,0,58,5,1,0,1,0,1.0,0,2,1,0,0,2076,0,0,137,137,252,36,96,96,4,0,260,0,0,0,386,0,0,1,2,2,0,0,1,17,1,0,0,305,0,0,0,0,8828,52.96782963298595,1.588109495295124,19.9252378794744,1.2984366294202003,13.423198912550975,2.084277299501586,3.222784810126582,0.05170062614420002,0.011930816694699328,0.008236048131219339,-0.29877751916359846,0.45211681803986287,0.3467984616878462,0.0006015234745600169,-0.20390566821732273,0.33861754643382097,0.8173014848289218,0.020467814497278046,6196.0,,,,,,,,,,
54,50_20_5_10_5_2,50_20_5_10_5_2_StartGoalLocations_Seed1018.csv,60,9095.572707057,60,1.0,0,0,0,0,8,0,0,23,1,23,0.043478260869565216,0.006277695716395864,9.377541279334965,3,3,2,0.0155096011816839,0.6887001477104875,0.0,1,2,0,3.0,,,,3,28.83,,,,47.0,,,,0.0,,,,3.0,,,,23.0,0.0,0.1,0,0,0,0,0,0,0,0,202,0,140,18,44,0,3,0.6931,0.0891,2,1,0,541.6,0.0,6000.0,0.0,5674.5,-1281.0,0.0,0.0,0.0,0.0,0.8,-7.827,0.0,-476.5,0.0,-1084.0,75.0,0.0,0.0,0.0,0.0,-347.0,0.0,0.0,2.01904,10.44152,-0.0013,0.02995,-0.28813,0.88986,0.01385,0.58822,-0.06407,0.16712,0.0,-69.467,6075.0,0.0,7541.926,-969.096,-0.01283,0.11687,1.12168,10.48193,1.21359,1.24433,0.05096,0.25169,0.01163,96.42857,0.98855,1.58966,0.0,-0.6972,86.2926,0.0,324.2572,-93.0286,-0.914,1,1,0,18,0,14,14,46,18,14,14,0,18,14,14,0,0,0,0,0.391304347826087,0.391304347826087,46,18,4,-0.56,12130.3,0.8,0.0,75.0,0.0,-1195.2,-7.827,-1560.5,0.0,-347.0,12130.3,0.8,0.0,75.0,0.0,-1195.2,-7.827,-1560.5,0.0,-347.0,0,4,60,60,0,3,3,0,19,5,0,0,0,0,,0,0,0,0,0,1448,0,0,48,48,120,16,28,28,0,0,148,0,0,0,486,1,0,0,1,1,0,0,0,6,1,0,0,3200,0,0,0,0,12272,17.535853976531943,1.0687732342007434,5.736636245110821,0.9214488769754429,3.854302477183833,0.29335071707953064,3.693446088794926,0.05280808313236474,0.012130511210696226,0.00826039756725424,-0.30187041094289957,0.4641743203553047,0.3582530507190122,0.0005749068092696307,-0.2018118818079569,0.4687484217147798,0.8235992402659069,0.01979724720625169,4212.0,,,,,,,,,,
55,25_5_2_5_2_1,25_5_2_5_2_1_StartGoalLocations_Seed1018.csv,40,-3062.2697011828423,38,0.95,12,25,12,12,1,25,3,736,26,724,0.035326086956521736,0.31681069623349095,4.762080717498378,8,8,3,0.17708333333333334,0.21988932291666666,13.10099995136261,2,6,0,8.0,,,,10,7.04,,,,15.0,,,,6.0,,,,23.8,,,,10.0,1.6,8.0,1,67,0,29,0,0,23,10,157,0,75,44,38,0,6,0.4777,0.2803,4,1,0,614.4,0.0,3800.0,0.0,2689.187,-1245.58,10.5,0.0,0.0,-1200.0,6.865,-1186.642,0.0,-2733.0,0.0,-2168.0,200.0,0.0,0.0,0.0,0.0,-1160.0,0.0,-690.0,0.95516,7.87723,-0.38733,3.12446,-0.79769,1.28144,0.03255,0.90152,-0.30111,1.02121,0.0,-3913.624,4000.0,0.0,3544.255,-2156.084,-0.63698,3.3182,0.65104,7.88916,0.22594,1.42491,0.33805,1.88427,0.00749,86.95652,0.99333,0.93402,0.0,-67.1816,56.8182,0.0,153.8396,-176.462,-81.329,518,20,251,1459,39,183,317,1998,1675,146,177,0,1459,356,183,0,66,42,412,0.8383383383383384,0.7302302302302303,1996,699,86,10.847,7021.287,5.728,0.0,200.0,0.0,-1152.78,-2385.505,-4901.0,0.0,-1850.0,7021.287,5.728,0.0,200.0,0.0,-1152.78,-2385.505,-4901.0,0.0,-1850.0,0,269,40,38,2,8,8,0,756,5,25,0,25,0,1.0,0,76,37,33,24,3200,243,243,2414,2414,1655,1074,355,355,20,0,804,12,0,0,537,5,0,6,9,8,1,0,11,74,3,62,0,305,0,54,0,270,22820,58.74233128834356,1.8939947780678852,35.50394390885189,1.5831237885836853,23.64154250657318,7.857142857142857,2.3846153846153846,0.050540474036533854,0.011711331542464905,0.008097773111658171,-0.2977102185972035,0.45755539305508136,0.35644561032997446,0.0006790758499118965,-0.19177408527582884,0.46137003099536256,0.8221518987341773,0.01991417205352851,9480.0,2.0,13.1,10.0,80.0,478.0,2.8,2.8,0.0,0.0,0.0
56,25_5_2_5_2_1,25_5_2_5_2_1_StartGoalLocations_Seed1014.csv,25,2457.671128600836,25,1.0,1,0,1,1,10,0,0,58,0,57,0.0,0.07369323050556983,7.519626978941217,3,3,3,0.08611825192802057,0.4657240788346187,0.0,1,3,0,3.0,,,,3,7.17,,,,18.67,,,,0.0,,,,8.7,,,,10.75,0.0,2.1,0,2,0,1,0,0,0,1,84,0,55,11,18,0,3,0.6548,0.131,0,0,0,233.4,0.0,2500.0,0.0,1808.595,-902.481,3.5,0.0,0.0,-100.0,0.899,-70.742,0.0,-405.0,0.0,-492.0,75.0,0.0,0.0,0.0,0.0,-193.5,0.0,0.0,1.56085,10.32996,-0.07277,1.46799,-0.38432,0.94442,0.03213,0.89572,-0.0829,0.18595,0.0,-276.686,2575.0,0.0,2180.189,-786.661,-0.11855,1.53947,1.10326,10.32949,0.59706,1.28314,0.09726,1.21888,0.012,91.96429,0.98929,1.28491,0.0,-4.9095,36.5767,0.0,103.5483,-62.6275,-7.397,17,7,4,39,2,44,34,120,48,23,49,0,39,37,44,0,7,0,19,0.4,0.325,120,62,28,-10.157,4483.095,0.8,0.0,75.0,0.0,-840.081,-170.643,-897.0,0.0,-193.5,4483.095,0.8,0.0,75.0,0.0,-840.081,-170.643,-897.0,0.0,-193.5,0,23,25,25,0,3,3,0,36,5,0,0,0,0,,0,0,1,0,0,1284,12,12,79,79,276,92,36,36,0,0,356,20,0,0,443,0,0,1,1,1,0,0,4,14,0,8,0,305,0,0,0,0,5673,48.88066278864798,1.6235124413992066,17.556848228450555,1.2102535311329032,9.73030142781597,1.9390093424995594,2.9927536231884058,0.039203692641764924,0.010758519207484255,0.008691467289635883,-0.272294638591392,0.46208292310854354,0.37269233986503236,0.0008062466231393816,-0.20128507726474715,0.24274421579787714,0.8233295583238958,0.018911245023505444,3532.0,,,,,,,,,,
57,50_20_5_10_5_2,50_20_5_10_5_2_StartGoalLocations_Seed1005.csv,60,10774.699889987707,60,1.0,0,0,0,0,18,0,0,5,0,5,0.0,0.0,9.62178026984405,5,3,4,0.014893989837042229,0.7317329595233923,0.0,0,0,0,3.0,,2.0,,5,12.17,,4.0,,40.67,,20.0,,0.0,,0.0,,0.0,,0.0,,26.31,0.0,0.0,0,0,0,0,0,0,0,0,201,0,137,23,41,0,0,0.6816,0.1144,0,0,0,570.7,0.0,6000.0,0.0,6378.0,-1141.5,0.0,0.0,0.0,0.0,0.0,0.0,0.0,-66.0,0.0,-728.0,75.0,0.0,0.0,0.0,0.0,-313.5,0.0,0.0,2.0689,10.16041,0.0,0.0,-0.13913,0.70475,0.01314,0.57304,-0.05493,0.15636,0.0,-77.0,6075.0,0.0,9245.5,-684.58,-0.01349,0.14773,1.06448,10.21418,1.50007,1.21136,0.03364,0.40104,0.01104,96.42857,0.98844,1.76034,0.0,-0.1458,86.2926,0.0,364.4572,-83.1429,0.0,0,0,0,5,0,4,1,10,5,1,4,0,5,1,4,0,0,0,0,0.5,0.5,10,0,0,0.0,12872.6,0.0,0.0,75.0,0.0,-1065.4,0.0,-794.0,0.0,-313.5,12872.6,0.0,0.0,75.0,0.0,-1065.4,0.0,-794.0,0.0,-313.5,0,0,60,60,0,3,3,0,5,5,0,0,0,0,,0,0,0,0,0,1804,20,20,0,0,12,0,0,0,0,0,52,0,0,0,640,0,0,0,0,0,0,0,0,0,0,0,0,3200,0,0,0,0,13988,17.858164140692022,1.0056044835868696,3.5816414069202174,1.1174151843186921,2.1160995138690306,0.37174721189591076,2.77027027027027,0.026324375518628637,0.009887131811749446,0.008111448304938306,-0.2560624252269643,0.45734915791488273,0.38243276614307564,0.0006745463017951965,-0.18688837509032363,0.1878001463484808,0.8140653175716289,0.01871862771042486,4991.0,,,,,,,,,,
58,50_20_5_10_5_2,50_20_5_10_5_2_StartGoalLocations_Seed1019.csv,60,7329.349838793278,59,0.9833333333333333,1,2,1,1,32,2,1,98,2,97,0.02040816326530612,0.022390364422483013,9.409922616506815,6,6,5,0.11008182800679327,0.6946117029488961,19.0,2,5,0,6.0,,,,7,14.17,,,,32.67,,,,0.0,,,,1.2,,,,22.6,0.0,1.2,0,5,0,2,0,0,1,2,157,0,133,8,16,0,0,0.8471,0.051,0,0,0,647.7,0.0,5900.0,0.0,6024.674,-1241.26,0.0,0.0,0.0,-100.0,1.766,-58.53,0.0,-1865.0,0.0,-1048.0,150.0,0.0,0.0,0.0,0.0,-737.0,0.0,-345.0,1.74944,9.4896,-0.0242,0.8805,-0.44975,0.84989,0.02316,0.76055,-0.16705,0.71072,0.0,-427.364,6050.0,0.0,8149.27,-1247.12,-0.06598,0.95089,0.93407,9.5288,1.06564,1.42276,0.05373,1.22806,0.01004,93.07692,0.99043,1.46475,0.0,-6.2272,85.9375,0.0,343.3243,-131.8149,-4.594,45,14,16,172,2,18,22,214,170,20,24,0,172,24,18,0,9,0,10,0.794392523364486,0.8037383177570093,214,30,6,1.6,12489.074,1.6,0.0,150.0,0.0,-1157.96,-158.364,-2913.0,0.0,-1082.0,12489.074,1.6,0.0,150.0,0.0,-1157.96,-158.364,-2913.0,0.0,-1082.0,0,6,60,59,1,6,6,0,101,5,2,0,2,0,1.0,0,4,3,1,2,3200,0,0,186,186,113,25,218,218,8,0,80,0,0,0,367,0,0,0,1,1,0,0,1,28,1,3,0,3200,0,1,0,5,20091,13.00084615001742,1.0172281776416539,6.545219252401573,1.5788973637081032,4.842964511472799,0.6072370713254691,2.826310380267215,0.02250688571439241,0.009337392980814912,0.00836366756237112,-0.26509025329723956,0.4655262228101492,0.38721482022665443,0.0008207027275238943,-0.17166409002034924,0.20443858741907567,0.8362650602409638,0.017661804838395488,8300.0,1.0,19.0,21.0,5.0,43.0,,,,,
59,25_5_2_5_2_1,25_5_2_5_2_1_StartGoalLocations_Seed1010.csv,40,-1910.9472097754478,37,0.925,9,10,9,9,39,10,5,282,10,273,0.03546099290780142,0.18534262880462507,5.993740700361396,8,7,4,0.22333559782608695,0.26120923913043476,5.75,2,7,0,7.0,1.0,,1.0,10,8.12,4.0,,13.46,15.36,4.46,,17.0,2.1,21.0,,16.0,19.4,83.0,,95.0,8.53,1.4,11.2,1,50,0,21,0,0,7,11,177,0,60,90,27,0,11,0.339,0.5085,2,0,0,588.8,0.0,3700.0,0.0,2899.056,-1713.348,17.5,0.0,0.0,-950.0,5.721,-517.676,0.0,-2038.0,0.0,-2344.0,175.0,0.0,0.0,0.0,0.0,-1044.0,0.0,-690.0,0.93275,7.95694,-0.24829,2.83978,-0.74423,1.59301,0.02972,0.86148,-0.2945,1.01802,0.0,-2639.848,3875.0,0.0,3651.997,-2539.044,-0.44834,3.02264,0.65812,7.94667,0.18902,1.52875,0.25034,1.79094,0.00747,88.06818,0.99304,1.05884,0.0,-48.8102,55.0426,0.0,163.1937,-193.5247,-43.689,333,24,176,924,37,148,232,1342,1122,103,117,0,922,271,149,0,59,18,243,0.8360655737704918,0.6870342771982116,1332,379,46,13.393,7084.556,5.16,0.0,175.0,0.0,-1592.548,-1467.115,-4382.0,0.0,-1734.0,7084.556,5.16,0.0,175.0,0.0,-1592.548,-1467.115,-4382.0,0.0,-1734.0,0,64,40,37,3,7,7,1,796,5,10,0,10,0,1.0,0,44,19,11,3,3200,1070,1070,1617,1617,812,257,370,370,12,0,1407,142,0,0,405,7,0,6,8,7,0,0,7,137,2,27,0,305,0,26,0,130,22977,57.52274013143578,2.0274646288870395,27.366496931714323,1.9107526466382239,22.435478957218088,5.518562040301171,2.4506304558680894,0.027049874649674167,0.010108472352148965,0.00889008505968377,-0.2816888259164989,0.4651406307518482,0.39037428331561386,0.0009543972111532639,-0.17823309396859258,0.16947031774491697,0.825,0.018870178223431174,8920.0,1.0,7.5,4.0,11.0,78.0,12.5,12.5,0.0,0.0,0.0
60,50_20_5_10_5_2,50_20_5_10_5_2_StartGoalLocations_Seed1013.csv,25,5322.859221279621,25,1.0,0,2,0,0,9,2,1,15,2,15,0.13333333333333333,0.005100414408670704,9.637741410204054,3,3,2,0.007331845712464138,0.7692062480076506,0.0,1,3,0,3.0,,,,3,12.0,,,,45.0,,,,0.0,,,,0.0,,,,37.25,0.0,0.3,0,4,0,1,0,0,0,1,68,0,57,6,5,0,0,0.8382,0.0882,0,0,0,313.7,0.0,2500.0,0.0,3672.418,-416.818,0.0,0.0,0.0,0.0,0.8,-7.741,0.0,-89.0,0.0,-540.0,75.0,0.0,0.0,0.0,0.0,-185.5,0.0,0.0,1.93475,8.84769,-0.00221,0.04255,-0.20051,0.81396,0.02391,0.77274,-0.05913,0.16146,0.0,-73.384,2575.0,0.0,5462.493,-303.81,-0.02339,0.20585,0.82085,8.92289,1.64446,1.16128,0.04335,0.53959,0.00893,91.96429,0.99171,1.85352,0.0,-0.449,36.5767,0.0,209.8525,-34.4182,-0.4,0,0,0,17,0,5,8,30,22,0,8,0,17,8,5,0,0,0,8,0.7333333333333333,0.5666666666666667,30,12,4,-0.557,6458.318,0.8,0.0,75.0,0.0,-389.018,-7.741,-629.0,0.0,-185.5,6458.318,0.8,0.0,75.0,0.0,-389.018,-7.741,-629.0,0.0,-185.5,0,5,25,25,0,3,3,0,10,5,2,0,2,0,1.0,0,4,2,0,0,1568,0,0,13,13,51,19,28,28,0,0,34,0,0,0,118,0,0,0,0,0,0,0,0,0,0,0,0,3200,0,0,0,0,8029,12.728857890148213,1.0,7.547639805704322,1.3900990302462388,5.928509154315606,0.448374641923029,3.4747899159663866,0.025912653293688685,0.010216124706226876,0.009078359099494636,-0.28409336226022974,0.46573648176022936,0.3800757877452641,0.0009555808539182775,-0.18954709391774877,0.23395461694476902,0.8124570643462331,0.01945088661107328,4367.0,,,,,,,,,,
61,25_5_2_5_2_1,25_5_2_5_2_1_StartGoalLocations_Seed1004.csv,60,2001.6541343405843,60,1.0,1,12,1,1,14,12,2,181,12,180,0.06629834254143646,0.20375510204081632,5.502135754655819,8,7,5,0.15115899444988573,0.2246163891609533,0.0,2,6,0,7.0,,1.0,,8,4.86,,0.0,,9.93,,11.0,,2.1,,0.0,,18.6,,22.0,,7.57,1.8,14.6,0,36,0,22,0,0,9,11,328,0,101,167,60,0,7,0.3079,0.5091,4,0,0,612.6,0.0,6000.0,0.0,2860.624,-1311.422,0.0,0.0,0.0,-100.0,4.493,-444.64,0.0,-2339.5,0.0,-2164.0,175.0,0.0,0.0,0.0,0.0,-1291.5,0.0,0.0,1.33232,9.87024,-0.08817,0.9273,-0.73515,1.13495,0.02857,0.8446,-0.21082,0.24691,0.0,-1283.385,6175.0,0.0,3646.691,-1629.866,-0.2095,1.10086,1.008,9.88136,0.32922,1.05007,0.16405,1.277,0.01094,92.16418,0.98939,0.87058,0.0,-17.0439,87.7131,0.0,163.4642,-148.7384,-27.605,441,22,244,705,59,43,118,928,737,100,91,0,707,178,43,0,77,21,81,0.7941810344827587,0.7618534482758621,927,187,44,-5.762,9382.324,4.308,0.0,175.0,0.0,-1220.522,-544.455,-4503.5,0.0,-1291.5,9382.324,4.308,0.0,175.0,0.0,-1220.522,-544.455,-4503.5,0.0,-1291.5,0,75,60,60,0,7,7,0,485,5,12,0,12,0,1.0,0,51,13,9,3,1516,241,241,965,965,619,297,418,418,4,0,3280,338,0,0,451,5,1,6,7,6,0,0,12,245,1,34,0,305,0,26,0,130,16124,70.37335648722402,2.837313827443377,26.01091540560655,1.4752026915196712,17.84296700570578,3.6343339121806,2.54049356969065,0.026920757557162254,0.010330127977267262,0.008855655118528174,-0.3055218870611493,0.4607794531731618,0.3653432707299815,0.001389085624943239,-0.2266929715203421,0.17031024988893262,0.8075916230366492,0.020766548312193288,4584.0,,,,,,,,,,
62,50_20_5_10_5_2,50_20_5_10_5_2_StartGoalLocations_Seed1013.csv,60,6609.417440235615,59,0.9833333333333333,2,4,2,2,7,4,0,103,4,101,0.038834951456310676,0.049206714187169466,9.09595409429712,1,0,0,0.026200873362445413,0.6777752240864169,0.0,0,0,0,,,1.0,,1,,,34.5,,,,55.0,,,,10.0,,,,86.0,,20.31,0.2,1.4,0,8,0,3,0,0,3,1,142,0,118,15,9,0,0,0.831,0.1056,0,0,0,435.1,0.0,5900.0,0.0,4526.361,-960.462,0.0,0.0,0.0,-200.0,0.998,-92.579,0.0,-1729.0,0.0,-1016.0,0.0,0.0,0.0,0.0,0.0,-255.0,0.0,0.0,2.27557,11.52202,-0.06701,1.5179,-0.63089,1.03941,0.0,0.0,-0.05861,0.16084,0.0,-493.099,5900.0,0.0,5941.65,-745.015,-0.11333,1.59579,1.35601,11.56556,1.19435,1.17536,0.0593,1.91124,0.01356,100.0,0.98644,1.55794,0.0,-9.0918,83.8068,0.0,258.6492,-69.455,-7.85,67,11,29,164,0,9,29,202,177,10,15,0,164,29,9,0,2,3,20,0.8762376237623762,0.8118811881188119,202,58,4,5.518,10797.061,0.8,0.0,0.0,0.0,-896.062,-292.381,-2745.0,0.0,-255.0,10797.061,0.8,0.0,0.0,0.0,-896.062,-292.381,-2745.0,0.0,-255.0,0,9,60,59,1,0,0,0,91,5,4,0,4,0,1.0,0,8,6,4,3,748,4,4,351,351,113,37,12,12,4,0,72,0,0,0,441,0,0,0,0,0,0,0,1,0,0,1,0,3200,0,4,0,20,8617,16.107694093071835,1.0014409221902016,8.483230822792155,1.6153215049994056,5.2918649181849835,1.1488917256585818,2.642543859649123,0.02209396811854592,0.010064593304625967,0.009130765081328504,-0.29950940545229987,0.4614319692958485,0.3621860391455379,0.001196948349797092,-0.23966343453861175,0.12385460084464198,0.8186432856483618,0.0199054153478506,2167.0,,,,,,,,,,
63,25_5_2_5_2_1,25_5_2_5_2_1_StartGoalLocations_Seed1000.csv,25,2283.9690165296197,25,1.0,1,8,1,1,7,8,2,104,8,103,0.07692307692307693,0.08746246246246246,7.132826593903092,6,5,4,0.10356472795497186,0.4135084427767355,0.0,1,2,0,5.0,,1.0,,6,3.6,,8.5,,8.6,,12.0,,1.0,,0.0,,6.6,,0.0,,9.21,0.5,6.8,0,19,0,4,0,0,3,4,123,0,73,20,30,0,0,0.5935,0.1626,2,0,0,266.5,0.0,2500.0,0.0,1964.786,-1076.709,0.0,0.0,0.0,-100.0,1.647,-146.755,0.0,-466.5,0.0,-564.0,125.0,0.0,0.0,0.0,0.0,-220.0,0.0,0.0,1.37132,9.68993,-0.09197,1.38309,-0.38668,0.96365,0.0469,1.08185,-0.08255,0.18564,0.0,-506.714,2625.0,0.0,2285.403,-1004.604,-0.19014,1.51027,0.98499,9.69593,0.4806,1.29378,0.1182,1.60862,0.01126,87.5,0.98987,1.24716,0.0,-6.9195,37.2869,0.0,112.2735,-74.0976,-5.34,64,11,26,177,24,25,34,260,216,20,24,0,177,58,25,0,14,1,47,0.8307692307692308,0.6807692307692308,260,64,8,-2.394,4658.833,1.6,0.0,125.0,0.0,-1004.256,-246.708,-1030.5,0.0,-220.0,4658.833,1.6,0.0,125.0,0.0,-1004.256,-246.708,-1030.5,0.0,-220.0,0,23,25,25,0,5,5,0,107,5,8,0,8,0,1.0,0,20,9,3,4,1424,166,166,209,209,172,92,23,23,0,0,212,28,0,0,628,0,0,2,2,2,0,0,3,1,0,6,0,305,0,3,0,15,7638,66.92851531814611,1.7251564945226916,24.757789997381515,1.3042900762897496,16.7452212621105,3.6396962555642838,2.7349491790461298,0.02634524643974473,0.01005693266215326,0.008635016911652652,-0.3079562258770627,0.46595549307177575,0.355951498079459,0.0012288863854541632,-0.2411046653065119,0.19168128468773601,0.8064975100782547,0.020273865203580037,4217.0,,,,,,,,,,
64,25_5_2_5_2_1,25_5_2_5_2_1_StartGoalLocations_Seed1003.csv,25,3058.379938289523,25,1.0,0,0,0,0,4,0,0,4,0,4,0.0,0.014609203798392988,8.084058850764183,3,3,2,0.04967129291453616,0.5573411249086925,0.0,1,2,0,3.0,,,,3,8.5,,,,12.33,,,,0.0,,,,0.0,,,,7.18,0.0,0.3,0,0,0,0,0,0,0,0,78,0,58,6,14,0,0,0.7436,0.0769,0,0,0,136.9,0.0,2500.0,0.0,1198.794,-564.294,0.0,0.0,0.0,0.0,0.0,-3.52,0.0,-28.0,0.0,-180.0,75.0,0.0,0.0,0.0,0.0,-76.5,0.0,0.0,2.38963,13.39033,-0.00257,0.0436,-0.15194,0.71629,0.05478,1.16902,-0.05588,0.15754,0.0,-24.2,2575.0,0.0,1354.908,-527.804,-0.01768,0.09978,1.88093,13.43305,0.60417,1.3349,0.04018,0.44,0.02045,91.96429,0.97955,1.40396,0.0,-0.1866,36.5767,0.0,68.5025,-36.6168,-1.4,1,1,0,3,1,1,3,8,3,4,1,0,3,4,1,0,0,0,0,0.375,0.375,8,2,2,-0.32,3797.894,0.0,0.0,75.0,0.0,-526.494,-3.52,-208.0,0.0,-76.5,3797.894,0.0,0.0,75.0,0.0,-526.494,-3.52,-208.0,0.0,-76.5,0,1,25,25,0,2,2,0,4,5,0,0,0,0,,0,0,0,0,0,708,0,0,0,0,4,4,10,10,0,0,180,4,0,0,319,1,0,0,0,0,0,0,0,0,0,2,0,305,0,0,0,0,3307,50.105836105231326,1.4387447193723597,11.762927124281827,1.373007731794698,9.434532809192621,2.3888720895071063,3.2371794871794872,0.023007365451378506,0.009451166029472303,0.008320986387967053,-0.30028834156060624,0.47015707607323165,0.36164903347143684,0.0013232597383068044,-0.23940013416406125,0.14183077499421634,0.8070539419087137,0.01826639866113182,1928.0,,,,,,,,,,
65,50_20_5_10_5_2,50_20_5_10_5_2_StartGoalLocations_Seed1005.csv,40,7244.9998660087585,40,1.0,0,0,0,0,5,0,0,1,0,1,0.0,0.0,9.873846153846154,0,0,0,0.0017094017094017094,0.8382905982905983,0.0,0,0,0,,,,,0,,,,,,,,,,,,,,,,,28.27,0.0,0.0,0,0,0,0,0,0,0,0,113,0,80,5,28,0,0,0.708,0.0442,0,0,0,292.5,0.0,4000.0,0.0,3667.5,-334.5,0.0,0.0,0.0,0.0,0.0,0.0,0.0,-20.0,0.0,-252.0,0.0,0.0,0.0,0.0,0.0,-108.5,0.0,0.0,2.60701,11.5117,0.0,0.0,-0.09299,0.58257,0.0,0.0,-0.03709,0.13104,0.0,-21.0,4000.0,0.0,5021.985,-245.72,-0.00718,0.05179,1.36752,11.61387,1.63291,1.0186,0.02222,0.32308,0.01368,100.0,0.98632,1.82589,0.0,-0.0292,56.8182,0.0,209.5714,-25.3143,0.0,0,0,0,0,0,2,0,2,0,0,2,0,0,0,2,0,0,0,0,0.0,0.0,2,0,0,0.0,7937.7,0.0,0.0,0.0,0.0,-312.2,0.0,-272.0,0.0,-108.5,7937.7,0.0,0.0,0.0,0.0,-312.2,0.0,-272.0,0.0,-108.5,0,0,40,40,0,0,0,0,1,5,0,0,0,0,,0,0,0,0,0,580,0,0,4,4,8,0,0,0,0,0,0,0,0,0,165,0,0,0,0,0,0,0,0,0,0,0,0,3200,0,0,0,0,5767,3.8841685451707995,1.1607142857142858,1.0057222125888676,0.8724138001943457,0.5028611062944338,0.0,4.379310344827586,0.02606776101225666,0.011817999357550308,0.008587952655065676,-0.3136601043158564,0.49174643960492365,0.3663813527801941,0.001534918064235485,-0.2739060006264983,0.20474734256356125,0.7791592658377738,0.01959975416090924,1689.0,,,,,,,,,,
66,50_20_5_10_5_2,50_20_5_10_5_2_StartGoalLocations_Seed1002.csv,40,6777.599884599447,40,1.0,0,0,0,0,16,0,0,5,0,5,0.0,0.0,9.85051707928549,4,4,2,0.006581009088060169,0.7906612347226575,0.0,1,4,0,4.0,,,,4,13.5,,,,28.5,,,,0.0,,,,0.0,,,,25.01,0.0,0.0,0,0,0,0,0,0,0,0,121,0,92,7,22,0,0,0.7603,0.0579,0,0,0,319.1,0.0,4000.0,0.0,3826.5,-567.0,0.0,0.0,0.0,0.0,0.0,0.0,0.0,-92.0,0.0,-700.0,100.0,0.0,0.0,0.0,0.0,-109.0,0.0,0.0,2.37499,11.05632,0.0,0.0,-0.2482,0.9112,0.03134,0.88457,-0.03416,0.12614,0.0,-69.0,4100.0,0.0,5069.385,-451.93,-0.02162,0.14915,1.28486,11.15729,1.44702,1.14169,0.05798,0.37297,0.01379,93.18182,0.98715,1.7528,0.0,-0.1458,58.2386,0.0,218.6572,-38.6286,0.0,0,0,0,0,0,0,10,10,0,10,0,0,0,10,0,0,0,0,0,0.0,0.0,10,0,0,0.0,8107.8,0.0,0.0,100.0,0.0,-529.2,0.0,-792.0,0.0,-109.0,8107.8,0.0,0.0,100.0,0.0,-529.2,0.0,-792.0,0.0,-109.0,0,0,40,40,0,4,4,0,5,5,0,0,0,0,,0,0,0,0,0,1036,0,0,0,0,0,0,20,20,0,0,0,0,0,0,323,0,0,0,0,0,0,0,0,0,0,0,0,3200,0,0,0,0,7965,11.462649089767734,1.0,5.12241054613936,1.4600490376207174,3.6534839924670433,0.7281858129315757,2.40893470790378,0.03180063869102955,0.011291031348141464,0.00835573607264626,-0.3201753248579254,0.49590916960395903,0.37448453027970774,0.0015702309953516285,-0.27586305944040473,0.1908420407801521,0.7951730708161321,0.02020357138224741,3149.0,,,,,,,,,,
67,50_20_5_10_5_2,50_20_5_10_5_2_StartGoalLocations_Seed1003.csv,40,6883.199891299009,40,1.0,0,0,0,0,12,0,0,0,0,0,0.0,0.0,9.774767000345184,1,1,1,0.0,0.7963410424577149,0.0,0,0,0,1.0,,,,1,11.5,,,,46.0,,,,0.0,,,,0.0,,,,23.69,0.0,0.0,0,0,0,0,0,0,0,0,106,0,87,10,9,0,0,0.8208,0.0943,0,0,0,289.7,0.0,4000.0,0.0,3444.0,-517.5,0.0,0.0,0.0,0.0,0.0,0.0,0.0,0.0,0.0,-252.0,25.0,0.0,0.0,0.0,0.0,-106.0,0.0,0.0,2.49092,11.59347,0.0,0.0,-0.08699,0.58342,0.00863,0.4644,-0.03659,0.13022,0.0,-48.0,4025.0,0.0,4628.045,-370.305,-0.01657,0.20827,1.38937,11.6773,1.46971,1.13563,0.02175,0.7619,0.01415,98.17073,0.98481,1.75196,0.0,0.0,57.1733,0.0,196.8,-35.6286,0.0,0,0,0,0,0,0,0,0,0,0,0,0,0,0,0,0,0,0,0,,,0,0,0,0.0,7699.2,0.0,0.0,25.0,0.0,-483.0,0.0,-252.0,0.0,-106.0,7699.2,0.0,0.0,25.0,0.0,-483.0,0.0,-252.0,0.0,-106.0,0,0,40,40,0,1,1,0,0,5,0,0,0,0,,0,0,0,0,0,1068,0,0,0,0,0,0,0,0,0,0,0,0,0,0,218,0,0,0,0,0,0,0,0,0,0,0,0,3200,0,0,0,0,5966,6.050955414012739,1.0,0.5698960777740529,1.894117667394526,0.5698960777740529,0.0670465973851827,3.5294117647058822,0.03211354405997663,0.01114470467201612,0.00831287746467673,-0.31509312579917553,0.4894639278172554,0.3883715117915293,0.0014049538523691256,-0.26815869737318837,0.17812995042239632,0.790956749672346,0.018937646442798266,3052.0,,,,,,,,,,
68,25_5_2_5_2_1,25_5_2_5_2_1_StartGoalLocations_Seed1016.csv,60,424.53533604741096,59,0.9833333333333333,5,7,5,5,11,7,1,246,7,241,0.028455284552845527,0.31760607979734007,4.533262238920943,2,1,0,0.15070444831407315,0.1772993509577331,0.0,0,0,0,1.0,,1.0,,2,4.0,,7.0,,6.0,,12.0,,0.0,,0.0,,0.0,,3.0,,7.36,0.4,25.9,0,37,0,17,0,0,4,11,270,0,68,155,47,0,32,0.2519,0.5741,2,0,0,631.7,0.0,5900.0,0.0,2265.813,-1033.045,10.5,0.0,0.0,-500.0,7.106,-906.039,0.0,-2928.5,0.0,-1556.0,25.0,0.0,0.0,0.0,0.0,-1492.0,0.0,0.0,1.2308,9.63721,-0.22146,2.00026,-0.70991,1.18835,0.00396,0.31452,-0.23619,0.24962,0.0,-2584.372,5925.0,0.0,2879.581,-1705.119,-0.40911,2.12498,0.93795,9.62382,0.18592,0.93717,0.29618,1.38128,0.0095,98.75,0.99066,0.73261,0.0,-42.6073,84.1619,0.0,130.075,-144.2883,-35.43,697,22,378,1424,91,115,224,1859,1581,137,141,0,1421,323,115,0,58,10,222,0.8504572350726197,0.764389456697149,1854,431,60,3.439,8733.068,6.286,0.0,25.0,0.0,-958.1,-1405.219,-4484.5,0.0,-1492.0,8733.068,6.286,0.0,25.0,0.0,-958.1,-1405.219,-4484.5,0.0,-1492.0,0,151,60,59,1,1,1,0,927,5,7,0,7,0,1.0,0,31,12,4,3,1536,80,80,3245,3245,1137,604,327,327,12,0,2866,82,0,0,254,3,0,4,7,5,0,0,8,90,3,39,0,305,0,6,0,30,13309,83.62010669471786,3.4720999191302004,38.59042753024269,2.1154838720462763,23.683221879930873,3.4938763242918327,2.7471446700507616,0.03145755891667553,0.011277559812394125,0.008171832401179321,-0.32950392792311806,0.49223811451035243,0.37107012842898257,0.0016568196596532896,-0.26872713421471417,0.16760719185856238,0.7942238267148014,0.01969817686525068,4709.0,,,,,,,,,,
69,25_5_2_5_2_1,25_5_2_5_2_1_StartGoalLocations_Seed1008.csv,25,1287.3206360340118,25,1.0,0,11,0,0,4,11,0,113,11,113,0.09734513274336283,0.17674636661978435,6.582180420271231,1,1,1,0.14158462259728083,0.3459915611814346,0.0,0,0,0,1.0,,,,1,4.5,,,,9.0,,,,0.0,,,,0.0,,,,10.02,4.2,10.6,0,33,0,18,0,0,9,3,96,0,43,44,9,0,1,0.4479,0.4583,0,0,0,213.3,0.0,2500.0,0.0,1373.925,-622.179,0.0,0.0,0.0,0.0,0.8,-239.024,0.0,-776.0,0.0,-904.0,25.0,0.0,0.0,0.0,0.0,-284.5,0.0,0.0,1.62449,10.78251,-0.11169,0.28422,-0.78762,1.12108,0.01172,0.54118,-0.13338,0.22113,0.0,-609.986,2525.0,0.0,1717.703,-590.922,-0.28598,0.81364,1.18378,10.77485,0.52826,1.16821,0.18237,1.56809,0.01219,97.11538,0.98828,1.09517,0.0,-5.6356,35.8665,0.0,78.51,-51.8102,-7.301,109,41,73,269,49,11,46,376,319,25,32,0,269,96,11,0,10,16,82,0.848404255319149,0.7154255319148937,376,62,8,1.762,4045.424,0.8,0.0,25.0,0.0,-580.379,-239.024,-1680.0,0.0,-284.5,4045.424,0.8,0.0,25.0,0.0,-580.379,-239.024,-1680.0,0.0,-284.5,0,45,25,25,0,1,1,0,141,5,11,0,11,0,1.0,0,42,11,9,7,820,4,4,488,488,306,177,57,57,0,0,215,21,0,0,251,0,0,0,0,0,0,0,1,0,0,10,0,305,0,27,0,135,4589,54.89213336238832,1.6550218340611353,25.95336674656788,1.2447943078583898,14.207888428851602,2.3316626716060145,2.581288343558282,0.03273662522139891,0.011024272067063466,0.00783469032995948,-0.3268081633782968,0.5061383703859841,0.36629516679975316,0.0016991463379093968,-0.2873621998400223,0.17659618571626484,0.7907162865146058,0.0198073185830391,2499.0,,,,,,,,,,
70,25_5_2_5_2_1,25_5_2_5_2_1_StartGoalLocations_Seed1006.csv,25,1992.4228128790855,25,1.0,0,1,0,0,11,1,1,102,1,102,0.00980392156862745,0.1715210355987055,6.297711045417971,2,2,0,0.08616504854368932,0.35720064724919093,0.0,1,2,0,2.0,,,,2,6.0,,,,10.0,,,,0.0,,,,4.5,,,,11.39,0.0,12.3,0,4,0,1,0,0,0,2,59,0,44,8,7,0,0,0.7458,0.1356,0,0,0,247.2,0.0,2500.0,0.0,1544.344,-690.124,0.0,0.0,0.0,0.0,0.0,-180.497,0.0,-722.0,0.0,-388.0,50.0,0.0,0.0,0.0,0.0,-368.5,0.0,0.0,1.45689,10.03136,-0.07302,0.23016,-0.44903,0.75647,0.02023,0.71081,-0.14907,0.22872,0.0,-359.632,2550.0,0.0,1937.15,-681.019,-0.14548,0.43363,1.03155,10.02867,0.50814,1.16256,0.13228,1.09979,0.01092,94.44444,0.98908,1.07083,0.0,-3.8197,36.2216,0.0,88.2482,-60.4928,-7.015,117,25,73,193,20,7,28,248,193,44,11,0,190,51,7,0,4,0,12,0.7782258064516129,0.7661290322580645,248,45,10,-4.865,4244.844,0.0,0.0,50.0,0.0,-643.424,-180.497,-1110.0,0.0,-368.5,4244.844,0.0,0.0,50.0,0.0,-643.424,-180.497,-1110.0,0.0,-368.5,0,28,25,25,0,2,2,0,96,5,1,0,1,0,1.0,0,4,1,0,0,948,0,0,267,267,199,111,4,4,0,0,898,112,0,0,249,1,0,0,0,0,0,0,1,0,0,6,0,305,0,0,0,0,5638,64.57963816956368,1.7898928865696238,17.115998581057113,1.096683952474841,10.482440581766584,0.8691025186236254,3.1319796954314723,0.024389954544171564,0.01061343973628265,0.0078431131526482,-0.3102375480193126,0.5127332463294645,0.35452784453263264,0.0016246393223721455,-0.289762496853931,0.1645228265993308,0.794289897510981,0.018675856505970548,2732.0,,,,,,,,,,
71,50_20_5_10_5_2,50_20_5_10_5_2_StartGoalLocations_Seed1018.csv,40,5898.110575824976,39,0.975,1,2,1,1,37,2,2,98,2,97,0.02040816326530612,0.04028719585161548,9.400892507283393,4,4,4,0.11168727562824092,0.7475069804547267,13.5,1,4,0,4.0,,,,5,4.62,,,,46.75,,,,0.0,,,,0.0,,,,28.49,0.1,2.4,0,5,0,3,0,0,1,2,111,0,92,6,13,0,0,0.8288,0.0541,0,0,0,501.4,0.0,3900.0,0.0,5146.842,-1040.58,0.0,0.0,0.0,-100.0,0.836,-120.888,0.0,-1212.0,0.0,-564.0,100.0,0.0,0.0,0.0,0.0,-368.5,0.0,-345.0,1.69678,8.7795,-0.04389,1.00607,-0.35421,0.76534,0.01994,0.70584,-0.1423,0.79366,0.0,-504.015,4000.0,0.0,7233.242,-1055.353,-0.10052,1.10681,0.79777,8.81161,1.23213,1.50175,0.05205,1.93109,0.00858,93.02326,0.99122,1.66773,0.0,-6.0851,56.8182,0.0,293.0767,-99.2046,-5.72,65,21,41,155,5,14,32,206,160,31,15,0,155,37,14,0,3,1,10,0.7766990291262136,0.7524271844660194,206,44,6,0.963,9478.242,0.8,0.0,100.0,0.0,-970.58,-220.852,-1776.0,0.0,-713.5,9478.242,0.8,0.0,100.0,0.0,-970.58,-220.852,-1776.0,0.0,-713.5,0,8,40,39,1,4,4,0,93,5,2,0,2,0,1.0,0,4,3,1,2,3200,32,32,314,314,80,32,26,26,4,0,121,4,0,0,439,1,0,1,1,1,0,0,0,0,0,3,0,3200,0,1,0,5,15418,12.005448177454923,1.0,4.864444156181087,1.247991685292994,3.067842781164872,0.5837332987417304,2.4101479915433406,0.03800019878763124,0.011634682029252871,0.007669315040693618,-0.3293676219508052,0.5213290243968367,0.3573826891137287,0.0021747108993440635,-0.3083734312932938,0.20406209157564387,0.7811455074964945,0.0186464857198503,9271.0,1.0,13.5,33.0,0.0,68.0,,,,,
72,50_20_5_10_5_2,50_20_5_10_5_2_StartGoalLocations_Seed1014.csv,60,8032.56933760643,60,1.0,0,5,0,0,9,5,1,110,5,110,0.045454545454545456,0.03913894324853229,9.062731108320202,0,0,0,0.0213307240704501,0.7471624266144814,0.0,0,0,0,,,,,0,,,,,,,,,,,,,,,,,27.52,0.7,2.8,0,13,0,6,0,0,3,3,136,0,124,4,8,0,0,0.9118,0.0294,0,0,0,511.0,0.0,6000.0,0.0,5711.73,-882.33,0.0,0.0,0.0,0.0,0.8,-110.63,0.0,-1946.5,0.0,-968.0,0.0,0.0,0.0,0.0,0.0,-283.5,0.0,0.0,2.21926,10.71717,-0.02149,0.12278,-0.57035,0.78923,0.0,0.0,-0.05548,0.15704,0.0,-367.072,6000.0,0.0,8316.956,-517.79,-0.07183,0.3667,1.17417,10.7721,1.52626,1.12207,0.0683,1.05178,0.01174,100.0,0.98826,1.74945,0.0,-4.7436,85.2273,0.0,326.3846,-66.6189,-2.705,73,24,50,285,6,16,17,324,285,18,21,0,285,23,16,0,3,6,8,0.8796296296296297,0.8796296296296297,324,26,8,-2.758,12163.33,0.8,0.0,0.0,0.0,-822.93,-110.63,-2914.5,0.0,-283.5,12163.33,0.8,0.0,0.0,0.0,-822.93,-110.63,-2914.5,0.0,-283.5,0,8,60,60,0,0,0,0,152,5,5,0,5,0,1.0,0,16,5,3,2,1752,4,4,501,501,116,32,106,106,0,0,221,0,0,0,327,0,0,2,3,3,0,0,1,68,1,1,0,3200,0,9,0,45,10135,16.70448939319191,1.0011813349084466,9.314257523433646,1.5648570154355523,4.775530340404539,0.07893438579181056,2.8615702479338845,0.0505084989900216,0.012374672561365107,0.007486474318599932,-0.3364188795628613,0.5320814102207689,0.363581941586379,0.002380701172384582,-0.31110621521836274,0.2105148852096173,0.7867362722351121,0.018768626981990708,5172.0,,,,,,,,,,
73,50_20_5_10_5_2,50_20_5_10_5_2_StartGoalLocations_Seed1005.csv,60,9164.68917030096,60,1.0,1,0,1,1,27,0,0,63,0,62,0.0,0.02465331278890601,9.335275721752037,5,4,4,0.027157164869029277,0.7486517719568567,0.0,1,4,0,4.0,,1.0,,5,7.12,,1.0,,25.75,,26.0,,0.0,,0.0,,0.0,,2.0,,26.85,0.0,1.1,0,2,0,1,0,0,0,1,240,0,173,20,47,0,0,0.7208,0.0833,0,0,0,519.2,0.0,6000.0,0.0,5996.826,-878.415,0.0,0.0,0.0,-100.0,0.007,-30.929,0.0,-1233.5,0.0,-980.0,100.0,0.0,0.0,0.0,0.0,-228.5,0.0,0.0,2.24145,10.62817,-0.02522,0.98311,-0.42633,0.95921,0.01926,0.69364,-0.04401,0.14166,0.0,-327.173,6100.0,0.0,8179.879,-644.816,-0.06301,1.04317,1.17488,10.70811,1.45128,1.13846,0.0599,1.052,0.01233,95.3125,0.98729,1.72156,0.0,-5.1179,86.6477,0.0,342.6758,-63.2523,-5.545,20,7,8,91,0,8,39,138,107,19,12,0,91,39,8,0,2,0,21,0.7753623188405797,0.6594202898550725,138,36,6,2.251,12457.026,0.0,0.0,100.0,0.0,-819.415,-130.922,-2213.5,0.0,-228.5,12457.026,0.0,0.0,100.0,0.0,-819.415,-130.922,-2213.5,0.0,-228.5,0,4,60,60,0,4,4,0,64,5,0,0,0,0,,0,0,1,0,0,1744,56,56,190,190,248,16,1,1,0,0,210,12,0,0,436,1,0,0,0,0,0,0,2,0,0,3,0,3200,0,0,0,0,12833,16.356268993999844,1.1057646498332538,8.58723603210473,1.2262817773090746,5.35338580222863,1.4338034754149458,2.378457059679767,0.04643547328732643,0.011674905859079179,0.007726271703001966,-0.34511517053213686,0.5376730207866485,0.37995750453630717,0.0026219432724697445,-0.32507851859127435,0.19767153135621776,0.7910852713178295,0.01855236986146476,5160.0,,,,,,,,,,
74,50_20_5_10_5_2,50_20_5_10_5_2_StartGoalLocations_Seed1009.csv,60,9612.68540880084,60,1.0,0,0,0,0,8,0,0,47,1,47,0.02127659574468085,0.019688915140775743,9.255027413110044,6,6,5,0.01772002362669817,0.7389249852333136,0.0,1,3,0,6.0,,,,6,15.67,,,,41.83,,,,0.0,,,,0.0,,,,23.65,0.0,0.7,0,0,0,0,0,0,0,0,165,0,132,10,23,0,0,0.8,0.0606,2,1,0,507.9,0.0,6000.0,0.0,5743.066,-998.566,0.0,0.0,0.0,0.0,0.0,-25.214,0.0,-1172.5,0.0,-360.0,150.0,0.0,0.0,0.0,0.0,-232.0,0.0,0.0,2.21548,10.75386,-0.00496,0.05531,-0.30173,0.58191,0.02953,0.85876,-0.04568,0.14406,0.0,-145.998,6150.0,0.0,7654.739,-771.764,-0.02875,0.17125,1.21087,10.83539,1.35518,1.18504,0.04351,0.66063,0.01299,93.18182,0.98602,1.68261,0.0,-2.5742,87.358,0.0,328.1752,-70.3181,-4.296,11,5,2,99,1,40,28,168,102,25,41,0,99,29,40,0,0,0,4,0.6071428571428571,0.5892857142857143,168,18,8,-3.216,12183.608,0.0,0.0,150.0,0.0,-931.208,-25.214,-1532.5,0.0,-232.0,12183.608,0.0,0.0,150.0,0.0,-931.208,-25.214,-1532.5,0.0,-232.0,0,5,60,60,0,6,6,0,79,5,0,0,0,0,,0,0,0,0,0,1392,4,4,104,104,192,20,204,204,12,0,156,4,0,0,436,0,0,0,0,0,0,0,0,0,0,0,0,3200,0,0,0,0,13107,17.158770122835126,1.0115606936416186,9.93362325474937,1.4787250618334464,6.469825284199283,0.762951094834821,3.0837264150943398,0.052965534606415926,0.012459377605660722,0.008202009758077049,-0.36544268912282485,0.5406135096289646,0.3683397435080046,0.002681460674706948,-0.3468936257460422,0.21524235434653893,0.7933123334141022,0.018658523142617157,4127.0,,,,,,,,,,
75,25_5_2_5_2_1,25_5_2_5_2_1_StartGoalLocations_Seed1008.csv,25,2847.4479313343763,25,1.0,0,0,0,0,11,0,0,26,0,26,0.0,0.05174234424498416,7.684627243432727,1,1,1,0.10559662090813093,0.4593453009503696,0.0,0,0,0,1.0,,,,1,18.5,,,,29.0,,,,0.0,,,,0.0,,,,8.92,0.0,2.3,0,0,0,0,0,0,0,0,66,0,42,10,14,0,3,0.6364,0.1515,0,0,0,189.4,0.0,2500.0,0.0,1537.98,-859.98,0.0,0.0,0.0,0.0,0.0,-37.952,0.0,-260.5,0.0,-132.0,25.0,0.0,0.0,0.0,0.0,-114.5,0.0,0.0,1.77793,11.44875,-0.02004,0.12355,-0.20723,0.55191,0.0132,0.5743,-0.06045,0.16301,0.0,-105.16,2525.0,0.0,1808.814,-746.99,-0.05552,0.341,1.33316,11.42578,0.56063,1.34802,0.04382,1.26699,0.01373,97.11538,0.98574,1.36894,0.0,-0.8279,35.8665,0.0,87.8846,-55.6846,-3.396,20,12,12,38,3,5,8,54,38,7,9,0,38,11,5,0,3,0,4,0.7037037037037037,0.7037037037037037,54,8,6,-1.792,4169.68,0.0,0.0,25.0,0.0,-802.28,-37.952,-392.5,0.0,-114.5,4169.68,0.0,0.0,25.0,0.0,-802.28,-37.952,-392.5,0.0,-114.5,0,3,25,25,0,1,1,0,22,5,0,0,0,0,,0,0,0,0,0,1388,0,0,6,6,196,12,6,6,0,0,230,80,0,0,493,2,1,0,2,2,0,0,0,34,2,0,0,305,0,0,0,0,4184,56.33365200764818,1.3695375477301654,14.77055449330784,1.2028317324407278,9.225621414913958,2.724665391969407,2.626943005181347,0.05628997759701636,0.012189455547769922,0.007887233590830644,-0.372330095994713,0.5379361956882202,0.382765497658026,0.0024304565061380287,-0.3412027141932795,0.21423151067809412,0.7876127773713728,0.018522188941543515,4101.0,,,,,,,,,,
76,50_20_5_10_5_2,50_20_5_10_5_2_StartGoalLocations_Seed1002.csv,40,6661.199855238199,40,1.0,0,0,0,0,8,0,0,0,0,0,0.0,0.0,9.88842631140716,0,0,0,0.0033305578684429643,0.8309741881765196,0.0,0,0,0,,,,,0,,,,,,,,,,,,,,,,,22.38,0.0,0.0,0,0,0,0,0,0,0,0,102,0,81,18,3,0,0,0.7941,0.1765,0,0,0,240.2,0.0,4000.0,0.0,2982.0,-357.0,0.0,0.0,0.0,0.0,0.0,0.0,0.0,0.0,0.0,-136.0,0.0,0.0,0.0,0.0,0.0,-68.0,0.0,0.0,2.85812,12.68881,0.0,0.0,-0.05662,0.47252,0.0,0.0,-0.02831,0.11556,0.0,-32.0,4000.0,0.0,3933.76,-245.475,-0.01332,0.16955,1.66528,12.79667,1.53551,1.0378,0.01415,0.94118,0.01665,100.0,0.98293,1.77011,0.0,0.0,56.8182,0.0,170.4,-24.2857,0.0,0,0,0,0,0,0,0,0,0,0,0,0,0,0,0,0,0,0,0,,,0,0,0,0.0,7198.4,0.0,0.0,0.0,0.0,-333.2,0.0,-136.0,0.0,-68.0,7198.4,0.0,0.0,0.0,0.0,-333.2,0.0,-136.0,0.0,-68.0,0,0,40,40,0,0,0,0,0,5,0,0,0,0,,0,0,0,0,0,760,0,0,0,0,0,0,0,0,0,0,0,0,0,0,98,0,0,0,0,0,0,0,0,0,0,0,0,3200,0,0,0,0,4729,2.431803764009304,1.0,0.16916895749629943,0.6000000014901161,0.08458447874814971,0.0,5.0,0.055463453034233105,0.012289166296097009,0.008102972266313277,-0.388313264203699,0.5425596499129346,0.36960364188018596,0.003843403980442274,-0.3894306191488316,0.25753652889340245,0.7963963963963964,0.018198359106220897,2220.0,,,,,,,,,,
77,25_5_2_5_2_1,25_5_2_5_2_1_StartGoalLocations_Seed1008.csv,25,1587.5007151141763,24,0.96,1,0,1,1,41,0,0,55,3,54,0.05454545454545454,0.07619827939369112,7.6417260670554485,6,5,4,0.12331011880376895,0.4362965997541991,0.0,1,3,0,5.0,,1.0,,6,6.72,,4.5,,9.5,,9.0,,0.0,,0.0,,5.4,,20.0,,11.0,0.0,1.7,0,2,0,1,0,0,0,1,112,0,66,12,34,0,0,0.5893,0.1071,6,3,0,244.1,0.0,2400.0,0.0,1826.538,-910.236,0.0,0.0,0.0,-100.0,0.352,-81.253,0.0,-467.5,0.0,-1216.0,125.0,0.0,0.0,0.0,0.0,-233.5,0.0,0.0,1.45858,9.90643,-0.07411,1.43344,-0.68968,1.4018,0.05121,1.13031,-0.09566,0.19667,0.0,-441.037,2525.0,0.0,2182.698,-838.556,-0.18068,1.55231,1.03441,9.92626,0.55065,1.2718,0.12577,1.4366,0.01188,87.06897,0.98853,1.25207,0.0,-4.7484,35.8665,0.0,104.3736,-65.3564,-5.872,34,10,9,38,27,28,17,110,30,41,39,0,36,45,29,0,18,0,13,0.2727272727272727,0.32727272727272727,110,30,6,-0.864,4408.138,0.0,0.0,125.0,0.0,-847.736,-180.901,-1683.5,0.0,-233.5,4408.138,0.0,0.0,125.0,0.0,-847.736,-180.901,-1683.5,0.0,-233.5,0,26,25,24,1,4,3,0,29,5,0,0,0,0,,0,0,1,0,0,1652,36,36,40,40,166,104,17,17,0,0,559,24,0,0,500,1,0,1,2,2,0,0,10,59,1,30,0,305,0,0,0,0,7136,55.24103139013453,1.6544901065449011,25.85482062780269,1.5473645237801965,19.730941704035875,2.4943946188340806,3.0191761363636362,0.05405385598154698,0.01201269727484402,0.008011779096203047,-0.3937333692000507,0.5451499899853806,0.35946779517280997,0.00441732126108842,-0.4268492959602116,0.2162598005004914,0.7960088691796009,0.018781453310563547,4961.0,,,,,,,,,,
78,25_5_2_5_2_1,25_5_2_5_2_1_StartGoalLocations_Seed1009.csv,60,-13092.15370991826,55,0.9166666666666666,22,82,20,22,24,80,24,651,82,629,0.1259600614439324,0.25930781331934977,4.582345833378413,6,5,4,0.20195667365478687,0.16221174004192873,4.360000252723694,2,6,0,5.0,1.0,,1.0,10,5.6,5.33,,8.0,12.0,1.39,,19.0,8.4,95.0,,20.0,40.6,405.0,,84.0,7.63,6.0,24.4,6,280,0,98,0,0,44,26,262,0,84,145,33,0,2,0.3206,0.5534,3,0,0,1144.8,0.0,5500.0,0.0,3417.172,-1592.954,10.5,0.0,0.0,-2300.0,9.215,-1202.886,0.0,-4488.0,0.0,-9056.0,125.0,0.0,0.0,0.0,0.0,-3279.0,0.0,-1380.0,0.7407,6.94778,-0.30518,3.16422,-1.18309,1.94482,0.01092,0.52235,-0.40697,1.02954,0.0,-6830.197,5625.0,0.0,4275.266,-4543.531,-0.59663,3.36258,0.49135,6.9336,-0.02343,1.34261,0.30468,1.9582,0.00524,93.75,0.99502,0.77419,0.0,-118.0519,79.9006,0.0,192.4459,-353.8335,-99.681,958,43,653,2510,62,142,506,3222,2795,215,212,0,2510,570,142,0,91,82,518,0.8674736188702669,0.7790192427063936,3211,742,71,47.026,9959.842,6.908,0.0,125.0,0.0,-1480.324,-3500.579,-13544.0,0.0,-4659.0,9959.842,6.908,0.0,125.0,0.0,-1480.324,-3500.579,-13544.0,0.0,-4659.0,0,130,60,55,5,5,5,1,1776,5,80,1,79,0,0.9875,2,298,102,51,24,3200,242,242,5965,5965,1640,516,755,755,4,0,3371,136,0,0,430,2,1,7,9,9,0,0,8,340,2,65,1,305,0,146,0,730,31840,74.44095477386935,2.594886507467724,39.720477386934675,1.5601639947270018,23.53643216080402,3.702889447236181,2.7021617293835067,0.05070590092655038,0.011611583022749982,0.007755220273975283,-0.3869670293107629,0.564475887529552,0.3478957116452511,0.004611316778464243,-0.5032305557280778,0.27195281182898734,0.7862122385747483,0.01969016296927098,10328.0,3.0,4.04,7.33,58.0,118.7,1.44,11.26,0.0,1.0,16.67
79,50_20_5_10_5_2,50_20_5_10_5_2_StartGoalLocations_Seed1004.csv,60,8300.399759799242,60,1.0,0,0,0,0,29,0,0,0,0,0,0.0,0.0,9.779536611248673,6,6,3,0.01839405730456314,0.6648390519985851,0.0,2,6,0,6.0,,,,6,9.17,,,,38.17,,,,0.0,,,,0.0,,,,19.94,0.0,0.0,0,0,0,0,0,0,0,0,211,0,129,44,38,0,0,0.6114,0.2085,0,0,0,565.4,0.0,6000.0,0.0,5785.5,-1393.5,0.0,0.0,0.0,0.0,0.0,0.0,0.0,0.0,0.0,-2408.0,150.0,0.0,0.0,0.0,0.0,-399.0,0.0,0.0,1.93799,10.22966,0.0,0.0,-0.42589,1.23377,0.02653,0.81397,-0.07057,0.17408,0.0,-116.0,6150.0,0.0,7583.915,-1089.395,-0.02052,0.11993,1.08773,10.27617,1.14866,1.24363,0.10647,0.19269,0.01167,93.18182,0.9885,1.55185,0.0,0.0,87.358,0.0,330.6,-102.4286,0.0,0,0,0,0,0,0,0,0,0,0,0,0,0,0,0,0,0,0,0,,,0,0,0,0.0,12258.0,0.0,0.0,150.0,0.0,-1300.6,0.0,-2408.0,0.0,-399.0,12258.0,0.0,0.0,150.0,0.0,-1300.6,0.0,-2408.0,0.0,-399.0,0,0,60,60,0,6,6,0,0,5,0,0,0,0,,0,0,0,0,0,1396,0,0,0,0,0,0,0,0,0,0,0,0,0,0,402,1,1,0,0,0,0,0,0,0,0,0,0,3200,0,0,0,0,14339,14.547736941209289,1.0,6.457911988283702,1.2632289605162892,4.316897970569775,0.767138573122254,3.145395799676898,0.0450611327952281,0.011484836994064572,0.008212825198014691,-0.3750128070997304,0.5751336298904309,0.3593847671400937,0.005078998492045974,-0.5408593360708231,0.23270616464982175,0.7869705226653455,0.0177928692033458,4037.0,,,,,,,,,,
80,25_5_2_5_2_1,25_5_2_5_2_1_StartGoalLocations_Seed1007.csv,40,1354.9352511763573,40,1.0,1,23,1,1,34,23,8,137,23,136,0.1678832116788321,0.11288711288711288,6.1965849301503315,1,1,1,0.16958041958041958,0.265984015984016,0.0,0,0,0,1.0,,,,1,7.19,,,,18.0,,,,14.0,,,,9.0,,,,9.08,2.6,6.8,0,82,0,26,0,0,7,13,121,0,55,45,21,0,10,0.4545,0.3719,4,0,0,400.4,0.0,4000.0,0.0,2204.573,-986.869,0.0,0.0,0.0,-100.0,1.64,-139.808,0.0,-1108.5,0.0,-2152.0,25.0,0.0,0.0,0.0,0.0,-789.5,0.0,0.0,1.40312,9.96905,-0.05948,1.1257,-0.81431,1.36855,0.00624,0.39504,-0.19718,0.24436,0.0,-1024.889,4025.0,0.0,2726.327,-1128.85,-0.25597,1.36731,1.00524,9.95217,0.39897,1.12855,0.16533,1.54817,0.01024,98.17073,0.98926,0.97328,0.0,-11.2794,57.1733,0.0,125.9756,-101.5068,-24.884,106,17,53,363,18,37,107,528,411,62,55,0,365,126,37,0,42,19,77,0.7784090909090909,0.6912878787878788,526,117,18,8.721,6538.142,1.48,0.0,25.0,0.0,-920.039,-239.648,-3260.5,0.0,-789.5,6538.142,1.48,0.0,25.0,0.0,-920.039,-239.648,-3260.5,0.0,-789.5,0,28,40,40,0,1,1,0,270,5,23,0,23,0,1.0,0,87,24,7,3,1448,100,100,809,809,539,108,107,107,0,0,681,65,0,0,424,1,0,3,5,5,0,0,9,111,2,16,0,305,0,29,0,145,8635,75.18239722061378,2.219500924214418,36.52576722640417,1.4841828066829093,21.598147075854083,2.385639837869137,3.216621983914209,0.046382940673071235,0.011307744765962932,0.00818469240561704,-0.3838289715967126,0.5758094177555643,0.3591702209157838,0.005032756042960023,-0.5317419257776513,0.21215445659341406,0.7676208804426269,0.017604317588683787,4157.0,,,,,,,,,,
81,50_20_5_10_5_2,50_20_5_10_5_2_StartGoalLocations_Seed1016.csv,25,3370.5999962985516,23,0.92,0,0,0,0,45,0,0,0,0,0,0.0,0.0,9.895032051282051,5,4,3,0.020833333333333332,0.7467948717948718,0.0,1,3,0,4.0,,1.0,,5,33.38,,30.0,,58.5,,60.0,,0.0,,0.0,,0.0,,0.0,,27.45,0.0,0.0,0,0,0,0,0,0,0,0,86,0,57,20,9,0,0,0.6628,0.2326,0,0,0,249.6,0.0,2300.0,0.0,2913.0,-393.0,0.0,0.0,0.0,0.0,0.0,0.0,0.0,0.0,0.0,-1668.0,100.0,0.0,0.0,0.0,0.0,-131.0,0.0,0.0,2.03109,9.50816,0.0,0.0,-0.66827,1.49214,0.04006,1.0,-0.05248,0.15326,0.0,-176.0,2400.0,0.0,4200.55,-322.77,-0.07051,0.24134,0.96154,9.60336,1.5536,1.24372,0.16707,0.42206,0.01082,88.88889,0.98958,1.8313,0.0,0.0,34.0909,0.0,166.4572,-29.9429,0.0,0,0,0,0,0,0,0,0,0,0,0,0,0,0,0,0,0,0,0,,,0,0,0,0.0,5436.4,0.0,0.0,100.0,0.0,-366.8,0.0,-1668.0,0.0,-131.0,5436.4,0.0,0.0,100.0,0.0,-366.8,0.0,-1668.0,0.0,-131.0,0,0,25,23,2,4,3,0,0,5,0,0,0,0,,0,0,0,0,0,1184,0,0,0,0,0,0,0,0,0,0,4,0,0,0,140,0,0,0,0,0,0,0,0,0,0,0,0,3200,0,0,0,0,6767,12.487069602482636,1.0,8.186788828136544,1.31877258083773,7.447908970001477,1.034431801389094,3.3492063492063493,0.05880963319882662,0.011782417379042788,0.008116129430237453,-0.4164130835214982,0.5815831670487249,0.35208097364552116,0.00616474005368513,-0.6604939590434771,0.29387760865436663,0.76554886787045,0.018243099594945435,3489.0,,,,,,,,,,
82,50_20_5_10_5_2,50_20_5_10_5_2_StartGoalLocations_Seed1010.csv,40,4034.599968314171,39,0.975,0,2,0,0,44,2,2,21,2,21,0.09523809523809523,0.008264462809917356,9.556689049586776,1,0,0,0.029958677685950414,0.7536157024793388,0.0,0,0,0,,,1.0,,1,,,20.5,,,,85.0,,,,0.0,,,,7.0,,30.74,0.0,0.2,0,4,0,1,0,0,0,1,84,0,74,5,5,0,0,0.881,0.0595,0,0,0,387.2,0.0,3900.0,0.0,4536.0,-790.5,0.0,0.0,0.0,0.0,0.0,-5.6,0.0,-44.5,0.0,-3812.0,0.0,0.0,0.0,0.0,0.0,-136.0,0.0,0.0,2.07456,9.94423,-0.00145,0.02401,-0.996,1.71807,0.0,0.0,-0.03512,0.12778,0.0,-214.6,3900.0,0.0,6564.41,-519.585,-0.05542,0.19881,1.00723,9.98542,1.56116,1.21394,0.25542,0.21699,0.01007,100.0,0.98993,1.84816,0.0,-0.6253,55.3977,0.0,259.2,-52.9429,-0.449,7,7,4,42,0,0,0,42,42,0,0,0,42,0,0,0,0,0,0,1.0,1.0,42,0,0,-0.0,8770.5,0.0,0.0,0.0,0.0,-737.8,-5.6,-3856.5,0.0,-136.0,8770.5,0.0,0.0,0.0,0.0,-737.8,-5.6,-3856.5,0.0,-136.0,0,0,40,39,1,0,0,0,21,5,2,0,2,0,1.0,0,4,2,0,0,1140,0,0,27,27,68,0,55,55,0,0,24,0,0,0,263,0,0,1,1,1,0,0,0,5,0,0,0,3200,0,0,0,0,7686,11.475409836065573,1.1496598639455782,5.880822274264897,0.9621681574138656,3.590944574551132,0.0,3.778985507246377,0.05535159853711855,0.011471477869832726,0.00724414033129027,-0.39908779624261354,0.584318835275215,0.3706336830350521,0.005276424104037384,-0.6462422953885898,0.2771417938232692,0.7638634978671541,0.01775021563090717,3282.0,,,,,,,,,,
83,50_20_5_10_5_2,50_20_5_10_5_2_StartGoalLocations_Seed1003.csv,25,2551.513661324978,23,0.92,1,27,1,1,25,27,11,357,43,356,0.12044817927170869,0.12907869481765835,8.20759076577917,7,5,6,0.07005758157389635,0.567658349328215,27.0,2,6,1,5.0,2.0,,2.0,9,12.3,27.0,,12.0,26.4,59.5,,31.0,0.0,59.0,,0.0,0.0,94.0,,0.0,25.94,0.0,0.0,1,32,0,12,0,0,24,1,92,0,56,10,26,0,0,0.6087,0.1087,32,16,0,416.8,0.0,2300.0,0.0,3673.914,-956.466,0.0,0.0,0.0,-100.0,5.6,-276.834,0.0,-337.0,0.0,-1260.0,125.0,0.0,0.0,0.0,0.0,-349.5,0.0,-690.0,1.3038,7.44018,-0.08907,1.11147,-0.38316,1.07544,0.02999,0.86537,-0.2494,1.18336,0.0,-1182.968,2425.0,0.0,5512.341,-1184.986,-0.28382,1.34051,0.58181,7.45611,1.03823,1.76629,0.23009,1.23354,0.00672,86.60714,0.994,1.61654,0.0,-13.5829,34.446,0.0,208.1307,-112.248,-7.895,59,8,13,344,109,193,66,712,378,82,252,0,344,175,193,0,3,22,139,0.5308988764044944,0.48314606741573035,712,378,36,-6.265,6317.314,5.568,0.0,125.0,0.0,-883.066,-376.802,-1597.0,0.0,-1039.5,6317.314,5.568,0.0,125.0,0.0,-883.066,-376.802,-1597.0,0.0,-1039.5,0,145,25,23,2,5,5,2,211,5,27,0,27,0,1.0,0,54,28,24,17,3200,0,0,453,453,831,578,384,384,17,0,0,0,0,0,200,1,0,0,0,0,0,0,6,0,0,8,0,3200,0,24,0,120,17245,18.335749492606553,1.0113851992409868,14.688315453754711,2.025819221822537,9.31864308495216,1.7048419831835315,2.372744243932794,0.06477124483673834,0.011585496734478512,0.007623079792247154,-0.42027809148654344,0.5852923345193267,0.37905746282078323,0.006248454690066864,-0.6895358047261834,0.324679981835163,0.7660186356838836,0.016823360139862648,8693.0,,,,,,2.0,2.0,0.0,1.0,100.0
84,50_20_5_10_5_2,50_20_5_10_5_2_StartGoalLocations_Seed1010.csv,40,5203.999880194664,39,0.975,0,1,0,0,45,1,1,2,1,2,0.5,0.0,9.566666666666666,9,8,8,0.019517543859649124,0.7346491228070176,0.0,2,8,1,8.0,,1.0,,9,14.94,,11.0,,37.88,,39.5,,0.0,,0.0,,0.0,,0.0,,28.63,0.0,0.0,0,2,0,0,0,0,0,0,146,0,103,28,15,0,0,0.7055,0.1918,0,0,0,456.0,0.0,3900.0,0.0,5199.0,-982.5,0.0,0.0,0.0,0.0,0.0,0.0,0.0,-16.5,0.0,-3356.0,200.0,0.0,0.0,0.0,0.0,-196.0,0.0,0.0,1.87993,9.18649,0.0,0.0,-0.73958,1.54877,0.04386,1.04622,-0.04298,0.14016,0.0,-190.0,4100.0,0.0,7185.295,-707.075,-0.04167,0.17156,0.89912,9.26361,1.42066,1.2252,0.17829,0.2337,0.01031,87.23404,0.99079,1.74687,0.0,-0.0583,58.2386,0.0,297.0857,-67.3429,0.0,0,0,0,2,0,1,1,4,2,1,1,0,2,1,1,0,0,0,0,0.5,0.5,4,0,0,0.0,9489.5,0.0,0.0,200.0,0.0,-917.0,0.0,-3372.5,0.0,-196.0,9489.5,0.0,0.0,200.0,0.0,-917.0,0.0,-3372.5,0.0,-196.0,0,0,40,39,1,8,7,0,2,5,1,0,1,0,1.0,0,2,1,0,0,1244,0,0,7,7,16,0,0,0,0,0,22,0,0,0,429,0,0,0,0,0,0,0,0,0,0,0,0,3200,0,0,0,0,12580,17.56756756756757,1.0036199095022624,4.085850556438792,1.5564202543362569,3.6565977742448332,0.6836248012718601,2.878260869565217,0.06604590564981175,0.01102523305423414,0.007868428620243284,-0.41219960143520135,0.5877850138106147,0.3760778437281728,0.006288969038440651,-0.7568163031358811,0.27970089180556296,0.7739025856885148,0.016656930747245207,3326.0,,,,,,,,,,
85,50_20_5_10_5_2,50_20_5_10_5_2_StartGoalLocations_Seed1015.csv,25,3827.199991643429,24,0.96,0,0,0,0,58,0,0,0,0,0,0.0,0.0,10.0,4,3,2,0.008449788755281119,0.7702307442313943,0.0,1,2,0,3.0,,1.0,,4,33.17,,76.5,,53.0,,103.0,,0.0,,0.0,,0.0,,0.0,,39.5,0.0,0.0,0,0,0,0,0,0,0,0,91,0,76,10,5,0,0,0.8352,0.1099,0,0,0,307.7,0.0,2400.0,0.0,3607.5,-393.0,0.0,0.0,0.0,0.0,0.0,0.0,0.0,0.0,0.0,-1980.0,75.0,0.0,0.0,0.0,0.0,-190.0,0.0,0.0,1.92467,8.75322,0.0,0.0,-0.64348,1.46965,0.02437,0.78023,-0.06175,0.1645,0.0,-228.0,2475.0,0.0,5617.87,-340.325,-0.0741,0.30185,0.80435,8.82952,1.71516,1.29709,0.16087,0.46061,0.00877,91.66667,0.99025,1.95543,0.0,0.0,35.1562,0.0,206.1429,-33.3143,0.0,0,0,0,0,0,0,0,0,0,0,0,0,0,0,0,0,0,0,0,,,0,0,0,0.0,6289.0,0.0,0.0,75.0,0.0,-366.8,0.0,-1980.0,0.0,-190.0,6289.0,0.0,0.0,75.0,0.0,-366.8,0.0,-1980.0,0.0,-190.0,0,0,25,24,1,3,3,0,0,5,0,0,0,0,,0,0,0,0,0,1608,0,0,0,0,0,0,0,0,0,0,0,0,0,0,14,0,0,0,0,0,0,0,0,0,0,0,0,3200,0,0,0,0,8112,7.618343195266272,1.0,1.824457593688363,2.100000033306109,1.257396449704142,0.665680473372781,2.2745098039215685,0.0965720588695814,0.012246764068079381,0.007944702751128309,-0.47162855520325514,0.5912612488317253,0.3931983344590486,0.008946236079056001,-0.7983924994866053,0.36385599580310873,0.7782022471910113,0.01720449723676477,4450.0,,,,,,,,,,
86,25_5_2_5_2_1,25_5_2_5_2_1_StartGoalLocations_Seed1010.csv,40,-1463.4080286026,39,0.975,2,42,2,2,84,42,5,168,42,166,0.25,0.17587242893459673,5.79907908401686,4,3,4,0.20656192236598891,0.16843807763401109,8.0,1,4,0,3.0,1.0,,1.0,5,7.5,8.0,,7.15,14.0,4.0,,13.0,10.7,10.0,,5.0,13.0,12.0,,27.0,6.69,7.7,15.2,0,133,0,50,0,0,23,11,111,0,53,34,24,0,3,0.4775,0.3063,2,0,0,432.8,0.0,3900.0,0.0,1801.524,-884.98,0.0,0.0,0.0,-200.0,1.971,-181.724,0.0,-1050.0,0.0,-3952.0,75.0,0.0,0.0,0.0,0.0,-1061.0,0.0,-345.0,1.21288,9.47584,-0.08774,1.52717,-1.15573,1.58494,0.01733,0.65797,-0.32486,0.83731,0.0,-1646.749,3975.0,0.0,2105.314,-1592.371,-0.38049,1.86352,0.91844,9.47104,0.11852,1.30511,0.17375,2.18983,0.0097,94.64286,0.99099,0.86213,0.0,-14.5689,56.4631,0.0,101.03,-128.9988,-16.712,294,42,185,456,8,45,49,558,513,23,22,0,456,57,45,0,3,30,77,0.9193548387096774,0.8172043010752689,558,73,21,-4.003,6073.324,1.84,0.0,75.0,0.0,-823.98,-381.592,-5002.0,0.0,-1406.0,6073.324,1.84,0.0,75.0,0.0,-823.98,-381.592,-5002.0,0.0,-1406.0,0,15,40,39,1,3,3,1,349,5,42,0,42,0,1.0,0,153,44,24,3,3200,52,52,1175,1175,601,57,131,131,0,0,1503,35,0,0,290,0,0,1,2,2,0,0,1,2,1,6,0,305,0,85,0,425,14548,58.427275226835306,2.1347058823529412,31.798185317569427,1.5301056772244388,24.566950783612867,1.8421776189166896,3.2372691662003357,0.08440330080542481,0.012391170545015484,0.008203289795783348,-0.4531434863619506,0.6135289537534118,0.3922818172862753,0.008964576334692538,-0.9606484336778521,0.4183326489164877,0.7787340668918182,0.017934039566920905,9179.0,,,,,,,,,,
87,25_5_2_5_2_1,25_5_2_5_2_1_StartGoalLocations_Seed1018.csv,60,-2733.1525463461876,58,0.9666666666666667,1,38,1,1,127,38,8,143,38,142,0.26573426573426573,0.1298366294067068,5.779263889436805,1,1,0,0.17953861584754263,0.2579166069637484,3.0,0,0,0,1.0,,,,3,15.0,,,,21.0,,,,22.0,,,,33.0,,,,8.72,2.2,10.9,1,100,0,39,0,0,22,14,317,0,84,162,71,0,46,0.265,0.511,6,0,0,697.9,0.0,5800.0,0.0,3183.33,-1660.528,3.5,0.0,0.0,-200.0,5.047,-189.902,0.0,-1804.5,0.0,-6292.0,25.0,0.0,0.0,0.0,0.0,-1611.0,0.0,-690.0,1.14976,9.11265,-0.05514,1.20418,-1.16012,1.90464,0.00358,0.29923,-0.3297,0.94925,0.0,-1741.487,5825.0,0.0,3847.357,-2978.511,-0.24953,1.416,0.83465,9.08292,0.12449,1.44455,0.17151,1.45488,0.00845,98.72881,0.99169,0.98625,0.0,-15.8715,82.7415,0.0,180.057,-224.3254,-32.393,310,30,198,498,11,39,75,626,502,50,74,0,498,89,39,0,21,38,60,0.8019169329073482,0.7955271565495208,626,83,28,8.633,9572.73,4.968,0.0,25.0,0.0,-1548.528,-389.823,-8096.5,0.0,-2301.0,9572.73,4.968,0.0,25.0,0.0,-1548.528,-389.823,-8096.5,0.0,-2301.0,0,20,60,58,2,1,1,0,292,5,38,0,38,0,1.0,0,118,39,22,5,3200,129,129,744,744,437,79,144,144,4,0,2260,153,0,0,361,1,0,4,4,4,0,0,8,104,0,46,3,305,0,44,0,220,15326,68.49797729348819,2.339683749285578,21.18621949628083,1.0855790106599739,13.480360172256297,1.9900822132324154,3.1190706679574056,0.14426620995509437,0.015731535658123904,0.009326910485979169,-0.5915935934521258,0.5905972097814083,0.38553992114262653,0.014938802297401708,-1.1360939199104905,0.5501358506668709,0.7636103151862464,0.01786033271424675,9074.0,2.0,3.0,4.0,11.0,31.5,6.0,6.0,0.0,0.0,0.0
88,25_5_2_5_2_1,25_5_2_5_2_1_StartGoalLocations_Seed1002.csv,25,925.943363070488,25,1.0,1,32,1,1,56,32,6,138,32,137,0.2318840579710145,0.09652650822669104,6.711631712006913,7,7,6,0.11919561243144425,0.30274223034734915,0.0,2,6,1,7.0,,,,7,6.61,,,,11.29,,,,0.0,,,,2.3,,,,7.69,5.2,11.3,0,43,0,17,0,0,23,3,105,0,48,44,13,0,20,0.4571,0.419,0,0,0,273.5,0.0,2500.0,0.0,1692.238,-804.165,10.5,0.0,0.0,-100.0,0.847,-105.477,0.0,-390.5,0.0,-1868.0,175.0,0.0,0.0,0.0,0.0,-458.0,0.0,0.0,1.34262,9.55257,-0.07482,1.36021,-0.82578,1.48831,0.06399,1.26315,-0.16746,0.23598,0.0,-842.626,2675.0,0.0,1982.426,-877.054,-0.30809,1.61571,0.97806,9.59431,0.40416,1.18758,0.21097,1.46036,0.0117,83.59375,0.98867,1.0575,0.0,-7.1556,37.9972,0.0,97.2993,-72.1237,-4.938,92,39,64,241,0,10,26,277,257,9,11,0,241,26,10,0,3,3,20,0.927797833935018,0.8700361010830325,277,34,4,1.496,4422.038,0.8,0.0,175.0,0.0,-749.965,-205.43,-2258.5,0.0,-458.0,4422.038,0.8,0.0,175.0,0.0,-749.965,-205.43,-2258.5,0.0,-458.0,0,6,25,25,0,6,6,0,133,5,32,0,32,0,1.0,0,64,33,23,4,1644,16,16,432,432,160,24,77,77,0,0,294,3,0,0,425,0,0,0,1,1,0,0,1,22,1,1,0,305,0,23,0,115,10075,66.11414392059554,1.9731271580843717,35.0272952853598,1.5177706386933574,23.21588089330025,4.843672456575683,2.900812312954254,0.19477738901392677,0.016921827742952283,0.009180218774435584,-0.6559766613653977,0.6010541443117053,0.375815552045249,0.018763406063971585,-1.2686148327922588,0.629309915179647,0.7575757575757576,0.017453141294736418,4455.0,,,,,,,,,,
89,25_5_2_5_2_1,25_5_2_5_2_1_StartGoalLocations_Seed1012.csv,25,6.710036873817444,25,1.0,0,17,0,0,110,17,3,135,22,135,0.16296296296296298,0.11889250814332247,6.87819134826963,5,4,4,0.17263843648208468,0.23713355048859935,0.0,1,2,0,4.0,,1.0,,5,11.25,,0.0,,17.88,,10.0,,1.2,,10.0,,5.0,,20.0,,10.62,3.5,11.6,0,40,0,12,0,0,9,9,151,0,74,19,58,0,3,0.4901,0.1258,12,5,0,307.0,0.0,2500.0,0.0,1745.077,-751.5,3.5,0.0,0.0,0.0,0.0,-118.367,0.0,-853.5,0.0,-2320.0,100.0,0.0,0.0,0.0,0.0,-605.5,0.0,0.0,1.23911,9.01936,-0.03856,0.17501,-1.03371,1.47357,0.03257,0.90182,-0.19723,0.24437,0.0,-972.152,2600.0,0.0,2203.329,-856.052,-0.31666,0.90804,0.84691,9.02941,0.43885,1.1367,0.20554,1.54065,0.00945,89.65517,0.99153,1.00505,0.0,-5.1458,36.9318,0.0,99.9187,-77.5429,-7.501,134,24,91,253,36,10,39,338,297,15,26,0,253,75,10,0,4,11,65,0.878698224852071,0.7485207100591716,338,43,6,0.785,4505.277,0.0,0.0,100.0,0.0,-701.2,-118.367,-3173.5,0.0,-605.5,4505.277,0.0,0.0,100.0,0.0,-701.2,-118.367,-3173.5,0.0,-605.5,0,27,25,25,0,3,3,0,143,5,17,0,17,0,1.0,0,49,17,9,7,2544,0,0,481,481,331,103,86,86,0,0,535,4,0,0,341,2,0,1,1,1,0,0,1,32,0,4,0,305,0,17,0,85,10364,49.32458510227711,1.9088419405320813,26.727132381319954,1.3080686124687215,18.014280200694714,1.3797761482053261,3.2356722013926085,0.22721522745278036,0.018159244856767873,0.00906771647966461,-0.7442741153187722,0.6224024282686366,0.34777979439698486,0.022565824156861355,-1.4794249116624676,0.7860041643653878,0.7553221686063014,0.018342704099832973,7046.0,,,,,,,,,,
90,25_5_2_5_2_1,25_5_2_5_2_1_StartGoalLocations_Seed1017.csv,40,-948.3679341673851,40,1.0,0,28,0,0,80,28,4,147,30,147,0.20408163265306123,0.11037173015144562,6.479908591535535,4,3,4,0.15328132170720515,0.2840752638825149,0.0,1,3,0,3.0,,1.0,,4,12.83,,0.5,,21.0,,9.0,,0.0,,0.0,,7.0,,3.0,,9.67,3.5,6.9,0,66,0,22,0,0,13,7,192,0,92,48,52,0,7,0.4792,0.25,9,2,0,435.8,0.0,4000.0,0.0,2534.003,-1238.459,3.5,0.0,0.0,0.0,1.888,-137.6,0.0,-1185.0,0.0,-4672.0,75.0,0.0,0.0,0.0,0.0,-765.5,0.0,0.0,1.31593,9.57023,-0.03114,0.14762,-1.34397,1.63661,0.01721,0.6557,-0.17565,0.23869,0.0,-1040.241,4075.0,0.0,3045.058,-1311.148,-0.2387,0.75206,0.93506,9.55726,0.39787,1.15532,0.19458,1.2267,0.00987,94.76744,0.99059,1.00908,0.0,-6.7312,57.8835,0.0,145.0002,-114.5119,-13.382,111,31,60,329,38,31,39,438,364,34,40,0,329,78,31,0,8,12,51,0.8310502283105022,0.7511415525114156,438,58,17,3.029,6887.603,1.888,0.0,75.0,0.0,-1152.759,-137.6,-5857.0,0.0,-765.5,6887.603,1.888,0.0,75.0,0.0,-1152.759,-137.6,-5857.0,0.0,-765.5,0,31,40,40,0,3,3,0,209,5,28,0,28,0,1.0,0,82,28,13,5,1684,152,152,504,504,246,122,131,131,0,0,958,53,0,0,646,7,0,2,2,1,0,0,4,86,0,12,0,305,0,30,0,150,10551,72.39124253625249,2.1506938989264204,27.570846365273432,1.4104567928978935,20.320348782105963,3.895365368211544,2.8605410447761193,0.20777198666487676,0.017574404266766867,0.008854044136766017,-0.6976389290672017,0.6350538351190345,0.35132850098673635,0.032066118073895256,-1.7235159369942128,0.9033103499676992,0.7512510425354462,0.018949959383707724,4796.0,,,,,,,,,,
91,50_20_5_10_5_2,50_20_5_10_5_2_StartGoalLocations_Seed1018.csv,40,1570.8197988569736,39,0.975,0,8,0,0,177,8,1,36,10,36,0.2777777777777778,0.011704202872849796,9.767224664446267,9,8,7,0.039546018797659156,0.6673169001596028,14.0,2,6,1,8.0,,1.0,,10,16.5,,2.5,,42.88,,14.0,,0.0,,0.0,,0.0,,0.0,,32.0,0.7,1.6,0,10,0,5,0,0,6,1,322,0,202,39,81,0,0,0.6273,0.1211,4,2,0,563.9,0.0,3900.0,0.0,5993.22,-1249.5,0.0,0.0,0.0,0.0,0.0,-36.8,0.0,-538.5,0.0,-6556.0,200.0,0.0,0.0,0.0,0.0,-360.5,0.0,-345.0,1.63285,8.29076,-0.00653,0.06807,-1.25811,1.78065,0.03547,0.94097,-0.12511,0.75361,0.0,-859.96,4100.0,0.0,8557.788,-1335.127,-0.1525,0.57874,0.72708,8.33782,1.28084,1.56232,0.23781,0.64128,0.00833,87.23404,0.99255,1.76754,0.0,-1.0592,58.2386,0.0,341.1078,-110.3524,-1.33,22,9,12,52,12,1,7,72,45,25,2,0,52,19,1,0,2,5,0,0.625,0.7222222222222222,72,6,0,0.16,10373.82,0.0,0.0,200.0,0.0,-1166.2,-36.8,-7094.5,0.0,-705.5,10373.82,0.0,0.0,200.0,0.0,-1166.2,-36.8,-7094.5,0.0,-705.5,0,9,40,39,1,8,7,0,26,5,8,0,8,0,1.0,0,16,8,6,3,3200,0,0,106,106,56,36,0,0,0,0,0,0,0,0,400,0,0,0,0,0,0,0,0,0,0,2,0,3200,0,6,0,30,22971,15.284489138478952,1.0,5.576596578294371,1.6448477992612016,4.544860911584172,0.7052370380044404,2.9406130268199235,0.2683562762057409,0.019872213062481024,0.009074580552987755,-0.7572531529143453,0.6341304194927215,0.3522950954339467,0.03590114593389444,-1.811968646273017,1.0654593454982324,0.7628432240921169,0.018277716113057726,9032.0,1.0,14.0,15.0,0.0,0.0,,,,,
92,50_20_5_10_5_2,50_20_5_10_5_2_StartGoalLocations_Seed1011.csv,25,1263.1000832915306,24,0.96,0,0,0,0,162,0,0,0,0,0,0.0,0.0,9.908195429472025,7,6,4,0.048660362490149725,0.541371158392435,52.5,2,6,1,6.0,,1.0,,8,15.92,,4.0,,39.5,,15.0,,0.0,,0.0,,0.0,,0.0,,31.74,0.0,0.0,0,0,0,0,0,0,0,0,165,0,78,45,42,0,0,0.4727,0.2727,0,0,0,507.6,0.0,2400.0,0.0,4521.0,-1144.5,0.0,0.0,0.0,0.0,0.0,0.0,0.0,0.0,0.0,-4192.0,150.0,0.0,0.0,0.0,0.0,-634.0,0.0,-345.0,1.238,6.90366,0.0,0.0,-0.82585,1.61906,0.02955,0.85901,-0.19287,0.79114,0.0,-648.0,2550.0,0.0,8864.855,-925.92,-0.12766,0.46528,0.50236,6.91142,1.56401,1.74395,0.20646,0.61832,0.00591,85.0,0.99468,1.93915,0.0,0.0,36.2216,0.0,256.0952,-119.0952,0.0,0,0,0,0,0,0,0,0,0,0,0,0,0,0,0,0,0,0,0,,,0,0,0,0.0,7352.3,0.0,0.0,150.0,0.0,-1068.2,0.0,-4192.0,0.0,-979.0,7352.3,0.0,0.0,150.0,0.0,-1068.2,0.0,-4192.0,0.0,-979.0,0,0,25,24,1,5,5,0,0,5,0,0,0,0,,0,0,0,0,0,3200,0,0,0,0,0,0,0,0,0,0,4,0,0,0,2,0,0,0,0,0,0,0,0,0,0,0,0,3200,0,0,0,0,19508,10.805823251999179,1.0,4.24441254869797,1.6038647588108472,3.588271478367849,0.35882714783678493,3.165714285714286,0.33472156740986975,0.021152624091482723,0.008851651237346232,-0.9221621654182672,0.6046295970305801,0.34009913019064697,0.04176710947067477,-1.7063833441585303,1.4780907812391058,0.7664749580637431,0.017319518846962777,8346.0,1.0,52.5,139.0,0.0,0.0,,,,,
93,50_20_5_10_5_2,50_20_5_10_5_2_StartGoalLocations_Seed1005.csv,60,3253.8640508800745,59,0.9833333333333333,1,12,1,1,72,12,2,62,13,61,0.20967741935483872,0.029476537353887854,9.309529609686638,5,4,3,0.03997289972899729,0.5545392953929539,0.0,1,3,0,4.0,,1.0,,5,18.62,,2.0,,34.5,,22.0,,7.5,,10.0,,12.8,,33.0,,23.16,0.3,0.5,0,23,0,8,0,0,9,3,190,0,137,18,35,0,0,0.7211,0.0947,2,1,0,590.4,0.0,5900.0,0.0,5184.621,-908.799,0.0,0.0,0.0,-100.0,0.499,-55.857,0.0,-875.5,0.0,-5744.0,100.0,0.0,0.0,0.0,0.0,-837.5,0.0,0.0,1.82355,9.92493,-0.02631,0.92287,-1.12119,1.71831,0.01694,0.6505,-0.14185,0.2254,0.0,-668.5,6000.0,0.0,6904.435,-900.353,-0.11323,1.0475,1.01626,9.96609,1.01695,1.1784,0.1831,0.61841,0.01067,95.2381,0.98967,1.33575,0.0,-5.4697,85.2273,0.0,296.2641,-99.7885,-8.109,39,11,19,106,9,18,25,158,138,1,19,0,106,34,18,0,2,13,34,0.8734177215189873,0.6708860759493671,157,67,2,1.643,11613.521,0.4,0.0,100.0,0.0,-847.299,-155.758,-6619.5,0.0,-837.5,11613.521,0.4,0.0,100.0,0.0,-847.299,-155.758,-6619.5,0.0,-837.5,0,7,60,59,1,4,3,0,94,5,12,0,12,0,1.0,0,30,13,9,7,1544,3,3,331,331,123,27,45,45,0,0,260,0,0,0,459,3,0,0,0,0,0,0,1,0,0,3,0,3200,0,13,0,65,14144,19.471153846153847,1.3071895424836601,10.43552036199095,1.8401761840433286,8.378110859728507,0.4666289592760181,3.3088607594936708,0.4149840318566487,0.022197603921217775,0.008855572360003165,-1.0185441924114302,0.6069160007287802,0.3253197506639547,0.053967112711500474,-1.773304338282254,1.1616612066833343,0.7718926553672316,0.018029106381518792,4248.0,,,,,,,,,,
94,25_5_2_5_2_1,25_5_2_5_2_1_StartGoalLocations_Seed1003.csv,40,957.151688605547,40,1.0,0,8,0,0,45,8,3,42,8,42,0.19047619047619047,0.058294573643410855,6.759186976353328,3,3,1,0.13395348837209303,0.26852713178294574,0.0,1,2,0,3.0,,,,3,2.67,,,,11.67,,,,0.0,,,,0.0,,,,8.27,1.7,3.2,0,18,0,6,0,0,6,3,168,0,61,83,24,0,0,0.3631,0.494,2,0,0,322.5,0.0,4000.0,0.0,1749.634,-750.195,0.0,0.0,0.0,0.0,0.4,-55.687,0.0,-598.0,0.0,-3084.0,75.0,0.0,0.0,0.0,0.0,-702.5,0.0,0.0,1.65021,11.08059,-0.01714,0.11214,-1.14171,1.61689,0.02326,0.76214,-0.21783,0.24792,0.0,-399.794,4075.0,0.0,2051.321,-977.935,-0.12397,0.4996,1.26357,11.09125,0.33283,1.11195,0.19349,0.64069,0.01333,94.76744,0.98729,0.9514,0.0,-1.9699,57.8835,0.0,99.9791,-83.0112,-7.567,48,22,27,90,0,21,13,124,82,8,34,0,90,13,21,0,0,17,10,0.6612903225806451,0.7258064516129032,124,17,5,0.506,6020.534,0.4,0.0,75.0,0.0,-698.595,-55.687,-3682.0,0.0,-702.5,6020.534,0.4,0.0,75.0,0.0,-698.595,-55.687,-3682.0,0.0,-702.5,0,9,40,40,0,3,3,0,51,5,8,0,8,0,1.0,0,24,8,6,2,980,20,20,135,135,112,35,21,21,0,0,567,27,0,0,271,0,0,2,2,2,0,0,0,25,0,0,0,305,0,14,0,70,7468,63.845741831815744,2.0046140939597317,16.43010176754151,1.1809087372715141,11.060524906266737,1.821103374397429,2.8813559322033897,0.34818071229288317,0.01992831540731143,0.00894086434867005,-0.9263012815494926,0.610922184647346,0.30340162263232834,0.052156840150757715,-1.9534863452522122,0.78732786225537,0.7523737181921762,0.01802022051134285,2633.0,,,,,,,,,,
95,25_5_2_5_2_1,25_5_2_5_2_1_StartGoalLocations_Seed1014.csv,60,-1087.4576251804829,59,0.9833333333333333,2,9,2,2,258,9,2,68,9,66,0.1323529411764706,0.09375623379214043,6.949244569851067,4,4,1,0.1739477358866946,0.29323758228605623,13.5,1,4,0,4.0,,,,5,7.1,,,,11.0,,,,1.2,,,,6.2,,,,6.82,1.4,6.0,0,54,0,14,0,0,4,10,296,0,99,149,48,0,9,0.3345,0.5034,7,0,0,501.3,0.0,5900.0,0.0,2291.336,-1064.535,3.5,0.0,0.0,-200.0,0.264,-171.322,0.0,-1199.5,0.0,-5676.0,100.0,0.0,0.0,0.0,0.0,-1227.5,0.0,-345.0,1.52236,10.80132,-0.07402,1.41858,-1.37153,1.80175,0.01995,0.70591,-0.31368,0.78389,0.0,-1911.578,6000.0,0.0,2660.282,-1766.608,-0.38132,1.70782,1.19689,10.80556,0.17827,1.28234,0.27129,1.40557,0.01257,95.2381,0.98743,0.89432,0.0,-12.8944,85.2273,0.0,129.2478,-148.802,-12.779,162,20,101,362,30,23,44,463,371,69,23,0,365,75,23,0,24,8,33,0.8012958963282938,0.7883369330453563,463,62,16,3.02,8623.936,0.065,0.0,100.0,0.0,-992.335,-371.124,-6875.5,0.0,-1572.5,8623.936,0.065,0.0,100.0,0.0,-992.335,-371.124,-6875.5,0.0,-1572.5,0,13,60,59,1,4,4,0,235,5,9,0,9,0,1.0,0,54,11,4,3,3200,72,72,617,617,251,51,162,162,0,0,807,102,0,0,348,7,0,1,1,1,0,0,1,0,0,21,0,305,0,19,0,95,16199,44.42249521575406,2.3211506392440246,14.649052410642632,1.3839522936554869,10.117908512871164,1.0741403790357429,3.1073825503355703,0.3304020607267739,0.02006844844581792,0.008305964202736504,-0.8548357744328677,0.6350108398497105,0.3119909946271218,0.0801962262718007,-2.288400376290083,1.3360824857723086,0.750210463018641,0.01705282392522365,8315.0,1.0,13.5,14.0,5.0,6.0,,,,,
96,25_5_2_5_2_1,25_5_2_5_2_1_StartGoalLocations_Seed1012.csv,40,218.5562616288662,40,1.0,0,19,0,0,104,19,4,128,19,128,0.1484375,0.08898400540662312,7.082542269663328,8,8,4,0.11826988060373958,0.2962378914169858,0.0,2,6,0,8.0,,,,8,8.88,,,,14.75,,,,8.0,,,,13.1,,,,9.22,0.9,6.4,0,40,0,18,0,0,12,6,294,0,124,75,95,0,0,0.4218,0.2551,0,0,0,443.9,0.0,4000.0,0.0,2574.04,-1227.1,0.0,0.0,0.0,0.0,0.976,-92.76,0.0,-921.5,0.0,-3928.0,200.0,0.0,0.0,0.0,0.0,-831.0,0.0,0.0,1.30454,9.48346,-0.02068,0.12138,-1.09248,1.56519,0.04506,1.06035,-0.1872,0.24198,0.0,-881.193,4200.0,0.0,3058.585,-1398.716,-0.19851,0.60177,0.94616,9.50482,0.37393,1.16622,0.20613,0.96305,0.01081,87.5,0.98986,1.01441,0.0,-5.1279,59.6591,0.0,147.088,-117.6057,-12.387,145,34,100,266,2,18,43,329,266,21,42,0,266,45,18,0,11,30,37,0.8085106382978723,0.8085106382978723,329,60,15,1.91,6935.24,0.976,0.0,200.0,0.0,-1144.4,-92.76,-4849.5,0.0,-831.0,6935.24,0.976,0.0,200.0,0.0,-1144.4,-92.76,-4849.5,0.0,-831.0,0,22,40,40,0,8,8,0,151,5,19,0,19,0,1.0,0,52,19,12,6,1964,43,43,367,367,169,82,145,145,0,0,1040,52,0,0,342,4,0,1,1,1,0,0,0,3,0,6,0,305,0,25,0,125,14508,55.67273228563551,1.7572118360777516,24.090157154673285,1.2408440813214354,16.149710504549216,2.729528535980149,3.2065727699530515,0.22470314816292944,0.015326315579772785,0.007998880946367614,-0.5248104595482471,0.6580255423082596,0.3228771848691335,0.09948996756066494,-2.72095944172496,0.8148257498253206,0.7566115702479339,0.01635154495937157,4840.0,,,,,,,,,,
97,25_5_2_5_2_1,25_5_2_5_2_1_StartGoalLocations_Seed1001.csv,60,-5548.854187071323,57,0.95,3,53,2,3,170,52,3,159,54,156,0.33962264150943394,0.13297068600785736,6.437226812303715,6,5,4,0.16696887277123,0.20534904805077062,12.75,2,5,0,5.0,1.0,,1.0,8,6.8,0.5,,2.5,14.8,2.0,,8.0,4.2,26.0,,10.0,7.4,39.0,,18.0,7.13,5.2,9.6,1,197,0,79,0,0,29,16,345,0,113,143,89,0,4,0.3275,0.4145,5,1,0,661.8,0.0,5700.0,0.0,3009.639,-1413.077,10.5,0.0,0.0,-350.0,0.391,-269.108,0.0,-1519.5,0.0,-9206.0,125.0,0.0,0.0,0.0,0.0,-1608.5,0.0,-690.0,1.20412,9.26891,-0.09349,1.6311,-1.62066,2.11077,0.01889,0.68691,-0.34731,0.978,0.0,-2696.672,5825.0,0.0,3832.084,-2475.483,-0.40748,1.92776,0.88018,9.26424,0.20499,1.42048,0.20082,2.0291,0.00937,93.95161,0.99124,0.96152,0.0,-21.56,82.7415,0.0,170.5032,-210.0139,-20.008,362,59,252,625,25,14,69,733,601,59,73,0,625,94,14,0,9,73,60,0.819918144611187,0.8526603001364257,730,104,11,8.455,9287.239,0.044,0.0,125.0,0.0,-1318.377,-618.76,-10725.5,0.0,-2298.5,9287.239,0.044,0.0,125.0,0.0,-1318.377,-618.76,-10725.5,0.0,-2298.5,0,19,60,57,3,5,4,2,380,5,52,2,50,0,0.9615384615384616,4,235,55,29,4,3200,45,45,1331,1331,443,70,120,120,0,0,2098,30,0,0,361,5,0,4,4,4,0,0,1,145,0,11,0,305,0,144,0,720,22179,56.47684746832589,2.3307520357656077,18.350692096126966,1.55560813091812,12.277379503133595,1.2128590107759591,2.8340066103562247,0.2740070329984883,0.01620544929697644,0.00833177859778516,-0.6122426378168165,0.6723189939185977,0.3079371799342334,0.14654069585260004,-3.213746384382248,0.7358810253792178,0.7611735330836454,0.016577459298063545,8010.0,1.0,25.0,24.0,65.0,116.0,8.5,8.5,0.0,0.0,0.0
98,25_5_2_5_2_1,25_5_2_5_2_1_StartGoalLocations_Seed1006.csv,25,-876.8258937597275,24,0.96,1,20,1,1,188,20,7,66,20,65,0.30303030303030304,0.053270198283515834,6.9272027234242275,3,2,2,0.1834319526627219,0.26479289940828404,12.0,1,2,0,2.0,,1.0,,4,6.5,,0.5,,15.5,,8.0,,0.0,,0.0,,0.0,,0.0,,8.79,2.2,5.0,0,35,0,11,0,0,10,5,106,0,46,30,30,0,0,0.434,0.283,0,0,0,338.0,0.0,2400.0,0.0,1583.204,-740.1,0.0,0.0,0.0,-100.0,3.699,-42.629,0.0,-270.0,0.0,-2900.0,50.0,0.0,0.0,0.0,0.0,-854.0,0.0,-345.0,1.0595,8.43285,-0.0411,1.21872,-0.93787,1.66499,0.01479,0.60795,-0.35473,0.98172,0.0,-1161.782,2450.0,0.0,1813.335,-1326.696,-0.34372,1.57754,0.72485,8.41726,0.14398,1.42854,0.19408,1.77101,0.00769,94.23077,0.99201,0.93648,0.0,-5.4938,34.8011,0.0,90.2974,-110.6343,-11.439,46,23,26,101,0,6,43,150,134,9,7,0,101,43,6,0,0,5,35,0.8933333333333333,0.6733333333333333,150,41,9,5.853,4271.704,3.6,0.0,50.0,0.0,-690.6,-142.53,-3170.0,0.0,-1199.0,4271.704,3.6,0.0,50.0,0.0,-690.6,-142.53,-3170.0,0.0,-1199.0,0,11,25,24,1,2,2,0,65,5,20,1,19,0,0.95,2,43,21,10,6,3200,0,0,185,185,219,39,74,74,0,0,230,3,0,0,207,0,0,0,1,1,0,0,0,16,1,0,0,305,0,13,0,65,9641,48.719012550565296,1.8526719182456888,24.292085883207136,1.3898537795856296,15.745254641634686,1.6906959858935795,3.257575757575758,0.28456824621534904,0.01541024844336789,0.008645816334174015,-0.6391895370557904,0.6654442087933421,0.30443977372255177,0.20668627264909445,-3.9124258756637573,0.7708939294423403,0.7753376246371324,0.016718995827682426,7923.0,1.0,12.0,14.0,15.0,15.0,,,,,
99,50_20_5_10_5_2,50_20_5_10_5_2_StartGoalLocations_Seed1017.csv,40,-2325.720069795847,40,1.0,0,4,0,0,257,4,3,12,6,12,0.5,0.010088582677165354,9.74442298111953,10,7,8,0.0655757874015748,0.5798474409448819,0.0,2,6,1,7.0,,3.0,,10,12.71,,18.83,,43.07,,41.67,,0.0,,0.0,,0.0,,9.0,,32.08,0.0,1.0,0,8,0,2,0,0,0,2,246,0,132,33,81,0,0,0.5366,0.1341,4,2,0,812.8,0.0,4000.0,0.0,7824.64,-2406.041,0.0,0.0,0.0,0.0,0.0,-13.12,0.0,-109.5,0.0,-11996.0,175.0,0.0,0.0,0.0,0.0,-613.5,0.0,0.0,1.25878,7.05383,-0.00161,0.03555,-1.48936,1.93017,0.02153,0.73335,-0.07548,0.179,0.0,-1101.12,4175.0,0.0,12080.137,-1515.613,-0.13547,0.30937,0.51366,7.0347,1.29977,1.37371,0.35335,0.3834,0.00578,88.82979,0.99434,1.68223,0.0,-0.4077,59.304,0.0,447.1224,-172.5452,-1.986,27,24,21,13,2,3,6,24,14,6,4,0,13,8,3,0,1,0,2,0.5833333333333334,0.5416666666666666,24,4,2,-0.0,12476.641,0.0,0.0,175.0,0.0,-2245.24,-13.12,-12105.5,0.0,-613.5,12476.641,0.0,0.0,175.0,0.0,-2245.24,-13.12,-12105.5,0.0,-613.5,0,3,40,40,0,7,7,0,9,5,4,0,4,0,1.0,0,8,4,0,0,2752,8,8,10,10,36,12,0,0,0,0,220,15,0,0,212,0,0,0,0,0,0,0,0,0,0,3,0,3200,0,0,0,0,26279,13.794284409604627,1.0088275862068965,5.472049925796263,1.5849791595683806,4.4560295292819365,0.6963735301952129,2.8812980358667803,0.4478709063435861,0.01832195018691574,0.008900994298909249,-0.8974349090699539,0.6388114491520926,0.3191003066614178,0.26560569097569514,-4.615078289148419,1.241360127607025,0.7487646695491044,0.01589732413741814,6476.0,,,,,,,,,,
100,25_5_2_5_2_1,25_5_2_5_2_1_StartGoalLocations_Seed1015.csv,60,-9429.222249746323,59,0.9833333333333333,4,73,4,4,146,73,11,257,74,253,0.28793774319066145,0.24884693768100397,5.443243450472683,9,9,9,0.18292944456358567,0.13360497533776539,1.0,2,7,1,9.0,,,,10,5.11,,,,11.56,,,,33.9,,,,26.3,,,,6.1,17.4,34.2,0,369,0,188,0,0,57,16,663,0,78,407,178,0,34,0.1176,0.6139,24,1,0,932.6,0.0,5900.0,0.0,3492.149,-1750.575,17.5,0.0,0.0,-400.0,5.332,-884.228,0.0,-2344.5,0.0,-11740.0,225.0,0.0,0.0,0.0,0.0,-2537.5,0.0,-345.0,0.92126,7.96407,-0.13713,1.48115,-1.51024,1.79215,0.02413,0.77625,-0.30908,0.59749,0.0,-5236.685,6125.0,0.0,4485.165,-3017.32,-0.56151,1.96278,0.65677,7.96466,0.15739,1.1402,0.27161,2.06738,0.00729,90.07353,0.99335,0.80985,0.0,-39.0414,87.0028,0.0,198.1037,-262.2995,-28.619,1246,94,1061,1533,65,76,148,1822,1534,113,175,0,1531,216,75,0,41,139,158,0.8419319429198683,0.8402854006586169,1822,204,28,15.289,10220.468,4.8,0.0,225.0,0.0,-1628.794,-1283.696,-14084.5,0.0,-2882.5,10220.468,4.8,0.0,225.0,0.0,-1628.794,-1283.696,-14084.5,0.0,-2882.5,0,94,60,59,1,9,9,0,935,5,73,2,71,0,0.9726027397260274,4,572,77,57,22,3200,199,199,3178,3178,821,366,277,277,12,0,5177,101,0,0,479,3,0,7,8,7,1,0,5,496,1,125,0,305,0,458,0,2290,30564,61.26161497186232,2.313554795983764,28.419055097500326,1.489556490626727,17.677659992147625,2.3099070802251016,2.674069961132704,0.6289892778816284,0.019073859477066434,0.008475923893274739,-1.1421482017077507,0.6320554181188345,0.2890371562051587,0.4264189054258168,-5.905032378435135,1.433789538558229,0.7606635071090048,0.018491388835853995,8862.0,1.0,1.0,11.0,0.0,19.0,,,,,
101,50_20_5_10_5_2,50_20_5_10_5_2_StartGoalLocations_Seed1013.csv,60,-3268.8402539119124,60,1.0,0,20,0,0,189,20,4,46,20,46,0.43478260869565216,0.011713933415536375,9.499895191662997,6,6,6,0.06535141800246609,0.572379778051788,0.0,1,3,0,6.0,,,,6,13.5,,,,33.83,,,,0.0,,,,1.5,,,,24.39,0.9,1.0,0,26,0,12,0,0,13,3,265,0,155,57,53,0,0,0.5849,0.2151,0,0,0,811.0,0.0,6000.0,0.0,7654.38,-2645.88,0.0,0.0,0.0,0.0,1.08,-31.92,0.0,-494.5,0.0,-14144.0,150.0,0.0,0.0,0.0,0.0,-569.0,0.0,0.0,1.4574,8.60488,-0.0038,0.05521,-1.80499,1.93612,0.0185,0.67974,-0.07016,0.17366,0.0,-992.68,6150.0,0.0,10287.411,-1911.426,-0.1224,0.40594,0.75832,8.59477,1.0328,1.32506,0.33416,0.3663,0.00814,93.18182,0.99149,1.51708,0.0,-1.4122,87.358,0.0,437.3932,-183.7074,-3.438,32,23,24,69,6,8,9,92,51,24,17,0,69,15,8,0,1,19,2,0.5543478260869565,0.75,92,8,5,0.84,14288.38,1.08,0.0,150.0,0.0,-2468.88,-31.92,-14638.5,0.0,-569.0,14288.38,1.08,0.0,150.0,0.0,-2468.88,-31.92,-14638.5,0.0,-569.0,0,4,60,60,0,5,5,0,41,5,20,0,20,0,1.0,0,40,20,13,3,1796,8,8,130,130,22,14,19,19,0,0,167,7,0,0,792,0,0,0,0,0,0,0,0,0,0,1,0,3200,0,13,0,65,19453,16.3882177556161,1.1101003764115434,6.322932195548245,1.256016277694484,5.315375520485272,0.7094021487688275,3.09284332688588,0.6639393562962299,0.017102931585693877,0.008683859402799195,-1.2532202128179886,0.6218838575555381,0.3084409304444402,0.6167604734079875,-7.078761128380994,1.165616998557259,0.7703951248279929,0.018523628604873308,5087.0,,,,,,,,,,
102,50_20_5_10_5_2,50_20_5_10_5_2_StartGoalLocations_Seed1015.csv,40,2215.539891541004,40,1.0,0,2,0,0,183,2,2,9,2,9,0.2222222222222222,0.004229955777735051,9.596444899887793,4,4,3,0.043260911363199386,0.6144972120746011,0.0,1,3,0,4.0,,,,4,26.12,,,,51.75,,,,1.2,,,,1.2,,,,26.18,0.0,0.0,0,3,0,2,0,0,1,1,148,0,82,30,36,0,0,0.5541,0.2027,0,0,0,520.1,0.0,4000.0,0.0,5101.26,-1531.86,0.0,0.0,0.0,0.0,0.0,-8.96,0.0,-80.5,0.0,-5524.0,100.0,0.0,0.0,0.0,0.0,-360.5,0.0,0.0,1.55537,8.75797,-0.00172,0.03454,-1.07758,1.75925,0.01923,0.69304,-0.06931,0.17278,0.0,-763.72,4100.0,0.0,7162.256,-1062.281,-0.14684,0.44259,0.78831,8.76171,1.17285,1.31886,0.26072,0.56322,0.00846,93.18182,0.99096,1.59576,0.0,-0.3081,58.2386,0.0,291.5006,-108.1349,-1.568,2,2,0,2,2,10,4,18,1,7,10,0,2,6,10,0,0,1,0,0.05555555555555555,0.1111111111111111,18,6,2,-2.24,9518.86,0.0,0.0,100.0,0.0,-1429.36,-8.96,-5604.5,0.0,-360.5,9518.86,0.0,0.0,100.0,0.0,-1429.36,-8.96,-5604.5,0.0,-360.5,0,6,40,40,0,3,3,0,3,5,2,0,2,0,1.0,0,4,2,1,2,2468,0,0,0,0,71,22,13,13,0,0,166,0,0,0,360,0,0,1,1,1,0,0,0,0,0,0,0,3200,0,1,0,5,13465,12.380245079836614,1.0347930413917217,5.0204233197177865,1.4144970576041902,4.106943928704047,0.7278128481247679,2.701627486437613,0.8440334549293713,0.018003673091564008,0.008426359972374656,-1.5954305297261893,0.6042003040375548,0.312934341087237,0.6358546511884446,-7.574652904436306,2.2155137338777844,0.773787643150007,0.018227513869713358,7073.0,,,,,,,,,,
103,25_5_2_5_2_1,25_5_2_5_2_1_StartGoalLocations_Seed1010.csv,25,-2951.251300625503,24,0.96,0,16,0,0,267,16,4,49,16,49,0.32653061224489793,0.03867403314917127,7.965465395310487,5,5,4,0.12104470115519839,0.3372677046710196,9.0,1,4,0,5.0,,,,6,13.3,,,,24.4,,,,1.2,,,,17.8,,,,11.26,0.5,2.2,0,32,0,3,0,0,4,3,286,0,171,24,91,0,0,0.5979,0.0839,0,0,0,398.2,0.0,2400.0,0.0,2520.6,-1347.6,0.0,0.0,0.0,0.0,0.0,-30.451,0.0,-370.5,0.0,-5644.0,125.0,0.0,0.0,0.0,0.0,-657.5,0.0,-345.0,0.99729,7.80522,-0.00765,0.07695,-1.51042,1.85328,0.03139,0.88532,-0.25176,0.87206,0.0,-1299.539,2525.0,0.0,3165.828,-1602.518,-0.32635,0.8652,0.6341,7.78806,0.39259,1.5142,0.29608,1.10224,0.00728,87.06897,0.99397,1.20474,0.0,-1.7096,35.8665,0.0,141.7676,-132.0248,-0.638,62,24,46,87,0,5,28,120,107,6,7,0,87,28,5,0,1,0,22,0.8916666666666667,0.725,120,4,2,-0.912,5228.9,0.0,0.0,125.0,0.0,-1257.7,-30.451,-6014.5,0.0,-1002.5,5228.9,0.0,0.0,125.0,0.0,-1257.7,-30.451,-6014.5,0.0,-1002.5,0,0,25,24,1,5,4,0,59,5,16,0,16,0,1.0,0,36,16,4,3,3200,0,0,74,74,72,0,96,96,0,0,747,65,0,0,537,0,0,4,4,4,0,0,0,95,0,1,0,305,0,4,0,20,14609,41.043192552536105,2.0323549032688457,13.73810664658772,1.4995017672430002,9.288794578684373,0.9240878910260798,3.3124539425202655,0.8300759317126358,0.016306112086749636,0.00919912600540556,-1.3468213232979178,0.6120100247114897,0.3133484348794445,0.931377822458744,-9.399673166871072,2.3485765714796822,0.7639572577740426,0.017374211703198604,8329.0,1.0,9.0,20.0,0.0,0.0,,,,,
104,50_20_5_10_5_2,50_20_5_10_5_2_StartGoalLocations_Seed1016.csv,25,-2718.1001489162445,25,1.0,0,3,0,0,293,3,2,18,7,18,0.3888888888888889,0.0037243947858473,9.605214152700187,3,3,2,0.046089385474860335,0.5595903165735568,0.0,1,2,0,3.0,,,,3,12.33,,,,54.33,,,,1.7,,,,2.3,,,,28.5,0.0,0.3,0,5,0,2,0,0,1,1,117,0,68,5,44,0,0,0.5812,0.0427,8,4,0,429.6,0.0,2500.0,0.0,3887.1,-1033.5,10.5,0.0,0.0,0.0,0.0,-12.8,0.0,-137.5,0.0,-7948.0,75.0,0.0,0.0,0.0,0.0,-488.5,0.0,0.0,1.34863,7.63992,-0.00298,0.04873,-1.8821,1.97982,0.01746,0.66041,-0.11371,0.20958,0.0,-1258.48,2575.0,0.0,5947.064,-772.14,-0.29294,0.70281,0.59939,7.63353,1.20459,1.30837,0.44344,0.66062,0.00652,91.96429,0.99372,1.57395,0.0,-0.5248,36.5767,0.0,222.72,-86.9714,0.0,6,6,3,18,2,7,9,36,22,10,4,0,18,11,7,0,4,2,4,0.6111111111111112,0.5,36,2,0,-0.32,6758.3,0.0,0.0,75.0,0.0,-964.6,-12.8,-8085.5,0.0,-488.5,6758.3,0.0,0.0,75.0,0.0,-964.6,-12.8,-8085.5,0.0,-488.5,0,2,25,25,0,3,3,0,16,5,3,0,3,0,1.0,0,6,3,1,2,2528,24,24,28,28,31,7,12,12,4,0,6,0,0,0,232,0,0,1,1,1,0,0,0,1,0,0,0,3200,0,1,0,5,10556,13.973095869647594,1.0,5.911330049261084,0.8287860701884477,4.016672982190223,0.3978779840848806,3.5047169811320753,1.1430762807906405,0.018638835568202047,0.009886414897215517,-1.784344156991832,0.5997534156128576,0.31213028807505444,1.0407091035873075,-9.948724600710447,3.503302457066369,0.7612451361867705,0.017286304211038443,6425.0,,,,,,,,,,
105,50_20_5_10_5_2,50_20_5_10_5_2_StartGoalLocations_Seed1004.csv,60,-8546.174599587917,60,1.0,0,15,0,0,365,15,11,41,16,41,0.3902439024390244,0.009197860962566844,9.493204508490741,5,5,4,0.07443850267379679,0.538288770053476,0.0,1,2,0,5.0,,,,5,6.1,,,,28.7,,,,0.0,,,,0.0,,,,23.39,0.1,0.9,0,31,0,3,0,0,1,2,266,0,158,23,85,0,0,0.594,0.0865,2,1,0,935.0,0.0,6000.0,0.0,8382.284,-3574.784,0.0,0.0,0.0,0.0,0.0,-13.174,0.0,-694.5,0.0,-18996.0,125.0,0.0,0.0,0.0,0.0,-633.0,0.0,-77.0,1.25588,8.04681,-0.00141,0.02855,-2.10594,1.93731,0.01337,0.57797,-0.07594,0.25161,0.0,-1653.684,6125.0,0.0,11502.915,-2500.503,-0.17686,0.43533,0.65508,8.00476,0.96282,1.37625,0.42738,0.41383,0.00695,94.23077,0.99241,1.50915,0.0,-1.4352,87.0028,0.0,477.0829,-242.94,-4.229,21,17,14,49,1,30,14,94,52,16,26,0,49,15,30,0,4,0,3,0.5531914893617021,0.5212765957446809,94,10,2,-0.49,15077.683,0.0,0.0,125.0,0.0,-3335.183,-13.174,-19690.5,0.0,-710.0,15077.683,0.0,0.0,125.0,0.0,-3335.183,-13.174,-19690.5,0.0,-710.0,0,6,60,60,0,5,5,0,39,5,15,0,15,0,1.0,0,32,15,1,2,3088,42,42,81,81,131,23,28,28,0,0,210,0,0,0,754,2,0,7,7,7,0,0,0,32,0,1,0,3200,0,1,0,5,23743,16.91024723076275,1.0707347447073474,7.728593690772017,1.3658038337047564,5.799604093838184,1.2382596975950806,2.8184458968772694,1.1914843325729365,0.01844049325554241,0.010450653997828963,-1.768661172684147,0.5921324107776652,0.31872635827052354,1.1214841629904477,-10.828763380260666,2.595390812266451,0.762522023659703,0.017606417552886798,7946.0,,,,,,,,,,
106,50_20_5_10_5_2,50_20_5_10_5_2_StartGoalLocations_Seed1015.csv,60,-3527.2001495063305,60,1.0,0,4,0,0,282,4,2,11,4,11,0.36363636363636365,0.00023943493355680593,9.713276667065724,7,6,6,0.08368250927810368,0.4799473243146175,0.0,1,3,0,6.0,,1.0,,7,16.17,,2.0,,35.0,,6.0,,0.0,,0.0,,0.0,,0.0,,20.94,0.0,0.0,0,8,0,0,0,0,0,0,308,0,145,41,122,0,0,0.4708,0.1331,0,0,0,835.3,0.0,6000.0,0.0,7020.0,-2841.0,0.0,0.0,0.0,0.0,0.0,0.0,0.0,-186.0,0.0,-13652.0,150.0,0.0,0.0,0.0,0.0,-853.5,0.0,0.0,1.3186,8.49213,0.0,0.0,-1.65665,1.95043,0.01796,0.66979,-0.10218,0.20162,0.0,-1171.0,6150.0,0.0,9189.035,-2292.77,-0.14019,0.3601,0.73626,8.46979,0.8256,1.31885,0.38357,0.36548,0.0079,93.18182,0.99222,1.38535,0.0,-0.3207,87.358,0.0,401.1429,-211.1143,0.0,0,0,0,21,0,0,1,22,22,0,0,0,21,1,0,0,0,0,1,1.0,0.9545454545454546,22,0,0,0.0,13665.9,0.0,0.0,150.0,0.0,-2651.6,0.0,-13838.0,0.0,-853.5,13665.9,0.0,0.0,150.0,0.0,-2651.6,0.0,-13838.0,0.0,-853.5,0,0,60,60,0,6,6,0,11,5,4,0,4,0,1.0,0,8,4,0,0,2648,0,0,34,34,52,0,8,8,0,0,62,0,0,0,558,2,1,0,0,0,0,0,0,0,0,0,0,3200,0,0,0,0,23730,13.37968815844922,1.0031496062992127,4.466919511167299,1.1079717157724893,2.199747155499368,0.32026970080067424,3.1379310344827585,1.4867637900271935,0.020728296152909716,0.011688358534487622,-2.3540632213350507,0.5719031456103858,0.3380452174738365,1.254920941420192,-11.711418909968927,5.9954533954557325,0.7619047619047619,0.01720576355309584,6615.0,,,,,,,,,,
107,25_5_2_5_2_1,25_5_2_5_2_1_StartGoalLocations_Seed1001.csv,60,-9365.40423426032,60,1.0,4,83,2,4,210,81,3,226,83,222,0.3672566371681416,0.19530791788856305,5.576709044163178,3,3,3,0.21498944405348347,0.1440300258034248,0.0,1,2,0,3.0,,,,3,13.0,,,,26.67,,,,69.7,,,,76.7,,,,8.98,11.4,20.6,0,381,0,139,0,0,66,27,272,0,65,148,59,0,30,0.239,0.5441,10,0,0,852.6,0.0,6000.0,0.0,3728.595,-1762.184,3.5,0.0,0.0,-400.0,4.504,-548.419,0.0,-2063.0,0.0,-13120.0,75.0,0.0,0.0,0.0,0.0,-2059.0,0.0,-77.0,1.03478,8.39381,-0.11071,1.54261,-1.78079,1.81252,0.0088,0.46887,-0.25053,0.31801,0.0,-4396.783,6075.0,0.0,5186.654,-2158.704,-0.51569,1.96018,0.71253,8.37169,0.35514,1.08433,0.23774,2.16911,0.00739,96.42857,0.99285,0.86773,0.0,-31.7069,86.2926,0.0,211.615,-221.1058,-41.046,666,85,482,1101,19,30,142,1293,1017,130,146,0,1101,162,30,0,35,186,119,0.7865429234338747,0.851508120649652,1291,182,29,14.368,10465.495,4.116,0.0,75.0,0.0,-1642.984,-948.031,-15183.0,0.0,-2136.0,10465.495,4.116,0.0,75.0,0.0,-1642.984,-948.031,-15183.0,0.0,-2136.0,0,35,60,60,0,3,3,0,702,5,81,2,79,0,0.9753086419753086,4,464,85,66,7,3092,480,480,1896,1896,587,133,234,234,8,0,3155,215,0,0,366,0,0,5,6,6,0,0,35,22,1,69,1,305,0,334,0,1670,21240,68.40395480225989,2.9627641269185765,32.68361581920904,1.4667805225177322,21.577212806026367,2.9990583804143127,2.907047785293476,1.748389260627433,0.024637614700336003,0.01180438842518402,-2.936431617778455,0.560692410805247,0.31324516592443685,1.4021922319472067,-12.9229489230246,6.479155711462907,0.7470782520325203,0.01714180535767899,7872.0,,,,,,,,,,
108,25_5_2_5_2_1,25_5_2_5_2_1_StartGoalLocations_Seed1001.csv,25,-4857.426201313734,25,1.0,0,77,0,0,188,77,9,140,77,140,0.55,0.12017887087758525,6.687327003132504,7,7,7,0.15651201788708777,0.2839575181665735,0.0,1,3,0,7.0,,,,7,6.29,,,,15.14,,,,11.4,,,,15.0,,,,8.39,12.9,13.9,0,120,0,74,0,0,54,8,200,0,59,83,58,0,0,0.295,0.415,2,0,0,357.8,0.0,2500.0,0.0,2063.994,-1099.5,0.0,0.0,0.0,0.0,0.0,-156.22,0.0,-543.0,0.0,-7548.0,175.0,0.0,0.0,0.0,0.0,-607.5,0.0,0.0,1.06828,8.3818,-0.04366,0.17866,-2.26132,1.84406,0.04891,1.1047,-0.16979,0.23678,0.0,-1981.921,2675.0,0.0,2577.21,-1125.564,-0.55392,1.22427,0.74762,8.39853,0.40571,1.17418,0.33035,1.67675,0.00894,83.59375,0.99273,1.04245,0.0,-6.0885,37.9972,0.0,117.9425,-97.5429,-11.336,210,33,135,361,7,6,27,401,304,70,27,0,361,34,6,0,3,70,16,0.7581047381546134,0.9002493765586035,401,26,3,4.201,4847.794,0.0,0.0,175.0,0.0,-1025.5,-156.22,-8091.0,0.0,-607.5,4847.794,0.0,0.0,175.0,0.0,-1025.5,-156.22,-8091.0,0.0,-607.5,0,7,25,25,0,5,5,0,209,5,77,0,77,0,1.0,0,216,77,54,14,1992,30,30,625,625,255,27,20,20,0,0,733,155,0,0,292,0,0,2,2,2,0,0,2,0,0,20,0,305,0,106,0,530,11497,51.37862050969818,1.4701201963771797,23.553970601026354,1.3241876116857494,14.79516395581456,1.20901104635992,3.1581422692533803,2.031752264956536,0.02678894964056127,0.012006726864927325,-3.127209641727578,0.5608077393358492,0.31694864043330095,1.3310034407908657,-13.980923239007053,7.696732025174333,0.7388855361094347,0.01685553219483402,4971.0,,,,,,,,,,
109,25_5_2_5_2_1,25_5_2_5_2_1_StartGoalLocations_Seed1010.csv,40,-7050.389249742031,40,1.0,1,80,1,1,181,80,4,173,80,172,0.4624277456647399,0.07603801900950476,7.135450527144011,12,10,12,0.13723528430882106,0.26780056695014176,0.0,2,7,0,10.0,,2.0,,12,8.7,,6.25,,15.1,,11.0,,3.9,,0.0,,2.9,,8.5,,7.79,8.9,10.6,0,148,0,43,0,0,53,6,353,0,86,189,78,0,10,0.2436,0.5354,4,0,0,599.7,0.0,4000.0,0.0,3309.58,-2098.224,0.0,0.0,0.0,-100.0,0.838,-133.783,0.0,-994.5,0.0,-10852.0,250.0,0.0,0.0,0.0,0.0,-1032.0,0.0,0.0,0.96899,8.20305,-0.03884,0.92116,-1.9754,1.86485,0.04169,1.02002,-0.17209,0.23755,0.0,-2002.098,4250.0,0.0,4084.913,-2169.536,-0.33385,1.32198,0.70869,8.2,0.31939,1.20181,0.24862,1.34279,0.00834,85.0,0.993,1.05029,0.0,-9.5136,60.3693,0.0,189.1189,-178.87,-8.817,146,35,72,351,10,18,56,435,338,51,46,0,351,66,18,0,8,49,42,0.7770114942528735,0.8068965517241379,435,64,4,-0.347,7768.48,0.8,0.0,250.0,0.0,-1957.424,-233.745,-11846.5,0.0,-1032.0,7768.48,0.8,0.0,250.0,0.0,-1957.424,-233.745,-11846.5,0.0,-1032.0,0,16,40,40,0,10,10,0,201,5,80,1,79,0,0.9875,2,199,81,53,9,2348,26,26,559,559,256,61,211,211,8,0,1150,8,0,0,830,0,0,4,4,4,0,0,10,117,0,6,0,305,0,82,0,410,22504,52.11962317810167,1.9230965981754626,22.05830074653395,1.1721746762873009,15.241734802701743,0.835407038748667,3.7142857142857144,2.3153255639214616,0.030444504538855596,0.011947252193475349,-3.9580639858160556,0.5555975468134352,0.2620597018636573,1.8358921779278392,-15.041541460222442,14.713918567280164,0.735559265442404,0.01781939704313526,5990.0,,,,,,,,,,
110,25_5_2_5_2_1,25_5_2_5_2_1_StartGoalLocations_Seed1014.csv,60,-10260.66148892045,60,1.0,7,249,2,7,143,244,4,469,249,462,0.5309168443496801,0.26767215112736137,5.1236574347474315,1,1,1,0.21291501675296984,0.1486445324398416,0.0,0,0,0,1.0,,,,1,11.0,,,,18.0,,,,189.0,,,,144.0,,,,7.56,18.8,22.7,0,683,0,345,0,0,206,23,281,0,55,188,38,0,34,0.1957,0.669,4,0,0,656.6,0.0,6000.0,0.0,2581.522,-1029.796,0.0,0.0,0.0,-700.0,2.225,-707.212,0.0,-1395.0,8.0,-14000.0,25.0,0.0,0.0,0.0,0.0,-1702.0,0.0,0.0,1.25013,9.53253,-0.21398,2.31636,-2.34344,1.79887,0.00381,0.3085,-0.25921,0.24983,2.136,-6731.935,6025.0,0.0,3736.106,-1501.164,-1.02495,2.93753,0.91761,9.52014,0.34038,0.98657,0.34024,3.01436,0.00929,98.77049,0.99071,0.80511,0.0,-47.6498,85.5824,0.0,147.5156,-156.1026,-39.888,878,106,603,1552,8,67,151,1779,1446,127,206,0,1553,159,67,0,21,249,119,0.8128161888701517,0.8729623383923553,1770,273,15,18.312,9166.827,1.876,8.0,25.0,0.0,-958.501,-1406.864,-15395.0,0.0,-1702.0,9166.827,1.876,8.0,25.0,0.0,-958.501,-1406.864,-15395.0,0.0,-1702.0,0,32,60,60,0,1,1,0,1200,5,244,13,231,0,0.9467213114754098,24,937,251,209,70,2860,358,358,3663,3663,522,120,565,565,0,0,3525,231,0,0,220,0,0,4,5,5,0,0,4,11,1,79,0,305,0,617,0,3085,15396,77.7604572616264,2.6648012028065486,45.362431800467654,1.9401802628778213,31.01454923356716,2.260327357755261,2.911623036649215,2.522062329323376,0.03248975363175769,0.011253992557343278,-4.573568605209564,0.5416943904194799,0.24189641514623708,2.329850499613302,-15.337362908983565,14.62696728100806,0.7167906482465463,0.018138213173195115,7528.0,,,,,,,,,,
111,50_20_5_10_5_2,50_20_5_10_5_2_StartGoalLocations_Seed1016.csv,60,-4004.4204358160496,60,1.0,1,14,1,1,270,14,3,69,33,68,0.4782608695652174,0.014490844421024898,9.32526676037019,7,5,6,0.04847846133579239,0.5896456329864312,0.0,1,3,0,5.0,,2.0,,7,14.9,,8.25,,43.8,,12.5,,0.0,,0.0,,0.0,,0.0,,22.56,0.7,1.1,0,49,0,11,0,0,3,3,292,0,135,74,83,0,0,0.4623,0.2534,40,19,0,759.1,0.0,6000.0,0.0,7147.803,-2492.295,0.0,0.0,0.0,-100.0,0.032,-50.56,0.0,-1105.0,0.0,-13772.0,125.0,0.0,0.0,0.0,0.0,-516.5,0.0,0.0,1.5037,8.88668,-0.01983,0.81418,-1.95982,1.98666,0.01647,0.64141,-0.06804,0.17144,0.0,-1709.336,6125.0,0.0,10088.224,-1788.435,-0.22518,1.05371,0.80688,8.87703,1.09337,1.37109,0.31603,0.71252,0.00856,94.23077,0.99183,1.57746,0.0,-6.071,87.0028,0.0,408.4459,-171.9312,-5.234,22,9,11,116,16,33,37,202,116,50,36,0,116,53,33,0,1,3,5,0.5742574257425742,0.5742574257425742,202,26,0,-0.192,13740.103,0.0,0.0,125.0,0.0,-2325.495,-150.528,-14877.0,0.0,-516.5,13740.103,0.0,0.0,125.0,0.0,-2325.495,-150.528,-14877.0,0.0,-516.5,0,15,60,60,0,5,5,0,86,5,14,0,14,0,1.0,0,50,15,3,3,2460,8,8,171,171,194,58,161,161,8,0,170,0,0,0,647,3,0,1,1,1,0,0,1,0,0,1,0,3200,0,7,0,35,20930,19.546106067845198,1.0723539476900514,8.600095556617296,1.0014514022191159,5.537505972288581,1.2135690396559962,2.9301121656600517,2.3855019836092173,0.03143120446257536,0.010934802605884104,-4.681295375465377,0.527508646358804,0.24550146645889048,2.2490099098624254,-15.080991501536795,16.00488793187644,0.6969238527483611,0.016610697427637287,5949.0,,,,,,,,,,
112,25_5_2_5_2_1,25_5_2_5_2_1_StartGoalLocations_Seed1016.csv,60,-6791.150254011154,60,1.0,0,114,0,0,69,114,4,229,117,229,0.5109170305676856,0.2507676560900716,4.81688461058523,1,1,1,0.18031388604571819,0.12777209143636983,0.0,0,0,0,1.0,,,,1,17.0,,,,22.0,,,,122.0,,,,87.0,,,,7.07,19.2,20.7,0,347,0,201,0,0,97,17,261,0,71,122,68,0,59,0.272,0.4674,14,3,0,586.2,0.0,6000.0,0.0,2202.21,-986.256,10.5,0.0,0.0,0.0,2.488,-540.792,0.0,-1532.0,0.0,-10940.0,25.0,0.0,0.0,0.0,0.0,-1618.5,0.0,0.0,1.33276,10.08217,-0.09183,0.25209,-2.1276,1.76331,0.00426,0.3265,-0.2761,0.24863,0.0,-4450.927,6025.0,0.0,2688.212,-1627.812,-0.75928,1.58134,1.02781,10.06997,0.18089,0.96975,0.29563,2.56834,0.01041,98.77049,0.98976,0.74389,0.0,-22.1878,85.5824,0.0,126.4406,-148.8432,-16.04,791,73,647,1357,18,41,84,1500,1304,52,144,0,1357,102,41,0,20,113,85,0.8693333333333333,0.9046666666666666,1500,89,14,-0.377,8732.11,2.488,0.0,25.0,0.0,-919.456,-540.792,-12472.0,0.0,-1618.5,8732.11,2.488,0.0,25.0,0.0,-919.456,-540.792,-12472.0,0.0,-1618.5,0,26,60,60,0,1,1,0,1037,5,114,0,114,0,1.0,0,709,114,97,18,1388,17,17,3183,3183,729,101,671,671,9,0,2164,266,0,0,334,22,1,1,3,3,0,0,11,1,2,17,0,305,0,551,0,2755,12805,81.49160484185865,3.322568279827504,48.30925419757907,1.787890018803431,31.22998828582585,0.8121827411167513,3.014253563390848,2.749727854845369,0.03357723143061768,0.01097532456488448,-5.350819325842156,0.5070420019221237,0.24561553067397715,2.456233619269445,-13.335011918194356,10.67269814315848,0.6894430051813472,0.015295974840327277,3088.0,,,,,,,,,,
113,50_20_5_10_5_2,50_20_5_10_5_2_StartGoalLocations_Seed1009.csv,25,-6517.800253987312,23,0.92,0,0,0,0,458,0,0,0,0,0,0.0,0.0,9.989725262452534,6,2,6,0.07102970739334376,0.5925843198570472,0.75,1,3,0,2.0,1.0,3.0,1.0,8,20.25,0.5,10.83,1.5,52.0,37.0,33.33,22.0,0.0,0.0,0.0,0.0,0.0,0.0,0.0,0.0,30.24,0.0,0.0,1,0,0,0,0,0,0,0,240,0,76,13,151,0,0,0.3167,0.0542,0,0,0,447.7,0.0,2300.0,0.0,4470.0,-1524.0,0.0,0.0,0.0,0.0,0.0,0.0,0.0,0.0,0.0,-11344.0,50.0,0.0,0.0,0.0,0.0,-227.5,0.0,-690.0,1.27177,7.21172,0.0,0.0,-2.53384,1.92744,0.01117,0.52828,-0.20494,1.15938,0.0,-1832.0,2350.0,0.0,6165.042,-1736.122,-0.4092,0.597,0.52491,7.1678,0.98926,1.87139,0.63346,0.64598,0.00558,94.0,0.99442,1.77474,0.0,0.0,33.3807,0.0,252.2667,-136.3524,0.0,0,0,0,0,0,0,0,0,0,0,0,0,0,0,0,0,0,0,0,,,0,0,0,0.0,7116.1,0.0,0.0,50.0,0.0,-1422.4,0.0,-11344.0,0.0,-917.5,7116.1,0.0,0.0,50.0,0.0,-1422.4,0.0,-11344.0,0.0,-917.5,0,0,25,23,2,2,1,1,0,5,0,0,0,0,,0,0,0,0,0,3200,0,0,0,0,0,0,0,0,0,0,0,0,0,0,30,0,0,0,0,0,0,0,0,0,0,0,0,3200,0,0,0,0,14961,15.974867990107613,1.0,7.165296437403917,1.4264925576802066,5.748278858365082,1.577434663458325,2.4511627906976745,2.704988616458431,0.034454254921292886,0.009963036380358972,-5.467906223274768,0.49100514777936044,0.24632415649248288,2.2514530628174545,-12.331767574101686,21.447515287163146,0.6943473193473193,0.014883388107021757,6864.0,1.0,1.0,7.0,0.0,0.0,116.5,116.5,0.0,0.0,0.0
114,50_20_5_10_5_2,50_20_5_10_5_2_StartGoalLocations_Seed1019.csv,40,-2869.500109255314,40,1.0,0,3,0,0,378,3,2,5,4,5,0.8,0.000749063670411985,9.84307116104869,4,3,4,0.05711610486891386,0.6192883895131086,0.0,0,0,0,3.0,,1.0,,4,8.0,,6.5,,41.67,,14.0,,0.0,,0.0,,0.0,,0.0,,25.88,0.0,0.0,0,8,0,1,0,0,0,0,155,0,98,3,54,0,0,0.6323,0.0194,2,1,0,534.0,0.0,4000.0,0.0,5413.5,-1857.0,0.0,0.0,0.0,0.0,0.0,0.0,0.0,-39.0,0.0,-10772.0,75.0,0.0,0.0,0.0,0.0,-224.0,0.0,0.0,1.51507,8.65715,0.0,0.0,-2.02453,2.00076,0.01404,0.59239,-0.04195,0.13862,0.0,-1556.0,4075.0,0.0,7263.575,-1416.37,-0.29139,0.72392,0.76311,8.64148,1.09498,1.36091,0.47715,0.61068,0.00805,94.76744,0.99213,1.63834,0.0,-0.1166,57.8835,0.0,309.3429,-118.9143,0.0,0,0,0,5,0,3,4,12,8,4,0,0,5,4,3,0,3,0,0,0.6666666666666666,0.4166666666666667,12,0,0,0.0,9823.7,0.0,0.0,75.0,0.0,-1733.2,0.0,-10811.0,0.0,-224.0,9823.7,0.0,0.0,75.0,0.0,-1733.2,0.0,-10811.0,0.0,-224.0,0,0,40,40,0,3,3,0,4,5,3,0,3,0,1.0,0,8,3,0,0,2756,16,16,3,3,60,0,0,0,0,0,32,0,0,0,406,0,0,1,1,1,0,0,0,42,0,0,0,3200,0,0,0,0,14158,13.158638225738098,1.0,6.717050430851815,1.3695058025944622,5.000706314451194,0.6851250176578613,3.111581920903955,2.624403199894997,0.03161662168083077,0.010114570484862964,-5.418952828524594,0.48722439274970436,0.23768263646362264,2.3590458531165157,-9.915939306572664,7.368263472492631,0.7228204237582494,0.014637714462644736,5758.0,,,,,,,,,,
115,25_5_2_5_2_1,25_5_2_5_2_1_StartGoalLocations_Seed1000.csv,60,-6391.762014508247,60,1.0,1,88,1,1,91,88,8,179,88,178,0.49162011173184356,0.12982576016399044,5.601763148248949,9,9,5,0.14776221387085753,0.1660403143149983,0.0,2,8,1,9.0,,,,9,3.06,,,,6.94,,,,3.4,,,,4.7,,,,6.83,9.9,11.0,0,311,0,128,0,0,45,19,246,0,81,132,33,0,41,0.3293,0.5366,8,0,0,585.4,0.0,6000.0,0.0,2431.749,-853.215,0.0,0.0,0.0,-100.0,2.747,-332.942,0.0,-1266.0,0.0,-11476.0,225.0,0.0,0.0,0.0,0.0,-1608.5,0.0,0.0,1.39459,10.08217,-0.07349,0.94394,-2.17663,1.82392,0.03844,0.97949,-0.27477,0.24877,0.0,-2693.686,6225.0,0.0,2958.004,-1533.143,-0.46014,1.51072,1.06338,10.11554,0.2434,0.98722,0.25401,1.81149,0.01179,90.21739,0.98838,0.77621,0.0,-15.3105,88.4233,0.0,138.9571,-140.6694,-23.151,318,40,212,688,6,13,104,812,724,65,23,0,689,110,13,0,5,34,79,0.8916256157635468,0.8485221674876847,811,82,18,9.491,8959.849,2.587,0.0,225.0,0.0,-795.915,-432.782,-12742.0,0.0,-1608.5,8959.849,2.587,0.0,225.0,0.0,-795.915,-432.782,-12742.0,0.0,-1608.5,0,25,60,60,0,9,9,0,480,5,88,0,88,0,1.0,0,360,89,45,7,1396,86,86,1330,1330,332,89,267,267,4,0,1847,241,0,0,359,2,1,4,4,3,0,0,1,19,0,9,0,305,0,162,0,810,17652,76.1783367323816,2.2918123001412956,28.5350101971448,1.4808852218762847,18.502152730568774,3.2460910944935417,2.66319657072872,3.1016352006072783,0.039180887738285444,0.010406041066869452,-6.5534947068780065,0.4705345260251559,0.2187070292087117,2.6048889050852604,-9.401158302253844,13.756947454032758,0.7150413223140496,0.015084020934537852,3025.0,,,,,,,,,,
116,50_20_5_10_5_2,50_20_5_10_5_2_StartGoalLocations_Seed1018.csv,60,-7932.2203649282455,60,1.0,0,5,0,0,338,5,5,8,5,8,0.625,0.0024328209664934205,9.613852261310523,10,10,8,0.06369567621364591,0.5942718124516201,0.0,2,7,1,10.0,,,,10,14.7,,,,32.75,,,,0.0,,,,0.9,,,,26.52,0.0,0.0,0,10,0,1,0,0,0,2,319,0,179,25,115,0,0,0.5611,0.0784,0,0,0,904.3,0.0,6000.0,0.0,8908.05,-3205.05,0.0,0.0,0.0,0.0,0.0,-3.52,0.0,-80.5,0.0,-20264.0,250.0,0.0,0.0,0.0,0.0,-441.5,0.0,0.0,1.39415,8.166,-0.00039,0.01699,-2.24975,1.97648,0.02765,0.83089,-0.04882,0.14842,0.0,-1402.2,6250.0,0.0,12266.45,-2239.984,-0.15506,0.41238,0.69114,8.15862,1.10875,1.3741,0.53179,0.29158,0.00774,89.28571,0.9927,1.61596,0.0,-0.2372,88.7784,0.0,509.0315,-208.3743,-1.137,1,1,0,9,0,2,5,16,9,4,3,0,9,5,2,0,0,0,1,0.5625,0.5625,16,2,2,-0.32,15598.65,0.0,0.0,250.0,0.0,-2991.35,-3.52,-20344.5,0.0,-441.5,15598.65,0.0,0.0,250.0,0.0,-2991.35,-3.52,-20344.5,0.0,-441.5,0,0,60,60,0,10,10,0,7,5,5,0,5,0,1.0,0,10,5,0,0,2488,0,0,3,3,56,0,16,16,0,0,116,7,0,0,1123,5,2,2,2,2,0,0,0,6,0,0,0,3200,0,0,0,0,28081,19.64317510060183,1.079042784626541,5.854492361383142,1.235705615389512,3.981339695879776,0.5128022506320999,3.167262969588551,2.8977852888424787,0.040214115733930605,0.010600175625432006,-6.3777483401287025,0.467471727490473,0.22188564470049796,2.7270027857118095,-8.307647890216668,14.749233794118854,0.6963474468471743,0.014795133229394256,5503.0,,,,,,,,,,
117,50_20_5_10_5_2,50_20_5_10_5_2_StartGoalLocations_Seed1015.csv,25,-8035.220069676638,22,0.88,0,2,0,0,369,2,1,4,2,4,0.5,0.0031333228889237038,9.826917749614378,7,6,5,0.1258029139902867,0.44054519818267274,23.166666666666668,2,5,0,6.0,1.0,,1.0,10,15.67,1.0,,62.5,44.67,20.0,,82.0,0.0,0.0,,0.0,0.0,0.0,,0.0,22.8,0.0,0.6,3,4,0,1,0,0,0,1,549,0,249,22,278,0,0,0.4536,0.0401,0,0,0,638.3,0.0,2200.0,0.0,5432.7,-2778.6,0.0,0.0,0.0,0.0,0.0,-5.12,0.0,-16.5,0.0,-12188.0,150.0,0.0,0.0,0.0,0.0,-433.0,0.0,-1035.0,0.86047,5.98474,-0.0008,0.02468,-1.91203,1.9958,0.0235,0.76612,-0.22999,1.18417,0.0,-1501.12,2350.0,0.0,7427.107,-2982.002,-0.23517,0.3507,0.36817,5.90919,0.6964,1.8999,0.47266,0.49755,0.00439,83.92857,0.99593,1.63742,0.0,-0.1472,33.3807,0.0,304.6114,-236.8343,-1.05,0,0,0,3,0,1,4,8,4,1,3,0,3,4,1,0,0,0,3,0.5,0.375,8,6,2,0.0,8085.7,0.0,0.0,150.0,0.0,-2593.3,-5.12,-12204.5,0.0,-1468.0,8085.7,0.0,0.0,150.0,0.0,-2593.3,-5.12,-12204.5,0.0,-1468.0,0,0,25,22,3,6,5,1,4,5,2,0,2,0,1.0,0,4,2,0,0,3200,4,4,4,4,0,0,3,3,0,0,45,4,0,0,254,0,0,0,0,0,0,0,0,0,0,0,0,3200,0,0,0,0,21260,18.979303857008468,1.0,7.483537158984007,1.4486015272659842,6.340545625587959,2.300094073377234,2.5096439169139466,2.705596399557253,0.037940128821937834,0.010279100061161443,-6.693687899708748,0.45731641402002426,0.2119915324554313,2.85892324090004,-7.028641137480736,17.736402659874237,0.715079916608756,0.015251160041607991,7195.0,2.0,34.25,43.75,0.0,0.0,59.0,69.5,0.0,0.0,0.0
118,50_20_5_10_5_2,50_20_5_10_5_2_StartGoalLocations_Seed1012.csv,40,-23791.350143671036,31,0.775,0,6,0,0,458,6,1,22,11,22,0.5,0.0030811893390848867,9.84220613154695,13,10,10,0.13572639038668927,0.4066399630257279,18.5,3,12,4,10.0,2.0,1.0,2.0,21,10.75,24.75,10.5,44.75,35.3,46.0,23.0,70.5,0.0,0.0,0.0,0.0,0.0,0.0,0.0,0.0,27.21,0.4,0.3,28,9,0,5,0,0,3,2,224,0,86,34,104,0,0,0.3839,0.1518,10,5,0,1298.2,0.0,3100.0,0.0,10459.644,-5502.15,0.0,0.0,0.0,0.0,0.0,-22.544,0.0,-88.0,0.0,-29388.0,250.0,0.0,0.0,0.0,0.0,-1138.5,0.0,-2760.0,0.72067,5.03362,-0.00174,0.03729,-2.27053,1.97991,0.01926,0.69359,-0.3003,1.37288,0.0,-1967.021,3350.0,0.0,17670.519,-5131.501,-0.15152,0.25897,0.25805,4.9289,0.96588,2.04825,0.5577,0.27169,0.00316,81.70732,0.99653,1.76254,0.0,-0.7245,47.5852,0.0,586.9035,-526.3895,-2.85,2,1,0,16,2,18,8,44,2,11,31,0,16,10,18,0,2,13,7,0.045454545454545456,0.36363636363636365,44,8,0,2.477,14490.044,0.0,0.0,250.0,0.0,-5134.35,-22.544,-29476.0,0.0,-3898.5,14490.044,0.0,0.0,250.0,0.0,-5134.35,-22.544,-29476.0,0.0,-3898.5,0,5,40,31,9,10,7,2,17,5,6,0,6,0,1.0,0,12,6,3,3,3200,39,39,26,26,39,19,0,0,0,0,96,3,0,0,500,0,0,1,1,1,0,0,4,228,0,1,0,3200,0,3,0,15,41026,14.832057719494955,1.0062448644207067,5.420952566665042,1.3501011889516676,4.428898747135962,0.5069955637888168,3.4336818932305997,2.5996987728693055,0.03442237094248412,0.010235286664101294,-7.019138439707458,0.44237118957564237,0.21873271441203543,2.73111344024539,-5.228161721602082,12.770753360987388,0.7227765108323831,0.01467790393049106,7016.0,6.0,16.42,43.58,0.8,0.3,23.5,29.62,0.0,0.0,0.0
119,25_5_2_5_2_1,25_5_2_5_2_1_StartGoalLocations_Seed1004.csv,25,-5747.868105173111,25,1.0,0,23,0,0,268,23,9,55,27,55,0.4909090909090909,0.03858350951374207,7.8200525894099515,7,5,7,0.17071881606765327,0.3559725158562368,0.0,1,3,0,5.0,,2.0,,7,3.3,,9.0,,19.4,,17.5,,3.4,,2.5,,1.6,,4.5,,9.42,2.7,3.0,0,56,0,17,0,0,12,4,141,0,53,16,72,0,4,0.3759,0.1135,8,4,0,378.4,0.0,2500.0,0.0,2822.55,-1733.55,0.0,0.0,0.0,0.0,1.6,-51.368,0.0,-284.0,0.0,-9184.0,125.0,0.0,0.0,0.0,0.0,-322.5,0.0,0.0,1.04847,8.18347,-0.01315,0.10163,-2.50211,1.89301,0.03303,0.90816,-0.08523,0.18802,0.0,-1503.536,2625.0,0.0,3366.05,-1523.685,-0.39734,0.79851,0.69371,8.14937,0.48688,1.34346,0.51216,0.77582,0.00793,87.5,0.99339,1.30081,0.0,-2.2451,37.2869,0.0,161.2886,-117.4886,-3.007,32,16,15,80,7,30,31,148,60,54,34,0,80,38,30,0,7,30,13,0.40540540540540543,0.5405405405405406,148,14,4,3.768,5584.25,1.6,0.0,125.0,0.0,-1616.85,-51.368,-9468.0,0.0,-322.5,5584.25,1.6,0.0,125.0,0.0,-1616.85,-51.368,-9468.0,0.0,-322.5,0,10,25,25,0,5,5,0,64,5,23,0,23,0,1.0,0,68,23,12,3,2064,50,50,161,161,266,38,39,39,4,0,272,3,0,0,654,4,2,2,2,2,0,0,2,1,0,1,0,305,0,32,0,160,12152,50.28801843317972,1.5604647357224677,16.507570770243582,1.1598267876283115,8.187952600394997,1.6787360105332456,2.8391959798994977,2.262029076447212,0.03255635309222609,0.011868731641253932,-6.259991856104182,0.43912703669521697,0.21264099908537817,2.569895782211954,-5.69768183834331,9.4347896292125,0.7386484758047325,0.01493526128209676,4691.0,,,,,,,,,,
120,50_20_5_10_5_2,50_20_5_10_5_2_StartGoalLocations_Seed1010.csv,60,-6279.440146625042,60,1.0,0,3,0,0,412,3,3,3,3,3,1.0,0.0041392744095446795,9.781787192412239,5,4,5,0.09544679814950086,0.4786949111273436,0.0,2,4,0,4.0,,1.0,,5,23.12,,10.0,,44.5,,34.0,,0.0,,0.0,,0.2,,0.0,,22.72,0.0,0.4,0,6,0,2,0,0,0,2,188,0,131,12,45,0,0,0.6968,0.0638,0,0,0,821.4,0.0,6000.0,0.0,7026.6,-2560.2,0.0,0.0,0.0,0.0,0.0,-2.24,0.0,0.0,0.0,-16672.0,100.0,0.0,0.0,0.0,0.0,-867.0,0.0,-126.0,1.37421,8.55409,-0.00027,0.01014,-2.02971,1.99978,0.01217,0.55155,-0.12089,0.36319,0.0,-1676.6,6100.0,0.0,9393.148,-2064.475,-0.20411,0.63811,0.74263,8.53223,0.89222,1.33589,0.4888,0.41758,0.00779,95.3125,0.99245,1.4055,0.0,-0.1355,86.6477,0.0,399.3581,-200.8781,-1.649,9,2,0,0,1,2,3,6,1,3,2,0,0,4,2,0,0,0,1,0.16666666666666666,0.0,6,2,2,-0.64,13677.1,0.0,0.0,100.0,0.0,-2389.3,-2.24,-16672.0,0.0,-993.0,13677.1,0.0,0.0,100.0,0.0,-2389.3,-2.24,-16672.0,0.0,-993.0,0,0,60,60,0,4,4,0,3,5,3,0,3,0,1.0,0,6,3,0,0,3116,0,0,7,7,68,0,4,4,0,0,239,0,0,0,334,0,0,0,0,0,0,0,1,0,0,2,0,3200,0,0,0,0,22312,10.28594478307637,1.0004357298474946,2.9132305485837215,1.5083846379988468,1.864467551093582,0.35855145213338113,2.875,2.673170396077192,0.03632588368698247,0.01074595978861347,-7.621542787023931,0.41595282446681514,0.22598873216309734,2.4738572578069027,-4.354737288264776,15.778028051241137,0.7274921897188299,0.014636326162771046,7042.0,,,,,,,,,,
121,25_5_2_5_2_1,25_5_2_5_2_1_StartGoalLocations_Seed1013.csv,40,-8137.602066963911,40,1.0,0,74,0,0,330,74,6,138,77,138,0.5579710144927537,0.11103376261747303,7.180836985457599,6,6,5,0.21893491124260356,0.20327184128089104,0.0,1,3,0,6.0,,,,6,7.33,,,,14.83,,,,10.7,,,,20.3,,,,8.51,4.0,10.2,0,213,0,83,0,0,20,13,176,0,43,62,71,0,9,0.2443,0.3523,14,3,0,574.6,0.0,4000.0,0.0,3476.64,-2063.55,0.0,0.0,0.0,0.0,1.2,-160.992,0.0,-763.5,0.0,-12484.0,150.0,0.0,0.0,0.0,0.0,-868.0,0.0,0.0,1.04206,8.37625,-0.02781,0.14367,-2.30552,1.87735,0.02611,0.80743,-0.15106,0.22959,0.0,-2691.8,4150.0,0.0,4281.993,-1983.922,-0.46847,1.04569,0.72224,8.35133,0.39994,1.22426,0.32214,1.45424,0.00801,90.21739,0.99286,1.09832,0.0,-6.791,58.9489,0.0,198.6652,-167.5172,-14.932,217,40,167,368,18,14,44,444,374,31,39,0,368,62,14,0,5,19,36,0.8423423423423423,0.8288288288288288,444,62,14,6.008,7912.34,1.2,0.0,150.0,0.0,-1924.65,-160.992,-13247.5,0.0,-868.0,7912.34,1.2,0.0,150.0,0.0,-1924.65,-160.992,-13247.5,0.0,-868.0,0,15,40,40,0,6,6,0,215,5,74,0,74,0,1.0,0,233,74,20,5,2900,0,0,724,724,466,54,46,46,4,0,1275,105,0,0,439,7,0,2,3,3,0,0,5,1,1,7,0,305,0,52,0,260,18629,49.22432766117344,1.9267175572519084,21.632937892533146,1.3989842036878806,14.439851843899296,1.2238982232003865,3.1643122676579925,2.2692889386548756,0.033613377320419614,0.010155674519081568,-6.913402187289863,0.41663797474691067,0.22371098979793747,2.5606813938042214,-3.0787270590354656,16.638673370143668,0.7463361396944185,0.01410679175179325,6414.0,,,,,,,,,,
122,50_20_5_10_5_2,50_20_5_10_5_2_StartGoalLocations_Seed1002.csv,60,-13772.660287290812,58,0.9666666666666667,0,11,0,0,425,11,5,23,11,23,0.4782608695652174,0.0018821757952192735,9.791436100149703,7,5,6,0.14539808018068887,0.41360813099943533,12.25,2,6,0,5.0,2.0,,2.0,9,11.1,12.25,,2.5,34.4,18.0,,36.0,0.0,0.0,,0.0,0.0,0.0,,0.0,21.05,0.3,0.2,1,19,0,3,0,0,3,2,451,0,177,17,257,0,4,0.3925,0.0377,0,0,0,1062.6,0.0,5800.0,0.0,8880.6,-4524.0,0.0,0.0,0.0,0.0,0.0,-5.36,0.0,-341.0,0.0,-23272.0,125.0,0.0,0.0,0.0,0.0,-808.5,0.0,-690.0,1.05583,7.45396,-0.0005,0.01892,-2.22219,1.95916,0.01176,0.54217,-0.14102,0.7573,0.0,-1818.44,5925.0,0.0,11458.479,-4119.67,-0.17113,0.39587,0.55759,7.3869,0.69065,1.5973,0.49473,0.34591,0.00593,94.04762,0.99426,1.47451,0.0,-0.7354,84.1619,0.0,503.501,-340.181,-2.224,3,2,0,27,0,1,18,46,17,27,2,0,27,18,1,0,0,11,4,0.3695652173913043,0.5869565217391305,46,8,0,2.08,15441.6,0.0,0.0,125.0,0.0,-4222.4,-5.36,-23613.0,0.0,-1498.5,15441.6,0.0,0.0,125.0,0.0,-4222.4,-5.36,-23613.0,0.0,-1498.5,0,4,60,58,2,5,5,2,19,5,11,0,11,0,1.0,0,22,11,3,3,3200,0,0,1,1,35,14,68,68,0,0,67,3,0,0,1023,1,0,0,0,0,0,0,0,0,0,0,0,3200,0,3,0,15,30089,15.367742364319186,1.0,3.625909800923926,1.1707837030216437,2.582339060786334,0.28581873774469074,3.326898326898327,2.4409605061214825,0.03257058600793243,0.00961651054705726,-7.386372734494508,0.40619260469218715,0.21378657012915936,2.403440566435456,-2.87159985370934,15.737028189257776,0.7578044089362331,0.013313136162570814,6759.0,,,,,,115.5,115.5,0.0,0.0,0.0
123,50_20_5_10_5_2,50_20_5_10_5_2_StartGoalLocations_Seed1001.csv,40,-4761.80005556345,40,1.0,0,0,0,0,276,0,0,0,0,0,0.0,0.0,9.87014470677837,6,3,6,0.08682406702208682,0.47715156130997716,0.0,1,2,0,3.0,,3.0,,6,6.17,,16.83,,32.0,,31.33,,0.0,,0.0,,0.0,,0.0,,16.74,0.0,0.0,0,0,0,0,0,0,0,0,133,0,89,18,26,0,0,0.6692,0.1353,0,0,0,525.2,0.0,4000.0,0.0,4470.0,-1785.0,0.0,0.0,0.0,0.0,0.0,0.0,0.0,0.0,0.0,-11528.0,75.0,0.0,0.0,0.0,0.0,-519.0,0.0,0.0,1.37285,8.73658,0.0,0.0,-2.19497,1.99047,0.01428,0.59733,-0.09882,0.19911,0.0,-1104.0,4075.0,0.0,5722.11,-1504.26,-0.21021,0.46947,0.77589,8.71301,0.80309,1.32204,0.54874,0.38307,0.00819,94.76744,0.99219,1.38675,0.0,0.0,57.8835,0.0,255.4286,-131.6571,0.0,0,0,0,0,0,0,0,0,0,0,0,0,0,0,0,0,0,0,0,,,0,0,0,0.0,8876.2,0.0,0.0,75.0,0.0,-1666.0,0.0,-11528.0,0.0,-519.0,8876.2,0.0,0.0,75.0,0.0,-1666.0,0.0,-11528.0,0.0,-519.0,0,0,40,40,0,3,3,0,0,5,0,0,0,0,,0,0,0,0,0,2132,0,0,0,0,0,0,0,0,0,0,8,0,0,0,340,0,0,0,0,0,0,0,0,0,0,0,0,3200,0,0,0,0,14427,6.370000693144798,1.0,1.6358217231579677,1.708474599835226,1.122894572676232,0.7208705898662231,1.7407407407407407,2.1866373411230358,0.031238048792577317,0.00964900498945916,-7.318857866145433,0.40416117108254,0.20293506099641548,2.2030529127112026,-3.1679761781030478,14.967757790663583,0.7394100687513862,0.013158652318566508,4509.0,,,,,,,,,,
124,50_20_5_10_5_2,50_20_5_10_5_2_StartGoalLocations_Seed1001.csv,40,-9465.209963202477,39,0.975,0,12,0,0,375,12,7,31,16,31,0.5161290322580645,0.005238214018458469,9.62057869890498,11,9,9,0.10264405088550761,0.45098528311299574,9.0,2,8,2,9.0,,2.0,,12,12.89,,17.75,,26.17,,27.5,,1.7,,0.0,,1.1,,1.5,,19.91,0.6,0.2,0,21,0,7,0,0,5,4,158,0,85,12,61,0,0,0.538,0.0759,8,4,0,801.8,0.0,3900.0,0.0,6613.95,-3146.7,0.0,0.0,0.0,0.0,0.8,-22.56,0.0,-292.0,0.0,-16484.0,225.0,0.0,0.0,0.0,0.0,-716.5,0.0,-345.0,1.01884,7.04422,-0.00271,0.04561,-2.09229,1.98277,0.02806,0.83711,-0.13239,0.6296,0.0,-1692.32,4125.0,0.0,8426.639,-2881.362,-0.21107,0.55229,0.51447,7.00553,0.6916,1.48329,0.46209,0.45677,0.00599,85.9375,0.99464,1.41793,0.0,-1.0606,58.5937,0.0,375.0067,-237.5353,-4.38,5,3,0,31,12,5,15,64,23,21,20,0,31,28,5,0,7,9,16,0.359375,0.484375,64,14,2,2.56,11105.85,0.8,0.0,225.0,0.0,-2936.8,-22.56,-16776.0,0.0,-1061.5,11105.85,0.8,0.0,225.0,0.0,-2936.8,-22.56,-16776.0,0.0,-1061.5,0,7,40,39,1,8,7,0,25,5,12,0,12,0,1.0,0,26,12,5,4,3200,3,3,60,60,175,27,35,35,0,0,12,0,0,0,693,1,0,0,0,0,0,0,4,0,0,5,0,3200,0,7,0,35,30021,19.046667332866992,1.071528506470794,10.472669131607875,1.4670245147999803,7.398154625095766,0.882715432530562,3.2624943719045474,2.1873597858755964,0.031238468687806744,0.009338138893072027,-7.6340513349696995,0.4046153043396771,0.20460791669785977,2.2573265003412963,-3.8151791533082724,12.16432812893208,0.7545268691588785,0.013385782156359471,6848.0,1.0,9.0,19.0,0.0,0.0,,,,,
125,50_20_5_10_5_2,50_20_5_10_5_2_StartGoalLocations_Seed1000.csv,25,-8853.499921560287,21,0.84,0,0,0,0,408,0,0,0,0,0,0.0,0.0,9.957860615883307,8,5,8,0.12965964343598055,0.42820097244732575,6.0,2,8,2,5.0,3.0,,3.0,12,9.9,5.67,,12.83,18.5,46.33,,24.33,0.0,0.0,,0.0,0.0,0.0,,0.0,15.54,0.0,0.0,6,0,0,0,0,0,0,0,571,0,172,89,310,0,0,0.3012,0.1559,0,0,0,617.0,0.0,2100.0,0.0,5170.5,-2830.5,0.0,0.0,0.0,0.0,0.0,0.0,0.0,0.0,0.0,-12252.0,125.0,0.0,0.0,0.0,0.0,-403.5,0.0,-1380.0,0.81961,5.95508,0.0,0.0,-1.98574,1.99995,0.02026,0.71139,-0.28906,1.36573,0.0,-1632.0,2225.0,0.0,6798.178,-3590.608,-0.26451,0.32347,0.36062,5.86618,0.51987,2.09938,0.49643,0.53281,0.00421,85.57692,0.99498,1.69226,0.0,0.0,31.6051,0.0,287.9429,-256.1429,0.0,0,0,0,0,0,0,0,0,0,0,0,0,0,0,0,0,0,0,0,,,0,0,0,0.0,7698.8,0.0,0.0,125.0,0.0,-2641.8,0.0,-12252.0,0.0,-1783.5,7698.8,0.0,0.0,125.0,0.0,-2641.8,0.0,-12252.0,0.0,-1783.5,0,0,25,21,4,5,4,3,0,5,0,0,0,0,,0,0,0,0,0,3200,0,0,0,0,0,0,0,0,0,0,0,0,0,0,106,0,0,0,0,0,0,0,0,0,0,0,0,3200,0,0,0,0,23144,21.141548565502937,1.0036787247087677,6.342896647079157,1.4474880986876166,5.612685793294158,1.3567231247839613,2.8075442648190916,2.0255393489359994,0.03570624304527883,0.009542042335378937,-7.077446157187223,0.40516202807135415,0.21973569955211134,2.1523175885528327,-1.1560514657571912,19.757420051165994,0.7475369458128078,0.012850721016914403,6496.0,1.0,7.0,4.5,0.0,0.0,30.5,35.62,0.0,0.0,0.0
126,25_5_2_5_2_1,25_5_2_5_2_1_StartGoalLocations_Seed1010.csv,60,-9945.467428386211,60,1.0,2,141,2,2,150,141,10,267,143,265,0.5355805243445693,0.26524867062871443,5.099694890484871,5,4,3,0.2334636434714621,0.20203283815480844,0.0,1,2,0,4.0,,1.0,,5,5.31,,7.0,,10.0,,9.0,,99.8,,56.0,,108.5,,46.0,,7.18,20.1,18.6,0,127,0,243,0,0,114,17,306,0,89,147,70,0,63,0.2908,0.4804,22,2,0,639.5,0.0,6000.0,0.0,2426.874,-987.821,7.0,0.0,0.0,-200.0,2.453,-723.974,0.0,-1267.5,0.0,-14056.0,100.0,0.0,0.0,0.0,0.0,-1886.0,0.0,0.0,1.26436,9.65738,-0.1441,1.27664,-2.39617,1.82023,0.01564,0.62505,-0.29492,0.24593,0.0,-6984.974,6100.0,0.0,2924.558,-1682.572,-1.09226,2.25202,0.95387,9.65942,0.19421,0.96253,0.38061,2.86975,0.01001,95.3125,0.9903,0.72748,0.0,-34.5328,86.6477,0.0,139.0785,-164.2183,-18.475,1023,165,939,1781,14,43,97,1935,1134,521,280,0,1781,111,43,0,20,675,55,0.586046511627907,0.9204134366925064,1935,116,24,-6.547,9006.674,2.4,0.0,100.0,0.0,-921.121,-923.921,-15323.5,0.0,-1886.0,9006.674,2.4,0.0,100.0,0.0,-921.121,-923.921,-15323.5,0.0,-1886.0,0,29,60,60,0,3,3,0,1308,5,141,4,137,0,0.9716312056737588,8,1096,143,114,39,2208,23,23,5018,5018,783,114,190,190,8,0,1408,21,0,0,563,7,0,4,6,4,0,0,72,86,2,10,0,305,0,888,0,4440,16620,77.28640192539109,2.038847800700662,42.39470517448857,1.8850465013992952,27.310469314079423,3.862815884476534,2.8554747741793345,1.8849047276927866,0.04296824927850917,0.009588408618794241,-6.892904695555352,0.3878967927859934,0.22110013628675454,2.2632805557138678,-0.30916521277116693,23.385946808041325,0.728479752157557,0.012822437431190431,4519.0,,,,,,,,,,
127,50_20_5_10_5_2,50_20_5_10_5_2_StartGoalLocations_Seed1012.csv,25,-8225.00014808774,25,1.0,0,1,0,0,372,1,1,1,1,1,1.0,0.0,9.910037878787879,5,4,5,0.0856060606060606,0.4943181818181818,0.0,1,4,0,4.0,,1.0,,5,19.38,,8.5,,39.0,,17.0,,0.0,,0.0,,0.0,,0.0,,27.65,0.0,0.0,0,2,0,0,0,0,0,0,93,0,63,7,23,0,0,0.6774,0.0753,0,0,0,528.0,0.0,2500.0,0.0,4624.5,-2029.5,0.0,0.0,0.0,0.0,0.0,0.0,0.0,0.0,0.0,-13540.0,100.0,0.0,0.0,0.0,0.0,-408.0,0.0,0.0,1.06496,6.95037,0.0,0.0,-2.56439,1.91871,0.01894,0.68784,-0.07727,0.18074,0.0,-1497.0,2600.0,0.0,6368.54,-1436.96,-0.28352,0.52092,0.49242,6.89779,0.93401,1.37418,0.63674,0.44527,0.00549,89.65517,0.99508,1.48563,0.0,-0.0292,36.9318,0.0,264.2572,-139.2857,0.0,0,0,0,0,0,2,0,2,0,0,2,0,0,0,2,0,0,0,0,0.0,0.0,2,0,0,0.0,7517.2,0.0,0.0,100.0,0.0,-1894.2,0.0,-13540.0,0.0,-408.0,7517.2,0.0,0.0,100.0,0.0,-1894.2,0.0,-13540.0,0.0,-408.0,0,0,25,25,0,4,4,0,1,5,1,0,1,0,1.0,0,2,1,0,0,2636,0,0,0,0,0,0,3,3,0,0,0,0,0,0,274,0,0,0,0,0,0,0,0,0,0,0,0,3200,0,0,0,0,15461,9.753573507535089,1.0,4.62453916305543,1.6128321912191756,3.751374425975034,0.5433025030722463,2.9827586206896552,1.5737112340183819,0.02605379926929694,0.009382029732460316,-6.528931709947644,0.4088755564379742,0.25286344024430457,2.145563926429054,2.059407707772957,7.786957394518796,0.7241577335375191,0.012340204792678644,5224.0,,,,,,,,,,
128,25_5_2_5_2_1,25_5_2_5_2_1_StartGoalLocations_Seed1019.csv,25,-4725.635479152203,25,1.0,0,37,0,0,294,37,4,74,39,74,0.527027027027027,0.05815188528943176,7.957168850345429,6,6,6,0.2222517259691981,0.2705788635156665,0.0,2,4,0,6.0,,,,6,6.25,,,,14.17,,,,7.7,,,,5.5,,,,8.29,5.1,4.7,0,80,0,32,0,0,27,5,118,0,36,15,67,0,5,0.3051,0.1271,22,2,0,376.6,0.0,2500.0,0.0,2780.196,-1891.92,0.0,0.0,0.0,0.0,1.6,-74.611,0.0,-312.5,0.0,-8008.0,150.0,0.0,0.0,0.0,0.0,-247.0,0.0,0.0,0.9997,8.21156,-0.01939,0.12185,-2.20937,1.92733,0.03983,0.99708,-0.06559,0.1688,0.0,-1890.422,2650.0,0.0,3446.992,-1523.951,-0.50197,1.0946,0.70366,8.17827,0.51063,1.35961,0.40467,1.24043,0.00823,85.48387,0.99283,1.32948,0.0,-3.8298,37.642,0.0,158.8683,-122.224,-11.862,47,8,14,153,0,18,69,241,119,84,38,0,153,70,18,0,2,63,40,0.49377593360995853,0.6348547717842323,241,45,6,5.91,5530.496,1.6,0.0,150.0,0.0,-1765.62,-74.611,-8320.5,0.0,-247.0,5530.496,1.6,0.0,150.0,0.0,-1765.62,-74.611,-8320.5,0.0,-247.0,0,21,25,25,0,4,4,0,108,5,37,0,37,0,1.0,0,107,37,27,8,2444,3,3,307,307,398,74,129,129,68,0,164,0,0,0,684,1,1,0,1,1,0,0,0,4,1,1,0,305,0,56,0,280,12633,38.06696746616006,1.622374714077771,20.588933744953692,1.288374684701084,13.931766009657247,1.6385656613630966,3.146590909090909,1.6212622792693998,0.028356588858106584,0.007990102692920283,-6.599573745518777,0.4001846306045797,0.2701995274731844,2.0946846052199457,5.659397001644984,9.384488660971613,0.7303042934556065,0.012193692809961177,4798.0,,,,,,,,,,
129,50_20_5_10_5_2,50_20_5_10_5_2_StartGoalLocations_Seed1003.csv,60,-8519.84032446146,60,1.0,0,1,0,0,411,1,1,3,1,3,0.3333333333333333,0.0005032079506856208,9.671191345207166,1,1,1,0.1088187193357655,0.47741854321298277,0.0,0,0,0,1.0,,,,1,27.0,,,,57.0,,,,0.0,,,,0.0,,,,22.49,0.0,0.0,0,2,0,0,0,0,0,0,140,0,94,10,36,0,0,0.6714,0.0714,0,0,0,794.9,0.0,6000.0,0.0,6954.0,-2773.5,0.0,0.0,0.0,0.0,0.0,-2.24,0.0,-54.0,0.0,-18764.0,25.0,0.0,0.0,0.0,0.0,-700.0,0.0,0.0,1.38073,8.69921,-0.00028,0.01366,-2.36734,1.95992,0.00315,0.28039,-0.08806,0.19046,0.0,-1655.6,6025.0,0.0,9874.457,-1783.96,-0.20828,0.58473,0.75796,8.65941,1.0178,1.3417,0.58309,0.3572,0.00767,98.77049,0.99182,1.47874,0.0,-0.0638,85.5824,0.0,397.3715,-198.4857,-0.189,0,0,0,3,2,0,1,6,3,1,2,0,3,3,0,0,0,0,2,0.5,0.5,6,2,2,-0.64,13564.0,0.0,0.0,25.0,0.0,-2588.6,-2.24,-18818.0,0.0,-700.0,13564.0,0.0,0.0,25.0,0.0,-2588.6,-2.24,-18818.0,0.0,-700.0,0,0,60,60,0,1,1,0,2,5,1,0,1,0,1.0,0,2,1,0,0,2644,0,0,6,6,0,0,0,0,0,0,24,4,0,0,854,3,0,1,1,1,0,0,0,109,0,1,0,3200,0,0,0,0,16755,8.785437182930469,1.153532608695652,2.5425246195165623,1.1089202041777086,1.7069531483139362,0.05968367651447329,3.4615384615384617,1.9110232519426873,0.03722225971457953,0.007842542091454978,-7.7799889250981105,0.37138242832400503,0.2754290324837285,2.078362161741675,7.533780078754483,16.755613622892767,0.7301762114537445,0.012629547481295673,5448.0,,,,,,,,,,
130,25_5_2_5_2_1,25_5_2_5_2_1_StartGoalLocations_Seed1009.csv,40,-9539.356320381165,39,0.975,1,75,1,1,417,75,8,151,85,150,0.5629139072847682,0.12706552706552707,6.812983402040949,7,5,7,0.23399810066476734,0.19354226020892687,14.5,2,5,0,5.0,,2.0,,8,8.3,,4.25,,13.6,,5.5,,3.6,,5.0,,2.4,,21.5,,9.61,7.9,14.6,0,205,0,88,0,0,41,13,118,0,54,16,48,0,3,0.4576,0.1356,28,10,0,526.5,0.0,3900.0,0.0,3090.099,-1903.472,0.0,0.0,0.0,-100.0,1.056,-207.04,0.0,-615.5,0.0,-13216.0,125.0,0.0,0.0,0.0,0.0,-795.0,0.0,-345.0,1.06612,8.63437,-0.05812,0.98583,-2.62707,1.87792,0.02374,0.77005,-0.21652,0.76748,0.0,-3361.346,4025.0,0.0,3845.429,-2089.949,-0.63843,1.63221,0.76448,8.60716,0.33342,1.42699,0.36638,1.74253,0.00836,91.47727,0.99221,1.13617,0.0,-10.1736,57.1733,0.0,174.1771,-171.5127,-13.454,261,37,178,360,16,41,50,468,310,55,103,0,360,66,42,0,19,61,38,0.6623931623931624,0.7692307692307693,468,70,13,-0.138,7387.299,0.8,0.0,125.0,0.0,-1774.172,-306.784,-13831.5,0.0,-1140.0,7387.299,0.8,0.0,125.0,0.0,-1774.172,-306.784,-13831.5,0.0,-1140.0,0,24,40,39,1,5,4,0,231,5,75,0,75,0,1.0,0,256,76,41,6,3200,139,139,539,539,284,90,118,118,4,0,1345,117,0,0,418,5,3,3,4,4,0,0,1,17,1,16,2,305,0,98,0,490,21704,46.50294876520457,2.107203011988507,20.18061186877995,1.2626983605592073,14.089568743088831,1.4789900479174345,3.2645519947678223,1.4079794955914258,0.01975104879078572,0.007918322529294529,-5.878531547114253,0.39333750563208014,0.2707990191783756,2.4812682575732468,5.676858122833073,9.297178026155104,0.7360354223433242,0.011422424541343507,5872.0,1.0,14.5,14.5,0.0,0.0,,,,,
131,25_5_2_5_2_1,25_5_2_5_2_1_StartGoalLocations_Seed1012.csv,25,-4091.5126003026962,25,1.0,0,25,0,0,255,25,5,56,33,56,0.5892857142857143,0.05040128410914928,7.619054125715794,1,1,1,0.21926163723916534,0.2895666131621188,0.0,0,0,0,1.0,,,,1,3.0,,,,15.0,,,,0.0,,,,0.0,,,,8.79,2.5,2.5,0,46,0,20,0,0,14,6,89,0,26,4,59,0,6,0.2921,0.0449,36,8,0,311.5,0.0,2500.0,0.0,2288.008,-1601.566,0.0,0.0,0.0,0.0,5.2,-70.154,0.0,-286.0,0.0,-7064.0,25.0,0.0,0.0,0.0,0.0,-199.5,0.0,0.0,1.12293,9.0038,-0.02085,0.1308,-2.35955,1.93376,0.00803,0.44786,-0.06404,0.16709,0.0,-1552.205,2525.0,0.0,2776.514,-1317.797,-0.4983,1.00463,0.81059,8.93311,0.46829,1.36381,0.44848,1.1111,0.00835,97.11538,0.99197,1.32502,0.0,-2.6261,35.8665,0.0,130.7433,-102.9181,-8.576,27,11,10,63,23,47,29,163,37,50,76,0,61,54,48,0,8,21,13,0.22699386503067484,0.37423312883435583,163,45,22,1.75,4990.409,5.2,0.0,25.0,0.0,-1492.466,-70.154,-7350.0,0.0,-199.5,4990.409,5.2,0.0,25.0,0.0,-1492.466,-70.154,-7350.0,0.0,-199.5,0,18,25,25,0,1,1,0,69,5,25,0,25,0,1.0,0,60,25,14,4,2132,27,27,133,133,618,68,88,88,12,0,433,28,0,0,516,1,1,0,2,2,0,0,5,3,2,5,0,305,0,21,0,105,6688,55.188397129186605,2.3511243565429423,24.282296650717704,1.3306547827316733,15.580143540669857,1.7942583732057416,3.066218809980806,1.16972243405903,0.011861604292427956,0.00829027284034589,-5.007378575278492,0.40195147709931484,0.2659851200668942,2.54200500462337,3.0594627305893245,4.619809841632924,0.7061713233036536,0.009780933983704988,3257.0,,,,,,,,,,
132,50_20_5_10_5_2,50_20_5_10_5_2_StartGoalLocations_Seed1014.csv,25,-16148.000060915947,16,0.64,0,33,0,0,419,33,2,58,37,58,0.6379310344827587,0.012845370819195347,9.69671715964291,12,8,8,0.17595734367426077,0.36669898206495394,32.583333333333336,3,8,2,8.0,2.0,2.0,2.0,18,15.5,60.0,14.0,12.5,34.94,57.75,37.5,20.75,0.0,21.5,0.0,0.0,0.0,22.5,0.0,0.0,27.57,0.0,0.0,15,37,0,16,0,0,29,1,134,0,50,13,71,0,0,0.3731,0.097,8,4,0,825.2,0.0,1600.0,0.0,6663.75,-3664.05,0.0,0.0,0.0,0.0,0.0,-46.4,0.0,-229.0,0.0,-18772.0,200.0,0.0,0.0,0.0,0.0,-655.5,0.0,-2070.0,0.6574,4.57763,-0.00562,0.06683,-2.30259,1.96216,0.02424,0.77803,-0.33028,1.44978,0.0,-2077.04,1800.0,0.0,10909.755,-3088.936,-0.2517,0.50323,0.21813,4.46627,0.94775,2.00441,0.50776,0.49571,0.00291,75.0,0.99588,1.70342,0.0,-1.7619,25.5682,0.0,366.6619,-350.9933,-2.433,41,41,38,96,5,7,8,116,77,25,14,0,96,13,7,0,0,24,5,0.6637931034482759,0.8275862068965517,116,4,0,0.64,8844.35,0.0,0.0,200.0,0.0,-3419.45,-46.4,-19001.0,0.0,-2725.5,8844.35,0.0,0.0,200.0,0.0,-3419.45,-46.4,-19001.0,0.0,-2725.5,0,1,25,16,9,8,4,3,57,5,33,0,33,0,1.0,0,66,33,29,3,3200,30,30,174,174,68,4,23,23,0,0,20,0,0,0,416,2,0,1,1,1,0,0,0,0,0,0,0,3200,0,29,0,145,31222,14.537825891999232,1.0559594624366602,8.93920953174044,1.4303475681429416,5.531356095061175,0.9032092755108577,2.6780544296467865,1.483243886440323,0.012659572111442686,0.008666195505647921,-5.848062189668417,0.3932667533215135,0.2630724579235539,2.4894290935248136,2.244806488081813,6.603288710912564,0.7276058631921825,0.009883829548276244,4912.0,4.0,18.88,31.62,9.8,10.8,21.5,48.75,0.0,0.0,0.0
133,25_5_2_5_2_1,25_5_2_5_2_1_StartGoalLocations_Seed1001.csv,25,-6344.539902299643,25,1.0,1,41,1,1,391,41,3,75,41,74,0.5466666666666666,0.07207421503330162,7.984942149665104,6,6,6,0.21550903901046622,0.2628449096098953,0.0,2,4,0,6.0,,,,6,10.92,,,,16.0,,,,16.8,,,,23.7,,,,9.76,2.8,5.2,0,108,0,51,0,0,33,7,105,0,45,8,52,0,8,0.4286,0.0762,0,0,0,420.4,0.0,2500.0,0.0,2987.103,-2030.833,0.0,0.0,0.0,-100.0,0.099,-68.309,0.0,-250.5,0.0,-9616.0,150.0,0.0,0.0,0.0,0.0,-335.5,0.0,-1.0,0.92214,7.78294,-0.04001,1.09452,-2.34693,1.94948,0.03568,0.94379,-0.08004,0.18338,0.0,-2423.602,2650.0,0.0,3764.259,-1601.838,-0.5765,1.55855,0.63035,7.7435,0.51437,1.3401,0.43316,1.33092,0.00737,85.48387,0.99405,1.28406,0.0,-6.6114,37.642,0.0,170.6345,-135.219,-13.77,129,21,79,186,0,1,35,222,213,3,6,0,186,35,1,0,0,5,33,0.9594594594594594,0.8378378378378378,222,43,2,6.392,5771.403,0.0,0.0,150.0,0.0,-1894.733,-168.21,-9866.5,0.0,-336.5,5771.403,0.0,0.0,150.0,0.0,-1894.733,-168.21,-9866.5,0.0,-336.5,0,8,25,25,0,5,5,0,174,5,41,0,41,0,1.0,0,139,42,33,19,3016,76,76,576,576,214,28,34,34,3,0,536,11,0,0,538,0,0,0,0,0,0,0,1,0,0,5,0,305,0,82,0,410,15851,39.24673522175257,1.5061887156405722,15.462746829853007,1.4271496498922318,11.15387041827014,2.012491325468425,3.0933257918552037,1.5640745867979071,0.012024206443305624,0.009324850245880393,-5.8922728568078355,0.3785816962467581,0.260406137135285,2.4273330369267603,2.2662613910452443,6.311979665098212,0.7134449977365324,0.009319063989504623,4418.0,,,,,,,,,,
134,50_20_5_10_5_2,50_20_5_10_5_2_StartGoalLocations_Seed1016.csv,25,-6968.500216156244,24,0.96,0,0,0,0,489,0,0,0,0,0,0.0,0.0,9.981744421906694,4,3,3,0.10081135902636917,0.5156186612576065,14.0,1,3,0,3.0,1.0,,1.0,5,20.67,14.0,,20.5,42.33,43.0,,41.0,0.0,0.0,,0.0,0.0,0.0,,0.0,29.73,0.0,0.0,0,0,0,0,0,0,0,0,103,0,64,1,38,0,0,0.6214,0.0097,0,0,0,493.0,0.0,2400.0,0.0,4587.0,-1962.0,0.0,0.0,0.0,0.0,0.0,0.0,0.0,0.0,0.0,-11948.0,75.0,0.0,0.0,0.0,0.0,-268.5,0.0,-345.0,1.11927,7.04523,0.0,0.0,-2.42353,1.95464,0.01521,0.61652,-0.12444,0.78118,0.0,-1956.0,2475.0,0.0,6540.625,-1535.98,-0.39675,0.80722,0.50203,6.9864,1.01514,1.63736,0.60588,0.65484,0.00548,91.66667,0.99493,1.64661,0.0,0.0,35.1562,0.0,259.781,-144.8381,0.0,0,0,0,0,0,0,0,0,0,0,0,0,0,0,0,0,0,0,0,,,0,0,0,0.0,7349.2,0.0,0.0,75.0,0.0,-1831.2,0.0,-11948.0,0.0,-613.5,7349.2,0.0,0.0,75.0,0.0,-1831.2,0.0,-11948.0,0.0,-613.5,0,0,25,24,1,3,3,1,0,5,0,0,0,0,,0,0,0,0,0,3200,0,0,0,0,0,0,0,0,0,0,0,0,0,0,152,0,0,0,0,0,0,0,0,0,0,0,0,3200,0,0,0,0,14613,4.434407719154178,1.0,0.8075001710805447,1.4949152724722685,0.6843221788818176,0.09580510504345446,3.56,1.5661187869039714,0.01132673269356019,0.009216145363170654,-5.88743264503777,0.37919841825962064,0.25223756675608455,2.406005424708128,4.031463695093989,5.5617956466097995,0.7291384754172305,0.008816842487143,4434.0,,,,,,,,,,
135,25_5_2_5_2_1,25_5_2_5_2_1_StartGoalLocations_Seed1016.csv,25,-15388.982544869184,24,0.96,5,164,3,5,246,162,16,309,166,304,0.5372168284789643,0.10068590656140805,7.382309698928941,4,4,4,0.2682453416149068,0.18206521739130435,24.5,3,4,0,4.0,,,,5,6.12,,,,17.0,,,,12.5,,,,16.5,,,,10.8,16.9,19.2,0,361,0,143,0,0,110,22,82,0,29,30,23,0,3,0.3537,0.3659,6,2,0,772.8,0.0,2400.0,0.0,4672.459,-3313.406,10.5,0.0,0.0,-400.0,1.989,-287.325,0.0,-994.5,0.0,-16844.0,100.0,0.0,0.0,0.0,0.0,-967.5,0.0,-540.0,0.58778,5.68937,-0.08868,1.61342,-2.30829,1.90485,0.01294,0.56862,-0.19507,0.77094,0.0,-4187.778,2500.0,0.0,6664.588,-2835.747,-0.5419,2.04911,0.3235,5.59238,0.49545,1.47124,0.31884,1.69959,0.00362,89.28571,0.99664,1.23349,0.0,-25.2603,35.5114,0.0,263.7691,-271.6518,-30.928,270,24,139,668,9,41,143,861,744,50,67,0,668,152,41,0,8,67,122,0.8641114982578397,0.775842044134727,859,148,10,22.943,7633.959,1.504,0.0,100.0,0.0,-3091.605,-686.839,-17838.5,0.0,-1507.5,7633.959,1.504,0.0,100.0,0.0,-3091.605,-686.839,-17838.5,0.0,-1507.5,0,25,25,24,1,4,4,0,499,5,162,6,156,0,0.9629629629629629,12,491,167,110,12,3200,312,312,1307,1307,523,93,353,353,1,0,1038,22,0,0,521,7,0,4,4,1,1,0,2,245,0,5,0,305,0,246,0,1230,20962,51.13538784467131,2.0236962403209255,26.41923480583914,1.9351657768081654,19.0153611296632,1.8795916420188914,2.900903161063723,1.5033084084134316,0.010907074271526653,0.008898296394618229,-5.712623149082065,0.3743870182381943,0.23092740923631935,2.491590420305729,7.086922898814082,8.678469228040996,0.731626754748142,0.009894591408034288,4844.0,1.0,24.5,4.0,187.0,154.0,,,,,
136,50_20_5_10_5_2,50_20_5_10_5_2_StartGoalLocations_Seed1004.csv,25,-9108.033489048481,23,0.92,0,1,0,0,431,1,1,1,1,1,1.0,0.0002882259691598213,9.905389825623288,12,8,10,0.10188788009799683,0.49978383052313013,12.0,3,9,2,8.0,,4.0,,13,12.5,,41.0,,40.31,,59.25,,0.0,,0.0,,0.0,,0.0,,24.58,0.0,0.0,0,2,0,1,0,0,0,1,141,0,70,12,59,0,0,0.4965,0.0851,0,0,0,693.9,0.0,2300.0,0.0,6304.5,-2799.0,0.0,0.0,0.0,0.0,0.0,-1.6,0.0,0.0,0.0,-15032.0,200.0,0.0,0.0,0.0,0.0,-419.5,0.0,-354.333,0.93665,5.86634,-0.00023,0.01358,-2.16631,1.99307,0.02882,0.84837,-0.11152,0.70001,0.0,-1734.6,2500.0,0.0,9271.515,-2160.493,-0.24998,0.37298,0.36028,5.80833,1.02479,1.62988,0.54057,0.46244,0.00447,80.64516,0.99568,1.65465,0.0,-0.0396,35.5114,0.0,359.2381,-203.1429,-0.36,0,0,0,1,0,0,1,2,2,0,0,0,1,1,0,0,0,0,1,1.0,0.5,2,0,0,0.0,9111.8,0.0,0.0,200.0,0.0,-2612.4,-1.6,-15032.0,0.0,-773.833,9111.8,0.0,0.0,200.0,0.0,-2612.4,-1.6,-15032.0,0.0,-773.833,0,0,25,23,2,8,7,0,1,5,1,0,1,0,1.0,0,2,1,0,0,3200,0,0,0,0,0,0,0,0,0,0,12,3,0,0,164,0,0,0,0,0,0,0,0,0,0,0,0,3200,0,0,0,0,28735,8.30694275274056,1.0444072056975282,2.620497650948321,1.3439575264336736,1.266747868453106,0.22968505307116757,2.826923076923077,1.2367011773861305,0.009040988281485625,0.009249985846108756,-5.155477621555328,0.3740648839250207,0.2180279322620481,2.4649254190921783,9.91848602257669,5.4380313001268,0.7259212730318257,0.009892001100714842,4776.0,1.0,12.0,58.0,0.0,0.0,,,,,
137,50_20_5_10_5_2,50_20_5_10_5_2_StartGoalLocations_Seed1003.csv,25,-9941.81034463644,25,1.0,0,0,0,0,382,0,0,1,0,1,0.0,0.001878522229179712,9.831715716969317,12,10,12,0.12460864120225423,0.4447401377582968,0.0,3,12,3,10.0,,2.0,,12,10.95,,15.25,,35.45,,29.0,,0.0,,0.0,,0.0,,0.0,,20.54,0.0,0.4,0,0,0,0,0,0,0,0,165,0,64,21,80,0,2,0.3879,0.1273,0,0,0,638.8,0.0,2500.0,0.0,5454.6,-2429.55,3.5,0.0,0.0,0.0,0.0,-2.16,0.0,-2.0,0.0,-15812.0,250.0,0.0,0.0,0.0,0.0,-543.0,0.0,0.0,0.96546,6.34356,-0.00034,0.01499,-2.47558,1.94235,0.03914,0.98837,-0.085,0.18782,0.0,-1530.6,2750.0,0.0,7678.768,-1725.86,-0.23961,0.30147,0.43049,6.31894,0.93189,1.38024,0.61882,0.3872,0.00548,78.57143,0.99405,1.48104,0.0,-0.0748,39.0625,0.0,311.8914,-169.86,-1.565,0,0,0,1,0,0,1,2,1,0,1,0,1,1,0,0,0,0,1,0.5,0.5,2,2,2,-0.56,8434.8,0.0,0.0,250.0,0.0,-2267.45,-2.16,-15814.0,0.0,-543.0,8434.8,0.0,0.0,250.0,0.0,-2267.45,-2.16,-15814.0,0.0,-543.0,0,0,25,25,0,10,10,0,1,5,0,0,0,0,,0,0,0,0,0,2500,0,0,0,0,0,0,0,0,0,0,176,4,0,0,293,0,0,0,0,0,0,0,0,0,0,0,0,3200,0,0,0,0,23810,14.779504409911802,1.036942313157147,7.5052498950021,1.4085058972998312,5.497690046199076,0.8483830323393532,3.290297937356761,0.7530668409906328,0.007325349298678338,0.010570870276540517,-3.6006811079025267,0.3662662078142166,0.2563138760149479,2.2347040462493895,10.291767970657348,2.1371619234260737,0.728515625,0.009550683356441683,3584.0,,,,,,,,,,
138,25_5_2_5_2_1,25_5_2_5_2_1_StartGoalLocations_Seed1013.csv,25,-11173.96166741848,24,0.96,1,59,0,1,426,58,22,111,75,110,0.6756756756756757,0.051114255394411036,8.004140781249877,10,8,7,0.2164839051998585,0.2737884683409975,3.5,2,6,0,8.0,1.0,1.0,1.0,11,7.69,3.5,6.5,3.0,12.38,6.0,8.0,10.0,1.2,0.0,0.0,0.0,1.1,0.0,0.0,4.0,8.61,1.4,10.0,0,122,0,34,0,0,2,6,211,0,59,24,128,0,5,0.2796,0.1137,40,16,0,565.4,0.0,2400.0,0.0,4096.935,-3000.924,0.0,0.0,0.0,0.0,0.8,-108.173,0.0,-297.5,0.0,-14074.0,200.0,0.0,0.0,0.0,0.0,-376.5,0.0,-580.0,0.71833,6.62858,-0.01899,0.11919,-2.54183,1.92184,0.03537,0.93972,-0.16917,0.92403,0.0,-2590.659,2600.0,0.0,4827.982,-3062.712,-0.4582,0.88041,0.45985,6.56663,0.31222,1.61716,0.49682,0.92227,0.00566,81.25,0.99522,1.40229,0.0,-3.7687,36.9318,0.0,228.1582,-220.1861,-10.266,53,27,41,96,35,40,67,238,143,22,73,0,92,106,40,0,21,5,70,0.6008403361344538,0.3865546218487395,238,57,9,0.286,6860.935,0.8,0.0,200.0,0.0,-2799.524,-108.173,-14371.5,0.0,-956.5,6860.935,0.8,0.0,200.0,0.0,-2799.524,-108.173,-14371.5,0.0,-956.5,0,30,25,24,1,7,7,1,89,5,58,0,58,0,1.0,0,122,59,2,2,3200,11,11,206,206,501,116,120,120,4,0,488,4,0,0,875,2,0,3,5,4,1,0,2,250,2,9,0,305,0,6,0,30,23860,44.68566638725901,1.389983117613956,18.826487845766973,1.3988424080754909,11.496227996647107,2.0871751886001677,2.944586219467736,0.07052534508533427,0.004600123823765898,0.009264447928871959,-0.7527415525913238,0.3638552057370543,0.26361433050595223,2.136247719153762,11.202821486964822,0.31270117542122794,0.7370401337792643,0.009841694446859584,4784.0,,,,,,,,,,
139,25_5_2_5_2_1,25_5_2_5_2_1_StartGoalLocations_Seed1013.csv,40,-7932.39698433876,40,1.0,2,81,1,2,252,80,8,147,84,145,0.5714285714285714,0.10430247718383312,6.880558668062838,4,4,3,0.20651769087523278,0.26945996275605216,0.0,1,4,0,4.0,,,,4,8.12,,,,15.75,,,,5.2,,,,6.0,,,,9.21,8.4,10.9,0,247,0,92,0,0,40,13,142,0,53,27,62,0,1,0.3732,0.1901,10,3,0,537.0,0.0,4000.0,0.0,3571.857,-2162.554,0.0,0.0,0.0,-200.0,1.279,-203.979,0.0,-771.0,66.0,-12268.0,100.0,0.0,0.0,0.0,0.0,-603.0,0.0,0.0,1.10732,8.66408,-0.07499,1.37263,-2.41583,1.91655,0.01862,0.68206,-0.11229,0.20865,1.08,-2944.094,4100.0,0.0,4527.742,-1873.993,-0.54805,1.97679,0.7635,8.62383,0.49418,1.27372,0.29143,1.8819,0.00819,93.18182,0.99236,1.2013,0.0,-14.284,58.2386,0.0,204.1061,-158.0317,-18.44,202,29,119,447,10,35,53,545,418,48,79,0,447,63,35,0,7,67,37,0.7669724770642202,0.8201834862385321,541,69,16,0.814,7963.057,1.18,66.0,100.0,0.0,-2016.754,-403.88,-13039.0,0.0,-603.0,7963.057,1.18,66.0,100.0,0.0,-2016.754,-403.88,-13039.0,0.0,-603.0,0,19,40,40,0,4,4,0,315,5,80,4,76,0,0.95,8,302,82,40,13,2396,121,121,1064,1064,614,69,39,39,11,0,1037,43,0,0,626,2,1,4,5,5,0,0,4,108,1,2,0,305,0,130,0,650,15200,58.36842105263158,2.140554553651939,23.99342105263158,1.5221929209348206,16.355263157894736,1.4605263157894737,3.0241351568785197,0.024505401765212466,0.004296884620725449,0.009313221801638304,-0.726834981688275,0.3561865510745518,0.2690963731310602,2.3287723525139645,14.739229470143135,0.17772740404612916,0.7325912503235827,0.010703357880268993,3863.0,,,,,,,,,,
140,25_5_2_5_2_1,25_5_2_5_2_1_StartGoalLocations_Seed1010.csv,40,-6108.997220039368,40,1.0,0,163,0,0,96,163,4,278,172,278,0.6187050359712231,0.17327816987101485,6.434652542068477,8,7,6,0.21124361158432708,0.25845704550985643,0.0,2,6,0,7.0,,1.0,,8,7.21,,1.5,,12.0,,9.0,,10.3,,0.0,,7.0,,0.0,,8.27,18.4,17.8,0,340,0,113,0,0,119,8,142,0,64,36,42,0,2,0.4507,0.2535,22,9,0,410.9,0.0,4000.0,0.0,2146.02,-936.9,0.0,0.0,0.0,0.0,0.0,-241.517,0.0,-786.0,0.0,-10076.0,175.0,0.0,0.0,0.0,0.0,-800.5,0.0,0.0,1.36773,9.84161,-0.05878,0.20481,-2.64347,1.74749,0.04259,1.03098,-0.19482,0.24383,0.0,-2947.343,4175.0,0.0,2787.532,-1074.193,-0.71729,1.54483,1.01606,9.86811,0.41697,1.09018,0.27038,2.65287,0.01144,88.82979,0.99027,0.94906,0.0,-11.881,59.304,0.0,122.6297,-99.28,-11.518,292,46,147,698,8,34,54,794,392,255,147,0,698,62,34,0,19,300,27,0.49370277078085645,0.8790931989924433,794,67,3,1.826,6493.42,0.0,0.0,175.0,0.0,-873.4,-241.517,-10862.0,0.0,-800.5,6493.42,0.0,0.0,175.0,0.0,-873.4,-241.517,-10862.0,0.0,-800.5,0,16,40,40,0,7,7,0,388,5,163,0,163,0,1.0,0,459,163,119,10,1708,63,63,987,987,231,55,477,477,13,0,665,24,0,0,414,4,2,1,4,4,0,1,22,21,4,6,2,305,0,244,0,1220,14285,64.35421771088555,2.12531273795279,32.64263213160658,1.4477844439732934,20.357017850892543,3.6051802590129505,2.8328748280605227,0.017309038691818105,0.0044146133780335476,0.009670350850021044,-0.731922374536617,0.3525438749120163,0.2700260290636112,2.341920735406094,15.582346850312566,0.1496879597060151,0.7417439703153988,0.01042470269918974,2695.0,,,,,,,,,,
141,25_5_2_5_2_1,25_5_2_5_2_1_StartGoalLocations_Seed1002.csv,40,-8727.426239162683,39,0.975,0,57,0,0,395,57,10,109,64,109,0.5871559633027523,0.06712962962962964,6.9490919114857315,11,7,10,0.1712962962962963,0.3076923076923077,0.5,2,7,1,7.0,1.0,3.0,1.0,12,5.71,0.5,2.0,7.5,13.57,7.0,5.0,11.0,6.1,0.0,0.0,0.0,3.4,2.0,1.3,0.0,8.95,5.6,7.3,0,130,0,37,0,0,35,13,391,0,157,34,200,0,8,0.4015,0.087,20,7,0,561.6,0.0,3900.0,0.0,3853.08,-2534.881,0.0,0.0,0.0,0.0,0.8,-124.026,0.0,-667.0,0.0,-12972.0,175.0,0.0,0.0,0.0,0.0,-575.0,0.0,-345.0,1.02917,8.38331,-0.02194,0.12844,-2.4286,1.89212,0.03116,0.88207,-0.16382,0.74144,0.0,-2598.259,4075.0,0.0,4517.642,-2676.071,-0.46265,1.13997,0.72561,8.34847,0.32792,1.51607,0.33565,1.37839,0.00819,88.58696,0.99288,1.29012,0.0,-4.8652,57.8835,0.0,217.9284,-195.1741,-10.377,102,57,66,226,13,40,42,322,184,64,74,0,223,57,42,0,9,55,20,0.5714285714285714,0.6925465838509317,322,28,7,-1.467,8144.08,0.8,0.0,175.0,0.0,-2364.281,-124.026,-13639.0,0.0,-920.0,8144.08,0.8,0.0,175.0,0.0,-2364.281,-124.026,-13639.0,0.0,-920.0,0,15,40,39,1,7,7,1,142,5,57,0,57,0,1.0,0,165,57,35,6,3200,151,151,312,312,442,57,63,63,12,0,821,42,0,0,1192,11,5,4,6,6,0,0,1,37,2,4,0,305,0,65,0,325,25496,48.53310323187951,1.9360756424761596,20.167869469720742,1.1079541203083751,11.766551615939756,2.1572011295889553,2.8296666666666668,0.07667542338414933,0.00449033246084582,0.00999798513657879,-0.7279481675475836,0.347038566917181,0.27453996787779034,2.5655434619635344,15.323967839032411,0.1720737685336499,0.7259779718951767,0.011089927237012208,5266.0,,,,,,,,,,
142,50_20_5_10_5_2,50_20_5_10_5_2_StartGoalLocations_Seed1000.csv,60,-8026.100384235382,59,0.9833333333333333,0,0,0,0,495,0,0,1,0,1,0.0,0.0002865740077374982,9.820891245164063,5,3,5,0.08324974924774323,0.5083822897263218,0.0,1,4,0,3.0,1.0,1.0,1.0,6,9.33,0.0,6.0,12.5,29.0,14.0,17.0,19.0,0.0,0.0,0.0,0.0,0.0,0.0,0.0,0.0,14.37,0.0,0.0,0,0,0,0,0,0,0,0,294,0,122,27,145,0,2,0.415,0.0918,0,0,0,697.9,0.0,5900.0,0.0,6174.0,-3229.5,3.5,0.0,0.0,0.0,0.0,0.0,0.0,-11.0,0.0,-16968.0,75.0,0.0,0.0,0.0,0.0,-323.0,0.0,-345.0,1.3678,9.21718,0.0,0.0,-2.43287,1.95118,0.01075,0.51822,-0.09572,0.66509,0.0,-1981.0,5975.0,0.0,7397.612,-2994.347,-0.28385,0.79757,0.85614,9.16924,0.63093,1.54677,0.60811,0.46678,0.00888,96.37097,0.99126,1.50216,0.0,-0.0292,84.8722,0.0,350.8381,-220.5524,0.0,0,0,0,0,0,0,1,2,2,0,0,0,0,2,0,0,0,0,2,1.0,0.0,2,0,0,0.0,12560.1,0.0,0.0,75.0,0.0,-3014.2,0.0,-16979.0,0.0,-668.0,12560.1,0.0,0.0,75.0,0.0,-3014.2,0.0,-16979.0,0.0,-668.0,0,0,60,59,1,3,3,1,1,5,0,0,0,0,,0,0,0,0,0,3200,0,0,4,4,16,0,0,0,0,0,0,0,0,0,601,1,0,0,0,0,0,0,0,0,0,0,0,3200,0,0,0,0,20055,15.297930690600849,1.0019556714471969,6.033408127648966,1.6738430015404115,4.2682622787334825,0.5086013462976814,2.836448598130841,0.043165496823494326,0.004721961811155779,0.011197692162240855,-0.7310348869115114,0.3446480903029442,0.2934312754374696,2.47846505433321,15.331615277156233,0.16890624615879501,0.7220326128175958,0.011158283077084335,5274.0,,,,,,,,,,
143,50_20_5_10_5_2,50_20_5_10_5_2_StartGoalLocations_Seed1000.csv,25,-4698.400144338608,25,1.0,0,1,0,0,433,1,1,7,5,7,0.7142857142857143,0.008915304606240713,9.819723630057755,5,3,5,0.08083209509658247,0.5423476968796433,0.0,1,3,0,3.0,,2.0,,5,9.0,,16.75,,22.33,,32.0,,0.0,,0.0,,0.0,,0.0,,16.07,0.0,0.1,0,2,0,1,0,0,0,1,113,0,47,51,15,0,0,0.4159,0.4513,8,4,0,336.5,0.0,2500.0,0.0,3125.621,-1435.12,0.0,0.0,0.0,0.0,0.0,-14.4,0.0,-62.5,0.0,-9084.0,75.0,0.0,0.0,0.0,0.0,-139.5,0.0,0.0,1.34532,8.64707,-0.00428,0.0543,-2.71813,1.87372,0.02229,0.74613,-0.04146,0.13787,0.0,-1789.56,2575.0,0.0,3948.836,-1137.867,-0.53182,0.86907,0.76523,8.61776,0.83535,1.3917,0.64993,0.81827,0.00832,91.96429,0.99227,1.52342,0.0,-0.2164,36.5767,0.0,178.6069,-89.9783,-0.423,0,0,0,0,0,11,3,14,0,1,13,0,0,3,11,0,0,0,2,0.0,0.0,14,12,10,-3.84,5865.42,0.0,0.0,75.0,0.0,-1338.42,-14.4,-9146.5,0.0,-139.5,5865.42,0.0,0.0,75.0,0.0,-1338.42,-14.4,-9146.5,0.0,-139.5,0,2,25,25,0,3,3,0,5,5,1,0,1,0,1.0,0,2,1,0,0,2712,0,0,0,0,11,7,0,0,0,0,125,20,0,0,115,0,0,0,0,0,0,0,2,0,0,0,0,3200,0,0,0,0,11905,14.153716925661486,1.0,7.039059218815623,1.4100238878928961,4.367912641747165,1.4447711045779084,2.6076923076923078,0.01621574938337107,0.00486705684725327,0.0121441053365327,-0.7056145149346298,0.33833617244498215,0.308544093330877,2.4063887520525657,13.99061547083489,0.16855477424515566,0.7319972034490795,0.010886505432564416,4291.0,,,,,,,,,,
144,50_20_5_10_5_2,50_20_5_10_5_2_StartGoalLocations_Seed1019.csv,25,-7146.810301601887,24,0.96,0,2,0,0,461,2,2,3,2,3,0.6666666666666666,0.0010233668770254136,9.93006993006993,7,6,5,0.11922224117346068,0.49906191369606,30.0,2,5,0,6.0,1.0,,1.0,8,23.75,30.0,,3.5,45.5,48.0,,10.0,0.0,0.0,,0.0,0.0,0.0,,0.0,34.65,0.3,0.1,0,3,0,2,0,0,1,1,125,0,66,8,51,0,1,0.528,0.064,0,0,0,586.3,0.0,2400.0,0.0,5434.05,-2391.0,3.5,0.0,0.0,0.0,0.8,-2.96,0.0,-8.0,0.0,-12668.0,150.0,0.0,0.0,0.0,0.0,-306.5,0.0,-345.0,1.02897,6.48671,-0.00037,0.02075,-2.16203,1.99223,0.02558,0.79934,-0.11112,0.71917,0.0,-1865.96,2550.0,0.0,7949.226,-1543.277,-0.31826,0.60641,0.43493,6.43313,1.09261,1.5548,0.5359,0.59388,0.00512,85.0,0.99267,1.63101,0.0,-0.1348,36.2216,0.0,307.1648,-170.3048,-1.623,0,0,0,1,0,0,5,6,2,3,1,0,1,5,0,0,0,1,3,0.3333333333333333,0.16666666666666666,6,2,2,0.8,8264.45,0.8,0.0,150.0,0.0,-2231.6,-2.96,-12676.0,0.0,-651.5,8264.45,0.8,0.0,150.0,0.0,-2231.6,-2.96,-12676.0,0.0,-651.5,0,2,25,24,1,6,6,1,1,5,2,0,2,0,1.0,0,4,2,1,2,3200,0,0,0,0,19,6,5,5,0,0,0,0,0,0,212,0,0,0,0,0,0,0,1,0,0,0,0,3200,0,1,0,5,21503,9.115007208296516,1.0,5.236478630888713,1.2401421155588666,3.915732688462075,0.5301585825233688,3.290973871733967,0.008429335283290129,0.005079392559709958,0.013414752173121087,-0.710026403516531,0.33456882476806643,0.3340944399498403,2.39955835044384,16.195264545083045,0.17724104447271008,0.7342815914244486,0.01067086820380905,4851.0,,,,,,,,,,
145,25_5_2_5_2_1,25_5_2_5_2_1_StartGoalLocations_Seed1006.csv,25,-6049.287764787674,25,1.0,0,88,0,0,206,88,34,193,118,193,0.6113989637305699,0.11726954492415402,7.075339859536259,7,6,7,0.2012835472578763,0.37397899649941657,0.0,1,4,0,6.0,,1.0,,7,6.17,,9.0,,11.83,,12.0,,0.0,,0.0,,2.2,,2.0,,8.64,9.4,9.3,0,132,0,33,0,0,49,6,110,0,40,17,53,0,2,0.3636,0.1545,76,30,0,342.8,0.0,2500.0,0.0,2434.811,-1354.985,0.0,0.0,0.0,0.0,2.4,-147.814,0.0,-607.5,0.0,-9032.0,150.0,0.0,0.0,0.0,0.0,-337.0,0.0,0.0,1.14429,8.57126,-0.04242,0.17842,-2.81199,1.85325,0.04376,1.045,-0.09831,0.19872,0.0,-2204.082,2650.0,0.0,2942.117,-1184.939,-0.64296,1.2678,0.77305,8.56885,0.5126,1.26875,0.42445,1.51483,0.00904,85.48387,0.99183,1.21384,0.0,-6.361,37.642,0.0,139.1321,-96.6849,-13.681,72,50,53,227,51,72,60,411,135,149,127,0,226,113,72,0,48,87,29,0.3284671532846715,0.5498783454987834,411,36,8,2.168,5182.411,2.4,0.0,150.0,0.0,-1259.785,-147.814,-9639.5,0.0,-337.0,5182.411,2.4,0.0,150.0,0.0,-1259.785,-147.814,-9639.5,0.0,-337.0,0,34,25,25,0,5,5,0,171,5,88,0,88,0,1.0,0,181,88,49,9,2108,14,14,335,335,460,130,212,212,0,0,511,109,0,0,660,2,1,0,3,2,1,0,7,81,3,5,0,305,0,49,0,245,12357,48.89536295217286,1.3808341608738828,27.530954115076476,1.3313382051565927,17.56898923686979,2.735291737476734,3.0603408567480423,0.006116482565723769,0.0053369933876263745,0.013685642693905722,-0.7214899576592491,0.32424019607918536,0.32913346196996646,2.518737835042617,17.651184496662424,0.18219989702264328,0.6994621955077507,0.010821844594407284,3161.0,,,,,,,,,,
146,25_5_2_5_2_1,25_5_2_5_2_1_StartGoalLocations_Seed1011.csv,40,-6916.621563524008,40,1.0,0,62,0,0,188,62,5,155,100,155,0.6451612903225806,0.14750314729332772,6.5933779078999635,6,6,5,0.1936634494334872,0.34809064204783885,0.0,1,3,0,6.0,,,,6,8.08,,,,12.0,,,,18.7,,,,16.2,,,,8.0,9.7,9.7,0,324,0,77,0,0,35,11,182,0,84,30,68,0,7,0.4615,0.1648,94,38,0,476.6,0.0,4000.0,0.0,3292.907,-1650.157,0.0,0.0,0.0,0.0,0.072,-223.043,0.0,-844.5,0.0,-11576.0,150.0,0.0,0.0,0.0,0.0,-542.5,0.0,0.0,1.28396,9.16828,-0.04678,0.18345,-2.60606,1.856,0.03147,0.88647,-0.11383,0.20966,0.0,-3108.554,4150.0,0.0,4236.428,-1518.118,-0.65224,1.42284,0.87075,9.16277,0.57035,1.2628,0.32585,2.00164,0.00965,90.21739,0.99119,1.21815,0.0,-10.0573,58.9489,0.0,188.1661,-125.2947,-13.465,210,43,127,441,90,60,80,673,309,240,124,0,441,171,61,0,15,159,63,0.4591381872213967,0.6552748885586924,673,86,14,-9.917,7656.407,0.072,0.0,150.0,0.0,-1537.057,-223.043,-12420.5,0.0,-542.5,7656.407,0.072,0.0,150.0,0.0,-1537.057,-223.043,-12420.5,0.0,-542.5,0,80,40,40,0,6,6,0,290,5,62,0,62,0,1.0,0,359,62,35,4,1904,100,100,830,830,656,308,204,204,0,0,1079,43,0,0,601,2,2,2,3,3,0,0,5,37,1,11,0,305,0,254,0,1270,14557,65.12330837397815,2.158649789029536,31.112179707357285,1.6817325642198773,21.88637768771038,3.0294703579034143,2.8452605147520402,0.007647830185856076,0.006311070386265569,0.015255336096009412,-0.7386658900425214,0.3066762622226687,0.3082943861255375,2.821442014780365,17.897943329159954,0.22354522946476937,0.66368,0.011837775262143784,3125.0,,,,,,,,,,
147,25_5_2_5_2_1,25_5_2_5_2_1_StartGoalLocations_Seed1005.csv,25,-6351.024598918855,24,0.96,0,31,0,0,466,31,11,82,48,82,0.5853658536585366,0.05622932745314223,7.728012147259949,10,7,7,0.1551819184123484,0.3539140022050717,7.5,2,5,1,7.0,,3.0,,11,6.21,,4.0,,10.29,,12.0,,3.7,,3.3,,4.1,,3.3,,9.0,2.0,2.9,0,52,0,18,0,0,15,10,228,0,76,57,95,0,0,0.3333,0.25,49,17,0,362.8,0.0,2400.0,0.0,2656.05,-1728.929,0.0,0.0,0.0,0.0,1.403,-97.848,0.0,-451.0,0.0,-9036.0,175.0,0.0,0.0,0.0,0.0,-287.5,0.0,-345.0,1.01707,8.19213,-0.02658,0.14262,-2.61494,1.89393,0.04824,1.09707,-0.17434,0.93092,0.0,-2522.928,2575.0,0.0,3092.327,-1876.673,-0.6954,1.19944,0.70976,8.17645,0.33508,1.62303,0.46169,1.50623,0.00854,83.06452,0.99256,1.37989,0.0,-3.113,36.5767,0.0,150.1552,-133.3198,-9.774,35,26,23,95,31,43,25,194,75,51,68,0,95,56,43,0,4,18,13,0.3865979381443299,0.4896907216494845,194,12,10,1.483,5301.329,1.403,0.0,175.0,0.0,-1611.409,-97.848,-9487.0,0.0,-632.5,5301.329,1.403,0.0,175.0,0.0,-1611.409,-97.848,-9487.0,0.0,-632.5,0,7,25,24,1,6,5,0,91,5,31,0,31,0,1.0,0,67,31,15,4,3200,150,150,162,162,218,23,37,37,8,0,531,8,0,0,764,2,0,2,2,2,0,0,3,0,0,3,0,305,0,19,0,95,20513,54.10227660507971,1.433771850783925,27.177887193487056,1.2173654876590911,22.31755472139619,2.1693560181348412,3.116426387068589,0.007353402132284827,0.006597840228059795,0.013783878272515721,-0.750956285148859,0.29841383166611196,0.30043156884610656,2.8551289679110052,17.530179623365402,0.21560742667191982,0.6706842202855553,0.012449208263530926,5393.0,1.0,7.5,9.0,7.0,3.0,,,,,
148,25_5_2_5_2_1,25_5_2_5_2_1_StartGoalLocations_Seed1011.csv,40,-10481.294688940048,40,1.0,1,161,0,1,132,160,20,257,162,256,0.6303501945525292,0.2705322846167917,5.041145425054782,1,1,1,0.20797512346808122,0.23614413755258826,0.0,0,0,0,1.0,,,,1,6.5,,,,13.0,,,,0.0,,,,0.0,,,,9.64,38.4,33.7,0,188,0,268,0,0,126,12,132,0,33,46,53,0,8,0.25,0.3485,14,1,0,546.7,0.0,4000.0,0.0,2644.988,-1288.981,0.0,0.0,0.0,-100.0,0.899,-914.901,0.0,-929.0,0.0,-13212.0,25.0,0.0,0.0,0.0,0.0,-1254.0,0.0,0.0,1.0797,8.56019,-0.18548,1.00341,-2.58661,1.75899,0.00457,0.33808,-0.22938,0.24915,0.0,-6600.123,4025.0,0.0,3435.049,-1462.814,-1.20727,2.16584,0.73624,8.52869,0.36075,1.09179,0.42766,2.82298,0.0075,98.17073,0.9925,0.90267,0.0,-29.3287,57.1733,0.0,151.1422,-145.3132,-37.474,833,104,740,1623,4,41,71,1740,1343,164,233,0,1623,76,41,0,36,304,43,0.7718390804597701,0.9327586206896552,1739,88,18,5.621,7104.588,0.8,0.0,25.0,0.0,-1201.881,-1014.802,-14141.0,0.0,-1254.0,7104.588,0.8,0.0,25.0,0.0,-1201.881,-1014.802,-14141.0,0.0,-1254.0,0,25,40,40,0,1,1,0,1011,5,160,5,155,0,0.96875,10,1029,161,126,53,1912,0,0,3248,3248,536,88,185,185,0,0,2410,623,0,0,628,0,0,3,3,3,0,0,30,61,0,26,0,305,0,830,0,4150,12231,79.22492028452294,2.4541795665634676,42.637560297604445,1.9288399130516718,28.640340119368815,2.66535851524814,2.7596345989152153,0.008834200575616537,0.007307131171214811,0.011004150529473896,-0.7671190715983323,0.28824197588231276,0.2998438381188584,2.67870052938182,16.87732429334808,0.2671663451216779,0.6136054421768707,0.01154673871672773,2940.0,,,,,,,,,,
149,25_5_2_5_2_1,25_5_2_5_2_1_StartGoalLocations_Seed1006.csv,25,-2052.094517290592,25,1.0,0,5,0,0,228,5,5,23,8,23,0.34782608695652173,0.030946383591219862,7.551852366871953,5,3,5,0.1385390428211587,0.370996761424973,0.0,0,0,0,3.0,,2.0,,5,4.17,,4.0,,15.67,,6.0,,0.0,,0.0,,1.7,,0.0,,8.28,0.0,0.6,0,12,0,3,0,0,0,2,108,0,35,5,68,0,2,0.3241,0.0463,6,3,0,277.9,0.0,2500.0,0.0,2100.793,-1278.793,0.0,0.0,0.0,0.0,0.0,-25.494,0.0,-206.0,0.0,-5268.0,75.0,0.0,0.0,0.0,0.0,-227.5,0.0,0.0,1.29539,9.50503,-0.00917,0.08032,-1.96977,1.96043,0.02699,0.82096,-0.08186,0.18501,0.0,-1032.52,2575.0,0.0,2433.319,-1174.821,-0.37154,0.71935,0.92659,9.47505,0.45286,1.34173,0.44261,0.83945,0.01008,91.96429,0.99028,1.3111,0.0,-0.8043,36.5767,0.0,120.0453,-86.0739,-3.588,3,2,0,9,9,22,8,48,11,13,24,0,9,17,22,0,2,0,3,0.22916666666666666,0.1875,48,12,2,-0.975,4792.193,0.0,0.0,75.0,0.0,-1192.293,-25.494,-5474.0,0.0,-227.5,4792.193,0.0,0.0,75.0,0.0,-1192.293,-25.494,-5474.0,0.0,-227.5,0,10,25,25,0,3,3,0,14,5,5,0,5,0,1.0,0,12,5,0,0,1688,12,12,16,16,155,39,11,11,4,0,310,16,0,0,524,3,1,0,1,1,0,0,0,0,1,1,0,305,0,0,0,0,6995,58.98498927805576,1.4827920504120213,20.32880629020729,1.0686533185895715,14.410293066476054,2.144388849177984,3.179563492063492,0.008442455586553573,0.00786957959037592,0.011150588647802294,-0.7807463469663503,0.2763818008074828,0.29274459049035023,2.863828598605513,14.386180019774143,0.2673206789951046,0.5904796511627907,0.0126264535222374,2752.0,,,,,,,,,,
150,50_20_5_10_5_2,50_20_5_10_5_2_StartGoalLocations_Seed1009.csv,40,-12128.700147986412,39,0.975,0,0,0,0,504,0,0,0,0,0,0.0,0.0002801905295601009,9.846469598579354,5,4,4,0.10226954328943681,0.4886522835528159,4.5,1,3,0,4.0,,1.0,,6,11.62,,2.5,,32.0,,10.0,,0.0,,0.0,,0.0,,0.0,,25.63,0.0,0.0,0,0,0,0,0,0,0,0,204,0,92,22,90,0,0,0.451,0.1078,0,0,0,713.8,0.0,3900.0,0.0,6375.0,-2886.0,0.0,0.0,0.0,0.0,0.0,0.0,0.0,0.0,0.0,-19528.0,100.0,0.0,0.0,0.0,0.0,-458.5,0.0,-345.0,1.13516,7.4506,0.0,0.0,-2.73578,1.85974,0.01401,0.59164,-0.11257,0.66599,0.0,-2016.0,4000.0,0.0,8586.329,-2452.769,-0.28243,0.63478,0.56038,7.39414,0.85928,1.55472,0.68395,0.41295,0.00602,93.02326,0.99454,1.55502,0.0,-0.016,56.8182,0.0,362.6286,-209.1714,-0.548,0,0,0,0,0,0,0,0,0,0,0,0,0,0,0,0,0,0,0,,,0,0,0,0.0,10796.3,0.0,0.0,100.0,0.0,-2693.5,0.0,-19528.0,0.0,-803.5,10796.3,0.0,0.0,100.0,0.0,-2693.5,0.0,-19528.0,0.0,-803.5,0,0,40,39,1,4,3,0,0,5,0,0,0,0,,0,0,0,0,0,3200,0,0,0,0,24,0,0,0,0,0,20,0,0,0,412,0,0,0,0,0,0,0,0,0,0,0,0,3200,0,0,0,0,20263,12.609189162512955,1.004696673189824,3.913536988599911,1.3145413154091399,2.6649558308246557,0.9228643340077974,2.2814814814814817,0.008462689677835443,0.008142967945022974,0.011226374530233443,-0.7796065471321344,0.27635075588710606,0.31009172757156195,2.813079035580158,15.83108815215528,0.2857330507592083,0.5974203634942349,0.012165763330558362,5117.0,1.0,4.5,5.0,0.0,0.0,,,,,
